customer_id,age,gender,region,city,signup_date,tenure_days
CUST_00001,34,Female,Volta,Keta,2026-03-01,187
CUST_00002,42,Female,Upper East,Bolgatanga,2023-05-19,1204
CUST_00003,29,Male,Ashanti,Mampong,2025-03-27,526
CUST_00004,50,Male,,,2025-09-04,365
CUST_00005,19,Male,Central,Cape Coast,2026-06-29,67
CUST_00006,45,Male,Bono,Dormaa Ahenkro,2026-06-29,67
CUST_00007,40,Male,Western North,Bibiani,2026-08-12,23
CUST_00008,18,Female,Greater Accra,Accra,2024-06-22,804
CUST_00009,61,Female,Volta,Keta,2025-09-02,367
CUST_00010,33,Female,Greater Accra,Accra,2025-04-30,492
CUST_00011,25,Female,Central,Elmina,2026-08-27,8
CUST_00012,19,Female,Ashanti,Mampong,2023-01-03,1340
CUST_00013,31,Male,Ashanti,Bekwai,2024-09-20,714
CUST_00014,32,Male,Ashanti,Obuasi,2026-06-01,95
CUST_00015,35,Female,Western,Sekondi,2026-06-16,80
CUST_00016,31,Female,Ashanti,Konongo,2026-06-15,81
CUST_00017,40,Male,Northern,Tamale,2026-04-12,145
CUST_00018,30,Other,Ashanti,Obuasi,2025-11-11,297
CUST_00019,18,Male,Greater Accra,Tema,2026-01-21,226
CUST_00020,32,Male,Upper East,Bolgatanga,2026-04-20,137
CUST_00021,18,Male,Ashanti,Kumasi,2025-08-22,378
CUST_00022,37,Male,Eastern,Suhum,2026-07-06,60
CUST_00023,24,Female,Volta,Kpando,2026-04-19,138
CUST_00024,35,Female,Ashanti,Kumasi,2026-03-06,182
CUST_00025,47,Male,Greater Accra,Accra,2026-01-04,243
CUST_00026,24,Female,Ashanti,Kumasi,2024-12-28,615
CUST_00027,44,Female,Upper West,Jirapa,2026-06-07,89
CUST_00028,29,Female,Western,Takoradi,2025-11-20,288
CUST_00029,51,Female,,,2025-09-10,359
CUST_00030,30,Male,Western,Takoradi,2026-08-16,19
CUST_00031,25,Female,Greater Accra,Madina,2025-08-26,374
CUST_00032,40,Male,Eastern,Akim Oda,2026-06-22,74
CUST_00033,29,Female,Northern,Savelugu,2026-08-09,26
CUST_00034,25,Male,Greater Accra,Accra,2023-06-03,1189
CUST_00035,29,Female,Ashanti,Ejisu,2023-01-03,1340
CUST_00036,33,Female,Ashanti,Kumasi,2024-11-13,660
CUST_00037,47,Male,Eastern,Akosombo,2026-04-12,145
CUST_00038,18,Male,Savannah,Bole,2026-07-25,41
CUST_00039,34,Female,Greater Accra,Accra,2025-05-31,461
CUST_00040,40,Female,Central,Swedru,2026-01-15,232
CUST_00041,35,Male,Greater Accra,Tema,2026-07-14,52
CUST_00042,47,Female,,,2025-12-05,273
CUST_00043,33,Male,Greater Accra,Tema,2026-08-22,13
CUST_00044,32,Male,Ashanti,Kumasi,2024-01-18,960
CUST_00045,39,Male,Northern,Yendi,2026-05-08,119
CUST_00046,34,Male,,,2025-06-27,434
CUST_00047,30,Female,Eastern,Koforidua,2026-04-08,149
CUST_00048,39,Other,Ashanti,Obuasi,2025-11-15,293
CUST_00049,27,Male,Ashanti,Mampong,2025-10-23,316
CUST_00050,27,Female,Ashanti,Bekwai,2026-06-15,81
CUST_00051,28,Male,Greater Accra,Tema,2023-01-03,1340
CUST_00052,47,Female,Eastern,Suhum,2025-01-16,596
CUST_00053,18,Male,Ashanti,Obuasi,2023-08-09,1122
CUST_00054,37,Female,Ashanti,Kumasi,2024-03-18,900
CUST_00055,34,Female,Western,Axim,2025-09-05,364
CUST_00056,18,Male,Oti,Nkwanta,2023-11-20,1019
CUST_00057,37,Female,Western,Sekondi,2026-07-29,37
CUST_00058,38,Male,Greater Accra,Tema,2026-06-09,87
CUST_00059,39,Male,Greater Accra,Ashaiman,2026-08-17,18
CUST_00060,18,Male,Oti,Jasikan,2026-03-31,157
CUST_00061,47,Male,Ashanti,Kumasi,2026-02-20,196
CUST_00062,26,Male,Greater Accra,Accra,2026-05-01,126
CUST_00063,40,Male,Western,Sekondi,2024-09-29,705
CUST_00064,41,Male,Western,Sekondi,2026-03-12,176
CUST_00065,25,Male,Western,Takoradi,2026-04-26,131
CUST_00066,40,Female,Ashanti,Konongo,2025-10-27,312
CUST_00067,30,Female,Greater Accra,Tema,2026-07-06,60
CUST_00068,18,Male,Oti,Dambai,2024-11-25,648
CUST_00069,45,Male,Ashanti,Kumasi,2026-08-05,30
CUST_00070,26,Male,Volta,Ho,2023-01-03,1340
CUST_00071,25,Female,Volta,Kpando,2025-01-21,591
CUST_00072,29,Female,Western,Takoradi,2026-06-08,88
CUST_00073,36,Male,Ashanti,Kumasi,2026-09-02,2
CUST_00074,33,Male,Ashanti,Obuasi,2024-10-29,675
CUST_00075,39,Male,Western,Takoradi,2025-05-02,490
CUST_00076,20,Male,Bono East,Techiman,2025-03-31,522
CUST_00077,26,Female,Upper West,Wa,2025-01-22,590
CUST_00078,32,Female,Greater Accra,Tema,2026-08-05,30
CUST_00079,52,Male,Greater Accra,Tema,2026-03-11,177
CUST_00080,32,Female,Upper West,Wa,2026-07-17,49
CUST_00081,44,Male,Northern,Tamale,2024-07-01,795
CUST_00082,34,Male,Bono East,Atebubu,2025-08-10,390
CUST_00083,29,Female,Greater Accra,Accra,2026-03-28,160
CUST_00084,31,Female,Central,Cape Coast,2026-08-09,26
CUST_00085,32,Male,Volta,Ho,2026-04-09,148
CUST_00086,40,Male,Volta,Hohoe,2026-03-31,157
CUST_00087,47,Female,Ashanti,Konongo,2025-03-30,523
CUST_00088,37,Female,Greater Accra,Accra,2025-07-26,405
CUST_00089,45,Male,Central,Elmina,2024-04-15,872
CUST_00090,24,Male,Ashanti,Kumasi,2025-12-23,255
CUST_00091,29,Male,Eastern,Akim Oda,2026-07-16,50
CUST_00092,26,Female,Oti,Jasikan,2025-04-23,499
CUST_00093,37,Female,Ashanti,Kumasi,2025-02-09,572
CUST_00094,30,Male,Bono,Berekum,2025-10-10,329
CUST_00095,41,Female,Greater Accra,Accra,2025-01-23,589
CUST_00096,24,Female,Volta,Aflao,2025-12-06,272
CUST_00097,34,Male,Savannah,Damongo,2025-11-13,295
CUST_00098,40,Male,Greater Accra,Teshie,2026-01-24,223
CUST_00099,18,Female,,,2026-08-25,10
CUST_00100,55,Female,,,2026-07-21,45
CUST_00101,31,Female,Greater Accra,Accra,2026-08-23,12
CUST_00102,18,Female,Northern,Yendi,2025-07-27,404
CUST_00103,35,Male,Ahafo,Goaso,2026-04-07,150
CUST_00104,34,Male,Eastern,Suhum,2025-11-24,284
CUST_00105,33,Female,Ashanti,Kumasi,2024-01-26,952
CUST_00106,43,Male,Eastern,Koforidua,2026-05-13,114
CUST_00107,41,Female,Northern,Tamale,2026-02-05,211
CUST_00108,36,Female,Greater Accra,Accra,2025-02-18,563
CUST_00109,38,Female,Central,Cape Coast,2026-05-24,103
CUST_00110,32,Male,Western,Axim,2026-08-03,32
CUST_00111,51,Female,,,2026-04-21,136
CUST_00112,19,Female,Ashanti,Kumasi,2026-06-26,70
CUST_00113,35,Female,Volta,Kpando,2023-10-09,1061
CUST_00114,34,Female,Greater Accra,Tema,2024-11-13,660
CUST_00115,42,Male,Greater Accra,Accra,2025-07-30,401
CUST_00116,25,Male,Bono East,Kintampo,2024-06-06,820
CUST_00117,18,Male,Northern,Yendi,2024-11-22,651
CUST_00118,35,Male,Greater Accra,Dansoman,2026-06-14,82
CUST_00119,36,Female,Ashanti,Kumasi,2024-03-26,892
CUST_00120,48,Female,Ashanti,Ejisu,2025-10-29,310
CUST_00121,21,Female,Ashanti,Kumasi,2024-11-15,658
CUST_00122,45,Female,Ashanti,Kumasi,2024-03-13,905
CUST_00123,57,Male,Greater Accra,Accra,2026-04-04,153
CUST_00124,30,Other,Eastern,Suhum,2026-07-20,46
CUST_00125,21,Male,Northern,Savelugu,2026-05-24,103
CUST_00126,29,Male,Western,Tarkwa,2026-01-25,222
CUST_00127,34,Female,,,2024-10-23,681
CUST_00128,39,Female,Greater Accra,Accra,2024-07-08,788
CUST_00129,28,Female,Oti,Dambai,2026-09-02,2
CUST_00130,49,Male,Bono,Sunyani,2025-11-23,285
CUST_00131,22,Female,Upper East,Bolgatanga,2026-01-31,216
CUST_00132,18,Male,Bono,Berekum,2026-05-27,100
CUST_00133,45,Male,Upper West,Wa,2026-07-15,51
CUST_00134,18,Female,Central,Cape Coast,2026-03-24,164
CUST_00135,31,Female,Greater Accra,Accra,2023-07-17,1145
CUST_00136,65,Female,Western,Takoradi,2026-04-01,156
CUST_00137,33,Female,Northern,Tamale,2025-11-16,292
CUST_00138,22,Female,Northern,Savelugu,2025-05-07,485
CUST_00139,33,Female,Central,Winneba,2026-03-08,180
CUST_00140,33,Female,Greater Accra,Ashaiman,2023-01-03,1340
CUST_00141,35,Female,Ashanti,Obuasi,2023-01-31,1312
CUST_00142,40,Other,Ahafo,Goaso,2026-05-11,116
CUST_00143,23,Other,Central,Cape Coast,2025-12-03,275
CUST_00144,50,Male,Central,Swedru,2026-04-14,143
CUST_00145,36,Female,Ashanti,Konongo,2026-04-23,134
CUST_00146,41,Female,Ashanti,Kumasi,2026-08-20,15
CUST_00147,27,Male,Western North,Bibiani,2025-08-24,376
CUST_00148,46,Female,Volta,Hohoe,2025-11-29,279
CUST_00149,31,Male,Upper East,Bawku,2026-08-14,21
CUST_00150,36,Female,Eastern,Suhum,2026-04-27,130
CUST_00151,24,Female,Western,Sekondi,2024-01-23,955
CUST_00152,24,Male,Ashanti,Obuasi,2026-05-18,109
CUST_00153,40,Male,Volta,Ho,2026-07-04,62
CUST_00154,29,Female,Eastern,Koforidua,2025-12-10,268
CUST_00155,25,Male,Eastern,Koforidua,2023-01-03,1340
CUST_00156,27,Male,Western,Takoradi,2026-05-17,110
CUST_00157,40,Male,Upper West,Lawra,2025-06-15,446
CUST_00158,27,Female,Greater Accra,Madina,2025-02-08,573
CUST_00159,32,Female,Bono,Sunyani,2026-05-19,108
CUST_00160,34,Female,Ashanti,Mampong,2025-04-01,521
CUST_00161,18,Male,Eastern,Koforidua,2026-03-05,183
CUST_00162,19,Female,Greater Accra,Accra,2025-07-31,400
CUST_00163,37,Female,Ashanti,Kumasi,2025-07-30,401
CUST_00164,26,Male,Eastern,Akim Oda,2025-11-02,306
CUST_00165,44,Female,Greater Accra,Accra,2026-07-29,37
CUST_00166,43,Female,Eastern,Akim Oda,2024-09-13,721
CUST_00167,41,Female,Ahafo,Goaso,2026-04-03,154
CUST_00168,52,Male,Greater Accra,Dansoman,2026-06-14,82
CUST_00169,33,Male,Northern,Tamale,2026-08-19,16
CUST_00170,40,Male,Ashanti,Kumasi,2025-09-12,357
CUST_00171,28,Male,Western,Takoradi,2025-06-09,452
CUST_00172,58,Female,Ashanti,Ejisu,2026-08-29,6
CUST_00173,53,Male,Greater Accra,Accra,2025-11-21,287
CUST_00174,34,Female,Greater Accra,Ashaiman,2026-05-25,102
CUST_00175,37,Male,Greater Accra,Tema,2025-07-17,414
CUST_00176,47,Male,Greater Accra,Tema,2026-06-20,76
CUST_00177,32,Female,Volta,Keta,2025-05-23,469
CUST_00178,27,Male,Bono East,Techiman,2026-02-21,195
CUST_00179,42,Female,Upper East,Bolgatanga,2023-08-27,1104
CUST_00180,34,Male,Volta,Ho,2026-07-07,59
CUST_00181,35,Male,Greater Accra,Tema,2026-03-22,166
CUST_00182,25,Female,Ashanti,Kumasi,2026-07-18,48
CUST_00183,18,Female,Ashanti,Kumasi,2023-11-05,1034
CUST_00184,36,Male,Ashanti,Bekwai,2024-05-18,839
CUST_00185,43,Male,Central,Cape Coast,2026-05-08,119
CUST_00186,31,Female,Central,Elmina,2025-06-30,431
CUST_00187,48,Other,Ashanti,Konongo,2024-10-25,679
CUST_00188,26,Female,Ashanti,Kumasi,2025-10-15,324
CUST_00189,23,Male,Bono,Sunyani,2025-11-07,301
CUST_00190,33,Other,Upper East,Bolgatanga,2026-05-17,110
CUST_00191,33,Male,Ashanti,Ejisu,2026-07-27,39
CUST_00192,41,Male,Ahafo,Kenyasi,2024-03-08,910
CUST_00193,26,Female,,,2024-02-25,922
CUST_00194,47,Male,Ashanti,Bekwai,2025-07-30,401
CUST_00195,53,Male,Ashanti,Ejisu,2026-03-23,165
CUST_00196,33,Male,Eastern,Koforidua,2026-03-17,171
CUST_00197,46,Male,Upper West,Wa,2025-04-05,517
CUST_00198,23,Female,Bono East,Atebubu,2024-03-09,909
CUST_00199,44,Female,Greater Accra,Accra,2024-04-15,872
CUST_00200,44,Male,Ashanti,Kumasi,2025-01-07,605
CUST_00201,42,Female,Central,Elmina,2025-07-21,410
CUST_00202,33,Female,Eastern,Akim Oda,2026-07-31,35
CUST_00203,18,Female,Greater Accra,Teshie,2026-06-26,70
CUST_00204,27,Male,Bono East,Kintampo,2024-03-03,915
CUST_00205,27,Other,Volta,Ho,2025-08-28,372
CUST_00206,24,Female,,,2026-09-01,3
CUST_00207,35,Male,Bono East,Techiman,2026-07-24,42
CUST_00208,29,Male,Northern,Tamale,2025-06-26,435
CUST_00209,25,Male,Eastern,Akim Oda,2026-09-02,2
CUST_00210,23,Female,Western,Takoradi,2026-06-26,70
CUST_00211,26,Male,Greater Accra,Tema,2025-10-21,318
CUST_00212,45,Female,Volta,Ho,2025-05-22,470
CUST_00213,27,Male,Greater Accra,Tema,2025-07-09,422
CUST_00214,28,Female,Volta,Hohoe,2026-05-26,101
CUST_00215,29,Male,Ashanti,Konongo,2025-04-24,498
CUST_00216,37,Female,Greater Accra,Ashaiman,2026-05-19,108
CUST_00217,38,Female,Greater Accra,Accra,2026-03-31,157
CUST_00218,18,Male,Greater Accra,Accra,2025-03-05,548
CUST_00219,44,Male,Volta,Hohoe,2025-07-12,419
CUST_00220,48,Male,Northern,Tamale,2024-08-09,756
CUST_00221,23,Female,Central,Elmina,2025-07-03,428
CUST_00222,24,Female,Greater Accra,Madina,2025-10-03,336
CUST_00223,29,Male,Greater Accra,Accra,2026-07-27,39
CUST_00224,26,Male,Greater Accra,Accra,2026-03-05,183
CUST_00225,36,Male,Greater Accra,Accra,2026-05-04,123
CUST_00226,18,Female,Western North,Bibiani,2026-05-16,111
CUST_00227,22,Female,Ashanti,Kumasi,2023-01-03,1340
CUST_00228,49,Female,Ashanti,Bekwai,2026-02-17,199
CUST_00229,24,Male,Greater Accra,Ashaiman,2024-03-28,890
CUST_00230,46,Male,Ashanti,Kumasi,2025-08-02,398
CUST_00231,37,Other,Central,Winneba,2024-12-10,633
CUST_00232,18,Male,Western,Axim,2025-11-29,279
CUST_00233,40,Female,Ashanti,Obuasi,2025-09-25,344
CUST_00234,32,Male,Greater Accra,Accra,2025-12-07,271
CUST_00235,29,Male,Ashanti,Kumasi,2026-06-10,86
CUST_00236,36,Female,Ashanti,Mampong,2025-04-10,512
CUST_00237,38,Other,Ashanti,Ejisu,2026-04-26,131
CUST_00238,41,Other,Oti,Nkwanta,2026-08-26,9
CUST_00239,45,Male,Western,Axim,2025-07-17,414
CUST_00240,38,Male,Central,Swedru,2026-06-19,77
CUST_00241,20,Female,Eastern,Suhum,2023-08-03,1128
CUST_00242,29,Female,Eastern,Koforidua,2023-04-22,1231
CUST_00243,63,Female,Central,Kasoa,2023-12-24,985
CUST_00244,41,Male,Volta,Aflao,2026-03-04,184
CUST_00245,57,Female,Volta,Aflao,2026-08-29,6
CUST_00246,47,Female,Greater Accra,Madina,2023-10-16,1054
CUST_00247,36,Female,Eastern,Koforidua,2026-01-24,223
CUST_00248,37,Female,Eastern,Akosombo,2023-01-03,1340
CUST_00249,33,Male,Bono East,Kintampo,2023-01-18,1325
CUST_00250,18,Other,Western,Takoradi,2024-07-30,766
CUST_00251,34,Female,Central,Kasoa,2026-04-18,139
CUST_00252,46,Female,Greater Accra,Accra,2026-02-22,194
CUST_00253,28,Female,Western,Takoradi,2024-08-04,761
CUST_00254,38,Female,Greater Accra,Accra,2026-04-05,152
CUST_00255,42,Female,Ashanti,Kumasi,2026-06-22,74
CUST_00256,24,Male,Greater Accra,Tema,2025-10-14,325
CUST_00257,29,Male,Volta,Keta,2023-08-31,1100
CUST_00258,23,Male,Greater Accra,Madina,2025-05-16,476
CUST_00259,25,Male,Ashanti,Mampong,2025-10-02,337
CUST_00260,21,Male,Western North,Sefwi Wiawso,2026-07-26,40
CUST_00261,24,Male,Greater Accra,Accra,2025-08-19,381
CUST_00262,48,Male,Eastern,Suhum,2023-01-03,1340
CUST_00263,24,Male,Eastern,Koforidua,2026-07-06,60
CUST_00264,35,Male,Greater Accra,Dansoman,2025-11-16,292
CUST_00265,28,Male,Upper East,Navrongo,2024-05-18,839
CUST_00266,45,Female,Greater Accra,Tema,2025-03-13,540
CUST_00267,47,Female,Eastern,Suhum,2025-05-15,477
CUST_00268,42,Male,Central,Cape Coast,2025-05-08,484
CUST_00269,37,Female,Western,Takoradi,2026-03-10,178
CUST_00270,31,Female,Volta,Keta,2026-04-18,139
CUST_00271,22,Male,Ashanti,Kumasi,2024-11-11,662
CUST_00272,53,Female,Greater Accra,Teshie,2024-11-09,664
CUST_00273,26,Female,Northern,Tamale,2024-06-19,807
CUST_00274,40,Female,,,2024-01-01,977
CUST_00275,44,Male,Bono,Berekum,2025-11-22,286
CUST_00276,28,Female,Bono,Berekum,2025-11-30,278
CUST_00277,44,Male,Bono,Sunyani,2024-12-03,640
CUST_00278,41,Female,Eastern,Akim Oda,2025-07-12,419
CUST_00279,51,Other,Ashanti,Mampong,2025-05-08,484
CUST_00280,29,Female,Upper East,Bolgatanga,2024-12-08,635
CUST_00281,21,Female,Eastern,Akosombo,2024-04-05,882
CUST_00282,28,Male,Greater Accra,Tema,2026-03-24,164
CUST_00283,36,Other,,,2026-02-28,188
CUST_00284,34,Female,Bono East,Kintampo,2026-07-27,39
CUST_00285,30,Male,Eastern,Koforidua,2025-09-24,345
CUST_00286,18,Female,Greater Accra,Tema,2026-08-21,14
CUST_00287,38,Male,Ashanti,Mampong,2025-12-28,250
CUST_00288,53,Male,Upper East,Bolgatanga,2025-10-27,312
CUST_00289,38,Female,Western North,Enchi,2026-04-22,135
CUST_00290,40,Male,Greater Accra,Tema,2025-09-12,357
CUST_00291,39,Female,Greater Accra,Accra,2026-08-23,12
CUST_00292,37,Male,Bono East,Techiman,2026-08-20,15
CUST_00293,43,Male,,,2024-10-13,691
CUST_00294,37,Other,Central,Kasoa,2026-03-10,178
CUST_00295,30,Male,Oti,Jasikan,2026-07-12,54
CUST_00296,26,Female,Greater Accra,Teshie,2025-11-13,295
CUST_00297,31,Female,Western,Sekondi,2025-01-25,587
CUST_00298,37,Female,,,2026-05-30,97
CUST_00299,30,Female,Ashanti,Konongo,2025-08-10,390
CUST_00300,37,Female,,,2026-07-31,35
CUST_00301,38,Male,Eastern,Akosombo,2026-08-14,21
CUST_00302,42,Female,,,2025-11-05,303
CUST_00303,46,Male,Central,Kasoa,2025-10-28,311
CUST_00304,34,Female,Ashanti,Konongo,2025-07-26,405
CUST_00305,20,Female,Ashanti,Kumasi,2025-04-05,517
CUST_00306,30,Female,Ashanti,Kumasi,2023-01-03,1340
CUST_00307,34,Female,Ashanti,Kumasi,2025-11-18,290
CUST_00308,18,Female,Greater Accra,Accra,2026-04-01,156
CUST_00309,47,Female,Ashanti,Obuasi,2024-12-09,634
CUST_00310,35,Female,Eastern,Akosombo,2026-05-01,126
CUST_00311,37,Male,Northern,Tamale,2026-01-16,231
CUST_00312,47,Male,Western,Sekondi,2026-08-03,32
CUST_00313,27,Female,Volta,Keta,2026-08-25,10
CUST_00314,39,Female,Greater Accra,Accra,2023-01-29,1314
CUST_00315,32,Male,Ashanti,Kumasi,2024-09-11,723
CUST_00316,32,Male,Volta,Kpando,2025-05-16,476
CUST_00317,26,Male,Eastern,Akosombo,2026-02-06,210
CUST_00318,50,Other,Greater Accra,Tema,2026-06-20,76
CUST_00319,30,Female,Upper East,Bawku,2026-06-28,68
CUST_00320,40,Male,Northern,Tamale,2026-05-12,115
CUST_00321,18,Male,Central,Winneba,2025-10-21,318
CUST_00322,45,Male,Greater Accra,Tema,2025-04-21,501
CUST_00323,44,Male,Northern,Yendi,2025-06-30,431
CUST_00324,34,Male,Central,Kasoa,2026-04-26,131
CUST_00325,31,Female,Upper East,Bolgatanga,2023-04-14,1239
CUST_00326,38,Other,Northern,Tamale,2025-03-18,535
CUST_00327,56,Male,Upper East,Navrongo,2025-10-16,323
CUST_00328,18,Male,Central,Kasoa,2025-08-22,378
CUST_00329,41,Male,Greater Accra,Tema,2026-01-30,217
CUST_00330,24,Male,Volta,Ho,2026-05-14,113
CUST_00331,33,Male,Western,Takoradi,2026-03-12,176
CUST_00332,31,Male,Northern,Yendi,2025-02-14,567
CUST_00333,29,Male,Greater Accra,Tema,2026-08-30,5
CUST_00334,33,Female,Greater Accra,Tema,2026-07-17,49
CUST_00335,22,Female,Western North,Sefwi Wiawso,2026-08-17,18
CUST_00336,44,Female,Northern,Yendi,2026-08-19,16
CUST_00337,18,Male,Western North,Sefwi Wiawso,2024-07-23,773
CUST_00338,39,Female,Northern,Tamale,2025-05-06,486
CUST_00339,30,Other,Western,Sekondi,2025-12-21,257
CUST_00340,22,Male,Western,Takoradi,2026-07-25,41
CUST_00341,36,Male,Western North,Sefwi Wiawso,2025-12-08,270
CUST_00342,18,Female,Central,Winneba,2025-12-22,256
CUST_00343,34,Male,Western,Tarkwa,2026-06-20,76
CUST_00344,19,Male,Greater Accra,Ashaiman,2026-01-20,227
CUST_00345,38,Female,Eastern,Akim Oda,2026-02-13,203
CUST_00346,24,Female,Volta,Ho,2025-08-18,382
CUST_00347,29,Male,Ashanti,Kumasi,2025-07-28,403
CUST_00348,36,Female,Greater Accra,Dansoman,2026-08-17,18
CUST_00349,26,Female,Ashanti,Obuasi,2026-03-01,187
CUST_00350,33,Male,Ashanti,Konongo,2025-08-07,393
CUST_00351,18,Female,Ashanti,Kumasi,2025-11-29,279
CUST_00352,40,Male,,,2024-07-20,776
CUST_00353,51,Male,Western North,Sefwi Wiawso,2025-07-02,429
CUST_00354,61,Female,Eastern,Nkawkaw,2026-06-25,71
CUST_00355,34,Male,Greater Accra,Teshie,2026-08-06,29
CUST_00356,41,Male,Greater Accra,Dansoman,2025-07-20,411
CUST_00357,18,Male,Volta,Hohoe,2026-08-25,10
CUST_00358,49,Female,Ashanti,Obuasi,2025-09-17,352
CUST_00359,41,Female,Bono,Dormaa Ahenkro,2023-08-05,1126
CUST_00360,29,Male,Western,Tarkwa,2025-09-27,342
CUST_00361,46,Female,Upper East,Bolgatanga,2026-02-20,196
CUST_00362,31,Male,Ashanti,Obuasi,2025-07-19,412
CUST_00363,29,Female,Volta,Ho,2026-01-02,245
CUST_00364,38,Male,Ashanti,Obuasi,2025-10-24,315
CUST_00365,23,Female,Upper West,Wa,2023-07-27,1135
CUST_00366,44,Other,Western,Sekondi,2026-02-21,195
CUST_00367,23,Female,Ashanti,Kumasi,2023-02-13,1299
CUST_00368,23,Male,Ashanti,Kumasi,2024-02-04,943
CUST_00369,24,Female,Greater Accra,Tema,2026-06-09,87
CUST_00370,41,Male,Volta,Aflao,2026-08-07,28
CUST_00371,27,Female,Ashanti,Ejisu,2026-07-24,42
CUST_00372,20,Male,Western,Takoradi,2026-08-28,7
CUST_00373,27,Male,Ashanti,Bekwai,2026-07-27,39
CUST_00374,33,Male,Volta,Kpando,2025-06-02,459
CUST_00375,22,Male,Upper East,Bolgatanga,2026-08-06,29
CUST_00376,22,Female,Northern,Tamale,2026-04-04,153
CUST_00377,55,Female,Northern,Yendi,2024-08-20,745
CUST_00378,25,Female,Greater Accra,Ashaiman,2026-08-26,9
CUST_00379,30,Female,Greater Accra,Dansoman,2024-10-31,673
CUST_00380,30,Female,Volta,Kpando,2026-04-25,132
CUST_00381,29,Male,Ashanti,Ejisu,2026-07-16,50
CUST_00382,40,Male,Eastern,Akim Oda,2025-05-15,477
CUST_00383,43,Male,Greater Accra,Accra,2025-08-04,396
CUST_00384,30,Male,Ashanti,Kumasi,2024-05-18,839
CUST_00385,21,Male,Greater Accra,Tema,2025-03-22,531
CUST_00386,46,Male,Bono East,Kintampo,2024-11-23,650
CUST_00387,33,Male,Ashanti,Obuasi,2026-04-25,132
CUST_00388,51,Male,Central,Elmina,2026-06-18,78
CUST_00389,18,Female,Greater Accra,Accra,2025-02-26,555
CUST_00390,35,Male,Volta,Keta,2024-11-16,657
CUST_00391,53,Female,Ashanti,Kumasi,2023-01-03,1340
CUST_00392,30,Female,Western North,Bibiani,2026-02-04,212
CUST_00393,31,Female,Western North,Enchi,2026-03-02,186
CUST_00394,36,Male,,,2025-01-13,599
CUST_00395,28,Male,,,2026-03-22,166
CUST_00396,30,Male,North East,Nalerigu,2023-10-02,1068
CUST_00397,30,Male,Bono,Sunyani,2024-07-15,781
CUST_00398,27,Male,Bono,Sunyani,2026-01-23,224
CUST_00399,46,Female,Ashanti,Kumasi,2025-02-26,555
CUST_00400,38,Female,Central,Swedru,2025-02-20,561
CUST_00401,36,Female,Greater Accra,Madina,2026-07-23,43
CUST_00402,42,Male,Greater Accra,Teshie,2024-02-16,931
CUST_00403,31,Male,North East,Nalerigu,2025-11-27,281
CUST_00404,26,Female,Ashanti,Mampong,2024-10-04,700
CUST_00405,27,Male,Northern,Tamale,2026-04-03,154
CUST_00406,34,Female,Upper East,Navrongo,2024-03-15,903
CUST_00407,23,Female,Bono East,Techiman,2026-02-19,197
CUST_00408,28,Male,North East,Nalerigu,2026-08-31,4
CUST_00409,28,Male,Ashanti,Obuasi,2024-02-04,943
CUST_00410,55,Male,Greater Accra,Dansoman,2026-07-28,38
CUST_00411,18,Male,Eastern,Koforidua,2026-04-04,153
CUST_00412,32,Male,Greater Accra,Accra,2023-05-25,1198
CUST_00413,51,Male,Greater Accra,Teshie,2023-05-20,1203
CUST_00414,35,Male,Ashanti,Kumasi,2025-09-29,340
CUST_00415,41,Female,Upper East,Bolgatanga,2025-08-01,399
CUST_00416,34,Female,Central,Kasoa,2026-01-09,238
CUST_00417,27,Male,Ashanti,Kumasi,2026-04-19,138
CUST_00418,18,Female,Western,Axim,2026-03-29,159
CUST_00419,36,Female,Ashanti,Konongo,2025-06-15,446
CUST_00420,26,Female,Greater Accra,Tema,2025-02-23,558
CUST_00421,25,Female,Northern,Savelugu,2024-12-16,627
CUST_00422,29,Male,Western,Sekondi,2024-12-20,623
CUST_00423,51,Male,Northern,Tamale,2026-07-28,38
CUST_00424,58,Female,Greater Accra,Accra,2025-12-06,272
CUST_00425,36,Female,Bono,Sunyani,2026-08-12,23
CUST_00426,29,Female,Western,Takoradi,2025-10-21,318
CUST_00427,22,Other,Central,Swedru,2026-01-14,233
CUST_00428,38,Female,Western,Tarkwa,2024-04-13,874
CUST_00429,51,Male,Bono East,Techiman,2026-03-16,172
CUST_00430,31,Male,Central,Winneba,2026-07-17,49
CUST_00431,18,Male,Central,Elmina,2026-07-05,61
CUST_00432,40,Female,North East,Walewale,2025-02-08,573
CUST_00433,43,Female,,,2025-08-15,385
CUST_00434,18,Female,Eastern,Akim Oda,2026-07-24,42
CUST_00435,35,Female,Volta,Aflao,2026-07-31,35
CUST_00436,38,Female,Ashanti,Obuasi,2025-05-10,482
CUST_00437,33,Female,Ashanti,Obuasi,2026-08-05,30
CUST_00438,26,Female,Western,Takoradi,2024-10-14,690
CUST_00439,44,Male,Ahafo,Goaso,2025-05-03,489
CUST_00440,29,Female,Ahafo,Goaso,2026-08-02,33
CUST_00441,19,Female,Ashanti,Kumasi,2026-07-31,35
CUST_00442,18,Male,Central,Cape Coast,2023-01-03,1340
CUST_00443,46,Male,Ashanti,Konongo,2026-03-01,187
CUST_00444,40,Female,North East,Nalerigu,2026-03-03,185
CUST_00445,34,Male,Savannah,Bole,2024-11-03,670
CUST_00446,29,Male,Western,Sekondi,2023-06-16,1176
CUST_00447,28,Male,Upper East,Navrongo,2023-01-03,1340
CUST_00448,23,Female,Volta,Hohoe,2025-02-22,559
CUST_00449,29,Female,Western,Takoradi,2026-02-28,188
CUST_00450,18,Male,Greater Accra,Tema,2026-08-01,34
CUST_00451,26,Male,Eastern,Akosombo,2025-01-12,600
CUST_00452,30,Other,Volta,Kpando,2025-10-13,326
CUST_00453,40,Female,Volta,Hohoe,2026-01-27,220
CUST_00454,33,Female,Ashanti,Kumasi,2024-01-31,947
CUST_00455,41,Male,Upper West,Jirapa,2026-07-19,47
CUST_00456,47,Male,Greater Accra,Accra,2025-12-07,271
CUST_00457,44,Male,Eastern,Nkawkaw,2026-08-31,4
CUST_00458,38,Female,Volta,Hohoe,2025-12-26,252
CUST_00459,34,Male,Volta,Ho,2026-08-12,23
CUST_00460,24,Male,Western,Takoradi,2026-07-16,50
CUST_00461,41,Male,Ashanti,Kumasi,2026-07-16,50
CUST_00462,50,Male,Greater Accra,Madina,2025-07-12,419
CUST_00463,37,Female,Western,Axim,2025-03-05,548
CUST_00464,53,Male,Western,Takoradi,2025-09-19,350
CUST_00465,18,Female,Greater Accra,Ashaiman,2023-02-03,1309
CUST_00466,22,Female,Volta,Ho,2026-03-01,187
CUST_00467,42,Male,Eastern,Akim Oda,2026-04-23,134
CUST_00468,36,Female,Volta,Ho,2024-06-15,811
CUST_00469,47,Other,Bono,Dormaa Ahenkro,2026-05-26,101
CUST_00470,33,Other,Greater Accra,Ashaiman,2023-01-22,1321
CUST_00471,25,Male,Greater Accra,Madina,2026-08-31,4
CUST_00472,31,Male,Northern,Savelugu,2023-01-03,1340
CUST_00473,18,Male,Western,Tarkwa,2026-08-18,17
CUST_00474,22,Female,Volta,Kpando,2024-03-31,887
CUST_00475,43,Female,Bono,Berekum,2025-11-08,300
CUST_00476,42,Female,Upper East,Navrongo,2023-01-03,1340
CUST_00477,37,Male,Oti,Nkwanta,2026-08-05,30
CUST_00478,18,Male,Central,Cape Coast,2025-10-17,322
CUST_00479,30,Female,Eastern,Akim Oda,2023-01-03,1340
CUST_00480,21,Female,Ashanti,Kumasi,2025-11-12,296
CUST_00481,45,Female,Greater Accra,Tema,2025-08-03,397
CUST_00482,28,Male,Central,Kasoa,2025-05-17,475
CUST_00483,23,Male,Ashanti,Ejisu,2026-01-05,242
CUST_00484,34,Male,Ahafo,Goaso,2025-08-05,395
CUST_00485,27,Male,Central,Cape Coast,2025-09-18,351
CUST_00486,48,Male,Western,Sekondi,2024-02-22,925
CUST_00487,26,Male,Ashanti,Bekwai,2026-08-17,18
CUST_00488,20,Male,Greater Accra,Accra,2026-04-26,131
CUST_00489,18,Male,Greater Accra,Tema,2023-05-22,1201
CUST_00490,33,Male,Eastern,Akosombo,2024-04-04,883
CUST_00491,28,Female,Greater Accra,Madina,2026-01-04,243
CUST_00492,19,Male,Western,Takoradi,2025-08-13,387
CUST_00493,45,Female,Bono East,Techiman,2026-04-28,129
CUST_00494,40,Female,Bono East,Techiman,2026-06-13,83
CUST_00495,33,Female,Western,Axim,2025-12-29,249
CUST_00496,47,Female,Ashanti,Kumasi,2026-03-14,174
CUST_00497,40,Male,Bono East,Techiman,2025-09-19,350
CUST_00498,25,Female,Western North,Sefwi Wiawso,2026-08-03,32
CUST_00499,23,Female,Greater Accra,Accra,2023-01-03,1340
CUST_00500,42,Female,Northern,Savelugu,2023-01-03,1340
CUST_00501,37,Male,Ashanti,Kumasi,2025-05-13,479
CUST_00502,35,Male,Upper East,Bolgatanga,2025-11-01,307
CUST_00503,25,Male,North East,Nalerigu,2026-04-09,148
CUST_00504,40,Female,Greater Accra,Accra,2024-11-01,672
CUST_00505,26,Female,Western North,Sefwi Wiawso,2025-05-31,461
CUST_00506,32,Male,Western,Axim,2026-06-26,70
CUST_00507,48,Female,Savannah,Bole,2024-01-11,967
CUST_00508,27,Female,Eastern,Suhum,2024-10-13,691
CUST_00509,18,Male,Bono,Dormaa Ahenkro,2023-05-27,1196
CUST_00510,23,Female,Greater Accra,Madina,2025-04-05,517
CUST_00511,43,Female,Ashanti,Kumasi,2025-08-20,380
CUST_00512,36,Male,Greater Accra,Ashaiman,2026-01-31,216
CUST_00513,32,Female,Savannah,Bole,2023-09-21,1079
CUST_00514,28,Male,Bono,Berekum,2024-06-22,804
CUST_00515,38,Female,Bono,Berekum,2026-08-17,18
CUST_00516,25,Female,Upper West,Wa,2026-08-25,10
CUST_00517,37,Female,Greater Accra,Ashaiman,2026-02-28,188
CUST_00518,26,Male,Ashanti,Konongo,2024-11-08,665
CUST_00519,25,Male,Greater Accra,Dansoman,2023-01-03,1340
CUST_00520,27,Male,Ashanti,Kumasi,2026-07-01,65
CUST_00521,30,Female,Ashanti,Kumasi,2025-09-09,360
CUST_00522,33,Male,Eastern,Koforidua,2026-02-25,191
CUST_00523,36,Female,Ashanti,Konongo,2023-01-03,1340
CUST_00524,18,Male,Greater Accra,Accra,2024-08-27,738
CUST_00525,25,Male,Greater Accra,Accra,2024-09-06,728
CUST_00526,30,Male,Greater Accra,Dansoman,2025-12-26,252
CUST_00527,49,Other,Savannah,Damongo,2026-02-02,214
CUST_00528,23,Female,Northern,Savelugu,2026-04-30,127
CUST_00529,35,Male,Oti,Nkwanta,2026-08-12,23
CUST_00530,48,Male,Eastern,Akosombo,2024-06-26,800
CUST_00531,20,Female,Ashanti,Obuasi,2024-11-03,670
CUST_00532,37,Male,Upper East,Navrongo,2023-01-03,1340
CUST_00533,25,Female,Ashanti,Bekwai,2023-01-03,1340
CUST_00534,28,Female,Ashanti,Kumasi,2025-10-15,324
CUST_00535,25,Female,,,2025-01-26,586
CUST_00536,26,Female,,,2023-07-04,1158
CUST_00537,61,Female,Ashanti,Ejisu,2024-08-08,757
CUST_00538,42,Female,Ashanti,Mampong,2026-05-14,113
CUST_00539,45,Female,Volta,Hohoe,2026-01-08,239
CUST_00540,38,Female,Greater Accra,Madina,2026-07-11,55
CUST_00541,18,Male,,,2023-04-21,1232
CUST_00542,37,Male,Upper East,Navrongo,2025-08-28,372
CUST_00543,44,Male,Greater Accra,Dansoman,2026-05-24,103
CUST_00544,25,Female,Ashanti,Kumasi,2025-06-16,445
CUST_00545,43,Female,Bono East,Techiman,2025-08-15,385
CUST_00546,41,Male,Greater Accra,Accra,2026-03-11,177
CUST_00547,52,Male,Greater Accra,Tema,2026-07-18,48
CUST_00548,29,Male,,,2025-06-16,445
CUST_00549,23,Female,Ashanti,Kumasi,2025-11-15,293
CUST_00550,30,Female,Central,Kasoa,2025-01-21,591
CUST_00551,48,Female,Upper East,Bolgatanga,2025-11-15,293
CUST_00552,18,Male,Greater Accra,Tema,2024-08-01,764
CUST_00553,18,Female,Central,Winneba,2025-10-18,321
CUST_00554,34,Male,Eastern,Koforidua,2025-10-10,329
CUST_00555,29,Female,Greater Accra,Ashaiman,2024-05-20,837
CUST_00556,34,Male,Western,Tarkwa,2026-02-10,206
CUST_00557,43,Female,Ashanti,Kumasi,2026-07-09,57
CUST_00558,28,Male,Eastern,Koforidua,2026-08-24,11
CUST_00559,18,Male,Greater Accra,Ashaiman,2025-02-19,562
CUST_00560,54,Other,Eastern,Suhum,2025-08-13,387
CUST_00561,24,Male,,,2025-05-05,487
CUST_00562,23,Male,Bono,Sunyani,2026-06-01,95
CUST_00563,45,Female,Greater Accra,Accra,2026-07-08,58
CUST_00564,30,Female,,,2026-08-30,5
CUST_00565,33,Male,Eastern,Koforidua,2026-03-16,172
CUST_00566,38,Female,Northern,Tamale,2025-09-13,356
CUST_00567,44,Female,Central,Winneba,2026-02-17,199
CUST_00568,30,Male,Volta,Keta,2026-01-17,230
CUST_00569,49,Male,Northern,Tamale,2024-02-09,938
CUST_00570,18,Male,Bono East,Techiman,2026-03-17,171
CUST_00571,41,Female,Ashanti,Obuasi,2025-11-20,288
CUST_00572,25,Male,Central,Cape Coast,2024-12-31,612
CUST_00573,47,Male,Bono,Sunyani,2026-02-14,202
CUST_00574,35,Female,North East,Walewale,2025-08-11,389
CUST_00575,27,Female,Western North,Sefwi Wiawso,2024-07-03,793
CUST_00576,40,Male,Ashanti,Konongo,2023-05-29,1194
CUST_00577,42,Female,Greater Accra,Teshie,2026-07-03,63
CUST_00578,40,Male,,,2023-10-26,1044
CUST_00579,23,Male,Northern,Tamale,2025-12-07,271
CUST_00580,29,Female,Eastern,Nkawkaw,2026-05-08,119
CUST_00581,33,Female,Eastern,Suhum,2026-01-02,245
CUST_00582,33,Male,Bono,Dormaa Ahenkro,2023-01-03,1340
CUST_00583,41,Female,Ashanti,Konongo,2025-12-07,271
CUST_00584,18,Female,Bono East,Techiman,2026-03-29,159
CUST_00585,37,Male,Ashanti,Ejisu,2025-07-30,401
CUST_00586,31,Female,Ashanti,Kumasi,2026-05-18,109
CUST_00587,25,Male,Eastern,Akim Oda,2026-08-04,31
CUST_00588,26,Other,Northern,Tamale,2026-07-11,55
CUST_00589,31,Female,Greater Accra,Accra,2026-07-12,54
CUST_00590,18,Male,Greater Accra,Ashaiman,2026-07-01,65
CUST_00591,26,Male,Oti,Nkwanta,2026-07-07,59
CUST_00592,25,Male,Greater Accra,Accra,2025-07-22,409
CUST_00593,39,Male,Central,Kasoa,2026-06-16,80
CUST_00594,25,Male,Central,Swedru,2026-03-19,169
CUST_00595,31,Male,Eastern,Akosombo,2024-03-10,908
CUST_00596,49,Female,Western,Takoradi,2025-12-22,256
CUST_00597,43,Male,Ashanti,Kumasi,2025-06-21,440
CUST_00598,43,Female,Central,Cape Coast,2026-06-21,75
CUST_00599,29,Female,Ashanti,Bekwai,2026-06-11,85
CUST_00600,39,Male,Volta,Keta,2026-08-19,16
CUST_00601,31,Female,Greater Accra,Tema,2026-06-22,74
CUST_00602,32,Male,Central,Winneba,2026-04-27,130
CUST_00603,38,Male,Greater Accra,Accra,2026-06-19,77
CUST_00604,28,Female,Ashanti,Mampong,2026-07-29,37
CUST_00605,48,Male,Ashanti,Obuasi,2026-07-15,51
CUST_00606,32,Female,Greater Accra,Accra,2025-12-31,247
CUST_00607,40,Female,Bono,Sunyani,2026-06-04,92
CUST_00608,48,Other,,,2026-03-07,181
CUST_00609,44,Female,Ahafo,Hwidiem,2025-11-28,280
CUST_00610,19,Female,Oti,Dambai,2025-05-24,468
CUST_00611,38,Male,Central,Swedru,2026-08-19,16
CUST_00612,42,Male,Greater Accra,Ashaiman,2024-12-01,642
CUST_00613,42,Female,Ashanti,Kumasi,2025-08-05,395
CUST_00614,22,Male,,,2026-08-01,34
CUST_00615,27,Male,Ashanti,Kumasi,2024-05-30,827
CUST_00616,43,Male,Greater Accra,Madina,2023-11-25,1014
CUST_00617,26,Female,Central,Cape Coast,2026-08-10,25
CUST_00618,31,Male,Bono,Sunyani,2026-04-28,129
CUST_00619,49,Female,Upper East,Bawku,2024-11-17,656
CUST_00620,33,Male,Greater Accra,Madina,2025-03-02,551
CUST_00621,26,Male,,,2026-06-15,81
CUST_00622,25,Male,Ashanti,Kumasi,2026-06-03,93
CUST_00623,37,Male,Ashanti,Obuasi,2026-03-03,185
CUST_00624,20,Female,Bono East,Techiman,2025-12-13,265
CUST_00625,31,Male,Ashanti,Mampong,2025-08-15,385
CUST_00626,37,Male,Ashanti,Kumasi,2026-03-04,184
CUST_00627,46,Female,Greater Accra,Ashaiman,2025-12-30,248
CUST_00628,40,Female,Bono East,Kintampo,2025-03-03,550
CUST_00629,26,Male,Upper East,Bawku,2026-08-21,14
CUST_00630,45,Male,Western,Tarkwa,2026-05-11,116
CUST_00631,31,Other,Northern,Tamale,2025-04-23,499
CUST_00632,21,Female,Greater Accra,Accra,2024-03-16,902
CUST_00633,32,Male,Eastern,Nkawkaw,2025-11-22,286
CUST_00634,48,Male,Ashanti,Obuasi,2025-11-05,303
CUST_00635,35,Male,Greater Accra,Madina,2026-07-21,45
CUST_00636,34,Male,Eastern,Koforidua,2026-01-10,237
CUST_00637,50,Female,,,2025-11-04,304
CUST_00638,19,Female,Greater Accra,Tema,2026-05-16,111
CUST_00639,21,Male,Ashanti,Kumasi,2026-05-02,125
CUST_00640,18,Female,Greater Accra,Tema,2026-02-27,189
CUST_00641,37,Male,Ashanti,Konongo,2026-08-27,8
CUST_00642,35,Male,Western North,Enchi,2026-04-02,155
CUST_00643,49,Male,Eastern,Akim Oda,2026-06-01,95
CUST_00644,36,Male,Eastern,Suhum,2026-03-30,158
CUST_00645,29,Female,Northern,Tamale,2026-07-15,51
CUST_00646,34,Male,Greater Accra,Tema,2024-04-03,884
CUST_00647,35,Male,Eastern,Suhum,2025-09-09,360
CUST_00648,18,Female,Eastern,Suhum,2025-06-07,454
CUST_00649,61,Female,Western,Tarkwa,2024-12-21,622
CUST_00650,39,Female,North East,Walewale,2025-12-02,276
CUST_00651,36,Female,Northern,Tamale,2026-07-30,36
CUST_00652,40,Male,Ashanti,Mampong,2025-10-31,308
CUST_00653,41,Female,Bono,Sunyani,2025-09-16,353
CUST_00654,32,Female,Greater Accra,Accra,2025-03-06,547
CUST_00655,27,Female,Greater Accra,Accra,2026-01-21,226
CUST_00656,39,Female,Greater Accra,Tema,2026-07-12,54
CUST_00657,37,Male,Ashanti,Kumasi,2026-04-24,133
CUST_00658,25,Female,Central,Kasoa,2026-03-08,180
CUST_00659,48,Male,Western,Takoradi,2025-07-16,415
CUST_00660,36,Male,Ahafo,Goaso,2025-10-01,338
CUST_00661,41,Male,Eastern,Nkawkaw,2026-03-12,176
CUST_00662,47,Female,Eastern,Akim Oda,2023-01-03,1340
CUST_00663,34,Male,Greater Accra,Accra,2025-08-28,372
CUST_00664,37,Female,Greater Accra,Madina,2026-05-19,108
CUST_00665,42,Male,Central,Swedru,2026-07-24,42
CUST_00666,26,Female,Eastern,Akosombo,2026-06-30,66
CUST_00667,34,Male,Bono,Sunyani,2026-05-15,112
CUST_00668,35,Female,Greater Accra,Madina,2026-06-26,70
CUST_00669,24,Female,Greater Accra,Accra,2026-06-14,82
CUST_00670,57,Male,Eastern,Koforidua,2026-04-23,134
CUST_00671,19,Male,Ashanti,Kumasi,2026-06-20,76
CUST_00672,21,Female,Greater Accra,Ashaiman,2024-03-10,908
CUST_00673,47,Female,Northern,Tamale,2026-08-02,33
CUST_00674,41,Female,Greater Accra,Accra,2025-11-11,297
CUST_00675,23,Male,Western,Takoradi,2026-02-05,211
CUST_00676,40,Female,Ashanti,Mampong,2023-01-03,1340
CUST_00677,48,Male,Greater Accra,Madina,2026-07-19,47
CUST_00678,33,Female,Ashanti,Kumasi,2026-02-14,202
CUST_00679,59,Female,,,2023-01-03,1340
CUST_00680,18,Male,Ashanti,Obuasi,2024-06-24,802
CUST_00681,40,Female,Northern,Yendi,2024-10-25,679
CUST_00682,45,Female,,,2026-05-08,119
CUST_00683,42,Female,Northern,Savelugu,2026-06-22,74
CUST_00684,31,Male,Ashanti,Kumasi,2025-06-20,441
CUST_00685,31,Male,Volta,Keta,2023-10-10,1060
CUST_00686,38,Female,Central,Cape Coast,2025-10-14,325
CUST_00687,42,Male,Ahafo,Goaso,2025-09-30,339
CUST_00688,40,Male,Ashanti,Kumasi,2026-04-26,131
CUST_00689,44,Other,Greater Accra,Tema,2025-01-26,586
CUST_00690,23,Male,Greater Accra,Accra,2026-06-14,82
CUST_00691,31,Other,Bono,Berekum,2026-04-01,156
CUST_00692,24,Male,Central,Cape Coast,2026-01-26,221
CUST_00693,30,Male,Northern,Yendi,2025-11-25,283
CUST_00694,44,Female,Ashanti,Mampong,2026-05-16,111
CUST_00695,35,Female,Ashanti,Obuasi,2026-07-18,48
CUST_00696,60,Female,Greater Accra,Madina,2025-08-23,377
CUST_00697,35,Female,Oti,Nkwanta,2026-04-21,136
CUST_00698,34,Female,Volta,Hohoe,2025-09-21,348
CUST_00699,35,Male,Upper West,Jirapa,2026-06-29,67
CUST_00700,27,Male,Ashanti,Kumasi,2025-12-16,262
CUST_00701,33,Male,Western,Sekondi,2025-11-04,304
CUST_00702,45,Female,Volta,Aflao,2026-08-14,21
CUST_00703,35,Male,Ashanti,Kumasi,2026-03-24,164
CUST_00704,26,Male,Bono,Sunyani,2026-07-09,57
CUST_00705,24,Male,Upper West,Wa,2026-08-09,26
CUST_00706,29,Male,,,2023-01-03,1340
CUST_00707,34,Male,Northern,Savelugu,2026-04-02,155
CUST_00708,45,Female,Ashanti,Obuasi,2024-11-09,664
CUST_00709,20,Male,Ashanti,Ejisu,2026-05-10,117
CUST_00710,30,Female,Oti,Jasikan,2025-06-04,457
CUST_00711,35,Female,Greater Accra,Accra,2025-02-10,571
CUST_00712,18,Male,Volta,Ho,2025-09-07,362
CUST_00713,25,Female,Volta,Aflao,2025-12-23,255
CUST_00714,27,Male,Western,Axim,2026-02-04,212
CUST_00715,26,Female,North East,Walewale,2026-03-17,171
CUST_00716,35,Other,Ashanti,Kumasi,2023-10-09,1061
CUST_00717,32,Female,Ashanti,Kumasi,2024-09-24,710
CUST_00718,28,Female,Greater Accra,Tema,2023-01-03,1340
CUST_00719,38,Male,Eastern,Koforidua,2026-07-13,53
CUST_00720,51,Male,Ashanti,Kumasi,2025-03-28,525
CUST_00721,50,Female,Ashanti,Konongo,2023-08-17,1114
CUST_00722,18,Male,Bono,Sunyani,2026-06-17,79
CUST_00723,39,Male,Upper West,Jirapa,2026-08-08,27
CUST_00724,32,Male,Greater Accra,Tema,2025-03-13,540
CUST_00725,35,Female,Ashanti,Obuasi,2025-09-28,341
CUST_00726,30,Male,Ahafo,Goaso,2024-08-28,737
CUST_00727,35,Female,Greater Accra,Accra,2026-07-06,60
CUST_00728,35,Male,Greater Accra,Accra,2024-12-09,634
CUST_00729,28,Male,Greater Accra,Dansoman,2026-06-06,90
CUST_00730,25,Female,Western,Axim,2026-06-25,71
CUST_00731,29,Male,Greater Accra,Tema,2026-06-25,71
CUST_00732,36,Female,Oti,Dambai,2024-10-30,674
CUST_00733,39,Male,Eastern,Suhum,2025-06-24,437
CUST_00734,42,Male,Eastern,Koforidua,2025-11-12,296
CUST_00735,29,Male,Ashanti,Kumasi,2026-03-11,177
CUST_00736,36,Female,Eastern,Nkawkaw,2024-05-19,838
CUST_00737,43,Female,Volta,Kpando,2026-02-17,199
CUST_00738,45,Female,Northern,Tamale,2024-10-26,678
CUST_00739,33,Male,Northern,Tamale,2026-01-16,231
CUST_00740,31,Female,Central,Swedru,2026-02-27,189
CUST_00741,35,Female,Western North,Sefwi Wiawso,2025-12-30,248
CUST_00742,22,Female,Bono,Sunyani,2026-04-14,143
CUST_00743,32,Female,Northern,Yendi,2025-03-03,550
CUST_00744,41,Female,Greater Accra,Teshie,2025-11-29,279
CUST_00745,40,Male,Greater Accra,Tema,2026-05-22,105
CUST_00746,31,Female,Ashanti,Bekwai,2024-02-28,919
CUST_00747,36,Male,Volta,Keta,2026-02-23,193
CUST_00748,25,Female,Eastern,Koforidua,2025-10-26,313
CUST_00749,41,Male,,,2024-01-31,947
CUST_00750,33,Male,Bono East,Techiman,2025-08-09,391
CUST_00751,31,Male,Western North,Sefwi Wiawso,2026-07-17,49
CUST_00752,30,Male,Western North,Bibiani,2023-08-07,1124
CUST_00753,33,Male,Ashanti,Kumasi,2025-08-05,395
CUST_00754,29,Female,Volta,Ho,2026-03-25,163
CUST_00755,40,Female,Ashanti,Kumasi,2026-07-07,59
CUST_00756,30,Female,Greater Accra,Tema,2024-12-11,632
CUST_00757,49,Female,Greater Accra,Ashaiman,2025-08-13,387
CUST_00758,48,Male,Ashanti,Obuasi,2025-11-04,304
CUST_00759,25,Female,Eastern,Suhum,2024-03-21,897
CUST_00760,34,Male,Bono,Sunyani,2024-12-22,621
CUST_00761,27,Female,Greater Accra,Accra,2026-07-01,65
CUST_00762,30,Male,Northern,Tamale,2026-04-08,149
CUST_00763,54,Male,Central,Cape Coast,2026-05-13,114
CUST_00764,30,Male,Ashanti,Kumasi,2025-03-09,544
CUST_00765,37,Male,Eastern,Akosombo,2026-08-22,13
CUST_00766,39,Male,Ashanti,Bekwai,2025-10-02,337
CUST_00767,23,Male,Western,Axim,2025-02-07,574
CUST_00768,25,Female,Eastern,Koforidua,2024-05-20,837
CUST_00769,21,Female,Greater Accra,Teshie,2026-03-21,167
CUST_00770,25,Male,Greater Accra,Accra,2024-10-16,688
CUST_00771,18,Male,Central,Cape Coast,2026-07-20,46
CUST_00772,39,Female,Western North,Enchi,2024-08-16,749
CUST_00773,54,Male,Ashanti,Ejisu,2026-07-12,54
CUST_00774,35,Female,Northern,Tamale,2026-02-14,202
CUST_00775,19,Male,Western,Sekondi,2024-12-05,638
CUST_00776,27,Female,Upper West,Wa,2026-07-02,64
CUST_00777,29,Female,Bono,Berekum,2026-05-23,104
CUST_00778,23,Female,Central,Kasoa,2025-04-10,512
CUST_00779,42,Female,Western,Axim,2025-04-13,509
CUST_00780,42,Male,Western North,Sefwi Wiawso,2025-07-22,409
CUST_00781,22,Male,Ashanti,Kumasi,2025-05-19,473
CUST_00782,41,Female,Ashanti,Obuasi,2025-10-27,312
CUST_00783,49,Female,Greater Accra,Tema,2026-05-11,116
CUST_00784,53,Male,Bono,Sunyani,2026-03-19,169
CUST_00785,62,Female,Upper East,Bawku,2026-06-16,80
CUST_00786,24,Male,Greater Accra,Teshie,2024-01-22,956
CUST_00787,62,Male,Central,Swedru,2025-09-19,350
CUST_00788,30,Female,Eastern,Akosombo,2026-02-12,204
CUST_00789,28,Male,,,2025-12-31,247
CUST_00790,37,Female,Savannah,Bole,2023-06-15,1177
CUST_00791,28,Male,Ashanti,Mampong,2026-06-30,66
CUST_00792,37,Male,Greater Accra,Accra,2025-09-17,352
CUST_00793,20,Female,Western,Sekondi,2025-11-27,281
CUST_00794,31,Female,Northern,Tamale,2025-08-22,378
CUST_00795,46,Male,Greater Accra,Tema,2026-08-28,7
CUST_00796,33,Male,Western,Takoradi,2024-06-04,822
CUST_00797,35,Male,Central,Swedru,2023-09-25,1075
CUST_00798,38,Male,Greater Accra,Accra,2025-10-06,333
CUST_00799,45,Female,Greater Accra,Accra,2025-05-15,477
CUST_00800,18,Female,Central,Kasoa,2023-11-17,1022
CUST_00801,39,Male,Ashanti,Kumasi,2025-05-01,491
CUST_00802,31,Male,Upper West,Wa,2026-06-30,66
CUST_00803,35,Female,Bono,Sunyani,2025-09-26,343
CUST_00804,44,Female,Savannah,Damongo,2025-08-27,373
CUST_00805,22,Female,Ashanti,Kumasi,2026-01-27,220
CUST_00806,23,Female,Oti,Jasikan,2025-03-20,533
CUST_00807,18,Male,Eastern,Akosombo,2023-09-11,1089
CUST_00808,28,Female,Ashanti,Kumasi,2023-10-31,1039
CUST_00809,47,Other,Greater Accra,Accra,2026-01-08,239
CUST_00810,32,Female,Greater Accra,Accra,2026-07-18,48
CUST_00811,20,Male,Volta,Aflao,2023-01-03,1340
CUST_00812,29,Male,Eastern,Koforidua,2024-09-04,730
CUST_00813,19,Male,Ashanti,Kumasi,2026-07-13,53
CUST_00814,22,Female,Western,Tarkwa,2023-11-25,1014
CUST_00815,37,Male,Ashanti,Obuasi,2024-06-11,815
CUST_00816,22,Male,Central,Cape Coast,2025-11-16,292
CUST_00817,45,Female,Ashanti,Kumasi,2025-09-12,357
CUST_00818,33,Male,Bono,Dormaa Ahenkro,2026-02-13,203
CUST_00819,34,Male,Bono,Dormaa Ahenkro,2026-08-13,22
CUST_00820,31,Male,Eastern,Akosombo,2026-03-25,163
CUST_00821,41,Male,Ashanti,Obuasi,2024-11-24,649
CUST_00822,41,Male,Ashanti,Obuasi,2026-09-03,1
CUST_00823,37,Female,Upper East,Navrongo,2026-03-26,162
CUST_00824,39,Female,Ashanti,Bekwai,2026-02-13,203
CUST_00825,31,Male,Greater Accra,Accra,2025-10-31,308
CUST_00826,39,Male,Greater Accra,Ashaiman,2023-11-30,1009
CUST_00827,30,Female,Eastern,Koforidua,2026-03-18,170
CUST_00828,34,Male,Eastern,Koforidua,2026-03-18,170
CUST_00829,31,Male,Bono,Berekum,2025-03-18,535
CUST_00830,29,Female,Ashanti,Kumasi,2026-01-07,240
CUST_00831,27,Male,Ashanti,Bekwai,2026-05-26,101
CUST_00832,38,Male,Upper East,Bolgatanga,2026-01-07,240
CUST_00833,47,Male,Bono,Berekum,2026-07-06,60
CUST_00834,45,Female,Ashanti,Bekwai,2026-06-19,77
CUST_00835,21,Male,Eastern,Suhum,2025-12-03,275
CUST_00836,46,Male,Ashanti,Kumasi,2026-01-30,217
CUST_00837,30,Male,Upper West,Wa,2023-12-24,985
CUST_00838,40,Female,Greater Accra,Madina,2026-03-08,180
CUST_00839,24,Male,Upper West,Wa,2025-09-22,347
CUST_00840,35,Male,Volta,Kpando,2025-07-31,400
CUST_00841,37,Female,Central,Swedru,2026-08-30,5
CUST_00842,19,Female,Greater Accra,Accra,2025-06-26,435
CUST_00843,40,Male,Eastern,Koforidua,2026-06-18,78
CUST_00844,47,Male,Ashanti,Kumasi,2023-02-14,1298
CUST_00845,32,Female,Greater Accra,Teshie,2026-07-02,64
CUST_00846,47,Female,Western,Takoradi,2026-02-02,214
CUST_00847,32,Male,Savannah,Damongo,2026-07-31,35
CUST_00848,42,Male,Central,Kasoa,2023-01-03,1340
CUST_00849,18,Male,Volta,Keta,2025-11-29,279
CUST_00850,58,Male,Greater Accra,Accra,2025-09-08,361
CUST_00851,48,Female,Eastern,Koforidua,2026-08-08,27
CUST_00852,31,Male,Greater Accra,Dansoman,2025-02-27,554
CUST_00853,18,Female,Western,Axim,2026-06-02,94
CUST_00854,36,Female,Upper West,Lawra,2024-03-05,913
CUST_00855,19,Male,Volta,Ho,2026-06-05,91
CUST_00856,38,Male,Greater Accra,Accra,2026-06-12,84
CUST_00857,38,Female,Ashanti,Ejisu,2026-08-21,14
CUST_00858,24,Male,Central,Cape Coast,2025-12-23,255
CUST_00859,45,Female,Ashanti,Bekwai,2025-10-07,332
CUST_00860,42,Other,Bono,Berekum,2026-08-08,27
CUST_00861,43,Male,Upper East,Bolgatanga,2025-01-15,597
CUST_00862,34,Male,Western,Axim,2026-01-06,241
CUST_00863,19,Male,Ashanti,Bekwai,2025-11-11,297
CUST_00864,43,Female,Ashanti,Kumasi,2026-01-15,232
CUST_00865,31,Female,Greater Accra,Tema,2026-02-12,204
CUST_00866,20,Female,Ashanti,Kumasi,2025-10-11,328
CUST_00867,47,Female,Eastern,Akim Oda,2026-06-29,67
CUST_00868,54,Male,Volta,Ho,2026-06-16,80
CUST_00869,33,Female,Western,Sekondi,2024-07-05,791
CUST_00870,55,Female,Greater Accra,Dansoman,2023-06-24,1168
CUST_00871,34,Female,Ashanti,Obuasi,2026-03-02,186
CUST_00872,30,Male,Greater Accra,Accra,2026-05-01,126
CUST_00873,27,Female,Greater Accra,Madina,2025-07-18,413
CUST_00874,50,Female,Bono,Sunyani,2026-02-06,210
CUST_00875,26,Female,Greater Accra,Teshie,2026-08-25,10
CUST_00876,41,Female,Eastern,Akim Oda,2026-06-29,67
CUST_00877,28,Female,Greater Accra,Accra,2025-04-19,503
CUST_00878,29,Female,Bono East,Techiman,2025-07-01,430
CUST_00879,44,Female,Central,Elmina,2026-08-25,10
CUST_00880,30,Female,Ashanti,Kumasi,2026-05-27,100
CUST_00881,29,Male,Eastern,Akosombo,2026-05-22,105
CUST_00882,45,Male,Northern,Tamale,2025-06-16,445
CUST_00883,49,Male,Oti,Dambai,2026-08-28,7
CUST_00884,40,Female,Ashanti,Obuasi,2026-07-23,43
CUST_00885,27,Female,Western North,Enchi,2024-11-30,643
CUST_00886,28,Other,Upper West,Jirapa,2026-06-18,78
CUST_00887,34,Male,Ahafo,Goaso,2025-07-08,423
CUST_00888,37,Male,Western,Sekondi,2026-05-19,108
CUST_00889,24,Male,Western,Takoradi,2026-07-25,41
CUST_00890,41,Male,Ashanti,Obuasi,2026-05-16,111
CUST_00891,34,Female,Northern,Tamale,2025-04-10,512
CUST_00892,18,Male,Central,Swedru,2024-07-22,774
CUST_00893,24,Female,Volta,Kpando,2024-09-25,709
CUST_00894,28,Female,Eastern,Akim Oda,2026-02-14,202
CUST_00895,33,Male,Northern,Tamale,2025-06-20,441
CUST_00896,52,Female,Bono,Dormaa Ahenkro,2026-06-05,91
CUST_00897,36,Male,Greater Accra,Ashaiman,2026-04-19,138
CUST_00898,25,Male,Bono,Sunyani,2024-03-12,906
CUST_00899,36,Female,Central,Kasoa,2026-08-30,5
CUST_00900,30,Female,Bono,Sunyani,2026-07-31,35
CUST_00901,37,Male,Eastern,Koforidua,2026-06-03,93
CUST_00902,39,Male,Ashanti,Kumasi,2026-08-25,10
CUST_00903,46,Male,Ahafo,Goaso,2026-06-16,80
CUST_00904,33,Male,Ashanti,Ejisu,2025-09-20,349
CUST_00905,50,Other,Bono,Sunyani,2026-01-29,218
CUST_00906,43,Female,Eastern,Koforidua,2024-03-26,892
CUST_00907,26,Male,Central,Cape Coast,2024-10-24,680
CUST_00908,56,Female,Ashanti,Mampong,2026-03-21,167
CUST_00909,37,Male,Central,Swedru,2026-05-07,120
CUST_00910,25,Male,Ashanti,Obuasi,2026-02-25,191
CUST_00911,50,Female,Greater Accra,Tema,2025-09-13,356
CUST_00912,54,Female,Ashanti,Bekwai,2026-05-03,124
CUST_00913,33,Female,Greater Accra,Accra,2025-08-09,391
CUST_00914,28,Female,Savannah,Damongo,2026-02-06,210
CUST_00915,32,Female,Oti,Dambai,2025-10-18,321
CUST_00916,41,Male,Ashanti,Kumasi,2026-01-18,229
CUST_00917,46,Female,Northern,Tamale,2026-04-18,139
CUST_00918,39,Other,Ashanti,Bekwai,2023-06-06,1186
CUST_00919,35,Male,Volta,Keta,2025-02-05,576
CUST_00920,48,Female,Upper East,Bolgatanga,2026-07-06,60
CUST_00921,30,Female,Upper West,Jirapa,2024-06-15,811
CUST_00922,44,Male,Ashanti,Kumasi,2025-12-11,267
CUST_00923,31,Female,Upper East,Bolgatanga,2024-03-19,899
CUST_00924,38,Male,Ashanti,Obuasi,2024-11-30,643
CUST_00925,32,Female,North East,Walewale,2026-01-26,221
CUST_00926,33,Male,Greater Accra,Accra,2026-08-26,9
CUST_00927,30,Female,Western,Sekondi,2026-05-02,125
CUST_00928,47,Male,,,2025-10-27,312
CUST_00929,26,Male,Volta,Keta,2025-07-30,401
CUST_00930,26,Male,Greater Accra,Madina,2026-05-08,119
CUST_00931,55,Female,Upper West,Wa,2026-07-06,60
CUST_00932,43,Female,Greater Accra,Accra,2024-09-14,720
CUST_00933,18,Female,Western,Sekondi,2023-01-03,1340
CUST_00934,28,Female,Ashanti,Kumasi,2025-11-10,298
CUST_00935,18,Male,Ashanti,Bekwai,2026-06-21,75
CUST_00936,24,Male,Central,Kasoa,2026-04-30,127
CUST_00937,18,Female,Eastern,Koforidua,2026-08-28,7
CUST_00938,32,Male,Greater Accra,Ashaiman,2023-12-27,982
CUST_00939,22,Other,Greater Accra,Tema,2026-07-16,50
CUST_00940,34,Female,Eastern,Koforidua,2025-09-26,343
CUST_00941,18,Male,Northern,Savelugu,2026-04-29,128
CUST_00942,34,Male,Western North,Enchi,2025-10-16,323
CUST_00943,29,Female,Greater Accra,Madina,2025-07-10,421
CUST_00944,49,Male,Ashanti,Kumasi,2024-09-26,708
CUST_00945,48,Male,Greater Accra,Tema,2026-06-04,92
CUST_00946,41,Male,Greater Accra,Ashaiman,2026-08-31,4
CUST_00947,30,Female,Volta,Ho,2026-07-08,58
CUST_00948,53,Female,Western,Takoradi,2024-02-26,921
CUST_00949,18,Male,Greater Accra,Teshie,2024-05-29,828
CUST_00950,19,Male,Ashanti,Kumasi,2025-09-06,363
CUST_00951,33,Male,Greater Accra,Ashaiman,2025-09-02,367
CUST_00952,56,Female,Bono,Sunyani,2025-06-24,437
CUST_00953,31,Male,Savannah,Damongo,2026-06-19,77
CUST_00954,32,Male,Greater Accra,Accra,2023-12-26,983
CUST_00955,19,Female,Ashanti,Mampong,2026-01-30,217
CUST_00956,43,Female,,,2026-02-23,193
CUST_00957,43,Other,Ahafo,Goaso,2025-11-16,292
CUST_00958,41,Female,Eastern,Nkawkaw,2026-08-16,19
CUST_00959,27,Male,Greater Accra,Madina,2026-06-24,72
CUST_00960,26,Male,Greater Accra,Dansoman,2025-03-18,535
CUST_00961,21,Male,Central,Kasoa,2026-08-01,34
CUST_00962,34,Male,Ashanti,Kumasi,2025-08-31,369
CUST_00963,23,Female,Greater Accra,Dansoman,2026-05-15,112
CUST_00964,22,Female,Central,Winneba,2026-02-19,197
CUST_00965,29,Female,Greater Accra,Accra,2026-04-21,136
CUST_00966,29,Male,Upper East,Bolgatanga,2026-03-13,175
CUST_00967,28,Female,Ashanti,Mampong,2025-04-15,507
CUST_00968,38,Female,Greater Accra,Accra,2026-04-16,141
CUST_00969,34,Male,Central,Winneba,2025-10-05,334
CUST_00970,31,Female,Ashanti,Obuasi,2025-12-20,258
CUST_00971,35,Male,Savannah,Damongo,2025-06-26,435
CUST_00972,24,Male,Central,Winneba,2023-08-27,1104
CUST_00973,35,Female,Ashanti,Kumasi,2025-03-26,527
CUST_00974,35,Female,Volta,Hohoe,2026-05-31,96
CUST_00975,18,Male,Ashanti,Obuasi,2026-08-23,12
CUST_00976,43,Male,Western North,Bibiani,2026-05-06,121
CUST_00977,25,Other,Ashanti,Konongo,2025-09-08,361
CUST_00978,34,Female,Central,Elmina,2026-08-14,21
CUST_00979,45,Female,Greater Accra,Ashaiman,2025-12-04,274
CUST_00980,43,Male,Eastern,Koforidua,2025-09-06,363
CUST_00981,34,Male,Bono,Sunyani,2026-03-26,162
CUST_00982,30,Male,Upper East,Bawku,2025-01-23,589
CUST_00983,43,Male,Ashanti,Bekwai,2026-07-21,45
CUST_00984,40,Male,Ashanti,Mampong,2026-08-04,31
CUST_00985,27,Male,Bono,Dormaa Ahenkro,2025-04-01,521
CUST_00986,26,Female,Upper West,Wa,2025-12-05,273
CUST_00987,18,Male,Greater Accra,Tema,2025-05-26,466
CUST_00988,35,Female,Eastern,Akim Oda,2026-01-19,228
CUST_00989,33,Male,Ashanti,Kumasi,2026-05-14,113
CUST_00990,45,Male,Bono East,Techiman,2024-10-21,683
CUST_00991,37,Male,Greater Accra,Dansoman,2024-12-01,642
CUST_00992,47,Female,Ashanti,Kumasi,2025-05-18,474
CUST_00993,27,Male,Northern,Tamale,2026-04-30,127
CUST_00994,45,Other,Greater Accra,Accra,2025-09-13,356
CUST_00995,28,Female,Eastern,Suhum,2026-03-09,179
CUST_00996,41,Female,Eastern,Nkawkaw,2026-07-28,38
CUST_00997,19,Male,Ashanti,Ejisu,2023-12-12,997
CUST_00998,36,Female,Ashanti,Bekwai,2026-07-08,58
CUST_00999,18,Female,Central,Kasoa,2023-05-23,1200
CUST_01000,31,Male,Greater Accra,Madina,2026-01-11,236
CUST_01001,38,Female,Central,Cape Coast,2026-06-15,81
CUST_01002,28,Female,Upper East,Bolgatanga,2025-10-27,312
CUST_01003,23,Female,Northern,Savelugu,2024-06-01,825
CUST_01004,42,Female,Greater Accra,Ashaiman,2025-03-26,527
CUST_01005,32,Female,Greater Accra,Accra,2024-11-16,657
CUST_01006,29,Female,Ashanti,Kumasi,2025-07-01,430
CUST_01007,34,Male,Ashanti,Obuasi,2025-05-21,471
CUST_01008,60,Female,Ashanti,Kumasi,2024-08-09,756
CUST_01009,45,Female,Volta,Ho,2026-05-13,114
CUST_01010,45,Female,Greater Accra,Accra,2025-12-10,268
CUST_01011,38,Other,Greater Accra,Accra,2026-05-27,100
CUST_01012,35,Male,Ashanti,Mampong,2023-01-03,1340
CUST_01013,18,Male,Volta,Ho,2023-07-09,1153
CUST_01014,27,Male,Greater Accra,Accra,2026-08-19,16
CUST_01015,29,Male,Western,Sekondi,2025-05-03,489
CUST_01016,18,Male,Ashanti,Mampong,2023-11-02,1037
CUST_01017,22,Female,Western North,Sefwi Wiawso,2026-06-17,79
CUST_01018,18,Male,Western North,Sefwi Wiawso,2025-10-04,335
CUST_01019,33,Female,Ashanti,Kumasi,2023-12-21,988
CUST_01020,42,Female,Ashanti,Konongo,2026-08-22,13
CUST_01021,45,Male,Eastern,Nkawkaw,2025-05-14,478
CUST_01022,38,Male,Ashanti,Mampong,2026-04-16,141
CUST_01023,24,Female,Volta,Kpando,2023-11-07,1032
CUST_01024,18,Female,Bono,Berekum,2023-01-03,1340
CUST_01025,18,Female,Volta,Keta,2023-07-08,1154
CUST_01026,21,Female,Bono,Sunyani,2025-12-21,257
CUST_01027,25,Other,Ashanti,Kumasi,2024-07-04,792
CUST_01028,32,Female,Greater Accra,Dansoman,2024-08-21,744
CUST_01029,23,Female,Northern,Tamale,2026-04-04,153
CUST_01030,37,Female,Ashanti,Kumasi,2024-09-28,706
CUST_01031,31,Female,Volta,Keta,2026-08-20,15
CUST_01032,34,Male,Ashanti,Kumasi,2025-09-07,362
CUST_01033,45,Other,Greater Accra,Tema,2026-05-23,104
CUST_01034,22,Male,North East,Walewale,2026-07-15,51
CUST_01035,38,Female,Greater Accra,Tema,2026-08-03,32
CUST_01036,33,Male,North East,Walewale,2025-05-16,476
CUST_01037,30,Male,Savannah,Damongo,2026-03-22,166
CUST_01038,42,Male,Upper East,Bolgatanga,2025-04-06,516
CUST_01039,42,Male,Western,Sekondi,2026-08-08,27
CUST_01040,24,Male,Central,Winneba,2026-04-06,151
CUST_01041,32,Female,Bono East,Kintampo,2025-10-29,310
CUST_01042,36,Male,Ashanti,Kumasi,2024-12-18,625
CUST_01043,31,Male,Eastern,Nkawkaw,2026-04-04,153
CUST_01044,39,Male,Western,Takoradi,2025-08-07,393
CUST_01045,36,Female,Eastern,Suhum,2024-04-19,868
CUST_01046,52,Male,Eastern,Akim Oda,2025-08-18,382
CUST_01047,18,Male,Ashanti,Konongo,2026-05-21,106
CUST_01048,32,Female,Central,Cape Coast,2026-08-26,9
CUST_01049,24,Female,Bono,Sunyani,2024-06-10,816
CUST_01050,40,Male,Greater Accra,Tema,2026-08-27,8
CUST_01051,18,Male,Upper West,Jirapa,2024-05-27,830
CUST_01052,37,Male,Volta,Hohoe,2025-11-07,301
CUST_01053,27,Other,Bono,Dormaa Ahenkro,2023-08-12,1119
CUST_01054,26,Male,Central,Kasoa,2024-12-02,641
CUST_01055,19,Female,Northern,Tamale,2023-01-03,1340
CUST_01056,29,Male,Greater Accra,Accra,2026-03-16,172
CUST_01057,44,Female,Bono,Dormaa Ahenkro,2025-01-29,583
CUST_01058,33,Male,Greater Accra,Accra,2026-02-11,205
CUST_01059,40,Male,Western North,Enchi,2025-12-17,261
CUST_01060,50,Male,North East,Walewale,2025-08-05,395
CUST_01061,36,Male,Ashanti,Bekwai,2024-05-30,827
CUST_01062,28,Male,Ashanti,Obuasi,2023-01-03,1340
CUST_01063,38,Female,Northern,Yendi,2025-01-28,584
CUST_01064,28,Other,Ashanti,Konongo,2026-01-31,216
CUST_01065,28,Male,Bono East,Techiman,2026-01-29,218
CUST_01066,18,Female,,,2025-03-18,535
CUST_01067,43,Other,Greater Accra,Accra,2026-05-18,109
CUST_01068,30,Female,Savannah,Damongo,2026-07-20,46
CUST_01069,35,Male,Volta,Ho,2026-03-13,175
CUST_01070,23,Female,Bono,Sunyani,2026-04-22,135
CUST_01071,38,Male,Ashanti,Kumasi,2026-04-17,140
CUST_01072,26,Female,Volta,Hohoe,2026-05-21,106
CUST_01073,32,Male,Western,Tarkwa,2026-08-18,17
CUST_01074,42,Male,Western,Takoradi,2026-08-28,7
CUST_01075,41,Male,Volta,Hohoe,2023-01-03,1340
CUST_01076,33,Male,Central,Cape Coast,2026-01-24,223
CUST_01077,18,Female,Eastern,Nkawkaw,2026-02-22,194
CUST_01078,63,Male,Ashanti,Ejisu,2025-06-06,455
CUST_01079,51,Female,Northern,Yendi,2026-05-29,98
CUST_01080,41,Male,Ashanti,Konongo,2023-05-26,1197
CUST_01081,26,Male,Volta,Ho,2024-12-26,617
CUST_01082,32,Female,Ashanti,Konongo,2026-07-29,37
CUST_01083,28,Other,Western,Sekondi,2026-01-31,216
CUST_01084,46,Male,Northern,Tamale,2024-05-12,845
CUST_01085,36,Male,Ashanti,Ejisu,2023-07-04,1158
CUST_01086,26,Female,Greater Accra,Accra,2025-12-27,251
CUST_01087,29,Male,Greater Accra,Madina,2025-08-20,380
CUST_01088,45,Female,Western,Tarkwa,2026-06-23,73
CUST_01089,50,Female,Bono,Sunyani,2023-01-03,1340
CUST_01090,49,Male,Greater Accra,Accra,2026-05-22,105
CUST_01091,41,Male,Northern,Tamale,2023-07-18,1144
CUST_01092,31,Male,Ashanti,Bekwai,2025-07-12,419
CUST_01093,18,Male,Eastern,Nkawkaw,2025-08-26,374
CUST_01094,36,Female,Ahafo,Goaso,2025-11-21,287
CUST_01095,33,Female,Ashanti,Kumasi,2026-05-23,104
CUST_01096,35,Female,Eastern,Nkawkaw,2026-06-19,77
CUST_01097,34,Female,Greater Accra,Ashaiman,2026-05-28,99
CUST_01098,20,Male,Greater Accra,Accra,2026-06-14,82
CUST_01099,39,Female,,,2025-01-08,604
CUST_01100,40,Male,Greater Accra,Teshie,2026-03-16,172
CUST_01101,40,Female,,,2026-08-12,23
CUST_01102,43,Male,Eastern,Koforidua,2023-01-03,1340
CUST_01103,40,Female,Central,Swedru,2024-04-27,860
CUST_01104,29,Female,Greater Accra,Madina,2023-10-19,1051
CUST_01105,33,Male,Ashanti,Kumasi,2023-01-03,1340
CUST_01106,34,Male,Volta,Ho,2026-06-20,76
CUST_01107,35,Female,Oti,Dambai,2026-02-15,201
CUST_01108,43,Male,Greater Accra,Accra,2025-02-14,567
CUST_01109,40,Female,Western North,Enchi,2025-05-16,476
CUST_01110,54,Female,Central,Kasoa,2026-06-30,66
CUST_01111,56,Female,Central,Elmina,2024-10-28,676
CUST_01112,34,Male,Eastern,Suhum,2026-05-26,101
CUST_01113,18,Female,Greater Accra,Tema,2026-05-26,101
CUST_01114,46,Male,Greater Accra,Accra,2025-11-01,307
CUST_01115,28,Male,Western,Sekondi,2025-09-10,359
CUST_01116,25,Female,Ashanti,Bekwai,2025-09-22,347
CUST_01117,30,Female,Ahafo,Hwidiem,2026-07-28,38
CUST_01118,29,Male,Ashanti,Kumasi,2024-05-18,839
CUST_01119,40,Male,Greater Accra,Madina,2026-05-04,123
CUST_01120,18,Female,Volta,Keta,2026-07-11,55
CUST_01121,23,Female,Ashanti,Bekwai,2024-04-09,878
CUST_01122,37,Female,Central,Cape Coast,2023-04-07,1246
CUST_01123,40,Male,Volta,Hohoe,2024-07-04,792
CUST_01124,40,Female,Western North,Enchi,2024-11-10,663
CUST_01125,26,Female,Upper East,Bolgatanga,2025-07-06,425
CUST_01126,24,Female,Volta,Hohoe,2025-10-19,320
CUST_01127,28,Female,Volta,Ho,2026-07-30,36
CUST_01128,36,Male,Upper West,Wa,2026-02-06,210
CUST_01129,48,Other,Ashanti,Kumasi,2026-03-02,186
CUST_01130,18,Male,Greater Accra,Dansoman,2026-05-07,120
CUST_01131,31,Male,Ashanti,Kumasi,2025-04-08,514
CUST_01132,20,Female,Ashanti,Obuasi,2025-12-05,273
CUST_01133,18,Female,Volta,Keta,2026-08-02,33
CUST_01134,43,Female,Western,Takoradi,2026-05-28,99
CUST_01135,39,Female,Western,Sekondi,2025-06-02,459
CUST_01136,38,Male,,,2026-08-04,31
CUST_01137,43,Female,Northern,Savelugu,2024-08-03,762
CUST_01138,29,Male,Ashanti,Ejisu,2025-12-05,273
CUST_01139,29,Female,Volta,Keta,2025-12-16,262
CUST_01140,55,Male,Central,Cape Coast,2025-09-11,358
CUST_01141,31,Female,Ashanti,Bekwai,2024-10-08,696
CUST_01142,41,Male,Greater Accra,Accra,2026-03-18,170
CUST_01143,34,Female,Greater Accra,Ashaiman,2025-06-08,453
CUST_01144,18,Female,Bono,Sunyani,2025-10-06,333
CUST_01145,18,Male,,,2026-05-03,124
CUST_01146,28,Female,Western,Tarkwa,2024-05-14,843
CUST_01147,44,Female,Greater Accra,Ashaiman,2024-12-05,638
CUST_01148,41,Female,Ashanti,Kumasi,2025-07-02,429
CUST_01149,43,Female,Northern,Tamale,2024-08-05,760
CUST_01150,24,Male,Northern,Yendi,2024-06-19,807
CUST_01151,50,Male,Greater Accra,Ashaiman,2025-04-30,492
CUST_01152,24,Male,Greater Accra,Accra,2024-09-09,725
CUST_01153,36,Male,Volta,Kpando,2025-05-14,478
CUST_01154,33,Male,Ashanti,Mampong,2025-06-06,455
CUST_01155,32,Female,Ashanti,Kumasi,2025-08-15,385
CUST_01156,47,Male,Greater Accra,Ashaiman,2025-02-23,558
CUST_01157,26,Male,Central,Kasoa,2026-06-27,69
CUST_01158,20,Male,Bono,Sunyani,2024-05-06,851
CUST_01159,34,Female,Oti,Dambai,2024-06-05,821
CUST_01160,30,Female,Central,Winneba,2026-08-24,11
CUST_01161,67,Male,Central,Elmina,2024-10-05,699
CUST_01162,40,Female,Greater Accra,Tema,2026-07-11,55
CUST_01163,29,Male,Central,Winneba,2026-03-25,163
CUST_01164,23,Other,Ashanti,Ejisu,2025-03-09,544
CUST_01165,18,Female,Western,Tarkwa,2026-06-26,70
CUST_01166,23,Male,Ashanti,Kumasi,2024-10-23,681
CUST_01167,35,Female,Ashanti,Mampong,2024-09-21,713
CUST_01168,48,Female,Greater Accra,Tema,2025-11-25,283
CUST_01169,45,Male,Ashanti,Kumasi,2026-09-02,2
CUST_01170,36,Female,Greater Accra,Accra,2026-04-22,135
CUST_01171,30,Male,Greater Accra,Tema,2025-08-17,383
CUST_01172,36,Male,North East,Walewale,2023-01-03,1340
CUST_01173,28,Male,Eastern,Akim Oda,2025-08-01,399
CUST_01174,51,Male,Central,Elmina,2026-05-07,120
CUST_01175,32,Male,Bono East,Techiman,2025-07-29,402
CUST_01176,33,Female,North East,Nalerigu,2025-10-29,310
CUST_01177,18,Male,Central,Swedru,2025-01-07,605
CUST_01178,32,Male,Upper East,Navrongo,2026-07-21,45
CUST_01179,42,Female,Ashanti,Kumasi,2025-02-09,572
CUST_01180,23,Female,Ashanti,Obuasi,2025-10-28,311
CUST_01181,26,Other,Ashanti,Kumasi,2023-01-25,1318
CUST_01182,41,Female,Volta,Hohoe,2026-03-21,167
CUST_01183,19,Other,Volta,Aflao,2025-07-31,400
CUST_01184,44,Female,Ashanti,Konongo,2023-09-25,1075
CUST_01185,28,Other,Greater Accra,Accra,2026-07-23,43
CUST_01186,30,Female,Western,Axim,2023-08-24,1107
CUST_01187,22,Male,Greater Accra,Tema,2025-05-27,465
CUST_01188,37,Male,Central,Kasoa,2026-08-07,28
CUST_01189,58,Female,Volta,Hohoe,2026-04-14,143
CUST_01190,41,Male,Volta,Keta,2025-04-30,492
CUST_01191,25,Male,Northern,Yendi,2026-08-08,27
CUST_01192,45,Female,Bono East,Techiman,2025-09-20,349
CUST_01193,30,Female,Eastern,Akim Oda,2026-03-19,169
CUST_01194,47,Male,Northern,Tamale,2025-08-13,387
CUST_01195,42,Female,Western,Axim,2026-08-17,18
CUST_01196,18,Female,Greater Accra,Tema,2024-06-06,820
CUST_01197,23,Other,Greater Accra,Accra,2023-01-03,1340
CUST_01198,43,Female,Ashanti,Konongo,2023-01-03,1340
CUST_01199,35,Female,Eastern,Suhum,2025-02-28,553
CUST_01200,23,Female,Western,Axim,2026-07-11,55
CUST_01201,27,Male,Bono,Sunyani,2025-02-14,567
CUST_01202,18,Female,,,2026-08-26,9
CUST_01203,33,Female,Greater Accra,Tema,2026-08-27,8
CUST_01204,56,Female,Oti,Dambai,2026-04-01,156
CUST_01205,42,Female,Greater Accra,Dansoman,2025-12-10,268
CUST_01206,55,Male,Eastern,Koforidua,2025-01-24,588
CUST_01207,42,Female,Central,Cape Coast,2025-06-02,459
CUST_01208,44,Male,Central,Kasoa,2026-01-11,236
CUST_01209,53,Male,Greater Accra,Accra,2026-04-30,127
CUST_01210,37,Male,Greater Accra,Ashaiman,2023-01-03,1340
CUST_01211,32,Male,Greater Accra,Tema,2026-01-25,222
CUST_01212,44,Female,Central,Cape Coast,2026-01-07,240
CUST_01213,48,Male,Central,Cape Coast,2026-06-25,71
CUST_01214,29,Male,Ashanti,Obuasi,2024-12-10,633
CUST_01215,26,Female,Western,Takoradi,2025-05-19,473
CUST_01216,35,Male,Bono,Berekum,2026-05-28,99
CUST_01217,42,Male,Greater Accra,Tema,2026-08-01,34
CUST_01218,41,Male,Eastern,Akosombo,2025-06-05,456
CUST_01219,19,Male,Volta,Kpando,2025-07-06,425
CUST_01220,53,Male,Ashanti,Bekwai,2026-04-30,127
CUST_01221,27,Male,Ashanti,Bekwai,2023-05-18,1205
CUST_01222,31,Female,Western,Takoradi,2026-07-01,65
CUST_01223,24,Male,Western North,Sefwi Wiawso,2026-01-21,226
CUST_01224,60,Male,Upper East,Bolgatanga,2023-07-12,1150
CUST_01225,36,Female,Central,Swedru,2026-01-30,217
CUST_01226,25,Male,,,2025-07-24,407
CUST_01227,42,Female,Ashanti,Mampong,2026-02-14,202
CUST_01228,41,Female,Western,Takoradi,2026-04-29,128
CUST_01229,32,Male,,,2023-01-03,1340
CUST_01230,42,Female,Greater Accra,Tema,2026-02-06,210
CUST_01231,25,Male,Volta,Ho,2024-03-20,898
CUST_01232,29,Male,Central,Kasoa,2026-05-23,104
CUST_01233,18,Female,Ashanti,Kumasi,2026-06-01,95
CUST_01234,20,Female,Ahafo,Goaso,2026-08-23,12
CUST_01235,52,Female,Greater Accra,Accra,2025-07-10,421
CUST_01236,50,Female,Ashanti,Obuasi,2026-03-05,183
CUST_01237,34,Male,Greater Accra,Madina,2024-06-27,799
CUST_01238,50,Female,Northern,Savelugu,2025-12-22,256
CUST_01239,32,Female,Volta,Keta,2023-01-03,1340
CUST_01240,31,Other,Ashanti,Kumasi,2026-06-14,82
CUST_01241,34,Female,Volta,Aflao,2024-06-15,811
CUST_01242,32,Female,Ashanti,Bekwai,2025-01-13,599
CUST_01243,31,Male,Northern,Tamale,2025-01-23,589
CUST_01244,45,Female,Eastern,Akim Oda,2024-08-20,745
CUST_01245,35,Male,Eastern,Koforidua,2025-02-09,572
CUST_01246,41,Male,Upper West,Wa,2025-08-07,393
CUST_01247,44,Female,Ashanti,Ejisu,2026-07-10,56
CUST_01248,37,Male,Greater Accra,Teshie,2026-08-22,13
CUST_01249,24,Other,Central,Cape Coast,2023-11-25,1014
CUST_01250,20,Male,Oti,Jasikan,2025-08-17,383
CUST_01251,35,Female,Ashanti,Mampong,2024-12-07,636
CUST_01252,32,Male,Greater Accra,Teshie,2025-12-16,262
CUST_01253,34,Male,Ashanti,Kumasi,2026-07-17,49
CUST_01254,33,Male,Eastern,Suhum,2026-07-13,53
CUST_01255,59,Female,Greater Accra,Accra,2025-05-30,462
CUST_01256,20,Male,Western,Sekondi,2026-01-22,225
CUST_01257,18,Female,North East,Nalerigu,2026-06-07,89
CUST_01258,37,Male,Eastern,Koforidua,2025-12-08,270
CUST_01259,30,Male,Ashanti,Konongo,2026-08-09,26
CUST_01260,37,Male,Ashanti,Kumasi,2025-09-21,348
CUST_01261,39,Male,Greater Accra,Accra,2026-05-02,125
CUST_01262,46,Female,Bono East,Techiman,2024-12-05,638
CUST_01263,18,Female,Eastern,Nkawkaw,2026-04-09,148
CUST_01264,28,Male,Ashanti,Kumasi,2026-01-05,242
CUST_01265,38,Female,Western,Axim,2026-08-31,4
CUST_01266,41,Female,,,2026-08-05,30
CUST_01267,55,Male,Western,Takoradi,2026-02-17,199
CUST_01268,43,Male,Greater Accra,Accra,2025-12-17,261
CUST_01269,33,Female,Upper East,Bawku,2025-09-03,366
CUST_01270,25,Male,Upper West,Wa,2026-04-20,137
CUST_01271,28,Male,,,2025-05-18,474
CUST_01272,28,Male,Oti,Jasikan,2024-07-10,786
CUST_01273,40,Female,Greater Accra,Madina,2025-01-07,605
CUST_01274,36,Male,Eastern,Koforidua,2026-08-19,16
CUST_01275,20,Male,Western,Sekondi,2025-12-17,261
CUST_01276,29,Male,Central,Swedru,2026-07-22,44
CUST_01277,42,Male,Ashanti,Kumasi,2026-05-17,110
CUST_01278,37,Male,Ashanti,Kumasi,2023-01-03,1340
CUST_01279,39,Female,Greater Accra,Ashaiman,2026-07-05,61
CUST_01280,37,Male,Ashanti,Ejisu,2025-12-02,276
CUST_01281,50,Female,Greater Accra,Tema,2025-08-15,385
CUST_01282,36,Male,Northern,Tamale,2025-05-08,484
CUST_01283,30,Female,Greater Accra,Accra,2025-10-11,328
CUST_01284,24,Female,Greater Accra,Madina,2026-09-01,3
CUST_01285,36,Male,Central,Cape Coast,2026-03-30,158
CUST_01286,18,Female,Western,Sekondi,2025-11-17,291
CUST_01287,32,Female,Bono East,Techiman,2026-07-30,36
CUST_01288,31,Female,Central,Cape Coast,2026-03-16,172
CUST_01289,20,Male,Ashanti,Bekwai,2026-08-22,13
CUST_01290,24,Other,Upper East,Navrongo,2026-08-03,32
CUST_01291,42,Female,Central,Elmina,2026-02-14,202
CUST_01292,36,Other,Greater Accra,Accra,2026-07-10,56
CUST_01293,35,Female,Central,Cape Coast,2025-10-04,335
CUST_01294,37,Male,Western North,Bibiani,2025-05-25,467
CUST_01295,34,Female,Ashanti,Kumasi,2024-11-29,644
CUST_01296,46,Female,Ashanti,Bekwai,2026-06-07,89
CUST_01297,35,Other,Greater Accra,Accra,2026-06-23,73
CUST_01298,19,Male,Greater Accra,Tema,2026-07-22,44
CUST_01299,50,Female,Eastern,Akim Oda,2025-07-27,404
CUST_01300,37,Male,Western,Tarkwa,2025-05-02,490
CUST_01301,28,Female,Greater Accra,Accra,2026-08-23,12
CUST_01302,21,Male,Upper West,Wa,2023-08-31,1100
CUST_01303,37,Male,Northern,Tamale,2026-08-14,21
CUST_01304,32,Female,Central,Swedru,2025-10-28,311
CUST_01305,49,Male,Bono,Sunyani,2025-04-29,493
CUST_01306,30,Female,Greater Accra,Teshie,2024-06-07,819
CUST_01307,25,Female,Eastern,Akosombo,2025-04-22,500
CUST_01308,42,Male,Western,Takoradi,2024-11-26,647
CUST_01309,43,Male,Bono,Berekum,2026-03-23,165
CUST_01310,35,Female,Upper East,Bolgatanga,2024-10-30,674
CUST_01311,40,Male,Ashanti,Bekwai,2026-08-02,33
CUST_01312,33,Female,Upper West,Wa,2024-03-18,900
CUST_01313,36,Other,Greater Accra,Accra,2025-10-22,317
CUST_01314,45,Male,Bono East,Techiman,2024-10-25,679
CUST_01315,40,Male,Savannah,Damongo,2026-01-07,240
CUST_01316,32,Male,Greater Accra,Dansoman,2025-07-19,412
CUST_01317,47,Female,Northern,Tamale,2025-11-10,298
CUST_01318,18,Male,Greater Accra,Madina,2025-03-27,526
CUST_01319,54,Male,Ashanti,Kumasi,2026-08-01,34
CUST_01320,18,Female,Central,Swedru,2026-08-11,24
CUST_01321,27,Female,Central,Cape Coast,2026-05-14,113
CUST_01322,33,Male,Upper West,Wa,2026-06-27,69
CUST_01323,32,Male,Volta,Hohoe,2024-06-05,821
CUST_01324,44,Other,Eastern,Akosombo,2026-05-29,98
CUST_01325,23,Female,Upper East,Bolgatanga,2023-01-03,1340
CUST_01326,36,Female,Oti,Dambai,2026-03-24,164
CUST_01327,28,Female,Greater Accra,Accra,2026-06-16,80
CUST_01328,36,Other,Savannah,Bole,2024-12-20,623
CUST_01329,33,Female,Greater Accra,Accra,2025-07-01,430
CUST_01330,34,Female,Upper East,Bawku,2025-12-03,275
CUST_01331,28,Female,Ashanti,Kumasi,2025-10-15,324
CUST_01332,28,Female,Greater Accra,Teshie,2025-04-14,508
CUST_01333,36,Male,Eastern,Suhum,2026-05-24,103
CUST_01334,43,Male,Western,Sekondi,2023-01-03,1340
CUST_01335,28,Female,Ashanti,Kumasi,2023-01-03,1340
CUST_01336,25,Male,Greater Accra,Accra,2025-07-11,420
CUST_01337,40,Female,Western,Takoradi,2026-06-07,89
CUST_01338,33,Male,Western North,Sefwi Wiawso,2025-06-05,456
CUST_01339,42,Female,Ashanti,Ejisu,2026-08-06,29
CUST_01340,24,Male,Ashanti,Obuasi,2026-08-23,12
CUST_01341,18,Female,Eastern,Suhum,2026-05-08,119
CUST_01342,28,Female,Greater Accra,Accra,2025-12-30,248
CUST_01343,26,Male,Bono,Berekum,2024-06-16,810
CUST_01344,33,Female,Bono,Sunyani,2025-04-03,519
CUST_01345,27,Male,Central,Kasoa,2025-03-10,543
CUST_01346,41,Male,Ashanti,Kumasi,2026-01-26,221
CUST_01347,31,Male,Upper East,Bawku,2026-03-19,169
CUST_01348,35,Male,Central,Kasoa,2026-03-03,185
CUST_01349,35,Other,Bono,Berekum,2023-01-03,1340
CUST_01350,35,Male,Western,Axim,2026-08-19,16
CUST_01351,33,Female,Upper East,Bolgatanga,2024-06-19,807
CUST_01352,39,Male,Western,Takoradi,2025-09-24,345
CUST_01353,26,Female,,,2026-01-17,230
CUST_01354,47,Male,Oti,Nkwanta,2025-04-06,516
CUST_01355,31,Female,Central,Cape Coast,2025-12-12,266
CUST_01356,20,Female,Western,Tarkwa,2024-05-31,826
CUST_01357,35,Female,Ashanti,Bekwai,2024-02-24,923
CUST_01358,25,Male,Western,Axim,2026-01-28,219
CUST_01359,40,Female,Central,Cape Coast,2026-04-28,129
CUST_01360,56,Male,Greater Accra,Teshie,2025-09-11,358
CUST_01361,26,Male,Greater Accra,Madina,2024-01-05,973
CUST_01362,37,Male,Western,Sekondi,2026-06-02,94
CUST_01363,18,Male,Northern,Yendi,2025-08-10,390
CUST_01364,38,Male,Central,Elmina,2025-08-01,399
CUST_01365,25,Female,Ashanti,Obuasi,2025-03-25,528
CUST_01366,27,Male,Volta,Hohoe,2026-07-10,56
CUST_01367,22,Male,Greater Accra,Tema,2025-04-19,503
CUST_01368,41,Male,Eastern,Nkawkaw,2024-01-20,958
CUST_01369,44,Female,Greater Accra,Accra,2026-06-17,79
CUST_01370,34,Female,Greater Accra,Teshie,2026-05-19,108
CUST_01371,25,Male,Greater Accra,Madina,2023-01-03,1340
CUST_01372,49,Female,Ashanti,Ejisu,2026-06-17,79
CUST_01373,26,Female,Greater Accra,Accra,2024-07-26,770
CUST_01374,18,Male,Ashanti,Ejisu,2025-12-07,271
CUST_01375,38,Female,Central,Cape Coast,2026-05-14,113
CUST_01376,22,Female,Eastern,Koforidua,2024-06-08,818
CUST_01377,43,Female,Ashanti,Obuasi,2026-01-12,235
CUST_01378,30,Male,Bono,Sunyani,2025-11-19,289
CUST_01379,40,Male,Greater Accra,Tema,2026-03-10,178
CUST_01380,48,Male,Eastern,Koforidua,2025-09-10,359
CUST_01381,21,Female,Greater Accra,Tema,2026-06-25,71
CUST_01382,28,Female,Greater Accra,Accra,2026-02-18,198
CUST_01383,33,Male,Central,Swedru,2023-01-03,1340
CUST_01384,49,Male,Central,Winneba,2026-05-08,119
CUST_01385,27,Female,Bono East,Kintampo,2025-07-04,427
CUST_01386,28,Female,Central,Kasoa,2026-03-31,157
CUST_01387,38,Female,Oti,Dambai,2025-01-19,593
CUST_01388,28,Female,Greater Accra,Dansoman,2026-07-10,56
CUST_01389,35,Female,Greater Accra,Accra,2023-01-03,1340
CUST_01390,18,Male,Greater Accra,Tema,2026-01-06,241
CUST_01391,56,Male,Greater Accra,Madina,2026-05-20,107
CUST_01392,20,Male,Central,Cape Coast,2026-08-05,30
CUST_01393,30,Female,Western,Axim,2026-06-22,74
CUST_01394,33,Male,Greater Accra,Tema,2025-11-15,293
CUST_01395,53,Female,,,2026-03-24,164
CUST_01396,20,Male,Bono,Sunyani,2024-09-28,706
CUST_01397,53,Male,Ashanti,Kumasi,2026-01-22,225
CUST_01398,41,Female,Greater Accra,Teshie,2026-05-13,114
CUST_01399,38,Male,Greater Accra,Madina,2025-08-16,384
CUST_01400,24,Male,Greater Accra,Accra,2025-05-02,490
CUST_01401,39,Female,Greater Accra,Accra,2026-06-23,73
CUST_01402,26,Male,Central,Winneba,2026-06-23,73
CUST_01403,46,Female,Ashanti,Obuasi,2026-08-21,14
CUST_01404,24,Female,Ashanti,Kumasi,2025-03-20,533
CUST_01405,32,Female,North East,Nalerigu,2025-06-25,436
CUST_01406,28,Female,Volta,Ho,2025-12-21,257
CUST_01407,24,Male,Upper West,Lawra,2024-08-22,743
CUST_01408,41,Female,Greater Accra,Dansoman,2024-11-18,655
CUST_01409,39,Male,Ashanti,Kumasi,2025-09-17,352
CUST_01410,46,Male,Central,Winneba,2024-06-16,810
CUST_01411,18,Male,Greater Accra,Tema,2026-06-04,92
CUST_01412,44,Male,Greater Accra,Tema,2026-07-19,47
CUST_01413,59,Female,Volta,Ho,2026-05-02,125
CUST_01414,29,Male,Western,Axim,2026-08-12,23
CUST_01415,52,Female,Eastern,Akim Oda,2025-11-05,303
CUST_01416,31,Male,Eastern,Akim Oda,2023-08-28,1103
CUST_01417,20,Male,Eastern,Koforidua,2026-08-19,16
CUST_01418,30,Other,Greater Accra,Accra,2026-07-14,52
CUST_01419,44,Male,Ashanti,Kumasi,2026-01-07,240
CUST_01420,25,Female,Greater Accra,Madina,2023-09-14,1086
CUST_01421,27,Male,Greater Accra,Accra,2026-04-05,152
CUST_01422,39,Male,Oti,Nkwanta,2025-11-25,283
CUST_01423,34,Female,Western,Sekondi,2026-08-19,16
CUST_01424,39,Female,Northern,Tamale,2026-07-02,64
CUST_01425,36,Male,Ashanti,Obuasi,2023-01-03,1340
CUST_01426,38,Male,Ashanti,Kumasi,2023-01-03,1340
CUST_01427,29,Male,Ashanti,Kumasi,2026-09-03,1
CUST_01428,36,Female,Greater Accra,Accra,2023-05-10,1213
CUST_01429,24,Female,Greater Accra,Madina,2025-07-24,407
CUST_01430,46,Female,Upper East,Bawku,2024-06-17,809
CUST_01431,27,Male,Volta,Ho,2026-01-05,242
CUST_01432,45,Female,Central,Kasoa,2025-11-19,289
CUST_01433,31,Female,Eastern,Koforidua,2025-12-10,268
CUST_01434,36,Female,Ahafo,Goaso,2025-06-22,439
CUST_01435,29,Female,Greater Accra,Accra,2026-07-06,60
CUST_01436,23,Female,Ashanti,Mampong,2026-08-23,12
CUST_01437,18,Male,,,2026-04-10,147
CUST_01438,23,Female,Upper East,Bolgatanga,2025-05-05,487
CUST_01439,30,Female,North East,Nalerigu,2026-06-06,90
CUST_01440,36,Male,Ashanti,Kumasi,2025-06-14,447
CUST_01441,44,Male,Bono East,Kintampo,2023-01-03,1340
CUST_01442,29,Female,Bono,Sunyani,2026-07-27,39
CUST_01443,25,Male,Ashanti,Kumasi,2025-06-15,446
CUST_01444,19,Female,Ashanti,Ejisu,2026-01-13,234
CUST_01445,38,Male,Ashanti,Kumasi,2024-06-16,810
CUST_01446,47,Male,Savannah,Bole,2026-06-19,77
CUST_01447,46,Male,Greater Accra,Tema,2025-05-21,471
CUST_01448,41,Male,Upper East,Bolgatanga,2024-09-06,728
CUST_01449,40,Male,Ashanti,Ejisu,2023-07-05,1157
CUST_01450,50,Female,Northern,Tamale,2025-06-02,459
CUST_01451,37,Female,Eastern,Akim Oda,2025-12-03,275
CUST_01452,40,Other,Central,Kasoa,2025-08-16,384
CUST_01453,30,Male,Bono,Sunyani,2024-06-14,812
CUST_01454,20,Female,Upper East,Bawku,2025-10-01,338
CUST_01455,27,Female,Bono East,Atebubu,2026-08-23,12
CUST_01456,33,Female,Greater Accra,Dansoman,2023-10-01,1069
CUST_01457,34,Female,Volta,Keta,2025-05-25,467
CUST_01458,53,Male,Greater Accra,Tema,2025-06-10,451
CUST_01459,34,Male,Eastern,Koforidua,2026-05-30,97
CUST_01460,45,Male,Central,Cape Coast,2025-07-01,430
CUST_01461,29,Male,Ashanti,Obuasi,2026-02-16,200
CUST_01462,30,Female,Central,Kasoa,2025-07-10,421
CUST_01463,20,Male,North East,Walewale,2026-07-21,45
CUST_01464,26,Female,Greater Accra,Accra,2025-07-03,428
CUST_01465,39,Female,Volta,Hohoe,2023-01-03,1340
CUST_01466,34,Other,Ashanti,Kumasi,2026-08-16,19
CUST_01467,43,Female,Greater Accra,Ashaiman,2023-01-03,1340
CUST_01468,35,Male,Greater Accra,Madina,2026-02-08,208
CUST_01469,30,Female,Upper West,Lawra,2024-06-08,818
CUST_01470,55,Male,Bono East,Techiman,2025-01-02,610
CUST_01471,33,Female,Western North,Enchi,2025-10-05,334
CUST_01472,45,Female,North East,Nalerigu,2025-03-17,536
CUST_01473,29,Female,Greater Accra,Teshie,2024-05-14,843
CUST_01474,41,Male,Ashanti,Obuasi,2026-02-09,207
CUST_01475,43,Female,Volta,Hohoe,2026-03-30,158
CUST_01476,36,Male,Eastern,Akim Oda,2025-06-21,440
CUST_01477,18,Male,Eastern,Nkawkaw,2024-11-14,659
CUST_01478,34,Female,Ashanti,Kumasi,2025-02-07,574
CUST_01479,46,Male,Western,Axim,2024-12-04,639
CUST_01480,39,Other,Central,Kasoa,2026-01-19,228
CUST_01481,38,Male,Greater Accra,Accra,2024-10-23,681
CUST_01482,18,Female,Eastern,Koforidua,2026-07-15,51
CUST_01483,26,Male,Central,Kasoa,2025-10-25,314
CUST_01484,38,Female,Central,Kasoa,2026-09-02,2
CUST_01485,38,Female,Ashanti,Kumasi,2026-04-01,156
CUST_01486,46,Female,Northern,Yendi,2026-03-06,182
CUST_01487,32,Male,Greater Accra,Tema,2026-02-15,201
CUST_01488,38,Female,Ashanti,Bekwai,2025-05-17,475
CUST_01489,34,Male,Upper East,Bawku,2026-02-20,196
CUST_01490,24,Male,Central,Elmina,2026-01-09,238
CUST_01491,18,Male,,,2026-05-19,108
CUST_01492,38,Female,Volta,Hohoe,2026-03-02,186
CUST_01493,35,Male,Central,Kasoa,2026-05-24,103
CUST_01494,27,Female,Upper East,Bawku,2026-08-05,30
CUST_01495,18,Female,Northern,Savelugu,2025-08-31,369
CUST_01496,40,Male,Western,Takoradi,2025-06-20,441
CUST_01497,31,Female,Eastern,Koforidua,2025-08-14,386
CUST_01498,39,Male,Greater Accra,Teshie,2025-12-29,249
CUST_01499,52,Female,Ashanti,Kumasi,2026-02-25,191
CUST_01500,18,Male,Eastern,Nkawkaw,2024-06-30,796
CUST_01501,27,Female,Western,Sekondi,2025-11-16,292
CUST_01502,31,Male,Central,Elmina,2025-12-18,260
CUST_01503,48,Male,Ashanti,Kumasi,2026-08-25,10
CUST_01504,18,Male,Greater Accra,Accra,2026-03-22,166
CUST_01505,53,Male,Eastern,Nkawkaw,2026-02-25,191
CUST_01506,35,Male,Ashanti,Bekwai,2026-02-13,203
CUST_01507,33,Male,Northern,Tamale,2025-09-22,347
CUST_01508,32,Female,Greater Accra,Accra,2025-11-03,305
CUST_01509,29,Female,,,2025-08-26,374
CUST_01510,44,Female,Upper West,Jirapa,2025-02-02,579
CUST_01511,23,Female,Greater Accra,Ashaiman,2024-11-03,670
CUST_01512,37,Female,Eastern,Suhum,2025-04-16,506
CUST_01513,30,Female,Greater Accra,Accra,2023-04-08,1245
CUST_01514,26,Female,Western,Takoradi,2026-08-28,7
CUST_01515,59,Male,Central,Winneba,2026-06-09,87
CUST_01516,38,Female,Ashanti,Mampong,2026-09-01,3
CUST_01517,40,Male,Central,Cape Coast,2025-07-14,417
CUST_01518,45,Female,Western North,Sefwi Wiawso,2024-03-05,913
CUST_01519,19,Female,Greater Accra,Ashaiman,2026-05-16,111
CUST_01520,51,Male,Greater Accra,Accra,2023-10-23,1047
CUST_01521,18,Female,,,2026-08-11,24
CUST_01522,26,Male,Central,Kasoa,2023-09-11,1089
CUST_01523,29,Male,Western North,Bibiani,2026-03-15,173
CUST_01524,39,Male,Western,Tarkwa,2026-07-24,42
CUST_01525,36,Female,Upper East,Bolgatanga,2025-12-12,266
CUST_01526,32,Female,Eastern,Nkawkaw,2026-05-09,118
CUST_01527,33,Female,Northern,Yendi,2026-04-23,134
CUST_01528,24,Male,Ahafo,Goaso,2026-04-11,146
CUST_01529,19,Female,Central,Winneba,2024-11-24,649
CUST_01530,41,Female,Greater Accra,Accra,2025-10-30,309
CUST_01531,40,Male,Ashanti,Kumasi,2026-04-08,149
CUST_01532,49,Female,Greater Accra,Accra,2025-08-24,376
CUST_01533,26,Male,Ashanti,Kumasi,2025-04-19,503
CUST_01534,40,Male,Ashanti,Obuasi,2026-04-30,127
CUST_01535,31,Male,Central,Elmina,2026-02-03,213
CUST_01536,45,Female,Central,Elmina,2026-07-15,51
CUST_01537,44,Male,Eastern,Akosombo,2026-06-17,79
CUST_01538,36,Male,Western,Sekondi,2025-06-04,457
CUST_01539,30,Male,Greater Accra,Tema,2026-06-16,80
CUST_01540,43,Male,Greater Accra,Accra,2025-11-11,297
CUST_01541,40,Male,Greater Accra,Accra,2025-04-29,493
CUST_01542,27,Male,Central,Cape Coast,2026-07-21,45
CUST_01543,20,Female,Ashanti,Obuasi,2025-10-04,335
CUST_01544,31,Male,Ashanti,Bekwai,2026-05-09,118
CUST_01545,49,Female,Ashanti,Kumasi,2023-01-26,1317
CUST_01546,45,Female,Upper East,Bolgatanga,2025-12-14,264
CUST_01547,22,Male,Greater Accra,Ashaiman,2024-11-18,655
CUST_01548,22,Male,Western,Takoradi,2025-10-20,319
CUST_01549,46,Female,Volta,Aflao,2026-08-18,17
CUST_01550,22,Male,Upper East,Bawku,2025-07-30,401
CUST_01551,39,Male,Upper West,Jirapa,2023-05-14,1209
CUST_01552,27,Male,Greater Accra,Tema,2025-09-01,368
CUST_01553,50,Female,Greater Accra,Madina,2024-10-20,684
CUST_01554,26,Female,Western North,Bibiani,2024-04-25,862
CUST_01555,45,Other,Eastern,Nkawkaw,2026-05-24,103
CUST_01556,35,Female,Central,Kasoa,2026-06-01,95
CUST_01557,36,Male,Volta,Ho,2025-08-23,377
CUST_01558,18,Male,Volta,Hohoe,2026-02-05,211
CUST_01559,18,Male,Upper West,Wa,2024-09-02,732
CUST_01560,31,Male,,,2024-02-26,921
CUST_01561,36,Male,Northern,Yendi,2026-03-14,174
CUST_01562,22,Male,Ashanti,Ejisu,2026-05-19,108
CUST_01563,23,Male,Bono East,Techiman,2025-01-06,606
CUST_01564,39,Male,Greater Accra,Madina,2026-04-29,128
CUST_01565,39,Male,Ashanti,Obuasi,2024-10-13,691
CUST_01566,32,Other,Western North,Enchi,2026-01-27,220
CUST_01567,41,Female,Ashanti,Bekwai,2025-06-21,440
CUST_01568,22,Other,Ashanti,Kumasi,2026-07-26,40
CUST_01569,30,Male,Greater Accra,Ashaiman,2025-08-09,391
CUST_01570,50,Male,Bono East,Techiman,2026-01-07,240
CUST_01571,34,Male,Eastern,Akim Oda,2025-09-16,353
CUST_01572,35,Male,Volta,Hohoe,2026-06-23,73
CUST_01573,57,Male,Ashanti,Kumasi,2025-03-19,534
CUST_01574,20,Female,Northern,Yendi,2024-07-02,794
CUST_01575,41,Other,Northern,Tamale,2026-05-30,97
CUST_01576,50,Male,Ashanti,Kumasi,2026-07-26,40
CUST_01577,30,Male,Eastern,Nkawkaw,2026-08-26,9
CUST_01578,42,Male,Greater Accra,Madina,2025-07-21,410
CUST_01579,24,Male,Savannah,Bole,2025-08-27,373
CUST_01580,27,Male,Western,Tarkwa,2025-10-23,316
CUST_01581,37,Male,Upper West,Lawra,2026-05-22,105
CUST_01582,41,Male,Ashanti,Kumasi,2026-02-18,198
CUST_01583,45,Male,Upper East,Bolgatanga,2025-09-08,361
CUST_01584,49,Male,Northern,Tamale,2025-12-04,274
CUST_01585,33,Male,Volta,Hohoe,2023-01-03,1340
CUST_01586,45,Male,Oti,Nkwanta,2026-07-08,58
CUST_01587,30,Other,Ashanti,Kumasi,2025-05-17,475
CUST_01588,43,Male,Greater Accra,Madina,2026-02-09,207
CUST_01589,36,Female,Volta,Hohoe,2026-01-24,223
CUST_01590,38,Female,Northern,Tamale,2025-04-17,505
CUST_01591,38,Female,Central,Cape Coast,2025-05-21,471
CUST_01592,18,Female,Greater Accra,Ashaiman,2023-01-03,1340
CUST_01593,22,Female,Eastern,Akosombo,2026-07-12,54
CUST_01594,35,Female,Ashanti,Mampong,2026-07-23,43
CUST_01595,18,Male,Eastern,Koforidua,2025-04-07,515
CUST_01596,42,Male,Western,Axim,2025-09-24,345
CUST_01597,42,Other,,,2026-04-29,128
CUST_01598,37,Female,,,2026-08-02,33
CUST_01599,22,Other,Ashanti,Bekwai,2026-07-31,35
CUST_01600,47,Female,Ashanti,Kumasi,2024-03-20,898
CUST_01601,54,Female,Greater Accra,Madina,2026-06-11,85
CUST_01602,35,Female,Upper East,Bolgatanga,2026-04-01,156
CUST_01603,39,Female,Western North,Bibiani,2026-05-25,102
CUST_01604,36,Female,Ashanti,Bekwai,2026-03-13,175
CUST_01605,39,Female,Northern,Tamale,2026-08-07,28
CUST_01606,32,Female,Western North,Bibiani,2025-11-16,292
CUST_01607,33,Female,Bono,Sunyani,2026-08-07,28
CUST_01608,43,Female,,,2024-11-29,644
CUST_01609,57,Male,Oti,Dambai,2026-05-21,106
CUST_01610,19,Male,Ashanti,Kumasi,2025-10-29,310
CUST_01611,32,Female,Ashanti,Kumasi,2024-05-09,848
CUST_01612,22,Female,Greater Accra,Accra,2025-07-11,420
CUST_01613,49,Male,Eastern,Suhum,2025-11-04,304
CUST_01614,28,Male,Greater Accra,Accra,2026-04-01,156
CUST_01615,19,Female,Ashanti,Kumasi,2026-03-27,161
CUST_01616,40,Female,Ashanti,Kumasi,2025-06-19,442
CUST_01617,51,Female,Upper East,Bolgatanga,2023-01-03,1340
CUST_01618,40,Female,Bono East,Kintampo,2025-06-28,433
CUST_01619,36,Male,Ashanti,Bekwai,2025-10-13,326
CUST_01620,38,Male,Bono East,Techiman,2025-03-29,524
CUST_01621,48,Male,Bono East,Atebubu,2025-12-28,250
CUST_01622,25,Female,Northern,Yendi,2026-08-11,24
CUST_01623,32,Male,Greater Accra,Accra,2025-10-09,330
CUST_01624,29,Female,Volta,Keta,2023-03-20,1264
CUST_01625,22,Female,Upper West,Wa,2026-06-19,77
CUST_01626,30,Female,Volta,Keta,2025-05-24,468
CUST_01627,45,Female,Ashanti,Mampong,2026-06-07,89
CUST_01628,39,Male,Eastern,Akim Oda,2025-11-02,306
CUST_01629,40,Female,Western,Axim,2026-07-26,40
CUST_01630,35,Male,Central,Elmina,2026-01-08,239
CUST_01631,39,Male,Greater Accra,Tema,2025-02-17,564
CUST_01632,25,Male,Ashanti,Ejisu,2026-03-18,170
CUST_01633,30,Male,Upper East,Bolgatanga,2025-06-24,437
CUST_01634,35,Female,Bono East,Atebubu,2024-12-09,634
CUST_01635,36,Female,Greater Accra,Madina,2023-10-23,1047
CUST_01636,37,Male,Oti,Dambai,2026-05-21,106
CUST_01637,32,Male,Ashanti,Kumasi,2026-02-13,203
CUST_01638,30,Female,Volta,Keta,2026-06-30,66
CUST_01639,65,Female,Northern,Tamale,2023-01-03,1340
CUST_01640,43,Male,Upper East,Bolgatanga,2023-10-24,1046
CUST_01641,38,Female,Upper West,Wa,2025-10-29,310
CUST_01642,31,Female,Ashanti,Kumasi,2024-08-27,738
CUST_01643,29,Female,Bono East,Techiman,2025-11-14,294
CUST_01644,32,Male,Greater Accra,Accra,2025-08-10,390
CUST_01645,36,Female,Volta,Ho,2026-07-29,37
CUST_01646,18,Female,Northern,Yendi,2025-02-18,563
CUST_01647,18,Female,Volta,Hohoe,2026-07-12,54
CUST_01648,27,Female,Ashanti,Kumasi,2024-10-05,699
CUST_01649,36,Other,Bono East,Techiman,2025-01-03,609
CUST_01650,31,Male,Greater Accra,Tema,2025-04-29,493
CUST_01651,48,Female,Greater Accra,Accra,2026-08-21,14
CUST_01652,19,Female,Volta,Ho,2026-04-13,144
CUST_01653,26,Female,Eastern,Koforidua,2026-05-05,122
CUST_01654,49,Male,Bono,Dormaa Ahenkro,2026-03-10,178
CUST_01655,35,Male,Ashanti,Konongo,2026-07-30,36
CUST_01656,42,Female,Greater Accra,Ashaiman,2023-08-26,1105
CUST_01657,54,Female,Bono,Berekum,2025-10-17,322
CUST_01658,27,Male,Central,Winneba,2026-04-12,145
CUST_01659,33,Female,Greater Accra,Tema,2026-02-14,202
CUST_01660,31,Male,Northern,Yendi,2026-01-10,237
CUST_01661,18,Other,,,2025-09-02,367
CUST_01662,30,Female,Western,Tarkwa,2025-11-18,290
CUST_01663,42,Male,Eastern,Akosombo,2023-12-02,1007
CUST_01664,39,Female,Bono,Berekum,2025-12-04,274
CUST_01665,40,Female,Bono,Sunyani,2023-01-03,1340
CUST_01666,30,Male,Volta,Ho,2024-08-03,762
CUST_01667,27,Female,Greater Accra,Madina,2026-06-03,93
CUST_01668,46,Male,Bono,Berekum,2023-10-03,1067
CUST_01669,29,Female,Volta,Kpando,2026-07-17,49
CUST_01670,36,Male,Volta,Ho,2024-10-24,680
CUST_01671,35,Male,Ashanti,Konongo,2026-02-25,191
CUST_01672,48,Male,Bono East,Kintampo,2024-05-16,841
CUST_01673,43,Male,Northern,Savelugu,2024-06-16,810
CUST_01674,21,Female,Greater Accra,Tema,2024-11-18,655
CUST_01675,22,Male,Ashanti,Obuasi,2024-12-19,624
CUST_01676,39,Male,Western North,Bibiani,2026-04-12,145
CUST_01677,33,Female,Greater Accra,Madina,2026-08-02,33
CUST_01678,29,Female,Oti,Jasikan,2026-02-10,206
CUST_01679,44,Female,Volta,Ho,2026-06-20,76
CUST_01680,35,Female,Western,Takoradi,2025-05-18,474
CUST_01681,34,Female,Ashanti,Bekwai,2026-03-19,169
CUST_01682,41,Male,Ashanti,Obuasi,2023-01-03,1340
CUST_01683,30,Male,Upper West,Lawra,2025-07-22,409
CUST_01684,49,Other,Ashanti,Obuasi,2024-10-13,691
CUST_01685,26,Male,Northern,Tamale,2026-07-10,56
CUST_01686,40,Male,Ashanti,Konongo,2024-07-04,792
CUST_01687,48,Male,Greater Accra,Madina,2023-11-15,1024
CUST_01688,20,Male,Greater Accra,Accra,2025-12-11,267
CUST_01689,30,Female,Central,Kasoa,2025-08-28,372
CUST_01690,45,Female,Savannah,Bole,2025-02-03,578
CUST_01691,45,Other,Ashanti,Kumasi,2026-06-20,76
CUST_01692,32,Female,Ashanti,Mampong,2025-11-29,279
CUST_01693,26,Male,Ashanti,Kumasi,2026-02-13,203
CUST_01694,43,Male,Central,Winneba,2026-07-03,63
CUST_01695,45,Other,Eastern,Suhum,2026-03-05,183
CUST_01696,22,Male,Bono East,Kintampo,2026-08-07,28
CUST_01697,21,Male,Eastern,Akim Oda,2026-08-25,10
CUST_01698,36,Female,Eastern,Nkawkaw,2026-07-08,58
CUST_01699,40,Female,Greater Accra,Accra,2023-01-24,1319
CUST_01700,31,Male,Savannah,Damongo,2025-10-21,318
CUST_01701,40,Female,Ashanti,Bekwai,2023-01-03,1340
CUST_01702,26,Other,Greater Accra,Ashaiman,2026-01-21,226
CUST_01703,18,Male,Volta,Keta,2026-04-08,149
CUST_01704,29,Female,Western,Sekondi,2025-11-26,282
CUST_01705,34,Male,Eastern,Koforidua,2026-01-16,231
CUST_01706,31,Female,Eastern,Koforidua,2026-07-22,44
CUST_01707,22,Female,Upper East,Bawku,2025-07-22,409
CUST_01708,18,Other,Greater Accra,Ashaiman,2026-05-30,97
CUST_01709,28,Male,Bono,Berekum,2025-08-14,386
CUST_01710,42,Male,Western,Axim,2025-07-11,420
CUST_01711,46,Male,Eastern,Koforidua,2026-07-01,65
CUST_01712,45,Female,Eastern,Akim Oda,2026-08-10,25
CUST_01713,25,Male,Ashanti,Kumasi,2025-01-05,607
CUST_01714,22,Male,Northern,Tamale,2026-01-01,246
CUST_01715,38,Male,Central,Cape Coast,2026-08-12,23
CUST_01716,40,Male,Ashanti,Bekwai,2023-01-03,1340
CUST_01717,38,Male,Western,Takoradi,2026-08-12,23
CUST_01718,18,Female,North East,Walewale,2025-05-17,475
CUST_01719,25,Male,Eastern,Akim Oda,2023-01-03,1340
CUST_01720,33,Male,Ahafo,Hwidiem,2026-05-18,109
CUST_01721,38,Female,Ashanti,Obuasi,2026-07-05,61
CUST_01722,41,Female,Greater Accra,Dansoman,2026-07-15,51
CUST_01723,35,Male,Greater Accra,Accra,2026-04-13,144
CUST_01724,37,Male,Eastern,Akosombo,2026-07-24,42
CUST_01725,34,Female,Ashanti,Bekwai,2025-05-21,471
CUST_01726,40,Male,Greater Accra,Accra,2026-08-10,25
CUST_01727,37,Female,Ahafo,Goaso,2025-11-24,284
CUST_01728,34,Male,Bono,Sunyani,2023-01-03,1340
CUST_01729,31,Male,Northern,Savelugu,2024-11-01,672
CUST_01730,34,Male,Greater Accra,Tema,2025-08-18,382
CUST_01731,38,Female,Greater Accra,Tema,2026-04-11,146
CUST_01732,36,Female,Greater Accra,Accra,2025-08-09,391
CUST_01733,37,Male,Northern,Tamale,2025-11-09,299
CUST_01734,47,Female,Ahafo,Hwidiem,2026-01-25,222
CUST_01735,36,Male,Eastern,Koforidua,2026-07-10,56
CUST_01736,27,Male,Greater Accra,Madina,2024-04-17,870
CUST_01737,42,Female,Central,Swedru,2026-01-09,238
CUST_01738,20,Male,Ashanti,Kumasi,2026-06-10,86
CUST_01739,23,Female,Ashanti,Ejisu,2026-03-05,183
CUST_01740,37,Female,Western,Takoradi,2026-02-03,213
CUST_01741,39,Female,Volta,Keta,2024-10-01,703
CUST_01742,21,Female,Greater Accra,Accra,2025-03-24,529
CUST_01743,30,Male,Greater Accra,Madina,2025-01-26,586
CUST_01744,27,Male,North East,Nalerigu,2026-08-31,4
CUST_01745,29,Male,Ashanti,Obuasi,2026-02-01,215
CUST_01746,43,Male,Greater Accra,Tema,2025-12-16,262
CUST_01747,41,Female,Greater Accra,Accra,2026-08-28,7
CUST_01748,33,Male,Greater Accra,Madina,2026-05-07,120
CUST_01749,28,Female,Ashanti,Kumasi,2025-02-10,571
CUST_01750,20,Male,Upper East,Bawku,2026-07-08,58
CUST_01751,48,Female,Ashanti,Kumasi,2025-11-02,306
CUST_01752,39,Female,Eastern,Nkawkaw,2026-05-31,96
CUST_01753,26,Female,Volta,Ho,2026-08-31,4
CUST_01754,41,Male,Eastern,Akim Oda,2026-05-17,110
CUST_01755,33,Female,Bono East,Techiman,2023-01-03,1340
CUST_01756,31,Male,Bono East,Kintampo,2024-11-27,646
CUST_01757,38,Male,Greater Accra,Accra,2023-03-01,1283
CUST_01758,26,Male,Northern,Savelugu,2025-12-11,267
CUST_01759,30,Female,Eastern,Suhum,2026-07-20,46
CUST_01760,35,Male,North East,Nalerigu,2025-10-22,317
CUST_01761,29,Female,Eastern,Nkawkaw,2026-01-05,242
CUST_01762,40,Other,North East,Nalerigu,2024-08-21,744
CUST_01763,52,Male,Northern,Tamale,2026-07-25,41
CUST_01764,26,Female,Ashanti,Konongo,2025-12-11,267
CUST_01765,18,Female,Central,Winneba,2026-07-01,65
CUST_01766,18,Male,North East,Walewale,2026-03-31,157
CUST_01767,32,Female,Bono East,Techiman,2025-03-19,534
CUST_01768,27,Male,Greater Accra,Accra,2025-12-20,258
CUST_01769,36,Female,Volta,Ho,2026-02-28,188
CUST_01770,35,Male,Ashanti,Konongo,2026-02-16,200
CUST_01771,18,Male,Greater Accra,Tema,2026-01-01,246
CUST_01772,18,Female,Ashanti,Konongo,2024-12-29,614
CUST_01773,36,Male,Ashanti,Kumasi,2024-03-28,890
CUST_01774,35,Male,Bono,Sunyani,2023-04-10,1243
CUST_01775,29,Male,Ashanti,Kumasi,2024-12-25,618
CUST_01776,18,Male,Bono,Sunyani,2026-04-06,151
CUST_01777,38,Female,Greater Accra,Accra,2025-05-26,466
CUST_01778,46,Female,Ashanti,Mampong,2026-01-17,230
CUST_01779,36,Female,Ashanti,Mampong,2026-05-10,117
CUST_01780,25,Female,Ashanti,Obuasi,2024-08-30,735
CUST_01781,34,Male,Greater Accra,Tema,2026-08-20,15
CUST_01782,20,Male,Greater Accra,Accra,2024-02-19,928
CUST_01783,44,Female,Central,Swedru,2025-12-31,247
CUST_01784,34,Female,Ashanti,Kumasi,2025-07-26,405
CUST_01785,18,Male,Eastern,Suhum,2025-07-01,430
CUST_01786,30,Male,,,2024-03-17,901
CUST_01787,38,Female,Bono East,Techiman,2025-07-27,404
CUST_01788,30,Female,Western North,Enchi,2025-08-20,380
CUST_01789,31,Female,Eastern,Koforidua,2026-08-08,27
CUST_01790,21,Male,Ashanti,Obuasi,2025-11-16,292
CUST_01791,39,Female,Greater Accra,Tema,2026-07-01,65
CUST_01792,27,Male,Oti,Dambai,2025-03-19,534
CUST_01793,18,Male,Greater Accra,Tema,2025-11-21,287
CUST_01794,30,Female,Ashanti,Ejisu,2025-06-05,456
CUST_01795,43,Male,Ashanti,Konongo,2026-08-18,17
CUST_01796,30,Male,Ashanti,Kumasi,2026-07-31,35
CUST_01797,51,Other,Greater Accra,Dansoman,2025-04-19,503
CUST_01798,38,Female,Upper East,Bolgatanga,2026-08-06,29
CUST_01799,37,Female,Greater Accra,Accra,2026-08-06,29
CUST_01800,32,Male,Western,Takoradi,2026-08-31,4
CUST_01801,33,Male,Greater Accra,Accra,2023-03-30,1254
CUST_01802,31,Female,Greater Accra,Accra,2025-03-18,535
CUST_01803,30,Female,Western North,Enchi,2026-03-14,174
CUST_01804,39,Female,Greater Accra,Accra,2026-04-17,140
CUST_01805,24,Male,Bono,Sunyani,2026-03-16,172
CUST_01806,23,Male,Central,Cape Coast,2025-01-16,596
CUST_01807,22,Other,Greater Accra,Madina,2025-06-28,433
CUST_01808,54,Female,Oti,Jasikan,2026-06-15,81
CUST_01809,39,Male,Ashanti,Kumasi,2026-06-20,76
CUST_01810,37,Male,Bono East,Techiman,2026-07-25,41
CUST_01811,23,Female,Greater Accra,Accra,2025-06-30,431
CUST_01812,40,Male,Bono,Sunyani,2025-02-03,578
CUST_01813,32,Male,Greater Accra,Accra,2026-05-04,123
CUST_01814,36,Male,Central,Kasoa,2026-08-27,8
CUST_01815,24,Female,Northern,Tamale,2026-08-01,34
CUST_01816,35,Male,Upper West,Wa,2023-01-03,1340
CUST_01817,29,Other,Western North,Sefwi Wiawso,2026-04-17,140
CUST_01818,26,Male,Bono,Dormaa Ahenkro,2025-01-26,586
CUST_01819,41,Female,Western North,Enchi,2025-08-09,391
CUST_01820,18,Male,,,2026-02-24,192
CUST_01821,39,Female,Ashanti,Kumasi,2026-06-04,92
CUST_01822,40,Other,Ashanti,Kumasi,2026-07-15,51
CUST_01823,25,Female,Ashanti,Kumasi,2025-08-19,381
CUST_01824,25,Female,Ashanti,Konongo,2025-01-16,596
CUST_01825,31,Female,Central,Kasoa,2025-07-18,413
CUST_01826,36,Female,Greater Accra,Teshie,2025-11-06,302
CUST_01827,32,Female,Volta,Kpando,2026-08-18,17
CUST_01828,38,Other,Greater Accra,Accra,2023-01-03,1340
CUST_01829,51,Male,Ashanti,Obuasi,2024-12-02,641
CUST_01830,28,Other,Eastern,Koforidua,2026-04-19,138
CUST_01831,18,Male,Upper East,Bolgatanga,2023-01-03,1340
CUST_01832,42,Male,Northern,Tamale,2025-09-01,368
CUST_01833,50,Male,Western,Takoradi,2025-09-20,349
CUST_01834,37,Male,Greater Accra,Teshie,2025-03-02,551
CUST_01835,23,Female,Central,Cape Coast,2024-11-05,668
CUST_01836,32,Female,Greater Accra,Tema,2025-07-04,427
CUST_01837,22,Female,Ashanti,Ejisu,2026-07-12,54
CUST_01838,40,Female,Eastern,Nkawkaw,2026-03-23,165
CUST_01839,20,Female,Greater Accra,Accra,2023-10-18,1052
CUST_01840,30,Female,Ashanti,Mampong,2026-05-26,101
CUST_01841,23,Male,Oti,Nkwanta,2026-03-02,186
CUST_01842,35,Female,Oti,Nkwanta,2026-01-21,226
CUST_01843,30,Female,Ashanti,Kumasi,2026-01-16,231
CUST_01844,35,Female,Greater Accra,Tema,2025-08-21,379
CUST_01845,34,Female,Greater Accra,Ashaiman,2023-07-16,1146
CUST_01846,24,Female,Ashanti,Ejisu,2026-05-17,110
CUST_01847,40,Male,Upper West,Jirapa,2026-07-15,51
CUST_01848,33,Male,Greater Accra,Tema,2026-06-09,87
CUST_01849,24,Female,Northern,Tamale,2024-04-16,871
CUST_01850,56,Female,Greater Accra,Accra,2025-07-16,415
CUST_01851,38,Female,Savannah,Damongo,2026-04-23,134
CUST_01852,32,Male,Ashanti,Ejisu,2024-10-27,677
CUST_01853,48,Male,Northern,Savelugu,2024-07-06,790
CUST_01854,52,Female,Ashanti,Kumasi,2024-08-16,749
CUST_01855,32,Male,Western,Sekondi,2023-12-05,1004
CUST_01856,37,Female,Greater Accra,Tema,2026-05-11,116
CUST_01857,24,Male,Greater Accra,Tema,2025-02-19,562
CUST_01858,32,Male,Upper West,Wa,2026-01-01,246
CUST_01859,32,Female,Ahafo,Goaso,2024-08-27,738
CUST_01860,35,Male,Western North,Sefwi Wiawso,2025-04-01,521
CUST_01861,37,Female,Western,Takoradi,2025-01-13,599
CUST_01862,39,Female,Upper East,Bolgatanga,2025-07-04,427
CUST_01863,36,Male,Greater Accra,Accra,2026-06-18,78
CUST_01864,21,Female,Ashanti,Ejisu,2025-10-24,315
CUST_01865,24,Female,Ashanti,Kumasi,2023-01-03,1340
CUST_01866,28,Male,Western,Axim,2023-08-23,1108
CUST_01867,31,Male,Ashanti,Kumasi,2026-08-18,17
CUST_01868,44,Male,Greater Accra,Accra,2026-06-24,72
CUST_01869,22,Female,Western,Sekondi,2026-07-10,56
CUST_01870,30,Female,Upper East,Bolgatanga,2025-04-05,517
CUST_01871,43,Female,Ashanti,Mampong,2024-10-23,681
CUST_01872,31,Female,Greater Accra,Accra,2026-05-31,96
CUST_01873,38,Female,Greater Accra,Dansoman,2025-11-27,281
CUST_01874,32,Female,Ashanti,Mampong,2024-08-31,734
CUST_01875,36,Female,Ashanti,Obuasi,2025-03-26,527
CUST_01876,31,Male,Western,Sekondi,2025-10-27,312
CUST_01877,40,Female,Western,Tarkwa,2025-09-13,356
CUST_01878,18,Female,Volta,Hohoe,2025-11-24,284
CUST_01879,30,Female,Ashanti,Ejisu,2026-04-16,141
CUST_01880,36,Female,Bono,Sunyani,2025-10-07,332
CUST_01881,39,Male,Greater Accra,Accra,2025-05-25,467
CUST_01882,48,Female,Eastern,Akim Oda,2024-05-31,826
CUST_01883,30,Male,Upper East,Bawku,2025-07-27,404
CUST_01884,48,Female,Greater Accra,Teshie,2025-02-09,572
CUST_01885,27,Male,Greater Accra,Accra,2026-06-27,69
CUST_01886,47,Female,Bono East,Atebubu,2025-12-31,247
CUST_01887,42,Female,Ashanti,Kumasi,2026-09-01,3
CUST_01888,24,Female,Volta,Hohoe,2026-05-14,113
CUST_01889,37,Male,Greater Accra,Accra,2025-04-04,518
CUST_01890,33,Other,Volta,Hohoe,2023-01-03,1340
CUST_01891,40,Female,Ashanti,Kumasi,2026-07-25,41
CUST_01892,31,Female,Greater Accra,Tema,2026-02-11,205
CUST_01893,30,Male,Western,Axim,2024-11-30,643
CUST_01894,47,Female,Ashanti,Kumasi,2026-06-05,91
CUST_01895,33,Male,Ashanti,Obuasi,2025-10-16,323
CUST_01896,42,Female,Greater Accra,Ashaiman,2025-03-25,528
CUST_01897,31,Male,Greater Accra,Madina,2025-08-18,382
CUST_01898,50,Female,Ashanti,Obuasi,2026-06-13,83
CUST_01899,27,Female,Greater Accra,Accra,2026-03-13,175
CUST_01900,27,Male,Ahafo,Hwidiem,2024-12-31,612
CUST_01901,49,Female,Greater Accra,Tema,2025-10-16,323
CUST_01902,29,Female,Eastern,Koforidua,2026-09-02,2
CUST_01903,50,Male,Greater Accra,Accra,2025-02-09,572
CUST_01904,42,Female,Ashanti,Mampong,2026-08-21,14
CUST_01905,32,Male,Ahafo,Goaso,2025-03-06,547
CUST_01906,18,Male,Greater Accra,Dansoman,2026-06-06,90
CUST_01907,33,Male,Oti,Dambai,2023-03-16,1268
CUST_01908,35,Female,Greater Accra,Ashaiman,2026-03-05,183
CUST_01909,45,Male,Northern,Tamale,2026-03-30,158
CUST_01910,49,Female,Central,Kasoa,2026-07-02,64
CUST_01911,27,Female,Bono East,Atebubu,2026-04-12,145
CUST_01912,42,Male,Central,Kasoa,2024-05-20,837
CUST_01913,41,Female,Central,Kasoa,2023-01-03,1340
CUST_01914,44,Male,Greater Accra,Accra,2026-03-05,183
CUST_01915,38,Female,Greater Accra,Accra,2026-01-09,238
CUST_01916,18,Male,Ahafo,Goaso,2025-04-10,512
CUST_01917,32,Male,Ashanti,Ejisu,2024-04-18,869
CUST_01918,22,Female,Ashanti,Kumasi,2025-09-10,359
CUST_01919,31,Female,Northern,Tamale,2026-02-18,198
CUST_01920,43,Male,Ashanti,Kumasi,2026-02-04,212
CUST_01921,37,Female,Oti,Nkwanta,2025-05-17,475
CUST_01922,45,Male,Northern,Yendi,2026-09-03,1
CUST_01923,37,Female,,,2025-08-14,386
CUST_01924,21,Female,Bono East,Techiman,2026-03-13,175
CUST_01925,18,Male,Greater Accra,Dansoman,2024-12-11,632
CUST_01926,35,Male,Ashanti,Kumasi,2026-07-27,39
CUST_01927,31,Male,Eastern,Suhum,2025-09-15,354
CUST_01928,24,Male,Ashanti,Mampong,2025-12-16,262
CUST_01929,18,Male,Northern,Savelugu,2025-07-20,411
CUST_01930,26,Female,Ahafo,Goaso,2026-08-09,26
CUST_01931,32,Other,Eastern,Akosombo,2025-09-23,346
CUST_01932,40,Male,Ashanti,Konongo,2025-10-10,329
CUST_01933,35,Female,Oti,Nkwanta,2025-10-11,328
CUST_01934,50,Female,Eastern,Koforidua,2025-08-30,370
CUST_01935,23,Female,Eastern,Koforidua,2025-06-10,451
CUST_01936,42,Female,Ashanti,Kumasi,2024-11-20,653
CUST_01937,34,Female,Western North,Bibiani,2026-05-02,125
CUST_01938,40,Male,Central,Winneba,2024-10-07,697
CUST_01939,29,Male,Northern,Tamale,2025-12-03,275
CUST_01940,44,Male,Upper East,Bawku,2026-08-03,32
CUST_01941,36,Male,Ashanti,Kumasi,2026-08-11,24
CUST_01942,27,Male,Eastern,Nkawkaw,2026-03-26,162
CUST_01943,33,Female,Bono,Dormaa Ahenkro,2024-12-29,614
CUST_01944,31,Male,Ashanti,Kumasi,2025-05-01,491
CUST_01945,38,Female,Upper East,Bolgatanga,2024-12-22,621
CUST_01946,22,Male,Upper West,Wa,2025-11-17,291
CUST_01947,33,Female,Western,Tarkwa,2026-01-15,232
CUST_01948,37,Female,Northern,Yendi,2026-07-03,63
CUST_01949,34,Male,Upper East,Navrongo,2026-03-29,159
CUST_01950,47,Male,Bono,Sunyani,2026-01-20,227
CUST_01951,41,Female,,,2026-07-29,37
CUST_01952,33,Male,Greater Accra,Accra,2026-05-28,99
CUST_01953,36,Male,Ashanti,Ejisu,2025-09-05,364
CUST_01954,36,Male,Volta,Ho,2025-03-21,532
CUST_01955,38,Female,Eastern,Suhum,2023-01-03,1340
CUST_01956,18,Female,Northern,Yendi,2023-09-19,1081
CUST_01957,30,Female,Ashanti,Ejisu,2025-07-20,411
CUST_01958,19,Female,,,2026-01-29,218
CUST_01959,46,Female,Greater Accra,Accra,2025-07-27,404
CUST_01960,33,Female,Northern,Tamale,2024-12-27,616
CUST_01961,32,Other,Central,Swedru,2026-07-16,50
CUST_01962,42,Male,Greater Accra,Accra,2026-02-06,210
CUST_01963,38,Male,Ashanti,Kumasi,2024-09-02,732
CUST_01964,22,Female,Northern,Tamale,2026-02-23,193
CUST_01965,33,Female,Eastern,Nkawkaw,2025-09-30,339
CUST_01966,30,Male,Ashanti,Kumasi,2025-09-15,354
CUST_01967,18,Male,Oti,Dambai,2026-06-15,81
CUST_01968,27,Female,Volta,Ho,2026-03-09,179
CUST_01969,32,Female,Oti,Nkwanta,2026-03-26,162
CUST_01970,32,Male,Eastern,Suhum,2026-08-25,10
CUST_01971,19,Female,Eastern,Suhum,2026-08-26,9
CUST_01972,45,Female,Western North,Bibiani,2024-09-22,712
CUST_01973,32,Female,Central,Cape Coast,2026-04-30,127
CUST_01974,34,Male,Volta,Kpando,2025-11-17,291
CUST_01975,38,Male,Ashanti,Obuasi,2026-04-16,141
CUST_01976,26,Male,Eastern,Koforidua,2023-08-02,1129
CUST_01977,38,Male,Greater Accra,Teshie,2026-05-07,120
CUST_01978,30,Female,Greater Accra,Ashaiman,2026-01-23,224
CUST_01979,25,Male,Greater Accra,Madina,2024-06-02,824
CUST_01980,39,Other,Greater Accra,Madina,2024-08-28,737
CUST_01981,48,Male,Savannah,Damongo,2026-06-14,82
CUST_01982,41,Male,Ashanti,Kumasi,2024-11-24,649
CUST_01983,43,Female,Volta,Keta,2026-01-02,245
CUST_01984,28,Female,Bono,Sunyani,2025-12-15,263
CUST_01985,18,Male,Central,Kasoa,2026-07-09,57
CUST_01986,48,Female,Greater Accra,Ashaiman,2026-08-02,33
CUST_01987,54,Female,Northern,Savelugu,2025-04-02,520
CUST_01988,49,Female,Western,Sekondi,2025-12-04,274
CUST_01989,30,Female,,,2026-01-18,229
CUST_01990,22,Male,Northern,Savelugu,2025-03-30,523
CUST_01991,23,Female,Savannah,Bole,2025-02-01,580
CUST_01992,18,Female,Central,Cape Coast,2026-06-27,69
CUST_01993,32,Male,Ashanti,Kumasi,2025-08-24,376
CUST_01994,50,Male,Western,Takoradi,2026-07-08,58
CUST_01995,32,Female,Greater Accra,Accra,2025-02-25,556
CUST_01996,37,Male,Western North,Sefwi Wiawso,2025-07-04,427
CUST_01997,47,Male,Greater Accra,Accra,2023-03-29,1255
CUST_01998,29,Other,Ashanti,Obuasi,2026-08-07,28
CUST_01999,54,Male,Bono,Dormaa Ahenkro,2026-08-12,23
CUST_02000,53,Male,Western,Takoradi,2026-04-25,132
CUST_02001,32,Female,Ashanti,Konongo,2026-05-06,121
CUST_02002,28,Female,Eastern,Nkawkaw,2026-05-14,113
CUST_02003,40,Male,Bono,Sunyani,2024-02-01,946
CUST_02004,30,Female,Ashanti,Bekwai,2026-05-13,114
CUST_02005,22,Female,Bono East,Kintampo,2026-05-01,126
CUST_02006,46,Female,Greater Accra,Accra,2025-02-12,569
CUST_02007,46,Male,Northern,Savelugu,2026-01-09,238
CUST_02008,35,Male,Bono,Sunyani,2025-01-13,599
CUST_02009,21,Male,Greater Accra,Madina,2026-08-08,27
CUST_02010,21,Female,Eastern,Koforidua,2025-12-11,267
CUST_02011,35,Female,Greater Accra,Ashaiman,2026-08-22,13
CUST_02012,29,Female,Volta,Hohoe,2026-08-10,25
CUST_02013,30,Female,Central,Winneba,2024-01-31,947
CUST_02014,44,Female,Western,Takoradi,2026-07-07,59
CUST_02015,41,Male,Greater Accra,Madina,2025-11-04,304
CUST_02016,47,Female,Ashanti,Konongo,2026-02-05,211
CUST_02017,24,Female,Greater Accra,Tema,2026-03-18,170
CUST_02018,30,Female,Ashanti,Ejisu,2024-02-27,920
CUST_02019,41,Male,Central,Kasoa,2026-08-27,8
CUST_02020,38,Female,Bono East,Atebubu,2025-06-25,436
CUST_02021,49,Male,,,2023-01-20,1323
CUST_02022,38,Male,Eastern,Akosombo,2025-10-11,328
CUST_02023,52,Female,Oti,Jasikan,2023-08-27,1104
CUST_02024,39,Female,Volta,Hohoe,2026-08-14,21
CUST_02025,44,Male,Upper West,Wa,2026-01-30,217
CUST_02026,30,Female,Central,Kasoa,2026-05-07,120
CUST_02027,34,Male,Ashanti,Mampong,2025-03-29,524
CUST_02028,43,Male,,,2023-01-03,1340
CUST_02029,50,Male,Northern,Yendi,2026-05-09,118
CUST_02030,41,Female,Greater Accra,Ashaiman,2025-07-07,424
CUST_02031,33,Other,Ashanti,Kumasi,2026-06-08,88
CUST_02032,47,Female,Central,Winneba,2025-10-06,333
CUST_02033,18,Female,Central,Cape Coast,2025-12-29,249
CUST_02034,19,Male,Western,Takoradi,2023-01-03,1340
CUST_02035,40,Male,Greater Accra,Ashaiman,2025-08-25,375
CUST_02036,34,Female,Ashanti,Kumasi,2026-03-16,172
CUST_02037,40,Male,Western,Takoradi,2026-07-18,48
CUST_02038,34,Female,Oti,Jasikan,2026-07-01,65
CUST_02039,39,Female,,,2026-05-25,102
CUST_02040,25,Other,Ahafo,Hwidiem,2026-05-12,115
CUST_02041,39,Male,Northern,Savelugu,2024-08-05,760
CUST_02042,43,Female,Western,Takoradi,2025-10-10,329
CUST_02043,46,Female,Greater Accra,Accra,2025-11-12,296
CUST_02044,54,Male,Volta,Aflao,2026-07-18,48
CUST_02045,36,Female,Western,Sekondi,2024-07-10,786
CUST_02046,36,Male,Western,Takoradi,2025-04-09,513
CUST_02047,18,Male,Eastern,Akosombo,2026-08-07,28
CUST_02048,28,Male,Central,Cape Coast,2025-04-30,492
CUST_02049,32,Male,,,2025-10-26,313
CUST_02050,44,Female,Central,Cape Coast,2026-08-01,34
CUST_02051,27,Male,Greater Accra,Accra,2026-01-02,245
CUST_02052,41,Male,Upper East,Bolgatanga,2025-12-13,265
CUST_02053,33,Male,Greater Accra,Dansoman,2026-06-24,72
CUST_02054,32,Male,Greater Accra,Madina,2023-06-27,1165
CUST_02055,36,Male,Eastern,Akosombo,2024-08-07,758
CUST_02056,30,Male,Western,Sekondi,2025-06-19,442
CUST_02057,29,Female,Eastern,Koforidua,2025-12-30,248
CUST_02058,18,Female,Ashanti,Kumasi,2026-02-04,212
CUST_02059,31,Female,Central,Kasoa,2025-07-10,421
CUST_02060,29,Female,Ashanti,Obuasi,2025-10-24,315
CUST_02061,28,Male,Upper West,Lawra,2026-08-10,25
CUST_02062,38,Female,Ahafo,Goaso,2025-11-21,287
CUST_02063,40,Female,Eastern,Suhum,2024-11-17,656
CUST_02064,36,Male,Ashanti,Kumasi,2026-01-02,245
CUST_02065,43,Female,Northern,Savelugu,2026-08-14,21
CUST_02066,39,Male,Greater Accra,Accra,2024-12-26,617
CUST_02067,31,Male,Eastern,Akim Oda,2026-06-07,89
CUST_02068,29,Female,Ashanti,Kumasi,2026-05-08,119
CUST_02069,37,Male,Ahafo,Goaso,2026-06-25,71
CUST_02070,39,Male,Greater Accra,Tema,2026-03-28,160
CUST_02071,47,Male,Central,Kasoa,2025-02-16,565
CUST_02072,45,Male,Northern,Tamale,2025-11-15,293
CUST_02073,28,Male,Eastern,Akosombo,2026-06-05,91
CUST_02074,32,Female,Greater Accra,Madina,2024-05-17,840
CUST_02075,40,Female,Savannah,Bole,2024-05-11,846
CUST_02076,44,Female,Central,Cape Coast,2024-06-09,817
CUST_02077,43,Male,Western,Tarkwa,2026-05-18,109
CUST_02078,33,Other,Ashanti,Obuasi,2026-01-07,240
CUST_02079,21,Female,Eastern,Akim Oda,2023-01-03,1340
CUST_02080,24,Male,Eastern,Akim Oda,2025-01-21,591
CUST_02081,36,Female,Greater Accra,Accra,2026-08-24,11
CUST_02082,37,Female,Greater Accra,Accra,2026-08-09,26
CUST_02083,23,Female,Bono,Sunyani,2025-12-29,249
CUST_02084,34,Male,Ashanti,Kumasi,2024-01-19,959
CUST_02085,40,Male,Greater Accra,Madina,2025-10-30,309
CUST_02086,22,Female,Eastern,Nkawkaw,2025-12-03,275
CUST_02087,45,Female,Northern,Savelugu,2026-07-22,44
CUST_02088,30,Female,,,2025-07-04,427
CUST_02089,46,Female,Central,Cape Coast,2024-10-14,690
CUST_02090,28,Female,Greater Accra,Teshie,2026-02-25,191
CUST_02091,23,Male,Greater Accra,Teshie,2025-01-15,597
CUST_02092,29,Female,Greater Accra,Tema,2023-01-08,1335
CUST_02093,33,Male,Bono,Berekum,2026-06-05,91
CUST_02094,30,Female,Greater Accra,Dansoman,2025-11-12,296
CUST_02095,31,Female,Greater Accra,Tema,2026-04-22,135
CUST_02096,37,Male,Eastern,Suhum,2024-12-14,629
CUST_02097,32,Female,Bono,Sunyani,2025-09-25,344
CUST_02098,33,Male,Ashanti,Kumasi,2025-07-29,402
CUST_02099,18,Male,Eastern,Akim Oda,2024-12-04,639
CUST_02100,37,Male,Greater Accra,Tema,2026-02-15,201
CUST_02101,33,Male,Eastern,Akosombo,2023-12-23,986
CUST_02102,50,Male,Central,Swedru,2025-11-04,304
CUST_02103,24,Male,Central,Kasoa,2026-06-28,68
CUST_02104,18,Female,Ashanti,Kumasi,2025-05-16,476
CUST_02105,40,Female,Ashanti,Mampong,2024-12-13,630
CUST_02106,37,Female,Greater Accra,Madina,2026-04-05,152
CUST_02107,23,Male,Ashanti,Kumasi,2024-07-18,778
CUST_02108,18,Female,Greater Accra,Tema,2024-02-01,946
CUST_02109,49,Female,Northern,Yendi,2026-04-28,129
CUST_02110,48,Male,Oti,Jasikan,2023-01-03,1340
CUST_02111,18,Female,Savannah,Damongo,2026-07-06,60
CUST_02112,29,Male,Bono East,Techiman,2026-06-06,90
CUST_02113,50,Female,Western,Axim,2026-06-15,81
CUST_02114,29,Male,Volta,Keta,2024-03-21,897
CUST_02115,29,Male,Ashanti,Kumasi,2025-07-07,424
CUST_02116,31,Female,Western,Takoradi,2026-07-01,65
CUST_02117,22,Male,Eastern,Akosombo,2026-01-15,232
CUST_02118,18,Male,Eastern,Koforidua,2025-08-18,382
CUST_02119,44,Female,Northern,Tamale,2026-08-01,34
CUST_02120,18,Female,Ashanti,Obuasi,2024-05-01,856
CUST_02121,36,Female,Ashanti,Kumasi,2024-11-22,651
CUST_02122,42,Male,Ahafo,Kenyasi,2025-11-27,281
CUST_02123,19,Male,Greater Accra,Accra,2023-01-03,1340
CUST_02124,24,Female,Eastern,Nkawkaw,2026-01-31,216
CUST_02125,46,Male,Ahafo,Goaso,2023-01-03,1340
CUST_02126,39,Male,Western,Takoradi,2025-06-21,440
CUST_02127,27,Female,Central,Cape Coast,2025-07-29,402
CUST_02128,46,Male,Ashanti,Bekwai,2026-06-24,72
CUST_02129,46,Male,Ashanti,Mampong,2024-05-03,854
CUST_02130,36,Male,Bono,Sunyani,2026-01-24,223
CUST_02131,24,Male,Central,Elmina,2026-06-26,70
CUST_02132,29,Male,Central,Winneba,2026-08-30,5
CUST_02133,36,Male,Greater Accra,Dansoman,2025-10-11,328
CUST_02134,32,Male,Greater Accra,Accra,2025-11-09,299
CUST_02135,43,Female,Oti,Nkwanta,2025-04-14,508
CUST_02136,18,Female,Ashanti,Kumasi,2024-04-04,883
CUST_02137,19,Male,Western,Sekondi,2026-08-02,33
CUST_02138,35,Female,Greater Accra,Dansoman,2025-03-28,525
CUST_02139,29,Male,Volta,Hohoe,2026-06-13,83
CUST_02140,27,Male,Upper West,Wa,2024-07-15,781
CUST_02141,18,Male,Central,Cape Coast,2024-10-21,683
CUST_02142,34,Female,Greater Accra,Madina,2025-10-28,311
CUST_02143,33,Female,Central,Winneba,2025-04-27,495
CUST_02144,40,Female,Northern,Tamale,2026-04-07,150
CUST_02145,34,Male,Ashanti,Bekwai,2025-12-24,254
CUST_02146,32,Male,Bono East,Techiman,2024-10-15,689
CUST_02147,45,Female,Western,Takoradi,2026-01-02,245
CUST_02148,20,Male,Western North,Enchi,2026-03-11,177
CUST_02149,39,Female,Western,Takoradi,2025-12-06,272
CUST_02150,18,Female,Greater Accra,Accra,2024-09-30,704
CUST_02151,25,Female,Ashanti,Obuasi,2026-03-25,163
CUST_02152,21,Female,Greater Accra,Ashaiman,2026-06-20,76
CUST_02153,41,Female,Western North,Sefwi Wiawso,2025-04-25,497
CUST_02154,33,Female,Northern,Savelugu,2024-10-05,699
CUST_02155,33,Female,Volta,Aflao,2026-07-24,42
CUST_02156,22,Male,Ashanti,Kumasi,2026-05-18,109
CUST_02157,31,Female,,,2026-07-05,61
CUST_02158,26,Male,Northern,Tamale,2026-03-17,171
CUST_02159,37,Male,Eastern,Akim Oda,2026-01-08,239
CUST_02160,24,Male,Ashanti,Konongo,2025-03-01,552
CUST_02161,47,Male,Western,Axim,2025-07-10,421
CUST_02162,18,Female,Greater Accra,Accra,2025-08-12,388
CUST_02163,25,Female,Ashanti,Kumasi,2026-03-15,173
CUST_02164,50,Male,Eastern,Akim Oda,2024-08-29,736
CUST_02165,29,Male,Greater Accra,Accra,2025-12-24,254
CUST_02166,20,Female,Savannah,Damongo,2023-01-03,1340
CUST_02167,36,Female,Greater Accra,Accra,2025-07-29,402
CUST_02168,29,Female,Greater Accra,Madina,2026-07-13,53
CUST_02169,25,Male,Greater Accra,Tema,2025-06-10,451
CUST_02170,23,Female,Northern,Tamale,2026-03-31,157
CUST_02171,61,Female,Eastern,Akosombo,2025-05-29,463
CUST_02172,31,Male,Central,Elmina,2026-08-07,28
CUST_02173,18,Male,Greater Accra,Tema,2026-06-20,76
CUST_02174,48,Male,Greater Accra,Accra,2024-07-22,774
CUST_02175,40,Male,Eastern,Nkawkaw,2026-05-24,103
CUST_02176,26,Other,Bono,Sunyani,2024-09-09,725
CUST_02177,24,Male,Western North,Sefwi Wiawso,2026-04-27,130
CUST_02178,40,Male,,,2025-07-20,411
CUST_02179,31,Male,Central,Cape Coast,2025-05-19,473
CUST_02180,18,Male,Ahafo,Goaso,2025-11-21,287
CUST_02181,51,Female,Ashanti,Kumasi,2026-04-12,145
CUST_02182,29,Male,Bono,Sunyani,2026-06-01,95
CUST_02183,48,Female,Greater Accra,Accra,2026-08-22,13
CUST_02184,46,Male,Upper West,Jirapa,2026-04-13,144
CUST_02185,23,Female,Northern,Tamale,2025-07-08,423
CUST_02186,44,Female,Upper West,Wa,2023-08-17,1114
CUST_02187,27,Female,Volta,Ho,2024-06-07,819
CUST_02188,18,Female,Ashanti,Bekwai,2025-01-31,581
CUST_02189,29,Female,Upper West,Wa,2024-12-22,621
CUST_02190,37,Male,Ashanti,Kumasi,2025-06-24,437
CUST_02191,29,Female,Ashanti,Mampong,2026-05-07,120
CUST_02192,30,Female,Volta,Hohoe,2024-01-28,950
CUST_02193,45,Female,Northern,Tamale,2025-06-17,444
CUST_02194,35,Male,Ahafo,Goaso,2025-10-11,328
CUST_02195,25,Male,Greater Accra,Accra,2026-07-19,47
CUST_02196,41,Female,Upper East,Bolgatanga,2026-01-11,236
CUST_02197,35,Male,Northern,Yendi,2026-01-01,246
CUST_02198,18,Male,Greater Accra,Accra,2024-06-27,799
CUST_02199,38,Male,Ashanti,Obuasi,2025-10-23,316
CUST_02200,37,Female,Ashanti,Kumasi,2026-02-25,191
CUST_02201,34,Other,Ashanti,Kumasi,2023-01-03,1340
CUST_02202,42,Female,Savannah,Damongo,2026-07-20,46
CUST_02203,27,Male,Western,Axim,2026-01-28,219
CUST_02204,37,Male,Volta,Hohoe,2026-08-18,17
CUST_02205,18,Male,Savannah,Bole,2025-03-15,538
CUST_02206,38,Female,Ashanti,Kumasi,2023-12-09,1000
CUST_02207,53,Female,Upper East,Bolgatanga,2026-04-26,131
CUST_02208,24,Male,Eastern,Koforidua,2024-07-15,781
CUST_02209,26,Female,Bono East,Techiman,2026-04-19,138
CUST_02210,26,Female,Greater Accra,Accra,2024-01-12,966
CUST_02211,35,Male,Upper West,Wa,2025-02-21,560
CUST_02212,23,Male,Ashanti,Konongo,2024-11-20,653
CUST_02213,38,Other,Ashanti,Kumasi,2026-08-28,7
CUST_02214,42,Male,Northern,Yendi,2023-01-27,1316
CUST_02215,39,Female,Ashanti,Kumasi,2025-04-04,518
CUST_02216,18,Male,Western,Sekondi,2026-04-12,145
CUST_02217,43,Female,Eastern,Nkawkaw,2024-09-27,707
CUST_02218,43,Female,Northern,Tamale,2026-04-25,132
CUST_02219,42,Female,Ashanti,Kumasi,2024-06-02,824
CUST_02220,37,Female,Greater Accra,Madina,2026-07-19,47
CUST_02221,36,Female,Ashanti,Mampong,2025-05-06,486
CUST_02222,44,Female,Eastern,Koforidua,2025-10-28,311
CUST_02223,53,Male,Greater Accra,Accra,2026-07-26,40
CUST_02224,24,Male,Ashanti,Mampong,2026-05-17,110
CUST_02225,44,Female,Ashanti,Kumasi,2026-08-31,4
CUST_02226,33,Female,Greater Accra,Tema,2025-12-25,253
CUST_02227,32,Male,,,2026-04-14,143
CUST_02228,18,Male,Bono East,Techiman,2025-09-05,364
CUST_02229,31,Female,Greater Accra,Tema,2026-04-16,141
CUST_02230,24,Male,Western,Sekondi,2026-04-15,142
CUST_02231,29,Female,Volta,Ho,2025-03-10,543
CUST_02232,23,Female,Eastern,Akim Oda,2026-08-16,19
CUST_02233,29,Female,Volta,Aflao,2024-02-15,932
CUST_02234,29,Male,Eastern,Nkawkaw,2024-08-01,764
CUST_02235,34,Male,Eastern,Koforidua,2025-06-21,440
CUST_02236,18,Male,Greater Accra,Tema,2025-09-10,359
CUST_02237,19,Male,Volta,Aflao,2024-03-27,891
CUST_02238,37,Female,Volta,Aflao,2026-06-15,81
CUST_02239,26,Female,Greater Accra,Madina,2026-08-03,32
CUST_02240,44,Male,Ashanti,Kumasi,2026-05-18,109
CUST_02241,36,Male,Savannah,Bole,2024-12-10,633
CUST_02242,40,Male,Eastern,Nkawkaw,2026-08-21,14
CUST_02243,48,Other,Eastern,Koforidua,2025-09-20,349
CUST_02244,30,Male,Western North,Bibiani,2023-01-03,1340
CUST_02245,28,Female,Volta,Ho,2024-07-22,774
CUST_02246,42,Female,,,2025-11-14,294
CUST_02247,39,Female,Upper East,Bolgatanga,2026-08-09,26
CUST_02248,32,Female,Bono East,Kintampo,2024-09-22,712
CUST_02249,47,Male,Eastern,Suhum,2025-09-04,365
CUST_02250,31,Female,Eastern,Akosombo,2026-07-18,48
CUST_02251,34,Male,Ashanti,Bekwai,2026-07-27,39
CUST_02252,34,Female,Oti,Jasikan,2024-01-17,961
CUST_02253,24,Male,Volta,Ho,2025-06-19,442
CUST_02254,34,Female,Greater Accra,Madina,2024-09-27,707
CUST_02255,47,Male,Bono East,Techiman,2024-05-13,844
CUST_02256,38,Female,Eastern,Suhum,2025-09-30,339
CUST_02257,34,Male,Greater Accra,Accra,2025-11-17,291
CUST_02258,32,Female,Central,Swedru,2026-01-22,225
CUST_02259,37,Female,Eastern,Nkawkaw,2026-04-05,152
CUST_02260,41,Male,,,2026-01-19,228
CUST_02261,40,Female,Greater Accra,Accra,2025-01-18,594
CUST_02262,30,Female,Bono,Sunyani,2025-09-01,368
CUST_02263,37,Male,Central,Elmina,2024-03-26,892
CUST_02264,38,Female,Greater Accra,Accra,2026-01-13,234
CUST_02265,23,Female,Savannah,Bole,2025-08-27,373
CUST_02266,35,Female,Central,Cape Coast,2025-08-01,399
CUST_02267,18,Male,Ashanti,Ejisu,2025-09-11,358
CUST_02268,38,Male,Eastern,Akim Oda,2025-05-07,485
CUST_02269,40,Female,Bono East,Kintampo,2026-05-19,108
CUST_02270,41,Male,Ashanti,Ejisu,2025-11-21,287
CUST_02271,30,Female,Greater Accra,Accra,2026-07-22,44
CUST_02272,37,Male,Greater Accra,Accra,2026-02-22,194
CUST_02273,48,Male,Ashanti,Kumasi,2025-12-11,267
CUST_02274,48,Female,Upper East,Bawku,2025-07-09,422
CUST_02275,33,Female,Eastern,Akim Oda,2023-05-21,1202
CUST_02276,35,Female,Ashanti,Konongo,2025-09-02,367
CUST_02277,45,Male,Greater Accra,Tema,2025-03-09,544
CUST_02278,18,Male,Ashanti,Kumasi,2025-11-26,282
CUST_02279,30,Male,Upper West,Wa,2025-07-29,402
CUST_02280,47,Female,Ashanti,Kumasi,2026-08-06,29
CUST_02281,43,Female,North East,Nalerigu,2026-05-10,117
CUST_02282,37,Female,Eastern,Suhum,2026-03-09,179
CUST_02283,18,Male,Greater Accra,Teshie,2025-12-23,255
CUST_02284,33,Female,Western North,Sefwi Wiawso,2026-08-17,18
CUST_02285,28,Male,Eastern,Nkawkaw,2026-07-06,60
CUST_02286,37,Female,Volta,Aflao,2026-04-28,129
CUST_02287,25,Male,Savannah,Damongo,2023-01-03,1340
CUST_02288,23,Female,Greater Accra,Accra,2026-03-28,160
CUST_02289,18,Male,Greater Accra,Accra,2025-12-15,263
CUST_02290,46,Male,Northern,Yendi,2026-06-09,87
CUST_02291,30,Male,Ashanti,Bekwai,2025-08-23,377
CUST_02292,35,Male,Greater Accra,Madina,2026-04-26,131
CUST_02293,33,Male,Greater Accra,Accra,2026-06-04,92
CUST_02294,23,Male,Greater Accra,Accra,2025-11-18,290
CUST_02295,21,Male,Northern,Savelugu,2026-09-02,2
CUST_02296,23,Female,Greater Accra,Ashaiman,2026-09-01,3
CUST_02297,26,Male,Eastern,Nkawkaw,2026-05-29,98
CUST_02298,37,Female,Western,Tarkwa,2026-08-21,14
CUST_02299,26,Male,Eastern,Koforidua,2026-07-21,45
CUST_02300,51,Female,Greater Accra,Ashaiman,2026-03-23,165
CUST_02301,44,Female,,,2024-11-25,648
CUST_02302,42,Male,Greater Accra,Accra,2025-09-30,339
CUST_02303,32,Female,Northern,Yendi,2025-11-21,287
CUST_02304,49,Male,Western North,Sefwi Wiawso,2026-04-19,138
CUST_02305,31,Female,Eastern,Koforidua,2023-09-27,1073
CUST_02306,33,Female,Central,Cape Coast,2026-02-14,202
CUST_02307,35,Male,Eastern,Koforidua,2026-07-30,36
CUST_02308,41,Male,Ashanti,Kumasi,2025-08-17,383
CUST_02309,40,Male,Western North,Bibiani,2026-07-18,48
CUST_02310,29,Male,Western North,Bibiani,2026-03-19,169
CUST_02311,28,Female,Ashanti,Obuasi,2025-11-25,283
CUST_02312,40,Male,Western,Takoradi,2024-05-28,829
CUST_02313,41,Male,Ahafo,Goaso,2025-12-06,272
CUST_02314,30,Male,Oti,Nkwanta,2025-05-08,484
CUST_02315,18,Male,Eastern,Akim Oda,2023-01-03,1340
CUST_02316,31,Male,Eastern,Koforidua,2026-07-10,56
CUST_02317,40,Female,Ashanti,Mampong,2026-04-29,128
CUST_02318,52,Male,Oti,Jasikan,2026-02-16,200
CUST_02319,22,Female,Greater Accra,Teshie,2026-01-28,219
CUST_02320,29,Male,Central,Kasoa,2026-02-05,211
CUST_02321,30,Male,Ashanti,Kumasi,2024-01-26,952
CUST_02322,47,Female,Ashanti,Ejisu,2025-04-22,500
CUST_02323,33,Male,Ashanti,Kumasi,2025-08-26,374
CUST_02324,24,Male,North East,Nalerigu,2026-04-09,148
CUST_02325,39,Female,Greater Accra,Accra,2024-10-10,694
CUST_02326,29,Female,Central,Elmina,2023-04-13,1240
CUST_02327,21,Male,Greater Accra,Accra,2024-10-16,688
CUST_02328,25,Female,Greater Accra,Teshie,2026-09-04,0
CUST_02329,51,Female,,,2025-07-27,404
CUST_02330,37,Male,Central,Kasoa,2026-08-15,20
CUST_02331,35,Male,Ashanti,Konongo,2026-05-08,119
CUST_02332,31,Male,Ashanti,Ejisu,2026-08-11,24
CUST_02333,36,Male,Greater Accra,Ashaiman,2025-08-30,370
CUST_02334,36,Female,Ashanti,Kumasi,2025-05-28,464
CUST_02335,36,Female,Oti,Jasikan,2026-07-18,48
CUST_02336,35,Female,Upper West,Wa,2026-02-23,193
CUST_02337,42,Male,Ashanti,Bekwai,2026-01-04,243
CUST_02338,34,Male,Central,Kasoa,2026-03-04,184
CUST_02339,24,Female,Western North,Bibiani,2026-07-15,51
CUST_02340,27,Male,Greater Accra,Ashaiman,2026-01-30,217
CUST_02341,18,Female,Upper East,Navrongo,2025-02-25,556
CUST_02342,54,Female,Upper West,Lawra,2026-08-06,29
CUST_02343,42,Female,Greater Accra,Accra,2026-08-02,33
CUST_02344,25,Male,Greater Accra,Tema,2026-03-13,175
CUST_02345,31,Male,Oti,Jasikan,2023-07-25,1137
CUST_02346,27,Female,Central,Elmina,2025-06-20,441
CUST_02347,49,Female,Greater Accra,Ashaiman,2025-06-07,454
CUST_02348,19,Female,Ashanti,Kumasi,2026-03-09,179
CUST_02349,35,Male,Eastern,Akim Oda,2025-09-09,360
CUST_02350,32,Female,Volta,Keta,2026-08-31,4
CUST_02351,42,Female,Northern,Savelugu,2025-07-27,404
CUST_02352,32,Male,North East,Nalerigu,2023-12-31,978
CUST_02353,18,Female,Ashanti,Mampong,2025-08-21,379
CUST_02354,31,Female,,,2024-05-30,827
CUST_02355,24,Male,Central,Cape Coast,2025-04-08,514
CUST_02356,34,Male,Ashanti,Kumasi,2026-07-15,51
CUST_02357,48,Female,Greater Accra,Accra,2024-02-17,930
CUST_02358,18,Male,Savannah,Damongo,2026-08-08,27
CUST_02359,25,Female,Bono,Sunyani,2025-11-03,305
CUST_02360,28,Male,Eastern,Koforidua,2026-07-05,61
CUST_02361,30,Male,,,2026-08-31,4
CUST_02362,41,Other,Ashanti,Kumasi,2026-01-28,219
CUST_02363,32,Female,Central,Cape Coast,2026-04-18,139
CUST_02364,38,Male,Volta,Hohoe,2025-12-12,266
CUST_02365,27,Female,Central,Kasoa,2025-09-25,344
CUST_02366,36,Male,North East,Walewale,2026-08-18,17
CUST_02367,41,Male,Western,Sekondi,2026-07-14,52
CUST_02368,26,Male,Ashanti,Konongo,2025-10-12,327
CUST_02369,41,Male,Northern,Yendi,2026-03-20,168
CUST_02370,34,Female,Greater Accra,Accra,2025-03-31,522
CUST_02371,44,Female,Ashanti,Kumasi,2025-07-09,422
CUST_02372,31,Other,Ashanti,Kumasi,2024-08-18,747
CUST_02373,37,Female,Eastern,Akim Oda,2025-05-21,471
CUST_02374,33,Male,Upper East,Bawku,2026-01-23,224
CUST_02375,33,Female,Eastern,Nkawkaw,2025-06-14,447
CUST_02376,36,Other,Upper East,Bolgatanga,2026-04-29,128
CUST_02377,39,Female,Central,Cape Coast,2026-04-11,146
CUST_02378,21,Female,Ashanti,Kumasi,2024-12-21,622
CUST_02379,48,Female,Upper East,Bawku,2026-01-11,236
CUST_02380,18,Male,Ashanti,Kumasi,2024-12-03,640
CUST_02381,27,Female,Ashanti,Obuasi,2024-10-13,691
CUST_02382,33,Female,Eastern,Koforidua,2024-07-17,779
CUST_02383,38,Female,Ashanti,Ejisu,2023-12-16,993
CUST_02384,49,Male,Greater Accra,Teshie,2026-01-22,225
CUST_02385,18,Female,Western,Takoradi,2026-04-04,153
CUST_02386,28,Female,Central,Kasoa,2025-09-20,349
CUST_02387,18,Male,Eastern,Suhum,2026-03-03,185
CUST_02388,34,Female,Oti,Dambai,2025-09-02,367
CUST_02389,36,Male,,,2025-05-03,489
CUST_02390,49,Male,Bono East,Techiman,2025-05-26,466
CUST_02391,35,Male,Greater Accra,Madina,2026-03-01,187
CUST_02392,44,Female,Central,Cape Coast,2026-06-23,73
CUST_02393,39,Male,Bono East,Atebubu,2026-01-22,225
CUST_02394,29,Female,Central,Elmina,2026-07-05,61
CUST_02395,19,Male,Volta,Aflao,2024-04-04,883
CUST_02396,36,Male,Ashanti,Konongo,2026-03-19,169
CUST_02397,19,Male,Greater Accra,Tema,2026-06-29,67
CUST_02398,46,Male,Eastern,Akim Oda,2026-08-25,10
CUST_02399,32,Female,Ashanti,Mampong,2025-07-16,415
CUST_02400,45,Female,Bono East,Atebubu,2025-07-26,405
CUST_02401,29,Male,Ashanti,Obuasi,2026-03-22,166
CUST_02402,36,Male,Oti,Jasikan,2026-08-06,29
CUST_02403,36,Female,Oti,Nkwanta,2026-02-06,210
CUST_02404,33,Male,Ashanti,Obuasi,2026-04-08,149
CUST_02405,29,Female,Ashanti,Obuasi,2025-06-09,452
CUST_02406,37,Female,Western North,Sefwi Wiawso,2025-08-28,372
CUST_02407,24,Male,Oti,Dambai,2026-03-07,181
CUST_02408,21,Male,Eastern,Koforidua,2026-05-29,98
CUST_02409,46,Female,Ashanti,Obuasi,2023-01-03,1340
CUST_02410,41,Male,Central,Kasoa,2026-01-05,242
CUST_02411,34,Male,Volta,Hohoe,2025-05-26,466
CUST_02412,50,Male,Ashanti,Bekwai,2026-07-06,60
CUST_02413,31,Female,Northern,Tamale,2025-12-13,265
CUST_02414,47,Female,Greater Accra,Tema,2026-08-24,11
CUST_02415,35,Male,Greater Accra,Accra,2025-11-27,281
CUST_02416,23,Female,Ashanti,Kumasi,2023-01-14,1329
CUST_02417,52,Male,Ashanti,Konongo,2026-02-23,193
CUST_02418,43,Female,Ashanti,Obuasi,2026-08-20,15
CUST_02419,32,Male,Eastern,Akosombo,2026-08-23,12
CUST_02420,41,Female,Ashanti,Kumasi,2026-02-20,196
CUST_02421,29,Other,Greater Accra,Tema,2026-06-27,69
CUST_02422,42,Male,Ashanti,Kumasi,2026-08-26,9
CUST_02423,18,Male,Savannah,Damongo,2025-02-17,564
CUST_02424,23,Male,Eastern,Koforidua,2026-01-02,245
CUST_02425,43,Male,Eastern,Koforidua,2026-04-21,136
CUST_02426,31,Male,Central,Kasoa,2024-02-26,921
CUST_02427,36,Female,Savannah,Damongo,2026-07-17,49
CUST_02428,20,Female,Ashanti,Bekwai,2023-04-05,1248
CUST_02429,52,Male,Volta,Ho,2026-04-07,150
CUST_02430,45,Female,Volta,Ho,2024-04-10,877
CUST_02431,31,Female,Western,Takoradi,2025-08-31,369
CUST_02432,29,Female,Greater Accra,Tema,2024-10-03,701
CUST_02433,44,Male,Volta,Ho,2023-01-03,1340
CUST_02434,53,Male,Greater Accra,Teshie,2026-04-21,136
CUST_02435,43,Female,Western,Axim,2023-02-13,1299
CUST_02436,55,Male,Northern,Tamale,2026-02-19,197
CUST_02437,24,Female,Ashanti,Obuasi,2026-02-22,194
CUST_02438,25,Female,Bono,Sunyani,2026-03-22,166
CUST_02439,22,Male,Greater Accra,Madina,2025-10-28,311
CUST_02440,38,Male,Bono,Sunyani,2026-06-30,66
CUST_02441,35,Female,Eastern,Koforidua,2025-10-17,322
CUST_02442,32,Female,Ashanti,Kumasi,2025-10-27,312
CUST_02443,42,Female,Greater Accra,Madina,2025-02-07,574
CUST_02444,46,Male,Oti,Nkwanta,2024-09-17,717
CUST_02445,18,Female,Greater Accra,Accra,2026-01-15,232
CUST_02446,28,Female,Greater Accra,Madina,2026-04-13,144
CUST_02447,42,Female,Ashanti,Obuasi,2026-05-07,120
CUST_02448,29,Male,Western,Axim,2026-06-10,86
CUST_02449,26,Male,Central,Cape Coast,2026-08-12,23
CUST_02450,44,Male,Greater Accra,Ashaiman,2026-03-21,167
CUST_02451,21,Female,Ashanti,Ejisu,2026-05-01,126
CUST_02452,30,Female,Ashanti,Kumasi,2023-01-03,1340
CUST_02453,37,Other,Ashanti,Ejisu,2025-10-13,326
CUST_02454,28,Female,Eastern,Akim Oda,2026-03-18,170
CUST_02455,41,Male,Volta,Kpando,2025-09-22,347
CUST_02456,28,Male,Ashanti,Kumasi,2026-07-07,59
CUST_02457,48,Male,Ashanti,Ejisu,2026-01-13,234
CUST_02458,32,Male,Ashanti,Kumasi,2025-08-07,393
CUST_02459,40,Female,Savannah,Bole,2025-12-10,268
CUST_02460,41,Female,Oti,Dambai,2026-02-11,205
CUST_02461,27,Male,Upper East,Navrongo,2023-01-03,1340
CUST_02462,18,Female,Ashanti,Bekwai,2024-05-08,849
CUST_02463,37,Female,Greater Accra,Accra,2025-08-10,390
CUST_02464,34,Male,Ashanti,Mampong,2025-10-02,337
CUST_02465,39,Male,Ashanti,Bekwai,2025-08-13,387
CUST_02466,31,Male,Eastern,Koforidua,2026-06-07,89
CUST_02467,29,Male,Northern,Tamale,2026-02-15,201
CUST_02468,54,Female,Bono East,Techiman,2026-08-19,16
CUST_02469,19,Male,Bono,Sunyani,2025-12-20,258
CUST_02470,41,Male,Ashanti,Kumasi,2025-10-26,313
CUST_02471,28,Other,Volta,Ho,2026-05-24,103
CUST_02472,30,Female,Ashanti,Kumasi,2023-01-13,1330
CUST_02473,30,Male,Greater Accra,Tema,2024-01-18,960
CUST_02474,25,Female,Volta,Ho,2025-04-10,512
CUST_02475,39,Male,Greater Accra,Teshie,2025-11-04,304
CUST_02476,47,Male,Ashanti,Konongo,2024-06-11,815
CUST_02477,38,Female,Ashanti,Kumasi,2026-07-10,56
CUST_02478,35,Male,Volta,Keta,2024-12-18,625
CUST_02479,24,Female,Northern,Yendi,2026-07-13,53
CUST_02480,39,Male,Ashanti,Bekwai,2024-12-11,632
CUST_02481,55,Male,Upper East,Bolgatanga,2026-04-28,129
CUST_02482,30,Female,Ashanti,Kumasi,2024-05-19,838
CUST_02483,30,Male,Eastern,Suhum,2023-07-09,1153
CUST_02484,28,Female,Northern,Savelugu,2026-07-02,64
CUST_02485,29,Female,Volta,Aflao,2025-12-30,248
CUST_02486,18,Female,North East,Walewale,2023-01-03,1340
CUST_02487,38,Female,Ashanti,Kumasi,2025-12-14,264
CUST_02488,25,Male,Volta,Hohoe,2024-06-30,796
CUST_02489,18,Female,Western,Takoradi,2025-09-14,355
CUST_02490,41,Female,Ahafo,Goaso,2026-02-28,188
CUST_02491,23,Female,Greater Accra,Ashaiman,2026-04-23,134
CUST_02492,30,Female,Northern,Tamale,2026-06-06,90
CUST_02493,48,Female,Central,Kasoa,2025-02-08,573
CUST_02494,19,Male,Ashanti,Bekwai,2026-02-21,195
CUST_02495,18,Female,Eastern,Koforidua,2025-11-22,286
CUST_02496,36,Male,Ashanti,Bekwai,2025-12-07,271
CUST_02497,45,Male,Central,Swedru,2025-09-25,344
CUST_02498,18,Female,Western North,Bibiani,2024-06-24,802
CUST_02499,38,Male,Central,Cape Coast,2023-01-03,1340
CUST_02500,39,Male,Western,Takoradi,2026-02-07,209
CUST_02501,18,Male,Central,Kasoa,2024-10-02,702
CUST_02502,41,Female,Greater Accra,Accra,2025-02-03,578
CUST_02503,42,Male,Ashanti,Kumasi,2025-09-29,340
CUST_02504,30,Female,Eastern,Suhum,2023-04-04,1249
CUST_02505,46,Male,Ashanti,Kumasi,2026-06-07,89
CUST_02506,45,Female,Greater Accra,Madina,2026-07-20,46
CUST_02507,35,Male,Eastern,Koforidua,2024-07-27,769
CUST_02508,29,Female,Ashanti,Obuasi,2026-01-16,231
CUST_02509,24,Male,Ashanti,Bekwai,2024-08-15,750
CUST_02510,33,Other,Eastern,Koforidua,2024-03-24,894
CUST_02511,39,Female,Greater Accra,Accra,2026-08-10,25
CUST_02512,30,Female,Ahafo,Kenyasi,2024-04-28,859
CUST_02513,18,Female,Bono East,Kintampo,2026-01-10,237
CUST_02514,46,Male,Volta,Keta,2025-11-23,285
CUST_02515,35,Female,Greater Accra,Accra,2025-08-06,394
CUST_02516,30,Female,Northern,Tamale,2023-10-27,1043
CUST_02517,42,Female,Upper East,Navrongo,2026-08-28,7
CUST_02518,49,Female,Northern,Savelugu,2025-12-19,259
CUST_02519,18,Female,Greater Accra,Tema,2025-05-27,465
CUST_02520,38,Other,Western,Axim,2025-04-09,513
CUST_02521,19,Male,Bono,Sunyani,2025-05-21,471
CUST_02522,38,Female,Central,Kasoa,2026-07-09,57
CUST_02523,35,Female,Western,Takoradi,2026-04-15,142
CUST_02524,40,Female,Eastern,Akim Oda,2026-03-11,177
CUST_02525,29,Male,Central,Kasoa,2024-11-21,652
CUST_02526,18,Female,Greater Accra,Accra,2026-04-27,130
CUST_02527,29,Female,Western,Sekondi,2026-06-02,94
CUST_02528,38,Male,Greater Accra,Ashaiman,2023-03-22,1262
CUST_02529,44,Female,Eastern,Nkawkaw,2026-09-01,3
CUST_02530,22,Male,Ashanti,Ejisu,2023-01-03,1340
CUST_02531,44,Other,Central,Swedru,2025-06-10,451
CUST_02532,27,Male,Greater Accra,Accra,2024-09-29,705
CUST_02533,37,Male,Volta,Keta,2026-04-18,139
CUST_02534,28,Male,Upper East,Navrongo,2026-08-30,5
CUST_02535,35,Female,Greater Accra,Tema,2025-03-18,535
CUST_02536,42,Male,Greater Accra,Accra,2024-09-16,718
CUST_02537,21,Female,Greater Accra,Accra,2025-03-14,539
CUST_02538,27,Female,Bono East,Atebubu,2026-07-05,61
CUST_02539,35,Female,Central,Kasoa,2025-02-21,560
CUST_02540,58,Male,Eastern,Suhum,2025-01-26,586
CUST_02541,25,Other,Greater Accra,Tema,2025-07-02,429
CUST_02542,54,Female,Western,Tarkwa,2025-01-31,581
CUST_02543,54,Male,Bono East,Atebubu,2024-08-17,748
CUST_02544,33,Male,Bono,Berekum,2025-08-20,380
CUST_02545,31,Male,Western,Sekondi,2026-07-29,37
CUST_02546,27,Female,Greater Accra,Tema,2025-12-11,267
CUST_02547,33,Male,Greater Accra,Ashaiman,2026-08-03,32
CUST_02548,19,Male,Greater Accra,Accra,2026-02-07,209
CUST_02549,33,Female,Ashanti,Kumasi,2026-02-07,209
CUST_02550,48,Female,Greater Accra,Accra,2026-08-08,27
CUST_02551,27,Female,Ashanti,Bekwai,2026-03-17,171
CUST_02552,31,Female,Ashanti,Kumasi,2026-07-19,47
CUST_02553,18,Male,Upper West,Lawra,2024-11-13,660
CUST_02554,37,Female,Western,Sekondi,2023-06-12,1180
CUST_02555,36,Male,Bono,Sunyani,2026-08-05,30
CUST_02556,34,Female,Volta,Keta,2023-04-12,1241
CUST_02557,31,Female,Greater Accra,Accra,2025-11-13,295
CUST_02558,31,Male,Northern,Yendi,2026-04-15,142
CUST_02559,39,Other,Ashanti,Konongo,2026-08-04,31
CUST_02560,33,Female,Western,Axim,2025-12-01,277
CUST_02561,37,Male,Ashanti,Kumasi,2024-12-11,632
CUST_02562,36,Female,North East,Walewale,2025-05-01,491
CUST_02563,45,Female,Ashanti,Ejisu,2026-08-15,20
CUST_02564,40,Female,Ashanti,Mampong,2026-08-05,30
CUST_02565,35,Female,Upper West,Wa,2026-02-10,206
CUST_02566,49,Female,Greater Accra,Tema,2026-04-18,139
CUST_02567,38,Male,Volta,Kpando,2026-05-22,105
CUST_02568,47,Male,Northern,Savelugu,2026-04-26,131
CUST_02569,40,Male,Bono,Sunyani,2024-11-23,650
CUST_02570,18,Male,Savannah,Damongo,2023-10-11,1059
CUST_02571,47,Female,Savannah,Damongo,2026-02-09,207
CUST_02572,35,Male,Greater Accra,Accra,2024-02-01,946
CUST_02573,33,Male,Bono,Sunyani,2026-04-02,155
CUST_02574,36,Male,Western,Takoradi,2025-12-20,258
CUST_02575,30,Female,Western,Axim,2026-05-25,102
CUST_02576,36,Female,Greater Accra,Accra,2025-07-22,409
CUST_02577,28,Male,Western,Tarkwa,2023-01-03,1340
CUST_02578,46,Female,Savannah,Damongo,2025-08-30,370
CUST_02579,32,Male,Ahafo,Goaso,2026-03-11,177
CUST_02580,30,Female,Eastern,Koforidua,2025-07-14,417
CUST_02581,24,Male,Greater Accra,Accra,2026-07-14,52
CUST_02582,36,Female,Ashanti,Konongo,2024-04-09,878
CUST_02583,35,Female,Bono,Dormaa Ahenkro,2025-11-29,279
CUST_02584,37,Female,Volta,Ho,2026-01-09,238
CUST_02585,23,Male,Eastern,Akim Oda,2025-09-17,352
CUST_02586,18,Female,Greater Accra,Tema,2025-08-08,392
CUST_02587,40,Female,Eastern,Suhum,2026-08-06,29
CUST_02588,48,Female,Eastern,Akosombo,2025-06-02,459
CUST_02589,23,Male,Ahafo,Goaso,2026-05-17,110
CUST_02590,49,Male,Western,Tarkwa,2025-04-22,500
CUST_02591,36,Female,Ashanti,Mampong,2024-10-13,691
CUST_02592,33,Male,Central,Cape Coast,2024-11-22,651
CUST_02593,30,Male,Greater Accra,Tema,2025-10-18,321
CUST_02594,20,Male,Savannah,Bole,2025-11-15,293
CUST_02595,43,Female,Ashanti,Konongo,2026-07-05,61
CUST_02596,26,Male,Eastern,Akim Oda,2025-01-15,597
CUST_02597,26,Female,Ashanti,Obuasi,2026-05-01,126
CUST_02598,43,Male,Volta,Ho,2025-12-04,274
CUST_02599,18,Male,Volta,Hohoe,2026-04-24,133
CUST_02600,18,Male,Volta,Keta,2026-07-09,57
CUST_02601,33,Male,Ashanti,Kumasi,2025-08-03,397
CUST_02602,36,Female,Ashanti,Konongo,2026-08-13,22
CUST_02603,38,Female,Greater Accra,Teshie,2025-03-01,552
CUST_02604,30,Female,Western,Takoradi,2026-04-05,152
CUST_02605,59,Male,Greater Accra,Tema,2026-09-04,0
CUST_02606,31,Female,Western,Sekondi,2025-11-22,286
CUST_02607,31,Female,Bono East,Kintampo,2026-08-16,19
CUST_02608,26,Female,Western North,Sefwi Wiawso,2026-04-28,129
CUST_02609,35,Female,Eastern,Nkawkaw,2025-05-01,491
CUST_02610,40,Male,Eastern,Suhum,2026-08-10,25
CUST_02611,46,Female,Greater Accra,Tema,2024-09-03,731
CUST_02612,19,Male,Volta,Kpando,2026-09-03,1
CUST_02613,31,Male,,,2026-05-14,113
CUST_02614,38,Female,Ashanti,Kumasi,2025-03-13,540
CUST_02615,39,Female,Eastern,Koforidua,2026-04-05,152
CUST_02616,34,Female,Bono,Dormaa Ahenkro,2026-07-24,42
CUST_02617,39,Male,Bono East,Atebubu,2026-03-10,178
CUST_02618,25,Male,Ashanti,Kumasi,2026-05-01,126
CUST_02619,49,Male,Central,Cape Coast,2024-08-26,739
CUST_02620,43,Female,Greater Accra,Accra,2026-04-07,150
CUST_02621,20,Male,,,2024-12-21,622
CUST_02622,23,Female,Ahafo,Goaso,2024-03-29,889
CUST_02623,23,Male,Bono,Berekum,2026-01-20,227
CUST_02624,40,Female,Northern,Savelugu,2024-01-16,962
CUST_02625,21,Female,Greater Accra,Accra,2026-02-27,189
CUST_02626,30,Male,Bono,Berekum,2023-01-13,1330
CUST_02627,38,Male,Eastern,Koforidua,2026-07-29,37
CUST_02628,33,Female,Ashanti,Mampong,2025-05-28,464
CUST_02629,36,Female,Central,Cape Coast,2025-12-06,272
CUST_02630,23,Female,Greater Accra,Madina,2026-02-20,196
CUST_02631,39,Female,,,2025-07-31,400
CUST_02632,27,Male,Central,Cape Coast,2025-05-06,486
CUST_02633,30,Female,Greater Accra,Accra,2026-09-03,1
CUST_02634,36,Male,Greater Accra,Tema,2026-06-23,73
CUST_02635,35,Female,Greater Accra,Accra,2025-04-23,499
CUST_02636,34,Male,Greater Accra,Ashaiman,2025-06-22,439
CUST_02637,26,Female,Central,Elmina,2023-01-03,1340
CUST_02638,31,Male,Bono,Sunyani,2025-02-09,572
CUST_02639,34,Male,Greater Accra,Madina,2023-05-19,1204
CUST_02640,20,Male,Greater Accra,Madina,2025-05-08,484
CUST_02641,29,Female,Central,Elmina,2026-04-16,141
CUST_02642,37,Female,Bono,Sunyani,2026-07-22,44
CUST_02643,21,Female,Ashanti,Kumasi,2025-01-04,608
CUST_02644,45,Male,Ashanti,Kumasi,2025-07-18,413
CUST_02645,46,Female,Western,Sekondi,2026-08-16,19
CUST_02646,21,Female,Ashanti,Kumasi,2026-03-10,178
CUST_02647,47,Male,Greater Accra,Tema,2023-03-28,1256
CUST_02648,32,Male,Northern,Tamale,2025-12-01,277
CUST_02649,38,Female,,,2026-01-21,226
CUST_02650,29,Male,Central,Cape Coast,2026-01-03,244
CUST_02651,43,Male,Northern,Tamale,2026-06-03,93
CUST_02652,38,Female,Volta,Hohoe,2026-03-05,183
CUST_02653,25,Male,Greater Accra,Accra,2026-03-04,184
CUST_02654,22,Female,Ashanti,Obuasi,2026-08-14,21
CUST_02655,19,Female,Greater Accra,Accra,2025-01-29,583
CUST_02656,35,Female,Greater Accra,Tema,2026-02-01,215
CUST_02657,39,Female,Volta,Hohoe,2024-10-14,690
CUST_02658,40,Male,Bono East,Techiman,2024-08-06,759
CUST_02659,32,Female,Oti,Dambai,2026-06-01,95
CUST_02660,22,Male,Western,Axim,2025-07-03,428
CUST_02661,27,Female,Greater Accra,Tema,2025-12-23,255
CUST_02662,45,Other,Greater Accra,Tema,2024-05-09,848
CUST_02663,29,Female,Upper East,Bolgatanga,2026-05-30,97
CUST_02664,35,Female,Central,Kasoa,2025-06-08,453
CUST_02665,23,Male,Western,Sekondi,2025-08-26,374
CUST_02666,37,Male,Upper East,Bawku,2026-04-18,139
CUST_02667,29,Female,Volta,Aflao,2026-07-08,58
CUST_02668,44,Male,Bono,Sunyani,2025-07-10,421
CUST_02669,41,Female,Greater Accra,Accra,2025-03-17,536
CUST_02670,29,Male,Northern,Savelugu,2026-04-06,151
CUST_02671,32,Female,Bono,Dormaa Ahenkro,2025-07-17,414
CUST_02672,28,Male,Ashanti,Kumasi,2026-02-15,201
CUST_02673,19,Female,Western,Sekondi,2025-04-23,499
CUST_02674,25,Female,Ashanti,Kumasi,2026-06-08,88
CUST_02675,35,Male,Oti,Dambai,2024-04-04,883
CUST_02676,37,Male,Greater Accra,Accra,2026-04-22,135
CUST_02677,35,Male,Central,Cape Coast,2026-03-05,183
CUST_02678,30,Male,Greater Accra,Madina,2026-08-12,23
CUST_02679,43,Male,Volta,Hohoe,2026-07-19,47
CUST_02680,34,Male,Greater Accra,Accra,2025-11-18,290
CUST_02681,41,Female,Ashanti,Kumasi,2026-05-03,124
CUST_02682,18,Male,Eastern,Akosombo,2024-09-13,721
CUST_02683,18,Other,Ahafo,Goaso,2026-08-30,5
CUST_02684,36,Female,Ashanti,Ejisu,2026-02-26,190
CUST_02685,19,Male,Greater Accra,Accra,2026-03-24,164
CUST_02686,31,Male,Northern,Yendi,2026-08-28,7
CUST_02687,30,Female,Eastern,Koforidua,2026-07-13,53
CUST_02688,49,Male,Ahafo,Goaso,2026-02-03,213
CUST_02689,37,Female,Greater Accra,Accra,2025-12-07,271
CUST_02690,35,Female,Western,Takoradi,2026-02-09,207
CUST_02691,42,Male,Ashanti,Kumasi,2025-11-06,302
CUST_02692,37,Female,Greater Accra,Madina,2025-09-08,361
CUST_02693,29,Male,Volta,Ho,2026-09-01,3
CUST_02694,44,Male,Western,Takoradi,2025-12-29,249
CUST_02695,22,Female,Northern,Yendi,2023-01-19,1324
CUST_02696,37,Female,Ashanti,Ejisu,2025-11-16,292
CUST_02697,18,Female,Eastern,Suhum,2025-06-09,452
CUST_02698,36,Female,Ashanti,Obuasi,2026-04-08,149
CUST_02699,35,Female,Savannah,Damongo,2025-01-18,594
CUST_02700,50,Female,Ashanti,Obuasi,2025-01-20,592
CUST_02701,18,Male,Ashanti,Bekwai,2025-11-14,294
CUST_02702,27,Female,Ashanti,Mampong,2023-01-03,1340
CUST_02703,42,Female,Central,Kasoa,2026-07-13,53
CUST_02704,37,Male,Ashanti,Kumasi,2026-08-29,6
CUST_02705,35,Female,Ahafo,Goaso,2025-01-24,588
CUST_02706,24,Male,Ashanti,Obuasi,2024-11-15,658
CUST_02707,28,Female,Western North,Bibiani,2026-07-15,51
CUST_02708,46,Female,Greater Accra,Tema,2026-05-04,123
CUST_02709,33,Female,Western,Takoradi,2026-08-28,7
CUST_02710,37,Male,Western North,Bibiani,2026-04-19,138
CUST_02711,32,Female,Greater Accra,Ashaiman,2025-01-19,593
CUST_02712,22,Male,Oti,Dambai,2025-11-17,291
CUST_02713,43,Female,Eastern,Nkawkaw,2026-03-17,171
CUST_02714,39,Female,Upper West,Wa,2026-03-03,185
CUST_02715,57,Female,Volta,Kpando,2026-09-04,0
CUST_02716,23,Female,Ashanti,Mampong,2026-04-15,142
CUST_02717,42,Female,Greater Accra,Tema,2025-07-16,415
CUST_02718,20,Male,Ashanti,Ejisu,2023-01-03,1340
CUST_02719,35,Male,Greater Accra,Teshie,2024-08-14,751
CUST_02720,43,Female,Greater Accra,Tema,2026-08-26,9
CUST_02721,18,Female,Greater Accra,Accra,2024-03-03,915
CUST_02722,31,Male,Eastern,Akosombo,2025-01-01,611
CUST_02723,28,Female,Upper East,Bolgatanga,2025-01-06,606
CUST_02724,26,Male,Greater Accra,Accra,2026-01-03,244
CUST_02725,37,Male,Greater Accra,Teshie,2026-02-13,203
CUST_02726,45,Female,Western,Tarkwa,2026-04-13,144
CUST_02727,32,Male,Greater Accra,Tema,2026-08-08,27
CUST_02728,36,Male,Greater Accra,Accra,2026-05-24,103
CUST_02729,35,Male,Greater Accra,Accra,2026-05-14,113
CUST_02730,34,Female,Ahafo,Goaso,2025-12-14,264
CUST_02731,23,Other,Bono,Sunyani,2025-03-03,550
CUST_02732,45,Female,Ashanti,Konongo,2025-12-22,256
CUST_02733,36,Male,Western,Takoradi,2026-08-12,23
CUST_02734,37,Female,Central,Kasoa,2023-03-18,1266
CUST_02735,25,Female,Volta,Hohoe,2023-07-19,1143
CUST_02736,29,Female,Volta,Kpando,2024-12-28,615
CUST_02737,32,Female,Western,Sekondi,2023-01-03,1340
CUST_02738,18,Male,Ashanti,Kumasi,2025-10-25,314
CUST_02739,18,Male,Greater Accra,Accra,2023-01-27,1316
CUST_02740,27,Male,Eastern,Nkawkaw,2026-08-04,31
CUST_02741,39,Male,Western North,Bibiani,2026-03-06,182
CUST_02742,27,Female,Central,Kasoa,2026-05-25,102
CUST_02743,23,Female,Bono,Sunyani,2026-06-09,87
CUST_02744,25,Female,North East,Nalerigu,2026-07-06,60
CUST_02745,29,Male,Greater Accra,Tema,2025-08-11,389
CUST_02746,30,Male,Volta,Hohoe,2025-01-04,608
CUST_02747,55,Male,Volta,Ho,2025-09-24,345
CUST_02748,44,Male,,,2026-07-03,63
CUST_02749,44,Male,North East,Nalerigu,2024-11-07,666
CUST_02750,45,Female,Volta,Ho,2025-07-27,404
CUST_02751,24,Male,Ashanti,Ejisu,2026-02-20,196
CUST_02752,21,Other,Upper East,Bolgatanga,2025-06-13,448
CUST_02753,22,Male,Greater Accra,Accra,2026-05-07,120
CUST_02754,47,Female,Upper East,Bolgatanga,2026-03-19,169
CUST_02755,28,Female,Ahafo,Hwidiem,2023-12-12,997
CUST_02756,21,Male,Ashanti,Mampong,2026-04-20,137
CUST_02757,29,Female,Western,Takoradi,2025-12-25,253
CUST_02758,31,Female,,,2024-04-04,883
CUST_02759,36,Female,Eastern,Koforidua,2025-04-30,492
CUST_02760,36,Female,Ashanti,Obuasi,2026-08-10,25
CUST_02761,25,Male,Northern,Tamale,2026-07-03,63
CUST_02762,40,Female,Upper West,Lawra,2026-09-01,3
CUST_02763,27,Female,Upper West,Wa,2025-08-02,398
CUST_02764,32,Male,Greater Accra,Teshie,2026-01-10,237
CUST_02765,40,Male,Bono East,Techiman,2026-07-09,57
CUST_02766,27,Female,,,2023-03-17,1267
CUST_02767,28,Male,Ashanti,Konongo,2025-11-07,301
CUST_02768,39,Female,Greater Accra,Accra,2026-05-17,110
CUST_02769,25,Female,Ashanti,Kumasi,2025-12-01,277
CUST_02770,30,Female,Ahafo,Goaso,2025-06-06,455
CUST_02771,39,Male,Western,Takoradi,2026-08-04,31
CUST_02772,54,Male,Northern,Tamale,2026-04-29,128
CUST_02773,40,Male,Ashanti,Obuasi,2024-11-16,657
CUST_02774,38,Female,Volta,Hohoe,2026-01-01,246
CUST_02775,39,Female,Greater Accra,Dansoman,2025-10-23,316
CUST_02776,23,Female,Ashanti,Kumasi,2026-01-21,226
CUST_02777,35,Female,Western,Axim,2026-08-18,17
CUST_02778,33,Male,Greater Accra,Accra,2026-06-24,72
CUST_02779,37,Male,Bono,Berekum,2026-01-12,235
CUST_02780,35,Female,Ashanti,Kumasi,2026-06-03,93
CUST_02781,37,Female,Western,Takoradi,2026-08-15,20
CUST_02782,30,Male,Ashanti,Mampong,2024-08-23,742
CUST_02783,34,Male,Western,Takoradi,2023-01-03,1340
CUST_02784,21,Male,Greater Accra,Madina,2024-12-13,630
CUST_02785,30,Male,Greater Accra,Tema,2024-07-27,769
CUST_02786,47,Female,Western North,Bibiani,2026-05-17,110
CUST_02787,37,Female,Ashanti,Obuasi,2023-02-19,1293
CUST_02788,33,Female,Bono,Berekum,2026-06-09,87
CUST_02789,52,Female,North East,Nalerigu,2023-05-14,1209
CUST_02790,20,Female,Ashanti,Ejisu,2023-01-03,1340
CUST_02791,22,Female,Ashanti,Mampong,2025-04-25,497
CUST_02792,51,Male,Volta,Ho,2023-01-03,1340
CUST_02793,34,Female,Oti,Dambai,2025-10-02,337
CUST_02794,31,Male,Ahafo,Kenyasi,2026-05-07,120
CUST_02795,22,Male,Eastern,Akim Oda,2026-01-18,229
CUST_02796,38,Male,Upper East,Bolgatanga,2025-09-09,360
CUST_02797,39,Female,Greater Accra,Accra,2026-08-05,30
CUST_02798,23,Male,Savannah,Damongo,2025-08-11,389
CUST_02799,32,Male,Oti,Dambai,2023-01-03,1340
CUST_02800,30,Male,Greater Accra,Tema,2026-06-12,84
CUST_02801,36,Female,Ashanti,Konongo,2024-12-14,629
CUST_02802,22,Female,Greater Accra,Accra,2024-01-25,953
CUST_02803,46,Female,Ashanti,Obuasi,2023-07-12,1150
CUST_02804,43,Male,Bono,Dormaa Ahenkro,2023-02-24,1288
CUST_02805,30,Male,Ashanti,Ejisu,2025-11-14,294
CUST_02806,31,Female,Greater Accra,Ashaiman,2023-01-03,1340
CUST_02807,32,Male,Ashanti,Kumasi,2025-02-15,566
CUST_02808,26,Female,Savannah,Bole,2026-06-26,70
CUST_02809,29,Female,Western,Takoradi,2025-12-19,259
CUST_02810,31,Female,Eastern,Koforidua,2025-04-16,506
CUST_02811,50,Female,Greater Accra,Accra,2026-05-14,113
CUST_02812,43,Male,North East,Nalerigu,2025-07-22,409
CUST_02813,43,Male,Bono,Dormaa Ahenkro,2025-06-22,439
CUST_02814,37,Female,Ashanti,Kumasi,2026-06-25,71
CUST_02815,22,Male,Greater Accra,Madina,2025-10-06,333
CUST_02816,33,Male,Greater Accra,Madina,2025-01-22,590
CUST_02817,43,Male,Greater Accra,Tema,2025-12-02,276
CUST_02818,21,Male,Central,Kasoa,2026-08-31,4
CUST_02819,40,Male,Ahafo,Kenyasi,2026-09-01,3
CUST_02820,57,Male,Eastern,Koforidua,2026-03-12,176
CUST_02821,44,Female,Bono,Sunyani,2023-10-28,1042
CUST_02822,48,Female,Eastern,Suhum,2026-05-24,103
CUST_02823,36,Female,Volta,Ho,2025-07-29,402
CUST_02824,43,Female,Northern,Tamale,2026-05-27,100
CUST_02825,26,Male,Greater Accra,Teshie,2026-04-02,155
CUST_02826,41,Male,Ashanti,Kumasi,2024-08-12,753
CUST_02827,40,Male,Western,Tarkwa,2025-03-31,522
CUST_02828,36,Female,Greater Accra,Accra,2026-07-26,40
CUST_02829,47,Female,Ashanti,Kumasi,2026-01-24,223
CUST_02830,28,Male,Central,Cape Coast,2026-08-24,11
CUST_02831,32,Male,North East,Nalerigu,2025-12-16,262
CUST_02832,34,Other,Eastern,Akim Oda,2025-06-27,434
CUST_02833,23,Female,Bono,Berekum,2026-07-16,50
CUST_02834,36,Female,Eastern,Akim Oda,2026-04-21,136
CUST_02835,18,Male,Upper East,Navrongo,2026-02-14,202
CUST_02836,44,Male,Western,Takoradi,2023-12-02,1007
CUST_02837,34,Female,Western North,Bibiani,2023-01-03,1340
CUST_02838,28,Female,Eastern,Nkawkaw,2026-08-17,18
CUST_02839,25,Female,Western,Axim,2025-02-09,572
CUST_02840,31,Female,Western,Takoradi,2026-03-03,185
CUST_02841,40,Female,Eastern,Nkawkaw,2026-02-17,199
CUST_02842,39,Female,Greater Accra,Teshie,2025-02-20,561
CUST_02843,26,Male,Greater Accra,Accra,2023-12-07,1002
CUST_02844,25,Male,Greater Accra,Teshie,2023-05-18,1205
CUST_02845,40,Female,Bono East,Techiman,2025-09-25,344
CUST_02846,26,Male,Ashanti,Konongo,2026-03-12,176
CUST_02847,34,Female,Ashanti,Bekwai,2024-12-24,619
CUST_02848,35,Female,Northern,Yendi,2026-05-12,115
CUST_02849,37,Other,Ashanti,Kumasi,2025-10-07,332
CUST_02850,42,Male,Eastern,Koforidua,2026-03-11,177
CUST_02851,21,Male,Greater Accra,Teshie,2025-07-04,427
CUST_02852,18,Female,Oti,Nkwanta,2026-05-18,109
CUST_02853,28,Female,Bono,Sunyani,2026-06-11,85
CUST_02854,52,Female,Bono East,Kintampo,2023-12-08,1001
CUST_02855,54,Male,Ashanti,Obuasi,2026-07-24,42
CUST_02856,52,Male,,,2025-11-26,282
CUST_02857,32,Female,Greater Accra,Accra,2026-05-28,99
CUST_02858,18,Female,Greater Accra,Accra,2026-08-20,15
CUST_02859,18,Female,Greater Accra,Tema,2026-08-21,14
CUST_02860,27,Male,Central,Winneba,2026-06-19,77
CUST_02861,32,Male,Eastern,Akim Oda,2024-06-20,806
CUST_02862,47,Male,Central,Elmina,2026-04-25,132
CUST_02863,42,Other,Greater Accra,Teshie,2023-05-22,1201
CUST_02864,36,Female,Eastern,Nkawkaw,2025-09-21,348
CUST_02865,25,Male,Volta,Ho,2026-01-18,229
CUST_02866,24,Male,Eastern,Nkawkaw,2025-09-22,347
CUST_02867,36,Female,Northern,Tamale,2025-11-18,290
CUST_02868,40,Male,Ashanti,Obuasi,2025-02-13,568
CUST_02869,37,Female,Upper East,Bawku,2026-04-25,132
CUST_02870,23,Female,Central,Kasoa,2026-03-14,174
CUST_02871,40,Male,Ashanti,Bekwai,2024-03-20,898
CUST_02872,38,Male,Ashanti,Kumasi,2023-06-22,1170
CUST_02873,23,Female,Western,Tarkwa,2024-03-26,892
CUST_02874,26,Male,Bono,Sunyani,2026-01-30,217
CUST_02875,40,Male,Eastern,Suhum,2025-01-06,606
CUST_02876,31,Female,Ashanti,Kumasi,2025-12-20,258
CUST_02877,49,Female,Bono East,Techiman,2025-12-03,275
CUST_02878,39,Female,Volta,Ho,2026-06-05,91
CUST_02879,29,Male,Eastern,Akim Oda,2025-09-12,357
CUST_02880,33,Male,Eastern,Koforidua,2026-06-14,82
CUST_02881,34,Male,Greater Accra,Tema,2026-03-27,161
CUST_02882,26,Male,Western,Sekondi,2024-07-24,772
CUST_02883,24,Female,Ashanti,Kumasi,2026-06-04,92
CUST_02884,41,Male,North East,Nalerigu,2026-08-06,29
CUST_02885,42,Female,Eastern,Akosombo,2026-08-07,28
CUST_02886,40,Male,Eastern,Nkawkaw,2023-08-01,1130
CUST_02887,49,Male,Central,Elmina,2025-11-26,282
CUST_02888,28,Other,Ahafo,Kenyasi,2026-02-06,210
CUST_02889,50,Male,Upper East,Bolgatanga,2024-11-07,666
CUST_02890,24,Male,Eastern,Koforidua,2024-09-12,722
CUST_02891,23,Male,Volta,Ho,2026-03-27,161
CUST_02892,18,Male,Central,Elmina,2025-05-19,473
CUST_02893,29,Female,Eastern,Suhum,2025-01-23,589
CUST_02894,28,Male,Greater Accra,Tema,2025-07-06,425
CUST_02895,39,Female,Eastern,Koforidua,2026-07-01,65
CUST_02896,36,Female,Ashanti,Kumasi,2024-05-23,834
CUST_02897,22,Female,Ahafo,Goaso,2025-10-30,309
CUST_02898,30,Male,Ashanti,Obuasi,2026-04-25,132
CUST_02899,30,Female,Oti,Dambai,2026-01-26,221
CUST_02900,18,Male,Central,Swedru,2026-08-20,15
CUST_02901,24,Female,Western,Sekondi,2026-07-12,54
CUST_02902,26,Female,Central,Swedru,2025-02-01,580
CUST_02903,48,Male,Greater Accra,Ashaiman,2026-09-04,0
CUST_02904,35,Female,Ashanti,Konongo,2026-02-01,215
CUST_02905,40,Female,Greater Accra,Madina,2025-11-13,295
CUST_02906,19,Female,Western,Tarkwa,2026-08-13,22
CUST_02907,45,Male,Eastern,Nkawkaw,2023-01-03,1340
CUST_02908,47,Female,Northern,Yendi,2026-05-25,102
CUST_02909,18,Female,Ashanti,Obuasi,2026-04-12,145
CUST_02910,26,Male,Greater Accra,Dansoman,2026-04-13,144
CUST_02911,38,Female,Ashanti,Konongo,2026-05-23,104
CUST_02912,40,Male,Ahafo,Kenyasi,2026-09-04,0
CUST_02913,27,Male,Volta,Kpando,2025-03-31,522
CUST_02914,30,Female,Eastern,Koforidua,2023-01-03,1340
CUST_02915,28,Female,Central,Cape Coast,2026-05-26,101
CUST_02916,35,Female,Greater Accra,Tema,2025-06-26,435
CUST_02917,45,Female,Savannah,Damongo,2025-03-12,541
CUST_02918,26,Male,Volta,Aflao,2024-08-11,754
CUST_02919,44,Male,Ashanti,Kumasi,2026-01-28,219
CUST_02920,26,Female,Central,Winneba,2026-04-13,144
CUST_02921,25,Male,Greater Accra,Tema,2026-03-31,157
CUST_02922,42,Female,Oti,Dambai,2025-04-24,498
CUST_02923,43,Female,Greater Accra,Madina,2024-10-26,678
CUST_02924,42,Male,,,2026-06-16,80
CUST_02925,20,Male,Ashanti,Kumasi,2026-03-03,185
CUST_02926,29,Female,Volta,Keta,2024-02-19,928
CUST_02927,42,Female,Northern,Yendi,2024-11-16,657
CUST_02928,34,Female,Volta,Ho,2023-01-03,1340
CUST_02929,23,Female,Western,Takoradi,2025-02-20,561
CUST_02930,38,Female,Western North,Enchi,2026-02-17,199
CUST_02931,26,Male,Greater Accra,Accra,2025-09-12,357
CUST_02932,51,Male,Ashanti,Kumasi,2025-06-29,432
CUST_02933,49,Male,Ashanti,Kumasi,2026-08-03,32
CUST_02934,40,Male,North East,Walewale,2025-10-25,314
CUST_02935,47,Male,Ashanti,Ejisu,2025-04-28,494
CUST_02936,34,Male,Northern,Yendi,2026-06-23,73
CUST_02937,41,Male,Volta,Ho,2025-01-06,606
CUST_02938,48,Male,Ashanti,Mampong,2025-09-19,350
CUST_02939,36,Female,Ashanti,Kumasi,2023-05-07,1216
CUST_02940,31,Female,Ashanti,Kumasi,2026-08-18,17
CUST_02941,18,Male,Eastern,Akim Oda,2026-05-04,123
CUST_02942,33,Female,Ashanti,Kumasi,2025-09-01,368
CUST_02943,42,Male,Greater Accra,Teshie,2026-04-17,140
CUST_02944,43,Female,Bono East,Atebubu,2025-04-21,501
CUST_02945,39,Male,Oti,Dambai,2025-02-12,569
CUST_02946,28,Female,Ashanti,Mampong,2026-07-23,43
CUST_02947,18,Male,Ashanti,Konongo,2025-11-20,288
CUST_02948,29,Female,Greater Accra,Dansoman,2025-11-24,284
CUST_02949,30,Male,Volta,Ho,2026-03-04,184
CUST_02950,30,Female,Bono,Berekum,2023-09-20,1080
CUST_02951,40,Male,Greater Accra,Accra,2024-10-02,702
CUST_02952,53,Male,Greater Accra,Ashaiman,2025-05-15,477
CUST_02953,35,Female,Upper East,Bolgatanga,2025-04-21,501
CUST_02954,31,Male,Western,Sekondi,2025-12-31,247
CUST_02955,31,Female,Greater Accra,Accra,2023-11-24,1015
CUST_02956,35,Male,Western,Takoradi,2025-05-18,474
CUST_02957,25,Male,Ashanti,Ejisu,2025-03-31,522
CUST_02958,35,Female,Ashanti,Mampong,2024-07-05,791
CUST_02959,38,Male,Northern,Yendi,2026-04-29,128
CUST_02960,36,Male,Upper East,Navrongo,2024-11-15,658
CUST_02961,38,Female,Ashanti,Kumasi,2026-06-10,86
CUST_02962,38,Female,Upper West,Wa,2026-03-19,169
CUST_02963,18,Female,Ashanti,Obuasi,2026-03-25,163
CUST_02964,40,Male,Northern,Tamale,2023-01-03,1340
CUST_02965,27,Female,Eastern,Nkawkaw,2024-07-20,776
CUST_02966,23,Male,Western North,Bibiani,2025-05-09,483
CUST_02967,22,Male,Western North,Bibiani,2025-04-03,519
CUST_02968,38,Female,Greater Accra,Madina,2025-10-09,330
CUST_02969,31,Male,Upper West,Lawra,2023-06-17,1175
CUST_02970,18,Male,Bono,Sunyani,2025-12-04,274
CUST_02971,38,Male,Upper East,Bolgatanga,2026-02-25,191
CUST_02972,19,Female,Greater Accra,Tema,2026-06-25,71
CUST_02973,35,Female,Upper East,Bolgatanga,2024-12-26,617
CUST_02974,36,Female,Bono,Sunyani,2025-03-23,530
CUST_02975,42,Male,Ashanti,Kumasi,2026-02-22,194
CUST_02976,51,Female,Oti,Nkwanta,2026-08-25,10
CUST_02977,20,Female,Greater Accra,Accra,2024-09-04,730
CUST_02978,33,Male,Greater Accra,Madina,2026-08-31,4
CUST_02979,31,Male,Central,Winneba,2025-05-06,486
CUST_02980,38,Male,Central,Kasoa,2023-01-03,1340
CUST_02981,36,Male,Western,Tarkwa,2026-01-17,230
CUST_02982,30,Female,Greater Accra,Madina,2026-05-20,107
CUST_02983,29,Male,Oti,Nkwanta,2025-05-04,488
CUST_02984,22,Male,Greater Accra,Tema,2024-10-25,679
CUST_02985,43,Female,Greater Accra,Accra,2025-10-23,316
CUST_02986,38,Female,Greater Accra,Madina,2023-01-03,1340
CUST_02987,43,Female,Central,Kasoa,2026-08-14,21
CUST_02988,30,Male,Upper West,Jirapa,2025-11-27,281
CUST_02989,27,Male,Volta,Aflao,2025-04-16,506
CUST_02990,23,Male,Bono,Berekum,2024-07-02,794
CUST_02991,37,Male,Greater Accra,Accra,2026-06-17,79
CUST_02992,23,Male,Central,Cape Coast,2024-11-30,643
CUST_02993,52,Female,Eastern,Koforidua,2025-10-18,321
CUST_02994,20,Male,Eastern,Akim Oda,2026-02-14,202
CUST_02995,36,Male,Greater Accra,Accra,2026-07-10,56
CUST_02996,49,Male,Volta,Hohoe,2024-06-25,801
CUST_02997,39,Female,,,2026-06-28,68
CUST_02998,35,Female,Northern,Savelugu,2026-04-09,148
CUST_02999,24,Female,Eastern,Koforidua,2026-04-20,137
CUST_03000,20,Male,Greater Accra,Dansoman,2024-06-06,820
