customer_id,churn,predicted_churn_proba,region,city,favorite_category,dominant_device,conversion_rate_delta,activity_momentum,browse_buy_gap_days,stale_cart_adds,total_spend,total_purchases,days_since_last_purchase
CUST_00001,1,0.78574246,Volta,Keta,Sports & Outdoors,Mobile,0.0,3.0,9984.0,0,0.0,0.0,9999.0
CUST_00002,1,0.59463704,Upper East,Bolgatanga,Fashion & Apparel,Tablet,-0.09523809523809523,0.2857142857142857,17.0,1,1055.96,4.0,22.0
CUST_00003,0,0.10534737,Ashanti,Mampong,Phones & Tablets,Mobile,0.5714285714285714,0.8333333333333334,61.0,0,694.23,4.0,72.0
CUST_00004,1,0.6375203,Unknown,Unknown,Fashion & Apparel,Desktop,0.0,0.6666666666666666,9982.0,4,0.0,0.0,9999.0
CUST_00008,1,0.43573627,Greater Accra,Accra,Fashion & Apparel,Mobile,0.1050420168067227,0.4,-7.0,0,370.34,6.0,2.0
CUST_00009,1,0.77454036,Volta,Keta,Phones & Tablets,Tablet,0.3333333333333333,1.5,67.0,2,58.44,1.0,71.0
CUST_00010,1,0.4988066,Greater Accra,Accra,Phones & Tablets,Desktop,0.6,0.5,26.0,2,307.71000000000004,3.0,51.0
CUST_00012,0,0.4475146,Ashanti,Mampong,Fashion & Apparel,Mobile,-0.45454545454545453,0.3157894736842105,407.0,1,2018.56,5.0,419.0
CUST_00013,1,0.5908757,Ashanti,Bekwai,Fashion & Apparel,Mobile,0.5735294117647058,0.44,37.0,1,1106.8899999999999,6.0,38.0
CUST_00014,1,0.7900166,Ashanti,Obuasi,None,None,0.0,1.0,0.0,0,0.0,0.0,9999.0
CUST_00017,1,0.68996406,Northern,Tamale,Phones & Tablets,Mobile,0.0,2.0,9968.0,0,0.0,0.0,9999.0
CUST_00018,0,0.36538747,Ashanti,Obuasi,Baby & Kids,Mobile,0.0,2.0,9991.0,3,0.0,0.0,9999.0
CUST_00019,0,0.16684298,Greater Accra,Tema,Phones & Tablets,Tablet,0.3333333333333333,1.0,-53.0,0,172.15,1.0,1.0
CUST_00020,0,0.6397675,Upper East,Bolgatanga,Baby & Kids,None,0.0,1.0,0.0,1,0.0,0.0,9999.0
CUST_00021,0,0.31582513,Ashanti,Kumasi,Fashion & Apparel,Desktop,-0.08333333333333331,0.47058823529411764,45.0,3,1710.6299999999999,6.0,49.0
CUST_00023,1,0.8201668,Volta,Kpando,None,Desktop,0.0,2.0,9976.0,0,0.0,0.0,9999.0
CUST_00024,1,0.38797924,Ashanti,Kumasi,Fashion & Apparel,Desktop,0.0,3.0,9986.0,4,0.0,0.0,9999.0
CUST_00025,0,0.05741141,Greater Accra,Accra,Electronics,Mobile,0.16666666666666669,1.5,-2.0,1,3233.77,5.0,4.0
CUST_00026,0,0.0076362453,Ashanti,Kumasi,Fashion & Apparel,Mobile,0.22417153996101363,0.5333333333333333,-7.0,1,15882.05,44.0,1.0
CUST_00028,1,0.851418,Western,Takoradi,Electronics,Mobile,0.0,2.5,9995.0,0,0.0,0.0,9999.0
CUST_00029,0,0.44750667,Unknown,Unknown,Health & Wellness,Mobile,0.0,0.75,9999.0,0,0.0,0.0,9999.0
CUST_00031,0,0.19237979,Greater Accra,Madina,Electronics,Mobile,0.4,1.0,35.0,2,681.23,2.0,47.0
CUST_00034,0,0.13464016,Greater Accra,Accra,Fashion & Apparel,Mobile,-0.06666666666666665,0.4444444444444444,45.0,4,745.98,5.0,47.0
CUST_00035,0,0.31745508,Ashanti,Ejisu,Fashion & Apparel,Mobile,-0.2727272727272727,0.23809523809523808,437.0,5,961.44,3.0,442.0
CUST_00036,1,0.8643359,Ashanti,Kumasi,Electronics,Mobile,-0.6,0.4,164.0,0,904.63,3.0,197.0
CUST_00037,1,0.6069807,Eastern,Akosombo,Beauty & Personal Care,Tablet,0.5,3.0,35.0,1,119.41,1.0,41.0
CUST_00039,0,0.34478962,Greater Accra,Accra,Fashion & Apparel,Mobile,0.0,0.4166666666666667,9983.0,6,0.0,0.0,9999.0
CUST_00040,1,0.47656557,Central,Swedru,Fashion & Apparel,Desktop,0.0,3.0,9966.0,0,0.0,0.0,9999.0
CUST_00042,0,0.50503194,Unknown,Unknown,Phones & Tablets,Mobile,0.0,0.6666666666666666,9922.0,2,0.0,0.0,9999.0
CUST_00044,1,0.88208294,Ashanti,Kumasi,Fashion & Apparel,Mobile,0.16666666666666669,0.3548387096774194,10.0,0,253.43,2.0,21.0
CUST_00045,0,0.6151086,Northern,Yendi,None,Desktop,0.0,2.0,9991.0,0,0.0,0.0,9999.0
CUST_00046,0,0.5636248,Unknown,Unknown,Fashion & Apparel,Mobile,0.3333333333333333,2.0,41.0,1,99.09,1.0,45.0
CUST_00047,0,0.43666223,Eastern,Koforidua,Electronics,Mobile,1.0,3.0,50.0,0,231.22,1.0,55.0
CUST_00048,0,0.4049689,Ashanti,Obuasi,Fashion & Apparel,Desktop,-0.25,1.6,134.0,4,56.25,1.0,135.0
CUST_00049,1,0.62544066,Ashanti,Mampong,Fashion & Apparel,Desktop,0.0,0.3333333333333333,9873.0,1,0.0,0.0,9999.0
CUST_00051,1,0.9011591,Greater Accra,Tema,Fashion & Apparel,Mobile,0.0,0.625,9997.0,1,0.0,0.0,9999.0
CUST_00052,1,0.85337776,Eastern,Suhum,Fashion & Apparel,Mobile,0.0,0.2777777777777778,9994.0,5,0.0,0.0,9999.0
CUST_00053,1,0.9150658,Ashanti,Obuasi,Fashion & Apparel,Mobile,0.20238095238095238,0.13793103448275862,-17.0,1,213.62,2.0,23.0
CUST_00054,0,0.24057496,Ashanti,Kumasi,Fashion & Apparel,Desktop,0.5714285714285714,0.38461538461538464,-13.0,0,6073.01,5.0,15.0
CUST_00055,1,0.7327259,Western,Axim,Fashion & Apparel,Mobile,0.3333333333333333,1.8,0.0,0,86.03,1.0,1.0
CUST_00056,0,0.19390747,Oti,Nkwanta,Fashion & Apparel,Mobile,0.018181818181818188,0.2857142857142857,48.0,1,478.99,5.0,48.0
CUST_00060,1,0.6914627,Oti,Jasikan,Electronics,Mobile,0.0,3.0,9988.0,0,0.0,0.0,9999.0
CUST_00061,0,0.5668498,Ashanti,Kumasi,None,Mobile,0.0,3.0,9986.0,0,0.0,0.0,9999.0
CUST_00062,1,0.5748712,Greater Accra,Accra,Sports & Outdoors,Desktop,0.0,2.0,9996.0,0,0.0,0.0,9999.0
CUST_00063,1,0.9102027,Western,Sekondi,Phones & Tablets,Mobile,-1.0,0.2222222222222222,145.0,0,61.81,1.0,214.0
CUST_00064,0,0.546566,Western,Sekondi,None,Tablet,0.0,5.0,9998.0,0,0.0,0.0,9999.0
CUST_00065,0,0.65526015,Western,Takoradi,None,Mobile,0.0,3.0,9990.0,0,0.0,0.0,9999.0
CUST_00066,0,0.3840707,Ashanti,Konongo,Home & Kitchen,Desktop,0.5,2.3333333333333335,34.0,0,276.96,1.0,40.0
CUST_00068,0,0.45727354,Oti,Dambai,Electronics,Mobile,0.0,0.6666666666666666,9999.0,2,0.0,0.0,9999.0
CUST_00070,1,0.973988,Volta,Ho,Home & Kitchen,Mobile,0.0,0.18181818181818182,9998.0,0,0.0,0.0,9999.0
CUST_00071,0,0.42203975,Volta,Kpando,Fashion & Apparel,Tablet,-0.2222222222222222,0.47368421052631576,291.0,7,174.26,2.0,292.0
CUST_00074,0,0.43989733,Ashanti,Obuasi,Fashion & Apparel,Desktop,0.0,0.10526315789473684,9952.0,5,0.0,0.0,9999.0
CUST_00075,0,0.45356724,Western,Takoradi,Phones & Tablets,Mobile,-0.25,0.5,12.0,1,224.0,2.0,15.0
CUST_00076,1,0.8396246,Bono East,Techiman,Beauty & Personal Care,Tablet,0.5,0.7142857142857143,-1.0,0,405.93,2.0,43.0
CUST_00077,0,0.2931316,Upper West,Wa,Electronics,Mobile,-0.19047619047619047,0.875,61.0,6,733.46,5.0,64.0
CUST_00079,1,0.32397014,Greater Accra,Tema,Beauty & Personal Care,Desktop,0.0,5.0,9971.0,0,0.0,0.0,9999.0
CUST_00081,0,0.3648315,Northern,Tamale,Fashion & Apparel,Mobile,0.5238095238095237,0.2962962962962963,8.0,0,555.01,5.0,9.0
CUST_00082,0,0.7068682,Bono East,Atebubu,Fashion & Apparel,Desktop,0.0,1.0,9961.0,0,0.0,0.0,9999.0
CUST_00083,0,0.63277227,Greater Accra,Accra,Fashion & Apparel,Mobile,0.0,2.0,9968.0,0,0.0,0.0,9999.0
CUST_00085,1,0.78720295,Volta,Ho,Fashion & Apparel,Mobile,0.0,2.0,9954.0,0,0.0,0.0,9999.0
CUST_00086,1,0.65489733,Volta,Hohoe,Fashion & Apparel,Mobile,0.0,4.0,9989.0,0,0.0,0.0,9999.0
CUST_00087,1,0.77387226,Ashanti,Konongo,Fashion & Apparel,Mobile,0.053571428571428575,0.7222222222222222,69.0,5,356.22,2.0,70.0
CUST_00088,0,0.15156832,Greater Accra,Accra,Phones & Tablets,Desktop,-0.11904761904761904,0.6666666666666666,34.0,2,382.03,3.0,34.0
CUST_00089,0,0.5235966,Central,Elmina,Fashion & Apparel,Mobile,0.0,0.5,9978.0,3,0.0,0.0,9999.0
CUST_00090,0,0.0056841606,Ashanti,Kumasi,Beauty & Personal Care,Desktop,0.0,2.3333333333333335,-26.0,3,6402.07,21.0,5.0
CUST_00092,1,0.6061566,Oti,Jasikan,Beauty & Personal Care,Desktop,-0.25,0.8333333333333334,132.0,5,817.64,1.0,138.0
CUST_00093,0,0.1401359,Ashanti,Kumasi,Fashion & Apparel,Mobile,-0.3333333333333333,0.3333333333333333,138.0,6,3038.45,6.0,149.0
CUST_00094,1,0.72943634,Bono,Berekum,Fashion & Apparel,Mobile,0.0,1.0,9987.0,7,0.0,0.0,9999.0
CUST_00095,0,0.4172673,Greater Accra,Accra,Fashion & Apparel,Tablet,0.21904761904761905,0.6521739130434783,16.0,1,461.44,3.0,22.0
CUST_00096,0,0.19134061,Volta,Aflao,Phones & Tablets,Mobile,0.3333333333333333,2.5,13.0,1,554.58,1.0,32.0
CUST_00097,1,0.77158016,Savannah,Damongo,Sports & Outdoors,Mobile,0.0,2.0,9994.0,4,0.0,0.0,9999.0
CUST_00098,0,0.46568167,Greater Accra,Teshie,Fashion & Apparel,Mobile,0.0,1.0,9999.0,1,0.0,0.0,9999.0
CUST_00102,0,0.43839937,Northern,Yendi,Home & Kitchen,Mobile,0.0,2.3333333333333335,9989.0,3,0.0,0.0,9999.0
CUST_00103,0,0.64912236,Ahafo,Goaso,Baby & Kids,None,0.0,1.0,0.0,1,0.0,0.0,9999.0
CUST_00104,1,0.57581663,Eastern,Suhum,Fashion & Apparel,Desktop,0.125,2.0,79.0,7,84.98,1.0,81.0
CUST_00105,1,0.75232035,Ashanti,Kumasi,Fashion & Apparel,Mobile,-0.38461538461538464,0.2857142857142857,109.0,4,736.6199999999999,5.0,113.0
CUST_00106,0,0.57703716,Eastern,Koforidua,None,None,0.0,1.0,0.0,0,0.0,0.0,9999.0
CUST_00107,1,0.6905968,Northern,Tamale,Beauty & Personal Care,Desktop,0.0,6.0,9999.0,2,0.0,0.0,9999.0
CUST_00108,1,0.7351816,Greater Accra,Accra,Electronics,Mobile,0.0,0.3,9981.0,0,0.0,0.0,9999.0
CUST_00109,1,0.6143226,Central,Cape Coast,None,None,0.0,1.0,0.0,0,0.0,0.0,9999.0
CUST_00111,1,0.58148104,Unknown,Unknown,Electronics,Tablet,0.0,2.0,9981.0,0,0.0,0.0,9999.0
CUST_00113,1,0.9670748,Volta,Kpando,Fashion & Apparel,Mobile,-0.4,0.2222222222222222,15.0,0,1485.1599999999999,2.0,102.0
CUST_00114,0,0.20031884,Greater Accra,Tema,Fashion & Apparel,Desktop,0.0888888888888889,0.47368421052631576,10.0,2,4641.42,8.0,10.0
CUST_00115,0,0.34544918,Greater Accra,Accra,Electronics,Desktop,0.0,1.5,9996.0,7,0.0,0.0,9999.0
CUST_00116,1,0.46844816,Bono East,Kintampo,Fashion & Apparel,Tablet,-0.2,0.5,122.0,4,383.28,2.0,134.0
CUST_00117,1,0.61013603,Northern,Yendi,Phones & Tablets,Desktop,-0.09090909090909091,0.7307692307692307,112.0,6,597.12,2.0,118.0
CUST_00119,0,0.5058095,Ashanti,Kumasi,Fashion & Apparel,Mobile,-0.2857142857142857,0.5454545454545454,225.0,2,1338.89,2.0,232.0
CUST_00120,0,0.28299156,Ashanti,Ejisu,Phones & Tablets,Mobile,-1.0,0.3333333333333333,157.0,3,111.39,1.0,175.0
CUST_00121,1,0.7243941,Ashanti,Kumasi,Fashion & Apparel,Desktop,-0.08333333333333331,0.6470588235294118,19.0,5,1136.74,7.0,29.0
CUST_00122,0,0.12826414,Ashanti,Kumasi,Fashion & Apparel,Desktop,0.09375,0.3225806451612903,38.0,3,2368.33,7.0,49.0
CUST_00123,1,0.80098194,Greater Accra,Accra,Electronics,None,0.0,1.0,0.0,0,0.0,0.0,9999.0
CUST_00125,1,0.79915625,Northern,Savelugu,None,None,0.0,1.0,0.0,0,0.0,0.0,9999.0
CUST_00126,1,0.8809002,Western,Tarkwa,Fashion & Apparel,Mobile,0.0,6.0,9994.0,4,0.0,0.0,9999.0
CUST_00127,1,0.61372286,Unknown,Unknown,Fashion & Apparel,Desktop,-0.25,0.4,211.0,4,504.84,1.0,260.0
CUST_00128,0,0.020161858,Greater Accra,Accra,Fashion & Apparel,Mobile,0.051754385964912275,0.4166666666666667,-6.0,0,6502.53,26.0,1.0
CUST_00130,1,0.5889959,Bono,Sunyani,Books & Stationery,Mobile,0.0,2.0,9979.0,2,0.0,0.0,9999.0
CUST_00131,1,0.5587037,Upper East,Bolgatanga,Phones & Tablets,Desktop,0.0,2.0,9946.0,1,0.0,0.0,9999.0
CUST_00132,1,0.744162,Bono,Berekum,None,None,0.0,1.0,0.0,0,0.0,0.0,9999.0
CUST_00134,0,0.40685618,Central,Cape Coast,Fashion & Apparel,None,0.0,1.0,0.0,1,0.0,0.0,9999.0
CUST_00135,1,0.86592424,Greater Accra,Accra,Fashion & Apparel,Tablet,-0.25,0.3333333333333333,117.0,0,199.04,1.0,128.0
CUST_00136,1,0.8672374,Western,Takoradi,None,None,0.0,1.0,0.0,0,0.0,0.0,9999.0
CUST_00137,0,0.1711039,Northern,Tamale,Electronics,Desktop,0.0,2.0,9993.0,5,0.0,0.0,9999.0
CUST_00138,1,0.8634695,Northern,Savelugu,Electronics,Mobile,-0.5,0.5,96.0,0,133.96,1.0,146.0
CUST_00139,1,0.68185765,Central,Winneba,Electronics,Desktop,0.0,4.0,9997.0,0,0.0,0.0,9999.0
CUST_00140,0,0.016929517,Greater Accra,Ashaiman,Fashion & Apparel,Mobile,0.1517857142857143,0.0967741935483871,17.0,1,15147.17,23.0,19.0
CUST_00141,0,0.14395092,Ashanti,Obuasi,Fashion & Apparel,Mobile,-0.52,0.21052631578947367,160.0,2,3673.61,13.0,171.0
CUST_00142,0,0.4621626,Ahafo,Goaso,Baby & Kids,None,0.0,1.0,0.0,1,0.0,0.0,9999.0
CUST_00143,0,0.10492822,Central,Cape Coast,Phones & Tablets,Mobile,0.4,3.0,33.0,2,144.09,2.0,38.0
CUST_00144,1,0.45185405,Central,Swedru,Fashion & Apparel,Mobile,0.0,2.0,9999.0,0,0.0,0.0,9999.0
CUST_00145,1,0.674972,Ashanti,Konongo,None,None,0.0,1.0,0.0,0,0.0,0.0,9999.0
CUST_00147,1,0.8455416,Western North,Bibiani,Electronics,Mobile,0.0,0.8,9998.0,1,0.0,0.0,9999.0
CUST_00148,0,0.1562869,Volta,Hohoe,Electronics,Mobile,0.5,2.5,-9.0,0,3212.6,2.0,7.0
CUST_00150,0,0.44636685,Eastern,Suhum,Home & Kitchen,Mobile,0.0,3.0,9990.0,1,0.0,0.0,9999.0
CUST_00151,1,0.8072401,Western,Sekondi,Fashion & Apparel,Mobile,-0.5,0.21428571428571427,104.0,0,192.46,2.0,175.0
CUST_00152,1,0.82415056,Ashanti,Obuasi,Beauty & Personal Care,None,0.0,1.0,0.0,0,0.0,0.0,9999.0
CUST_00154,0,0.3036427,Eastern,Koforidua,Fashion & Apparel,Mobile,0.0,2.6666666666666665,9986.0,12,0.0,0.0,9999.0
CUST_00155,1,0.80557036,Eastern,Koforidua,Fashion & Apparel,Desktop,-0.15,0.14285714285714285,275.0,6,555.5500000000001,3.0,300.0
CUST_00156,1,0.62813103,Western,Takoradi,Electronics,None,0.0,1.0,0.0,2,0.0,0.0,9999.0
CUST_00157,0,0.055271037,Upper West,Lawra,Fashion & Apparel,Desktop,0.15000000000000002,0.47619047619047616,-6.0,0,4686.29,9.0,5.0
CUST_00158,0,0.08046286,Greater Accra,Madina,Fashion & Apparel,Desktop,0.33333333333333337,0.5625,15.0,0,1655.29,5.0,15.0
CUST_00159,1,0.7233835,Bono,Sunyani,Sports & Outdoors,None,0.0,1.0,0.0,0,0.0,0.0,9999.0
CUST_00160,0,0.47018993,Ashanti,Mampong,Fashion & Apparel,Mobile,-0.16666666666666666,0.6428571428571429,24.0,2,528.55,2.0,31.0
CUST_00161,1,0.83645225,Eastern,Koforidua,Fashion & Apparel,Desktop,0.0,2.0,9947.0,0,0.0,0.0,9999.0
CUST_00162,1,0.61963964,Greater Accra,Accra,Phones & Tablets,Desktop,-1.0,7.0,179.0,1,362.24,1.0,189.0
CUST_00163,1,0.60543036,Ashanti,Kumasi,Fashion & Apparel,Desktop,0.25,1.1428571428571428,2.0,0,510.15,2.0,7.0
CUST_00164,1,0.6497043,Eastern,Akim Oda,Fashion & Apparel,Mobile,0.0,1.3333333333333333,9989.0,0,0.0,0.0,9999.0
CUST_00166,0,0.33294263,Eastern,Akim Oda,Fashion & Apparel,Desktop,-0.25,0.5263157894736842,95.0,2,3699.1300000000006,4.0,116.0
CUST_00167,0,0.44765896,Ahafo,Goaso,Books & Stationery,Mobile,0.0,2.0,9996.0,1,0.0,0.0,9999.0
CUST_00170,0,0.77211756,Ashanti,Kumasi,Phones & Tablets,Mobile,-0.3333333333333333,0.14285714285714285,22.0,0,33.9,1.0,114.0
CUST_00171,1,0.43520248,Western,Takoradi,Phones & Tablets,Desktop,0.4,0.6,7.0,3,1008.75,2.0,42.0
CUST_00173,0,0.043581475,Greater Accra,Accra,Fashion & Apparel,Mobile,0.4444444444444444,4.0,4.0,1,533.71,4.0,13.0
CUST_00174,1,0.5650553,Greater Accra,Ashaiman,Books & Stationery,Desktop,0.0,2.0,9997.0,0,0.0,0.0,9999.0
CUST_00175,1,0.424415,Greater Accra,Tema,Fashion & Apparel,Mobile,0.0,0.75,72.0,1,396.46000000000004,2.0,77.0
CUST_00177,0,0.6330282,Volta,Keta,Fashion & Apparel,Desktop,-1.0,0.75,111.0,1,340.35,1.0,123.0
CUST_00178,1,0.6813465,Bono East,Techiman,Electronics,Mobile,0.0,2.0,9987.0,1,0.0,0.0,9999.0
CUST_00179,1,0.7207198,Upper East,Bolgatanga,Fashion & Apparel,Mobile,0.12407862407862405,0.26666666666666666,29.0,5,8489.93,14.0,38.0
CUST_00181,0,0.2507348,Greater Accra,Tema,Electronics,None,0.0,1.0,0.0,1,0.0,0.0,9999.0
CUST_00183,0,0.15545067,Ashanti,Kumasi,Phones & Tablets,Mobile,0.6666666666666666,0.05555555555555555,-13.0,1,668.72,2.0,80.0
CUST_00184,0,0.4324048,Ashanti,Bekwai,Phones & Tablets,Mobile,0.0,0.25,9984.0,0,0.0,0.0,9999.0
CUST_00185,1,0.6069778,Central,Cape Coast,None,None,0.0,1.0,0.0,0,0.0,0.0,9999.0
CUST_00186,0,0.13947152,Central,Elmina,Phones & Tablets,Mobile,0.0,2.25,66.0,5,2992.3199999999997,5.0,67.0
CUST_00187,0,0.33487388,Ashanti,Konongo,Phones & Tablets,Mobile,-0.16666666666666666,0.4375,187.0,4,2127.33,1.0,204.0
CUST_00188,1,0.7957796,Ashanti,Kumasi,Fashion & Apparel,Mobile,-0.3333333333333333,3.0,102.0,4,717.41,1.0,109.0
CUST_00189,1,0.6457044,Bono,Sunyani,Fashion & Apparel,Mobile,0.2,5.5,37.0,1,128.54,1.0,38.0
CUST_00190,1,0.7151749,Upper East,Bolgatanga,Fashion & Apparel,None,0.0,1.0,0.0,0,0.0,0.0,9999.0
CUST_00192,1,0.8784853,Ahafo,Kenyasi,Phones & Tablets,Mobile,-0.5,0.75,422.0,1,340.44,1.0,473.0
CUST_00193,1,0.76300704,Unknown,Unknown,Fashion & Apparel,Mobile,0.3181818181818182,0.3,47.0,1,682.99,3.0,56.0
CUST_00194,1,0.69536746,Ashanti,Bekwai,Fashion & Apparel,Mobile,0.0,1.25,9996.0,6,0.0,0.0,9999.0
CUST_00195,0,0.5164503,Ashanti,Ejisu,Health & Wellness,None,0.0,1.0,0.0,0,0.0,0.0,9999.0
CUST_00196,1,0.673724,Eastern,Koforidua,Beauty & Personal Care,None,0.0,1.0,0.0,1,0.0,0.0,9999.0
CUST_00197,1,0.8226211,Upper West,Wa,Phones & Tablets,Mobile,-0.25,0.625,313.0,6,83.43,1.0,315.0
CUST_00198,1,0.8010566,Bono East,Atebubu,Fashion & Apparel,Mobile,-1.0,0.5,574.0,1,261.29,1.0,599.0
CUST_00199,1,0.60389,Greater Accra,Accra,Fashion & Apparel,Mobile,-0.10526315789473684,0.48,140.0,8,3152.88,2.0,163.0
CUST_00200,0,0.35050255,Ashanti,Kumasi,Fashion & Apparel,Mobile,0.056470588235294134,0.8148148148148148,29.0,3,6552.24,6.0,32.0
CUST_00201,1,0.50653934,Central,Elmina,Electronics,Desktop,-0.3333333333333333,1.25,156.0,5,62.81,1.0,158.0
CUST_00204,1,0.85783577,Bono East,Kintampo,Fashion & Apparel,Mobile,0.08571428571428573,0.375,-4.0,0,3682.92,6.0,2.0
CUST_00205,1,0.78556794,Volta,Ho,Beauty & Personal Care,Mobile,0.0,3.0,9965.0,0,0.0,0.0,9999.0
CUST_00208,0,0.5167524,Northern,Tamale,Fashion & Apparel,Mobile,0.0,0.5,9790.0,1,0.0,0.0,9999.0
CUST_00211,0,0.18951719,Greater Accra,Tema,Electronics,Desktop,-0.16666666666666669,2.0,38.0,1,3444.2799999999997,2.0,60.0
CUST_00212,1,0.84566206,Volta,Ho,Phones & Tablets,Mobile,-0.6666666666666666,0.3333333333333333,121.0,2,170.76,2.0,150.0
CUST_00213,1,0.5797575,Greater Accra,Tema,Beauty & Personal Care,Mobile,0.0,1.5,9965.0,0,0.0,0.0,9999.0
CUST_00214,1,0.8133663,Volta,Hohoe,None,None,0.0,1.0,0.0,0,0.0,0.0,9999.0
CUST_00215,1,0.8773838,Ashanti,Konongo,Fashion & Apparel,Mobile,0.0,1.0625,9999.0,22,0.0,0.0,9999.0
CUST_00216,1,0.42386612,Greater Accra,Ashaiman,Books & Stationery,None,0.0,1.0,0.0,1,0.0,0.0,9999.0
CUST_00217,1,0.69728076,Greater Accra,Accra,Phones & Tablets,Mobile,0.0,2.0,9970.0,0,0.0,0.0,9999.0
CUST_00218,1,0.7676102,Greater Accra,Accra,Phones & Tablets,Mobile,0.3333333333333333,0.23529411764705882,28.0,1,56.98,1.0,30.0
CUST_00219,1,0.84759885,Volta,Hohoe,Phones & Tablets,Mobile,1.0,0.3333333333333333,-19.0,0,34.35,1.0,44.0
CUST_00220,1,0.72567976,Northern,Tamale,Fashion & Apparel,Tablet,-0.1875,0.4117647058823529,184.0,7,2680.38,3.0,189.0
CUST_00221,1,0.6020698,Central,Elmina,Electronics,Desktop,-1.0,1.2,104.0,0,1086.8,1.0,108.0
CUST_00222,0,0.06370747,Greater Accra,Madina,Fashion & Apparel,Mobile,-0.16666666666666669,1.2857142857142858,30.0,3,1879.1299999999999,6.0,34.0
CUST_00224,1,0.50365776,Greater Accra,Accra,Beauty & Personal Care,Mobile,0.0,3.0,9991.0,1,0.0,0.0,9999.0
CUST_00225,0,0.4570779,Greater Accra,Accra,Fashion & Apparel,Mobile,0.0,2.0,9994.0,0,0.0,0.0,9999.0
CUST_00226,1,0.73478705,Western North,Bibiani,None,None,0.0,1.0,0.0,0,0.0,0.0,9999.0
CUST_00227,1,0.8046224,Ashanti,Kumasi,Fashion & Apparel,Mobile,-0.4,0.5,38.0,0,497.94,2.0,112.0
CUST_00228,0,0.19074929,Ashanti,Bekwai,Fashion & Apparel,Mobile,0.0,9.0,9995.0,9,0.0,0.0,9999.0
CUST_00229,0,0.12773532,Greater Accra,Ashaiman,Home & Kitchen,Mobile,0.11428571428571432,0.26666666666666666,-19.0,1,3971.55,4.0,4.0
CUST_00230,1,0.6330653,Ashanti,Kumasi,Fashion & Apparel,Desktop,0.0,0.75,9992.0,2,0.0,0.0,9999.0
CUST_00231,0,0.09040088,Central,Winneba,Fashion & Apparel,Mobile,0.047619047619047616,1.0,68.0,2,243.23000000000002,3.0,70.0
CUST_00232,1,0.5599319,Western,Axim,Home & Kitchen,Desktop,0.0,5.0,9996.0,3,0.0,0.0,9999.0
CUST_00233,1,0.6587067,Ashanti,Obuasi,Electronics,Desktop,0.6666666666666666,1.25,9.0,0,236.09000000000003,2.0,30.0
CUST_00234,1,0.68976414,Greater Accra,Accra,Fashion & Apparel,Mobile,0.5,2.6666666666666665,5.0,0,364.44,1.0,9.0
CUST_00236,1,0.6660597,Ashanti,Mampong,Fashion & Apparel,Mobile,-0.4166666666666667,0.5384615384615384,25.0,0,3411.33,4.0,53.0
CUST_00237,1,0.663553,Ashanti,Ejisu,Phones & Tablets,Mobile,0.0,2.0,9999.0,0,0.0,0.0,9999.0
CUST_00239,1,0.7659144,Western,Axim,Books & Stationery,Desktop,0.0,0.8888888888888888,9971.0,0,0.0,0.0,9999.0
CUST_00241,0,0.082544245,Eastern,Suhum,Fashion & Apparel,Mobile,0.22413793103448276,0.2,14.0,0,3754.6699999999996,10.0,18.0
CUST_00242,1,0.7534541,Eastern,Koforidua,Fashion & Apparel,Desktop,-0.375,0.13636363636363635,80.0,1,1502.98,6.0,110.0
CUST_00243,1,0.7866036,Central,Kasoa,Fashion & Apparel,Desktop,-0.25,0.35714285714285715,224.0,2,1043.11,3.0,251.0
CUST_00244,0,0.17078906,Volta,Aflao,Electronics,None,0.5,1.0,-9992.0,0,1526.09,2.0,7.0
CUST_00246,1,0.8987011,Greater Accra,Madina,Phones & Tablets,Mobile,0.0,0.3333333333333333,9843.0,0,0.0,0.0,9999.0
CUST_00247,1,0.8005749,Eastern,Koforidua,Beauty & Personal Care,None,0.0,1.0,0.0,0,0.0,0.0,9999.0
CUST_00248,1,0.9767081,Eastern,Akosombo,Fashion & Apparel,Mobile,0.16304347826086957,0.2,3.0,0,1040.25,3.0,3.0
CUST_00249,1,0.9150847,Bono East,Kintampo,Fashion & Apparel,Desktop,0.2391304347826087,0.20588235294117646,35.0,1,699.28,7.0,63.0
CUST_00250,0,0.35188425,Western,Takoradi,Fashion & Apparel,Mobile,-0.4,0.625,134.0,2,194.01999999999998,2.0,150.0
CUST_00251,0,0.4637359,Central,Kasoa,Phones & Tablets,Mobile,0.0,2.0,9983.0,1,0.0,0.0,9999.0
CUST_00252,0,0.16710916,Greater Accra,Accra,Electronics,Desktop,0.3333333333333333,3.0,2.0,0,125.47,1.0,6.0
CUST_00253,0,0.46945438,Western,Takoradi,Phones & Tablets,Mobile,-0.2,0.35714285714285715,178.0,3,48.59,1.0,191.0
CUST_00254,0,0.33482987,Greater Accra,Accra,Beauty & Personal Care,None,0.0,1.0,0.0,0,0.0,0.0,9999.0
CUST_00256,0,0.31223992,Greater Accra,Tema,Fashion & Apparel,Mobile,-0.3333333333333333,0.8333333333333334,96.0,1,72.6,1.0,114.0
CUST_00257,1,0.9186019,Volta,Keta,Fashion & Apparel,Desktop,-0.14285714285714285,0.25,232.0,12,1002.5,3.0,257.0
CUST_00258,1,0.80885255,Greater Accra,Madina,Baby & Kids,Tablet,0.0,1.25,9978.0,0,0.0,0.0,9999.0
CUST_00259,1,0.74707174,Ashanti,Mampong,Fashion & Apparel,Desktop,0.0,2.6666666666666665,9998.0,11,0.0,0.0,9999.0
CUST_00261,1,0.3716649,Greater Accra,Accra,Fashion & Apparel,Desktop,0.0727272727272727,1.7142857142857142,24.0,6,6963.35,5.0,40.0
CUST_00262,1,0.60181516,Eastern,Suhum,Fashion & Apparel,Mobile,-0.29411764705882354,0.09090909090909091,109.0,5,4501.5,5.0,122.0
CUST_00264,0,0.47395867,Greater Accra,Dansoman,Fashion & Apparel,Mobile,0.3333333333333333,2.0,34.0,1,295.15,1.0,52.0
CUST_00265,1,0.7551666,Upper East,Navrongo,Phones & Tablets,Mobile,0.0,0.2727272727272727,9980.0,1,0.0,0.0,9999.0
CUST_00266,0,0.2820138,Greater Accra,Tema,Fashion & Apparel,Mobile,0.0,0.625,9959.0,7,0.0,0.0,9999.0
CUST_00267,0,0.05380279,Eastern,Suhum,Electronics,Desktop,-0.04545454545454547,1.0,0.0,0,4894.73,11.0,1.0
CUST_00268,0,0.5142692,Central,Cape Coast,Electronics,Mobile,0.0,0.3333333333333333,9950.0,2,0.0,0.0,9999.0
CUST_00269,1,0.7632884,Western,Takoradi,None,None,0.0,1.0,0.0,0,0.0,0.0,9999.0
CUST_00270,1,0.85026723,Volta,Keta,None,None,0.0,1.0,0.0,0,0.0,0.0,9999.0
CUST_00271,0,0.63145953,Ashanti,Kumasi,Fashion & Apparel,Mobile,-0.08695652173913043,0.30303030303030304,239.0,18,496.41999999999996,2.0,249.0
CUST_00272,1,0.6043982,Greater Accra,Teshie,Fashion & Apparel,Tablet,-0.16666666666666666,0.5,218.0,4,902.31,1.0,220.0
CUST_00273,0,0.15485023,Northern,Tamale,Home & Kitchen,Desktop,-0.16666666666666669,0.7777777777777778,54.0,2,1742.19,5.0,78.0
CUST_00274,1,0.77405226,Unknown,Unknown,Fashion & Apparel,Mobile,-0.04999999999999999,0.3333333333333333,-22.0,0,1075.19,3.0,6.0
CUST_00275,0,0.021482676,Bono,Berekum,Fashion & Apparel,Mobile,0.42857142857142855,1.2857142857142858,-12.0,0,3762.09,9.0,1.0
CUST_00276,1,0.7373649,Bono,Berekum,Sports & Outdoors,Mobile,0.0,1.0,9973.0,0,0.0,0.0,9999.0
CUST_00277,1,0.670079,Bono,Sunyani,Phones & Tablets,Mobile,0.12698412698412698,0.6551724137931034,22.0,4,932.3199999999999,6.0,26.0
CUST_00278,1,0.49143627,Eastern,Akim Oda,Fashion & Apparel,Desktop,0.0,3.0,9991.0,4,0.0,0.0,9999.0
CUST_00279,1,0.72106975,Ashanti,Mampong,Fashion & Apparel,Mobile,0.17948717948717946,1.0,56.0,1,284.97,3.0,59.0
CUST_00280,1,0.7669401,Upper East,Bolgatanga,Fashion & Apparel,Desktop,-0.15384615384615385,0.6666666666666666,131.0,12,912.37,2.0,135.0
CUST_00281,1,0.6781392,Eastern,Akosombo,Electronics,Desktop,0.0,0.3076923076923077,9998.0,3,0.0,0.0,9999.0
CUST_00282,0,0.25158635,Greater Accra,Tema,Fashion & Apparel,Mobile,0.0,2.0,9975.0,1,0.0,0.0,9999.0
CUST_00283,1,0.8475333,Unknown,Unknown,Fashion & Apparel,None,0.0,1.0,0.0,0,0.0,0.0,9999.0
CUST_00285,1,0.7426683,Eastern,Koforidua,Beauty & Personal Care,None,0.5,1.0,-9912.0,1,472.92,1.0,87.0
CUST_00287,0,0.670816,Ashanti,Mampong,Electronics,Mobile,0.0,2.0,9976.0,0,0.0,0.0,9999.0
CUST_00288,1,0.380716,Upper East,Bolgatanga,Electronics,Desktop,0.0,0.5,9984.0,4,0.0,0.0,9999.0
CUST_00289,1,0.5495429,Western North,Enchi,Phones & Tablets,Mobile,0.0,3.0,9978.0,4,0.0,0.0,9999.0
CUST_00290,0,0.3300089,Greater Accra,Tema,Beauty & Personal Care,Mobile,0.3333333333333333,1.1428571428571428,77.0,2,47.75,1.0,82.0
CUST_00293,0,0.47904617,Unknown,Unknown,Fashion & Apparel,Mobile,-0.2,0.8181818181818182,123.0,1,373.77,1.0,126.0
CUST_00294,1,0.71865416,Central,Kasoa,Electronics,Desktop,0.0,2.0,9924.0,0,0.0,0.0,9999.0
CUST_00296,1,0.4364743,Greater Accra,Teshie,Fashion & Apparel,Desktop,0.25,2.25,82.0,2,67.95,1.0,83.0
CUST_00297,1,0.8982908,Western,Sekondi,Phones & Tablets,Desktop,0.0,0.5555555555555556,9987.0,10,0.0,0.0,9999.0
CUST_00298,1,0.66383606,Unknown,Unknown,None,None,0.0,1.0,0.0,0,0.0,0.0,9999.0
CUST_00299,1,0.78393656,Ashanti,Konongo,Fashion & Apparel,Mobile,1.0,0.2857142857142857,25.0,0,2319.8,1.0,63.0
CUST_00302,0,0.03494229,Unknown,Unknown,Fashion & Apparel,Mobile,0.11538461538461542,0.7142857142857143,-14.0,2,5046.46,10.0,17.0
CUST_00303,1,0.82063156,Central,Kasoa,Beauty & Personal Care,Mobile,0.0,1.5,9998.0,0,0.0,0.0,9999.0
CUST_00304,1,0.61368185,Ashanti,Konongo,Phones & Tablets,Mobile,0.3333333333333333,1.0,1.0,1,254.11,1.0,36.0
CUST_00305,1,0.52744406,Ashanti,Kumasi,Phones & Tablets,Mobile,-0.4,0.5789473684210527,131.0,8,1125.15,4.0,139.0
CUST_00306,1,0.9066508,Ashanti,Kumasi,Fashion & Apparel,Mobile,-0.19230769230769232,0.18181818181818182,129.0,9,1556.09,5.0,136.0
CUST_00307,0,0.57702357,Ashanti,Kumasi,Fashion & Apparel,Mobile,0.0,1.6666666666666667,9995.0,2,0.0,0.0,9999.0
CUST_00308,0,0.51644343,Greater Accra,Accra,Fashion & Apparel,Mobile,0.0,2.0,9994.0,0,0.0,0.0,9999.0
CUST_00309,1,0.54192513,Ashanti,Obuasi,Fashion & Apparel,Mobile,-0.2,0.5294117647058824,161.0,1,2522.4,2.0,166.0
CUST_00310,0,0.46580595,Eastern,Akosombo,Electronics,None,0.0,1.0,0.0,0,0.0,0.0,9999.0
CUST_00311,1,0.83293205,Northern,Tamale,Beauty & Personal Care,Mobile,1.0,2.0,28.0,0,45.47,1.0,64.0
CUST_00314,1,0.8648157,Greater Accra,Accra,Electronics,Desktop,-0.2222222222222222,0.19047619047619047,799.0,8,441.87,2.0,810.0
CUST_00315,1,0.81400484,Ashanti,Kumasi,Fashion & Apparel,Mobile,0.0,0.2777777777777778,9977.0,19,0.0,0.0,9999.0
CUST_00316,1,0.7977855,Volta,Kpando,Fashion & Apparel,Mobile,0.0,0.5,9965.0,1,0.0,0.0,9999.0
CUST_00317,0,0.5137544,Eastern,Akosombo,Books & Stationery,Desktop,0.0,1.5,9984.0,0,0.0,0.0,9999.0
CUST_00320,0,0.55737287,Northern,Tamale,None,None,0.0,1.0,0.0,0,0.0,0.0,9999.0
CUST_00321,1,0.8198714,Central,Winneba,Fashion & Apparel,Mobile,0.0,1.0,9997.0,0,0.0,0.0,9999.0
CUST_00322,1,0.2975824,Greater Accra,Tema,Fashion & Apparel,Mobile,-0.17450980392156865,0.7352941176470589,36.0,11,4854.53,17.0,36.0
CUST_00323,0,0.016566448,Northern,Yendi,Fashion & Apparel,Mobile,0.08270676691729323,0.3,-5.0,0,3767.6499999999996,9.0,0.0
CUST_00324,1,0.8235224,Central,Kasoa,None,None,0.0,1.0,0.0,0,0.0,0.0,9999.0
CUST_00325,1,0.71857625,Upper East,Bolgatanga,Phones & Tablets,Mobile,-0.0625,0.5,314.0,7,182.9,1.0,322.0
CUST_00326,0,0.4599768,Northern,Tamale,Phones & Tablets,Mobile,1.0,1.75,73.0,0,202.71,1.0,74.0
CUST_00327,1,0.73923415,Upper East,Navrongo,Fashion & Apparel,Desktop,0.3333333333333333,0.7777777777777778,10.0,2,445.90999999999997,4.0,10.0
CUST_00328,0,0.5057378,Central,Kasoa,Fashion & Apparel,Desktop,0.0,1.3333333333333333,9996.0,9,0.0,0.0,9999.0
CUST_00329,0,0.2895126,Greater Accra,Tema,Fashion & Apparel,Mobile,0.0,4.0,9991.0,4,0.0,0.0,9999.0
CUST_00330,1,0.62535113,Volta,Ho,Baby & Kids,None,0.0,1.0,0.0,0,0.0,0.0,9999.0
CUST_00331,1,0.6756593,Western,Takoradi,Electronics,Desktop,0.25,4.0,-6.0,0,428.46,1.0,4.0
CUST_00332,1,0.9096318,Northern,Yendi,Electronics,Mobile,-1.0,0.2,57.0,0,2002.67,1.0,135.0
CUST_00337,0,0.15922688,Western North,Sefwi Wiawso,Phones & Tablets,Mobile,-0.625,0.2727272727272727,105.0,0,2179.92,5.0,121.0
CUST_00338,0,0.13263024,Northern,Tamale,Electronics,Mobile,0.5,0.75,40.0,0,978.08,5.0,40.0
CUST_00339,0,0.07948501,Western,Sekondi,Electronics,Desktop,-0.16666666666666663,4.0,55.0,1,573.55,3.0,66.0
CUST_00341,0,0.028594837,Western North,Sefwi Wiawso,Fashion & Apparel,Mobile,-0.8,3.3333333333333335,-18.0,2,1931.61,4.0,7.0
CUST_00342,0,0.009609053,Central,Winneba,Phones & Tablets,Mobile,-0.1333333333333333,9.0,-15.0,0,3867.1099999999997,12.0,8.0
CUST_00344,0,0.38098165,Greater Accra,Ashaiman,Fashion & Apparel,Mobile,-1.0,8.0,90.0,8,735.09,1.0,96.0
CUST_00345,1,0.62630177,Eastern,Akim Oda,Phones & Tablets,Mobile,0.0,4.0,9985.0,1,0.0,0.0,9999.0
CUST_00346,0,0.6264326,Volta,Ho,Beauty & Personal Care,Mobile,0.0,1.0,9987.0,0,0.0,0.0,9999.0
CUST_00347,0,0.15958874,Ashanti,Kumasi,Fashion & Apparel,Mobile,-1.0,0.8,79.0,3,1504.2,4.0,94.0
CUST_00349,1,0.5246705,Ashanti,Obuasi,Fashion & Apparel,Mobile,0.0,4.0,9979.0,2,0.0,0.0,9999.0
CUST_00350,0,0.033015363,Ashanti,Konongo,Phones & Tablets,Mobile,0.0444444444444444,0.8,-1.0,1,1700.4099999999999,6.0,5.0
CUST_00351,1,0.66000044,Ashanti,Kumasi,Fashion & Apparel,Mobile,0.25,2.0,19.0,0,188.51,1.0,22.0
CUST_00352,1,0.5692799,Unknown,Unknown,Phones & Tablets,Mobile,0.1333333333333333,0.3142857142857143,32.0,1,3583.7200000000003,6.0,36.0
CUST_00353,0,0.18463206,Western North,Sefwi Wiawso,Electronics,Mobile,1.0,1.0,35.0,0,3520.79,2.0,44.0
CUST_00356,1,0.72741264,Greater Accra,Dansoman,Home & Kitchen,Desktop,0.5,1.0,61.0,0,187.79,1.0,71.0
CUST_00358,0,0.09988773,Ashanti,Obuasi,Fashion & Apparel,Mobile,0.25,2.0,-9.0,0,124.47999999999999,2.0,0.0
CUST_00359,1,0.9466584,Bono,Dormaa Ahenkro,Phones & Tablets,Tablet,-0.6666666666666666,0.45454545454545453,230.0,0,400.94,4.0,253.0
CUST_00360,0,0.005877989,Western,Tarkwa,Fashion & Apparel,Mobile,-0.006688963210702337,1.4615384615384615,-4.0,1,17925.73,44.0,1.0
CUST_00361,1,0.7123915,Upper East,Bolgatanga,Beauty & Personal Care,Desktop,0.0,2.0,9976.0,0,0.0,0.0,9999.0
CUST_00362,1,0.23478834,Ashanti,Obuasi,Fashion & Apparel,Desktop,0.11904761904761907,1.125,12.0,0,8810.22,10.0,18.0
CUST_00363,0,0.29581338,Volta,Ho,Electronics,Tablet,0.2,3.0,38.0,1,85.53,1.0,51.0
CUST_00364,1,0.5972173,Ashanti,Obuasi,Electronics,Mobile,0.0,1.0,9989.0,1,0.0,0.0,9999.0
CUST_00365,1,0.9529963,Upper West,Wa,Fashion & Apparel,Mobile,-0.5,0.2857142857142857,42.0,0,766.08,1.0,122.0
CUST_00366,1,0.63640815,Western,Sekondi,Electronics,Desktop,0.0,2.0,9970.0,1,0.0,0.0,9999.0
CUST_00367,0,0.06902967,Ashanti,Kumasi,Fashion & Apparel,Mobile,-0.1923076923076923,0.18181818181818182,-2.0,0,13957.59,25.0,3.0
CUST_00368,0,0.07662891,Ashanti,Kumasi,Fashion & Apparel,Mobile,0.6818181818181819,0.4666666666666667,9.0,1,4234.41,9.0,22.0
CUST_00374,0,0.26297945,Volta,Kpando,Fashion & Apparel,Desktop,-0.4,0.6363636363636364,127.0,3,402.59000000000003,2.0,139.0
CUST_00376,1,0.7204379,Northern,Tamale,Fashion & Apparel,None,0.0,1.0,0.0,0,0.0,0.0,9999.0
CUST_00377,0,0.25462806,Northern,Yendi,Fashion & Apparel,Desktop,0.1333333333333333,0.3333333333333333,78.0,2,759.1,3.0,78.0
CUST_00379,0,0.30323392,Greater Accra,Dansoman,Fashion & Apparel,Desktop,0.16666666666666666,0.35714285714285715,27.0,4,1978.95,1.0,68.0
CUST_00380,1,0.63228375,Volta,Kpando,Electronics,Desktop,1.0,2.0,-5.0,0,534.15,1.0,3.0
CUST_00382,0,0.50919276,Eastern,Akim Oda,Fashion & Apparel,Mobile,0.0,1.0,9985.0,2,0.0,0.0,9999.0
CUST_00383,1,0.49310496,Greater Accra,Accra,Electronics,Mobile,0.25,1.6,-3.0,1,69.49,1.0,35.0
CUST_00384,0,0.11500391,Ashanti,Kumasi,Electronics,Desktop,0.39705882352941174,0.5,46.0,0,6583.13,9.0,52.0
CUST_00385,1,0.24011272,Greater Accra,Tema,Fashion & Apparel,Mobile,0.3333333333333333,0.3333333333333333,74.0,1,87.59,1.0,77.0
CUST_00386,0,0.6000326,Bono East,Kintampo,Phones & Tablets,Mobile,-0.45454545454545453,0.6666666666666666,110.0,3,4719.7300000000005,5.0,110.0
CUST_00387,1,0.806639,Ashanti,Obuasi,Home & Kitchen,None,0.0,1.0,0.0,0,0.0,0.0,9999.0
CUST_00389,1,0.74608433,Greater Accra,Accra,Electronics,Tablet,0.0,0.4444444444444444,9998.0,2,0.0,0.0,9999.0
CUST_00390,0,0.009050558,Volta,Keta,Fashion & Apparel,Desktop,-0.08850574712643677,0.25,-9.0,2,31543.12,74.0,6.0
CUST_00391,1,0.8844837,Ashanti,Kumasi,Home & Kitchen,Mobile,0.5,0.3333333333333333,-56.0,1,36.74,1.0,17.0
CUST_00392,1,0.8264479,Western North,Bibiani,Phones & Tablets,Mobile,0.0,12.0,9995.0,4,0.0,0.0,9999.0
CUST_00393,1,0.5800197,Western North,Enchi,Health & Wellness,Mobile,0.0,7.0,9991.0,2,0.0,0.0,9999.0
CUST_00394,1,0.69832253,Unknown,Unknown,Fashion & Apparel,Desktop,0.4,1.0909090909090908,20.0,1,292.68,2.0,24.0
CUST_00395,0,0.86976177,Unknown,Unknown,Phones & Tablets,None,0.0,1.0,0.0,0,0.0,0.0,9999.0
CUST_00396,1,0.88992536,North East,Nalerigu,Beauty & Personal Care,Mobile,-0.16666666666666666,0.2727272727272727,155.0,2,83.45,1.0,157.0
CUST_00397,0,0.1725723,Bono,Sunyani,Fashion & Apparel,Desktop,0.8888888888888888,0.23076923076923078,-10.0,0,635.18,3.0,33.0
CUST_00398,0,0.16822949,Bono,Sunyani,Fashion & Apparel,Mobile,-0.28260869565217395,4.0,13.0,4,1261.03,6.0,21.0
CUST_00399,0,0.2589759,Ashanti,Kumasi,Phones & Tablets,Desktop,0.33333333333333337,1.3333333333333333,-9.0,0,1809.53,3.0,14.0
CUST_00400,0,0.057393443,Central,Swedru,Fashion & Apparel,Mobile,0.5882352941176471,0.38095238095238093,-16.0,0,3142.21,11.0,6.0
CUST_00402,1,0.86498535,Greater Accra,Teshie,Fashion & Apparel,Desktop,0.3070175438596491,0.16071428571428573,-10.0,0,2023.0300000000002,5.0,0.0
CUST_00403,0,0.11257415,North East,Nalerigu,Fashion & Apparel,Desktop,0.0,1.6666666666666667,-41.0,0,678.78,3.0,10.0
CUST_00404,1,0.82384646,Ashanti,Mampong,Electronics,Mobile,-0.3333333333333333,0.125,149.0,0,36.33,1.0,291.0
CUST_00405,0,0.49122626,Northern,Tamale,Fashion & Apparel,Desktop,0.0,2.0,9985.0,0,0.0,0.0,9999.0
CUST_00406,1,0.81306463,Upper East,Navrongo,Fashion & Apparel,Desktop,0.009781357882623687,0.3620689655172414,28.0,9,2702.13,13.0,28.0
CUST_00407,0,0.40943998,Bono East,Techiman,Phones & Tablets,Desktop,0.0,4.0,9984.0,3,0.0,0.0,9999.0
CUST_00409,0,0.12712955,Ashanti,Obuasi,Home & Kitchen,Mobile,-0.16666666666666666,0.3125,18.0,0,3694.54,3.0,20.0
CUST_00411,1,0.8093563,Eastern,Koforidua,None,None,0.0,1.0,0.0,0,0.0,0.0,9999.0
CUST_00412,1,0.9282573,Greater Accra,Accra,Beauty & Personal Care,Mobile,-1.0,0.42857142857142855,75.0,0,540.34,3.0,115.0
CUST_00413,1,0.8680899,Greater Accra,Teshie,Fashion & Apparel,Mobile,-0.1,0.1891891891891892,403.0,14,528.01,2.0,415.0
CUST_00414,1,0.532635,Ashanti,Kumasi,Fashion & Apparel,Mobile,0.08333333333333331,3.0,56.0,1,5544.07,2.0,67.0
CUST_00415,0,0.16651022,Upper East,Bolgatanga,Phones & Tablets,Mobile,-0.35,1.5,54.0,3,1167.45,4.0,59.0
CUST_00416,0,0.35434467,Central,Kasoa,Fashion & Apparel,Mobile,0.16666666666666666,5.5,3.0,0,73.88,1.0,14.0
CUST_00417,1,0.6690862,Ashanti,Kumasi,Electronics,Mobile,0.5,2.0,-13.0,0,1186.5,1.0,1.0
CUST_00418,1,0.7995053,Western,Axim,None,None,0.0,1.0,0.0,0,0.0,0.0,9999.0
CUST_00419,1,0.5805983,Ashanti,Konongo,Fashion & Apparel,Mobile,1.0,0.8333333333333334,-11.0,0,2064.68,2.0,16.0
CUST_00420,0,0.008760991,Greater Accra,Tema,Fashion & Apparel,Desktop,-0.05797101449275355,0.7368421052631579,-3.0,0,6916.59,30.0,0.0
CUST_00421,0,0.029421918,Northern,Savelugu,Phones & Tablets,Mobile,-0.14666666666666667,0.2916666666666667,0.0,0,7420.99,14.0,5.0
CUST_00422,0,0.07381168,Western,Sekondi,Electronics,Mobile,-0.2666666666666666,0.4166666666666667,48.0,2,2668.74,8.0,48.0
CUST_00424,1,0.82795995,Greater Accra,Accra,Beauty & Personal Care,Mobile,0.0,2.0,9982.0,1,0.0,0.0,9999.0
CUST_00426,0,0.17611772,Western,Takoradi,Phones & Tablets,Desktop,0.25,3.0,35.0,2,3874.0299999999997,2.0,36.0
CUST_00427,1,0.85567665,Central,Swedru,Fashion & Apparel,None,0.0,1.0,0.0,0,0.0,0.0,9999.0
CUST_00428,1,0.87376165,Western,Tarkwa,Fashion & Apparel,Mobile,0.009523809523809518,0.2903225806451613,40.0,4,855.76,3.0,40.0
CUST_00429,1,0.81803703,Bono East,Techiman,Baby & Kids,Desktop,0.0,2.0,9956.0,0,0.0,0.0,9999.0
CUST_00432,1,0.7675585,North East,Walewale,Fashion & Apparel,Desktop,0.0,0.1,9899.0,3,0.0,0.0,9999.0
CUST_00433,0,0.43322384,Unknown,Unknown,Fashion & Apparel,Mobile,0.0,1.0,9987.0,2,0.0,0.0,9999.0
CUST_00436,1,0.68606013,Ashanti,Obuasi,Phones & Tablets,Mobile,-0.25,0.5833333333333334,204.0,5,170.18,2.0,219.0
CUST_00438,0,0.5621979,Western,Takoradi,Phones & Tablets,Desktop,1.0,0.3333333333333333,25.0,0,89.09,1.0,78.0
CUST_00439,0,0.5421579,Ahafo,Goaso,Electronics,Mobile,1.0,0.75,-20.0,0,923.68,1.0,18.0
CUST_00442,1,0.80872595,Central,Cape Coast,Beauty & Personal Care,Desktop,-0.5,0.25,373.0,1,1086.37,1.0,378.0
CUST_00443,0,0.21637402,Ashanti,Konongo,Fashion & Apparel,Mobile,0.6666666666666666,7.0,-7.0,1,1592.54,2.0,13.0
CUST_00444,1,0.6764914,North East,Nalerigu,Fashion & Apparel,Mobile,0.0,4.0,9996.0,0,0.0,0.0,9999.0
CUST_00445,1,0.12353115,Savannah,Bole,Fashion & Apparel,Mobile,-0.25,0.7,18.0,1,2102.12,4.0,24.0
CUST_00446,0,0.012222972,Western,Sekondi,Fashion & Apparel,Desktop,0.10627530364372473,0.2,17.0,1,11428.59,33.0,18.0
CUST_00447,1,0.8488105,Upper East,Navrongo,Fashion & Apparel,Mobile,0.2424242424242424,0.23076923076923078,17.0,1,1262.25,3.0,21.0
CUST_00448,0,0.018568803,Volta,Hohoe,Fashion & Apparel,Desktop,0.24285714285714283,0.47368421052631576,-15.0,0,3804.25,14.0,3.0
CUST_00449,1,0.41715002,Western,Takoradi,Home & Kitchen,Desktop,0.0,4.0,9988.0,1,0.0,0.0,9999.0
CUST_00451,1,0.8475076,Eastern,Akosombo,Fashion & Apparel,Mobile,-0.125,0.2564102564102564,91.0,3,2562.98,2.0,93.0
CUST_00452,1,0.81661505,Volta,Kpando,None,Mobile,0.0,2.0,9916.0,0,0.0,0.0,9999.0
CUST_00453,0,0.47363028,Volta,Hohoe,Beauty & Personal Care,Desktop,0.0,6.0,9993.0,2,0.0,0.0,9999.0
CUST_00454,1,0.86645114,Ashanti,Kumasi,Fashion & Apparel,Mobile,-0.2413793103448276,0.23684210526315788,162.0,10,927.73,7.0,164.0
CUST_00456,0,0.35211262,Greater Accra,Accra,Phones & Tablets,Desktop,0.0,1.3333333333333333,9995.0,2,0.0,0.0,9999.0
CUST_00458,1,0.790868,Volta,Hohoe,Home & Kitchen,Mobile,-1.0,5.0,74.0,1,316.92,1.0,121.0
CUST_00462,1,0.7149803,Greater Accra,Madina,Fashion & Apparel,Mobile,-0.3333333333333333,0.42857142857142855,166.0,0,251.95,1.0,173.0
CUST_00463,0,0.0731093,Western,Axim,Fashion & Apparel,Desktop,0.4444444444444445,0.5384615384615384,-35.0,0,3608.3100000000004,8.0,0.0
CUST_00464,1,0.56684566,Western,Takoradi,Phones & Tablets,Tablet,0.25,0.7142857142857143,47.0,2,397.28,1.0,54.0
CUST_00465,0,0.36937973,Greater Accra,Ashaiman,Fashion & Apparel,Mobile,-0.10526315789473684,0.12903225806451613,224.0,8,571.04,2.0,228.0
CUST_00466,0,0.5772816,Volta,Ho,Beauty & Personal Care,Desktop,0.0,5.0,9997.0,1,0.0,0.0,9999.0
CUST_00467,1,0.6204638,Eastern,Akim Oda,Fashion & Apparel,Mobile,0.0,3.0,9995.0,1,0.0,0.0,9999.0
CUST_00468,1,0.31271553,Volta,Ho,Fashion & Apparel,Desktop,-0.175,0.4166666666666667,23.0,1,2232.82,7.0,29.0
CUST_00469,1,0.43417323,Bono,Dormaa Ahenkro,None,None,0.0,1.0,0.0,0,0.0,0.0,9999.0
CUST_00470,0,0.42808035,Greater Accra,Ashaiman,Fashion & Apparel,Mobile,-0.375,0.25,135.0,2,858.89,3.0,144.0
CUST_00472,1,0.9087046,Northern,Savelugu,Fashion & Apparel,Mobile,0.0,0.4,9971.0,8,0.0,0.0,9999.0
CUST_00474,1,0.6829974,Volta,Kpando,Electronics,Mobile,0.0,0.38461538461538464,-4.0,0,1634.67,4.0,19.0
CUST_00475,0,0.072466925,Bono,Berekum,Electronics,Tablet,0.2222222222222222,0.2857142857142857,3.0,0,140.68,2.0,6.0
CUST_00476,0,0.60292953,Upper East,Navrongo,Fashion & Apparel,Mobile,-0.07142857142857142,0.15151515151515152,858.0,14,137.61,1.0,897.0
CUST_00478,0,0.499235,Central,Cape Coast,Phones & Tablets,Desktop,0.009803921568627472,1.0,-11.0,1,1454.65,5.0,5.0
CUST_00479,0,0.24097282,Eastern,Akim Oda,Fashion & Apparel,Desktop,0.08333333333333331,0.1,35.0,1,5863.18,7.0,43.0
CUST_00480,0,0.47047094,Ashanti,Kumasi,Health & Wellness,Mobile,0.0,1.0,2.0,0,1137.8,2.0,24.0
CUST_00481,1,0.57130486,Greater Accra,Tema,Beauty & Personal Care,Mobile,0.0,1.5,9990.0,0,0.0,0.0,9999.0
CUST_00482,1,0.69387126,Central,Kasoa,Fashion & Apparel,Mobile,-0.16666666666666666,0.6153846153846154,264.0,8,1645.67,1.0,285.0
CUST_00483,1,0.8441656,Ashanti,Ejisu,Fashion & Apparel,Desktop,0.0,2.75,9997.0,12,0.0,0.0,9999.0
CUST_00484,0,0.21957721,Ahafo,Goaso,Fashion & Apparel,Desktop,-0.5,0.3333333333333333,18.0,1,539.7,2.0,26.0
CUST_00485,1,0.5300457,Central,Cape Coast,Fashion & Apparel,Mobile,-0.8571428571428572,2.0,65.0,2,424.19,2.0,65.0
CUST_00486,1,0.7640797,Western,Sekondi,Phones & Tablets,Mobile,0.35714285714285715,0.19230769230769232,72.0,1,2022.75,2.0,77.0
CUST_00488,0,0.34411252,Greater Accra,Accra,Beauty & Personal Care,None,0.0,1.0,0.0,2,0.0,0.0,9999.0
CUST_00489,1,0.8374438,Greater Accra,Tema,Fashion & Apparel,Mobile,-0.21428571428571427,0.3125,266.0,8,831.78,6.0,269.0
CUST_00490,1,0.75343627,Eastern,Akosombo,Fashion & Apparel,Tablet,0.0,0.36363636363636365,9998.0,7,0.0,0.0,9999.0
CUST_00491,1,0.54867864,Greater Accra,Madina,Fashion & Apparel,Desktop,1.0,2.0,26.0,0,159.68,1.0,26.0
CUST_00492,1,0.64001405,Western,Takoradi,Fashion & Apparel,Mobile,0.0,1.75,9998.0,4,0.0,0.0,9999.0
CUST_00493,0,0.6183707,Bono East,Techiman,None,None,0.0,1.0,0.0,0,0.0,0.0,9999.0
CUST_00495,0,0.40152195,Western,Axim,Fashion & Apparel,Mobile,0.0,4.0,9986.0,1,0.0,0.0,9999.0
CUST_00496,1,0.6753744,Ashanti,Kumasi,Fashion & Apparel,Desktop,0.6666666666666666,2.0,-11.0,0,73.0,2.0,3.0
CUST_00497,1,0.67290175,Bono East,Techiman,Fashion & Apparel,Mobile,0.0,1.0,9967.0,2,0.0,0.0,9999.0
CUST_00499,0,0.3642669,Greater Accra,Accra,Fashion & Apparel,Mobile,0.34099616858237547,0.4444444444444444,-4.0,0,3894.36,7.0,6.0
CUST_00500,0,0.5088844,Northern,Savelugu,Fashion & Apparel,Mobile,-0.2,0.15151515151515152,104.0,3,1727.63,4.0,124.0
CUST_00501,0,0.17730148,Ashanti,Kumasi,Fashion & Apparel,Mobile,0.09999999999999998,0.42857142857142855,38.0,1,1028.4,5.0,48.0
CUST_00502,1,0.78443635,Upper East,Bolgatanga,Fashion & Apparel,Desktop,0.0,4.0,9997.0,0,0.0,0.0,9999.0
CUST_00503,1,0.62422705,North East,Nalerigu,Fashion & Apparel,Desktop,0.0,2.0,9947.0,2,0.0,0.0,9999.0
CUST_00504,0,0.1020587,Greater Accra,Accra,Fashion & Apparel,Mobile,0.5333333333333333,0.375,16.0,0,1380.56,8.0,34.0
CUST_00505,1,0.7425434,Western North,Sefwi Wiawso,Health & Wellness,Mobile,0.0,0.2,9880.0,2,0.0,0.0,9999.0
CUST_00507,1,0.7401578,Savannah,Bole,Fashion & Apparel,Desktop,0.033333333333333354,0.30303030303030304,41.0,2,1183.3100000000002,5.0,46.0
CUST_00508,0,0.1836243,Eastern,Suhum,Fashion & Apparel,Desktop,-0.17857142857142855,0.8333333333333334,34.0,1,466.27,4.0,50.0
CUST_00509,1,0.8807238,Bono,Dormaa Ahenkro,Fashion & Apparel,Desktop,0.0,0.5,9977.0,1,0.0,0.0,9999.0
CUST_00510,1,0.7513861,Greater Accra,Madina,Fashion & Apparel,Mobile,-0.5,0.6363636363636364,157.0,1,1775.5,1.0,179.0
CUST_00511,0,0.36986253,Ashanti,Kumasi,Beauty & Personal Care,Mobile,0.0,0.6666666666666666,9974.0,1,0.0,0.0,9999.0
CUST_00512,0,0.53997624,Greater Accra,Ashaiman,Electronics,None,0.0,1.0,0.0,1,0.0,0.0,9999.0
CUST_00513,1,0.6578486,Savannah,Bole,Fashion & Apparel,Desktop,0.8947368421052632,0.42857142857142855,-5.0,0,4476.62,6.0,13.0
CUST_00514,0,0.28978932,Bono,Berekum,Electronics,Mobile,0.19047619047619047,0.375,30.0,1,120.25,2.0,50.0
CUST_00517,1,0.6770949,Greater Accra,Ashaiman,Fashion & Apparel,Desktop,0.0,6.0,9991.0,0,0.0,0.0,9999.0
CUST_00518,0,0.19082348,Ashanti,Konongo,Fashion & Apparel,Desktop,0.035714285714285726,0.34615384615384615,17.0,1,5228.5,4.0,31.0
CUST_00519,1,0.9191483,Greater Accra,Dansoman,Fashion & Apparel,Mobile,0.15476190476190477,0.15151515151515152,-8.0,0,987.62,3.0,5.0
CUST_00521,0,0.0057884376,Ashanti,Kumasi,Fashion & Apparel,Mobile,0.10517241379310338,0.5,0.0,2,10001.74,30.0,4.0
CUST_00522,1,0.6894991,Eastern,Koforidua,Beauty & Personal Care,None,1.0,1.0,-9991.0,0,67.94,1.0,8.0
CUST_00523,0,0.15782702,Ashanti,Konongo,Phones & Tablets,Desktop,0.48750000000000004,0.19047619047619047,11.0,0,4029.36,9.0,24.0
CUST_00524,1,0.67672396,Greater Accra,Accra,Fashion & Apparel,Mobile,0.06666666666666665,0.375,63.0,5,609.51,2.0,64.0
CUST_00525,1,0.6948054,Greater Accra,Accra,Fashion & Apparel,Mobile,-0.4,0.375,133.0,1,555.12,2.0,151.0
CUST_00526,0,0.4423395,Greater Accra,Dansoman,Phones & Tablets,Mobile,0.0,1.5,9973.0,1,0.0,0.0,9999.0
CUST_00527,1,0.6094039,Savannah,Damongo,Fashion & Apparel,Desktop,0.0,5.0,9993.0,4,0.0,0.0,9999.0
CUST_00528,1,0.7235521,Northern,Savelugu,Fashion & Apparel,Mobile,0.0,3.0,9994.0,0,0.0,0.0,9999.0
CUST_00530,0,0.038951207,Eastern,Akosombo,Fashion & Apparel,Mobile,0.0,0.35,16.0,1,5173.29,14.0,31.0
CUST_00531,1,0.8608076,Ashanti,Obuasi,Beauty & Personal Care,Desktop,0.0,0.3333333333333333,9990.0,1,0.0,0.0,9999.0
CUST_00532,1,0.94992447,Upper East,Navrongo,Electronics,Mobile,-0.4,0.09090909090909091,85.0,0,135.41,2.0,209.0
CUST_00533,1,0.93800557,Ashanti,Bekwai,Beauty & Personal Care,Desktop,-0.6666666666666666,0.2,214.0,0,106.62,2.0,270.0
CUST_00534,0,0.42022327,Ashanti,Kumasi,Beauty & Personal Care,Mobile,0.0,1.0,9989.0,5,0.0,0.0,9999.0
CUST_00535,0,0.3309733,Unknown,Unknown,Fashion & Apparel,Mobile,0.2,0.7857142857142857,61.0,3,180.22,1.0,64.0
CUST_00536,0,0.37449577,Unknown,Unknown,Fashion & Apparel,Mobile,-0.3333333333333333,0.21739130434782608,499.0,3,2279.04,1.0,516.0
CUST_00537,0,0.006962938,Ashanti,Ejisu,Fashion & Apparel,Mobile,-0.05934065934065935,0.30303030303030304,-5.0,2,27366.24,53.0,8.0
CUST_00538,1,0.64978665,Ashanti,Mampong,None,Desktop,0.0,2.0,9992.0,0,0.0,0.0,9999.0
CUST_00539,1,0.6043951,Volta,Hohoe,Books & Stationery,Mobile,0.0,2.0,9940.0,0,0.0,0.0,9999.0
CUST_00541,0,0.30169913,Unknown,Unknown,Phones & Tablets,Mobile,-1.0,0.5555555555555556,946.0,0,2071.33,1.0,946.0
CUST_00542,0,0.20922811,Upper East,Navrongo,Fashion & Apparel,Mobile,-0.16666666666666669,4.0,12.0,1,432.22,2.0,12.0
CUST_00543,1,0.62647,Greater Accra,Dansoman,None,None,0.0,1.0,0.0,0,0.0,0.0,9999.0
CUST_00544,1,0.802193,Ashanti,Kumasi,Fashion & Apparel,Desktop,0.0,1.0,9990.0,1,0.0,0.0,9999.0
CUST_00545,1,0.810329,Bono East,Techiman,Home & Kitchen,Desktop,-0.5,0.4,-7.0,0,680.51,2.0,25.0
CUST_00546,1,0.6685592,Greater Accra,Accra,Electronics,Desktop,0.0,6.0,9985.0,1,0.0,0.0,9999.0
CUST_00548,1,0.7377327,Unknown,Unknown,Fashion & Apparel,Mobile,0.05714285714285716,1.3333333333333333,15.0,2,253.12,2.0,15.0
CUST_00549,1,0.5693028,Ashanti,Kumasi,Fashion & Apparel,Mobile,0.5,2.0,3.0,0,332.65,3.0,21.0
CUST_00550,0,0.5807632,Central,Kasoa,Electronics,Mobile,0.3333333333333333,0.3076923076923077,29.0,1,33.41,1.0,52.0
CUST_00551,1,0.31935945,Upper East,Bolgatanga,Beauty & Personal Care,Desktop,0.0,4.0,9980.0,3,0.0,0.0,9999.0
CUST_00552,0,0.094080955,Greater Accra,Tema,Fashion & Apparel,Mobile,0.045,0.5,61.0,7,4383.71,3.0,77.0
CUST_00553,1,0.44452387,Central,Winneba,Phones & Tablets,Mobile,0.3333333333333333,1.6,15.0,3,974.0799999999999,2.0,18.0
CUST_00554,0,0.6524246,Eastern,Koforidua,Fashion & Apparel,Desktop,0.0,3.0,9993.0,1,0.0,0.0,9999.0
CUST_00555,0,0.2537448,Greater Accra,Ashaiman,Phones & Tablets,Desktop,0.04999999999999999,0.15625,-12.0,0,1423.96,4.0,21.0
CUST_00556,0,0.07178932,Western,Tarkwa,Beauty & Personal Care,Mobile,0.6,2.0,-16.0,1,829.3100000000001,3.0,6.0
CUST_00559,0,0.3825948,Greater Accra,Ashaiman,Electronics,Mobile,-0.5,0.5,234.0,2,111.22,1.0,276.0
CUST_00560,0,0.2846219,Eastern,Suhum,Phones & Tablets,Mobile,0.0,1.1428571428571428,9984.0,5,0.0,0.0,9999.0
CUST_00561,0,0.7404481,Unknown,Unknown,Fashion & Apparel,Mobile,0.0,1.2,9971.0,0,0.0,0.0,9999.0
CUST_00562,1,0.8125129,Bono,Sunyani,None,None,0.0,1.0,0.0,0,0.0,0.0,9999.0
CUST_00565,1,0.7175282,Eastern,Koforidua,Phones & Tablets,Mobile,0.5,7.0,0.0,0,462.17,1.0,21.0
CUST_00566,0,0.09214658,Northern,Tamale,Fashion & Apparel,Desktop,0.5714285714285714,1.0,61.0,2,1786.9499999999998,4.0,71.0
CUST_00567,0,0.7354969,Central,Winneba,Phones & Tablets,None,0.0,1.0,0.0,0,0.0,0.0,9999.0
CUST_00568,0,0.6103284,Volta,Keta,Phones & Tablets,Desktop,0.0,6.0,9988.0,5,0.0,0.0,9999.0
CUST_00569,0,0.2815625,Northern,Tamale,Phones & Tablets,Desktop,0.7272727272727273,0.19047619047619047,32.0,0,1169.67,4.0,33.0
CUST_00570,1,0.8373887,Bono East,Techiman,None,None,0.0,1.0,0.0,0,0.0,0.0,9999.0
CUST_00571,0,0.11348248,Ashanti,Obuasi,Fashion & Apparel,Mobile,0.0,1.7142857142857142,-11.0,1,519.28,4.0,2.0
CUST_00572,1,0.7806074,Central,Cape Coast,Fashion & Apparel,Desktop,-0.5,0.26666666666666666,82.0,2,368.82000000000005,3.0,120.0
CUST_00573,0,0.29647622,Bono,Sunyani,Fashion & Apparel,Desktop,0.3333333333333333,5.0,0.0,1,73.58,1.0,25.0
CUST_00574,0,0.33662584,North East,Walewale,Phones & Tablets,Mobile,0.16666666666666666,0.5,45.0,3,1219.3,1.0,50.0
CUST_00575,1,0.4501854,Western North,Sefwi Wiawso,Fashion & Apparel,Mobile,0.08333333333333331,0.2,3.0,1,1348.51,4.0,13.0
CUST_00576,1,0.6682862,Ashanti,Konongo,Phones & Tablets,Mobile,0.40350877192982454,0.17391304347826086,-23.0,0,2190.29,7.0,17.0
CUST_00578,1,0.9494805,Unknown,Unknown,Fashion & Apparel,Desktop,0.4,0.16666666666666666,5.0,0,359.14,3.0,8.0
CUST_00579,0,0.44048154,Northern,Tamale,Phones & Tablets,Mobile,0.0,3.0,9938.0,3,0.0,0.0,9999.0
CUST_00580,0,0.4057485,Eastern,Nkawkaw,Fashion & Apparel,None,0.0,1.0,0.0,0,0.0,0.0,9999.0
CUST_00581,0,0.4492961,Eastern,Suhum,Beauty & Personal Care,Mobile,0.0,2.5,9978.0,2,0.0,0.0,9999.0
CUST_00582,1,0.7917217,Bono,Dormaa Ahenkro,Fashion & Apparel,Desktop,-0.25,0.3,519.0,4,1088.0,3.0,533.0
CUST_00583,1,0.6596547,Ashanti,Konongo,Fashion & Apparel,Mobile,0.0,2.5,9997.0,3,0.0,0.0,9999.0
CUST_00584,0,0.51622003,Bono East,Techiman,Electronics,Desktop,0.0,3.0,9964.0,1,0.0,0.0,9999.0
CUST_00585,0,0.15216583,Ashanti,Ejisu,Fashion & Apparel,Desktop,-0.04895104895104896,0.75,13.0,3,1035.6599999999999,5.0,19.0
CUST_00586,0,0.7377638,Ashanti,Kumasi,None,None,0.0,1.0,0.0,0,0.0,0.0,9999.0
CUST_00592,0,0.78862697,Greater Accra,Accra,Fashion & Apparel,Mobile,0.0,1.4,9996.0,0,0.0,0.0,9999.0
CUST_00594,1,0.66757405,Central,Swedru,Fashion & Apparel,Mobile,1.0,2.0,-3.0,0,162.5,1.0,4.0
CUST_00595,0,0.056991328,Eastern,Akosombo,Fashion & Apparel,Mobile,0.1964285714285714,0.28,-29.0,0,6053.8099999999995,13.0,2.0
CUST_00596,1,0.33897156,Western,Takoradi,Fashion & Apparel,Mobile,-0.05714285714285716,1.8,26.0,4,509.23,3.0,26.0
CUST_00597,0,0.05159384,Ashanti,Kumasi,Fashion & Apparel,Mobile,-0.125,0.26666666666666666,15.0,2,1920.01,7.0,26.0
CUST_00602,0,0.49846917,Central,Winneba,Beauty & Personal Care,Mobile,0.0,3.0,9997.0,1,0.0,0.0,9999.0
CUST_00606,1,0.6562127,Greater Accra,Accra,Fashion & Apparel,Mobile,0.0,2.6666666666666665,9995.0,6,0.0,0.0,9999.0
CUST_00607,0,0.59042174,Bono,Sunyani,None,None,0.0,1.0,0.0,0,0.0,0.0,9999.0
CUST_00608,1,0.7825047,Unknown,Unknown,Fashion & Apparel,Mobile,0.0,2.0,9938.0,1,0.0,0.0,9999.0
CUST_00609,1,0.56334704,Ahafo,Hwidiem,Fashion & Apparel,Mobile,0.0,1.0,9976.0,0,0.0,0.0,9999.0
CUST_00610,1,0.8935021,Oti,Dambai,Fashion & Apparel,Mobile,-0.1111111111111111,0.9285714285714286,203.0,11,399.9,1.0,207.0
CUST_00612,1,0.84544307,Greater Accra,Ashaiman,Fashion & Apparel,Mobile,-0.5,0.25,169.0,0,98.05,1.0,173.0
CUST_00613,1,0.77777356,Ashanti,Kumasi,Fashion & Apparel,Desktop,-0.5,0.8888888888888888,105.0,0,424.98,1.0,112.0
CUST_00615,0,0.55448145,Ashanti,Kumasi,Phones & Tablets,Tablet,0.0,0.3333333333333333,9971.0,2,0.0,0.0,9999.0
CUST_00616,1,0.80049455,Greater Accra,Madina,Phones & Tablets,Tablet,0.8,0.2727272727272727,-21.0,0,2524.83,3.0,4.0
CUST_00618,1,0.76732445,Bono,Sunyani,None,Desktop,0.0,2.0,9983.0,0,0.0,0.0,9999.0
CUST_00619,1,0.6760176,Upper East,Bawku,Home & Kitchen,Tablet,-0.16666666666666663,0.1875,-18.0,0,975.9,5.0,11.0
CUST_00620,1,0.88947177,Greater Accra,Madina,Phones & Tablets,Mobile,-1.0,1.5,206.0,1,1600.88,1.0,246.0
CUST_00622,1,0.8129489,Ashanti,Kumasi,None,None,0.0,1.0,0.0,0,0.0,0.0,9999.0
CUST_00623,1,0.6226554,Ashanti,Obuasi,Fashion & Apparel,None,0.0,1.0,0.0,0,0.0,0.0,9999.0
CUST_00624,1,0.60108376,Bono East,Techiman,Electronics,Mobile,0.0,0.5,9865.0,3,0.0,0.0,9999.0
CUST_00625,1,0.66726017,Ashanti,Mampong,Fashion & Apparel,Tablet,0.04999999999999999,1.8,17.0,3,455.76,3.0,30.0
CUST_00626,1,0.6765379,Ashanti,Kumasi,Phones & Tablets,Mobile,0.0,3.0,9993.0,0,0.0,0.0,9999.0
CUST_00627,0,0.12675385,Greater Accra,Ashaiman,Home & Kitchen,Desktop,0.5,3.0,-4.0,0,1565.21,2.0,0.0
CUST_00628,1,0.7781418,Bono East,Kintampo,Phones & Tablets,Mobile,0.1333333333333333,0.2222222222222222,-11.0,2,738.6999999999999,2.0,39.0
CUST_00630,1,0.5801149,Western,Tarkwa,None,None,0.0,1.0,0.0,0,0.0,0.0,9999.0
CUST_00631,1,0.4417752,Northern,Tamale,Fashion & Apparel,Mobile,-0.06593406593406592,0.5789473684210527,34.0,5,613.15,3.0,48.0
CUST_00632,1,0.8663363,Greater Accra,Accra,Electronics,Desktop,0.0,0.3888888888888889,9989.0,10,0.0,0.0,9999.0
CUST_00633,0,0.4396915,Eastern,Nkawkaw,Fashion & Apparel,Mobile,0.0,10.0,9996.0,5,0.0,0.0,9999.0
CUST_00634,1,0.661957,Ashanti,Obuasi,Fashion & Apparel,Mobile,0.09090909090909091,0.8571428571428571,-2.0,0,92.1,1.0,2.0
CUST_00636,0,0.010307784,Eastern,Koforidua,Fashion & Apparel,Mobile,0.06666666666666671,1.8571428571428572,-6.0,0,4073.39,15.0,0.0
CUST_00637,0,0.18794754,Unknown,Unknown,Electronics,Mobile,0.0625,1.625,5.0,3,48.32,1.0,5.0
CUST_00638,1,0.5390469,Greater Accra,Tema,None,None,0.0,1.0,0.0,0,0.0,0.0,9999.0
CUST_00639,1,0.6943969,Ashanti,Kumasi,Baby & Kids,Mobile,0.0,2.0,9985.0,0,0.0,0.0,9999.0
CUST_00640,0,0.22302403,Greater Accra,Tema,Phones & Tablets,Desktop,0.0,2.0,9910.0,0,0.0,0.0,9999.0
CUST_00642,0,0.19650634,Western North,Enchi,Fashion & Apparel,Desktop,0.5,3.0,-29.0,0,383.47,3.0,1.0
CUST_00643,0,0.48332366,Eastern,Akim Oda,None,None,0.0,1.0,0.0,0,0.0,0.0,9999.0
CUST_00644,1,0.5947569,Eastern,Suhum,Fashion & Apparel,Mobile,0.0,2.0,9944.0,1,0.0,0.0,9999.0
CUST_00646,1,0.425982,Greater Accra,Tema,Fashion & Apparel,Desktop,-0.05982905982905984,0.5555555555555556,4.0,4,4898.2,13.0,30.0
CUST_00647,1,0.42619342,Eastern,Suhum,Fashion & Apparel,Mobile,0.2,1.0,0.0,0,86.03,1.0,21.0
CUST_00648,1,0.7659467,Eastern,Suhum,Phones & Tablets,Mobile,-0.25,0.7777777777777778,98.0,5,678.58,2.0,121.0
CUST_00649,1,0.8701676,Western,Tarkwa,Electronics,Tablet,-0.06666666666666667,1.0,286.0,14,85.4,1.0,297.0
CUST_00650,0,0.39225358,North East,Walewale,Electronics,Desktop,0.0,2.0,9976.0,1,0.0,0.0,9999.0
CUST_00652,0,0.041506965,Ashanti,Mampong,Electronics,Mobile,-0.2272727272727273,0.6666666666666666,-2.0,0,1697.53,7.0,0.0
CUST_00653,0,0.523328,Bono,Sunyani,Fashion & Apparel,Mobile,0.0,1.0,9990.0,0,0.0,0.0,9999.0
CUST_00654,0,0.37706456,Greater Accra,Accra,Fashion & Apparel,Mobile,-0.3333333333333333,0.41935483870967744,88.0,3,1808.47,5.0,99.0
CUST_00655,0,0.40584844,Greater Accra,Accra,Home & Kitchen,Desktop,0.0,5.0,9995.0,2,0.0,0.0,9999.0
CUST_00657,1,0.7379477,Ashanti,Kumasi,None,None,0.0,1.0,0.0,0,0.0,0.0,9999.0
CUST_00658,0,0.61144227,Central,Kasoa,Phones & Tablets,None,0.0,1.0,0.0,1,0.0,0.0,9999.0
CUST_00659,0,0.35516655,Western,Takoradi,Fashion & Apparel,Desktop,0.0,2.5,9985.0,3,0.0,0.0,9999.0
CUST_00660,0,0.006466234,Ahafo,Goaso,Fashion & Apparel,Desktop,-0.1428571428571429,1.1428571428571428,1.0,1,7913.639999999999,21.0,9.0
CUST_00661,0,0.33716863,Eastern,Nkawkaw,Sports & Outdoors,Mobile,0.0,4.0,9977.0,0,0.0,0.0,9999.0
CUST_00662,1,0.94336486,Eastern,Akim Oda,Phones & Tablets,Desktop,-1.0,0.25,227.0,0,4581.09,3.0,316.0
CUST_00663,0,0.095831335,Greater Accra,Accra,Fashion & Apparel,Mobile,0.3333333333333333,2.3333333333333335,24.0,1,378.1,2.0,25.0
CUST_00664,1,0.52532697,Greater Accra,Madina,Home & Kitchen,None,0.0,1.0,0.0,0,0.0,0.0,9999.0
CUST_00667,1,0.5766124,Bono,Sunyani,Beauty & Personal Care,Desktop,0.0,4.0,9999.0,0,0.0,0.0,9999.0
CUST_00670,1,0.8399123,Eastern,Koforidua,Baby & Kids,None,0.0,1.0,0.0,0,0.0,0.0,9999.0
CUST_00672,1,0.59371716,Greater Accra,Ashaiman,Fashion & Apparel,Tablet,-0.18518518518518517,0.3023255813953488,143.0,5,1407.29,5.0,149.0
CUST_00674,0,0.35562277,Greater Accra,Accra,Phones & Tablets,Mobile,0.0,1.7142857142857142,9988.0,12,0.0,0.0,9999.0
CUST_00675,1,0.64247733,Western,Takoradi,Electronics,Desktop,0.5,2.0,9.0,0,1618.89,1.0,15.0
CUST_00676,0,0.5745492,Ashanti,Mampong,Phones & Tablets,Mobile,0.125,0.15789473684210525,26.0,1,1494.1,4.0,64.0
CUST_00678,1,0.6689644,Ashanti,Kumasi,Electronics,Mobile,0.0,3.0,9957.0,0,0.0,0.0,9999.0
CUST_00679,0,0.045267653,Unknown,Unknown,Fashion & Apparel,Tablet,0.09523809523809523,0.29411764705882354,-17.0,1,8288.9,16.0,11.0
CUST_00680,1,0.8053816,Ashanti,Obuasi,Electronics,Mobile,0.0,0.75,9998.0,0,0.0,0.0,9999.0
CUST_00681,0,0.055919375,Northern,Yendi,Fashion & Apparel,Desktop,0.45833333333333337,0.3333333333333333,19.0,0,5784.33,8.0,20.0
CUST_00682,1,0.51873404,Unknown,Unknown,Fashion & Apparel,None,0.0,1.0,0.0,0,0.0,0.0,9999.0
CUST_00684,1,0.68843687,Ashanti,Kumasi,Fashion & Apparel,Mobile,-0.2,1.3333333333333333,92.0,6,103.72,1.0,116.0
CUST_00685,1,0.93104756,Volta,Keta,Phones & Tablets,Mobile,0.11666666666666668,0.12903225806451613,-14.0,2,426.4,2.0,14.0
CUST_00686,0,0.028503725,Central,Cape Coast,Fashion & Apparel,Tablet,0.013888888888888895,2.3333333333333335,1.0,0,7115.34,12.0,2.0
CUST_00687,1,0.9035723,Ahafo,Goaso,Electronics,Desktop,0.0,1.5,9928.0,1,0.0,0.0,9999.0
CUST_00688,1,0.7631178,Ashanti,Kumasi,None,Desktop,0.0,2.0,9976.0,0,0.0,0.0,9999.0
CUST_00689,0,0.062459793,Greater Accra,Tema,Phones & Tablets,Mobile,0.4772727272727273,0.4,25.0,1,4835.66,6.0,27.0
CUST_00691,0,0.49833152,Bono,Berekum,Electronics,Mobile,0.0,4.0,9983.0,0,0.0,0.0,9999.0
CUST_00692,1,0.65231925,Central,Cape Coast,Fashion & Apparel,Mobile,0.0,1.5,9989.0,1,0.0,0.0,9999.0
CUST_00693,1,0.8464766,Northern,Yendi,Phones & Tablets,Desktop,1.0,0.6666666666666666,-52.0,0,66.41,1.0,3.0
CUST_00694,1,0.57125974,Ashanti,Mampong,None,None,0.0,1.0,0.0,0,0.0,0.0,9999.0
CUST_00696,1,0.84921694,Greater Accra,Madina,Home & Kitchen,Mobile,0.0,0.3333333333333333,9882.0,5,0.0,0.0,9999.0
CUST_00697,1,0.5635762,Oti,Nkwanta,Beauty & Personal Care,Desktop,0.0,3.0,9994.0,1,0.0,0.0,9999.0
CUST_00698,0,0.5131128,Volta,Hohoe,Fashion & Apparel,Mobile,-0.25,0.7,128.0,8,65.47,1.0,130.0
CUST_00700,0,0.17663953,Ashanti,Kumasi,Fashion & Apparel,Mobile,0.4444444444444444,1.8,-3.0,0,5725.78,4.0,1.0
CUST_00701,1,0.7766969,Western,Sekondi,Fashion & Apparel,Desktop,0.0,2.0,9994.0,3,0.0,0.0,9999.0
CUST_00703,1,0.7691834,Ashanti,Kumasi,None,Mobile,0.0,2.0,9972.0,0,0.0,0.0,9999.0
CUST_00706,1,0.93801826,Unknown,Unknown,Fashion & Apparel,Desktop,0.4375,0.18518518518518517,-27.0,0,314.09,2.0,6.0
CUST_00707,1,0.7383002,Northern,Savelugu,Electronics,Mobile,0.0,3.0,9997.0,0,0.0,0.0,9999.0
CUST_00708,0,0.30164012,Ashanti,Obuasi,Fashion & Apparel,Desktop,-0.21052631578947367,0.52,135.0,6,688.33,4.0,138.0
CUST_00709,1,0.7272844,Ashanti,Ejisu,Fashion & Apparel,Desktop,0.0,2.0,9989.0,0,0.0,0.0,9999.0
CUST_00710,0,0.0747599,Oti,Jasikan,Fashion & Apparel,Mobile,0.0,0.9285714285714286,62.0,5,2349.04,8.0,63.0
CUST_00711,0,0.17432515,Greater Accra,Accra,Phones & Tablets,Mobile,-0.1904761904761905,0.4,55.0,4,3048.62,6.0,64.0
CUST_00712,0,0.011337188,Volta,Ho,Phones & Tablets,Mobile,0.16190476190476188,2.3333333333333335,-5.0,2,13306.87,25.0,11.0
CUST_00713,0,0.6161667,Volta,Aflao,Phones & Tablets,Mobile,0.0,3.0,9981.0,2,0.0,0.0,9999.0
CUST_00714,0,0.3032503,Western,Axim,Beauty & Personal Care,Desktop,0.0,8.0,9988.0,3,0.0,0.0,9999.0
CUST_00715,1,0.73102814,North East,Walewale,Electronics,None,0.3333333333333333,1.0,-9970.0,1,2744.02,1.0,29.0
CUST_00716,1,0.8938391,Ashanti,Kumasi,Fashion & Apparel,Mobile,-0.6666666666666666,0.2727272727272727,427.0,1,408.35,2.0,507.0
CUST_00717,1,0.90426344,Ashanti,Kumasi,Baby & Kids,Mobile,0.0,0.6666666666666666,9980.0,0,0.0,0.0,9999.0
CUST_00718,1,0.9209319,Greater Accra,Tema,Fashion & Apparel,Mobile,0.3333333333333333,0.38461538461538464,23.0,1,235.44,1.0,31.0
CUST_00720,0,0.26816216,Ashanti,Kumasi,Fashion & Apparel,Mobile,0.25,0.5833333333333334,47.0,0,93.31,2.0,47.0
CUST_00721,1,0.8677223,Ashanti,Konongo,Fashion & Apparel,Desktop,-0.16666666666666666,0.25,211.0,2,1269.3,1.0,247.0
CUST_00724,0,0.41925305,Greater Accra,Tema,Fashion & Apparel,Mobile,0.0,0.25,9924.0,2,0.0,0.0,9999.0
CUST_00725,0,0.5068993,Ashanti,Obuasi,Phones & Tablets,Tablet,0.0,0.9333333333333333,9998.0,15,0.0,0.0,9999.0
CUST_00726,1,0.617486,Ahafo,Goaso,Fashion & Apparel,Mobile,-0.2,0.2916666666666667,82.0,4,239.99,2.0,97.0
CUST_00728,1,0.7583297,Greater Accra,Accra,Electronics,Mobile,0.0,0.5,9979.0,4,0.0,0.0,9999.0
CUST_00729,1,0.7790453,Greater Accra,Dansoman,None,None,0.0,1.0,0.0,0,0.0,0.0,9999.0
CUST_00732,0,0.21172237,Oti,Dambai,Phones & Tablets,Desktop,0.2,0.3684210526315789,-22.0,0,1345.45,4.0,1.0
CUST_00733,1,0.69965225,Eastern,Suhum,Sports & Outdoors,Mobile,0.0,0.4,9970.0,5,0.0,0.0,9999.0
CUST_00734,0,0.28831297,Eastern,Koforidua,Fashion & Apparel,Mobile,-1.0,0.8571428571428571,135.0,5,459.56,1.0,141.0
CUST_00735,1,0.812796,Ashanti,Kumasi,Electronics,Desktop,1.0,2.0,-26.0,0,2343.89,1.0,32.0
CUST_00736,0,0.34633088,Eastern,Nkawkaw,Fashion & Apparel,Desktop,0.0,0.16666666666666666,9936.0,3,0.0,0.0,9999.0
CUST_00737,1,0.5184011,Volta,Kpando,Fashion & Apparel,Mobile,0.16666666666666666,6.0,9.0,6,1561.0,2.0,22.0
CUST_00738,1,0.6827728,Northern,Tamale,Electronics,Mobile,0.0,0.16666666666666666,9982.0,3,0.0,0.0,9999.0
CUST_00739,0,0.41798714,Northern,Tamale,Fashion & Apparel,Mobile,0.0,2.0,9955.0,1,0.0,0.0,9999.0
CUST_00740,0,0.14555706,Central,Swedru,Fashion & Apparel,Tablet,0.2857142857142857,3.0,20.0,2,800.69,2.0,32.0
CUST_00741,0,0.1725198,Western North,Sefwi Wiawso,Fashion & Apparel,Desktop,0.3333333333333333,2.5,15.0,2,94.24,1.0,31.0
CUST_00742,1,0.61389595,Bono,Sunyani,Books & Stationery,None,0.0,1.0,0.0,0,0.0,0.0,9999.0
CUST_00743,1,0.730653,Northern,Yendi,Fashion & Apparel,Mobile,0.022727272727272707,0.8666666666666667,-2.0,0,4119.74,6.0,5.0
CUST_00744,0,0.20112592,Greater Accra,Teshie,Fashion & Apparel,Mobile,0.2,1.6666666666666667,-17.0,0,163.12,1.0,3.0
CUST_00745,0,0.487545,Greater Accra,Tema,None,None,0.0,1.0,0.0,0,0.0,0.0,9999.0
CUST_00746,0,0.338323,Ashanti,Bekwai,Fashion & Apparel,Mobile,-0.16666666666666666,0.2,153.0,4,212.64,2.0,163.0
CUST_00747,0,0.096644595,Volta,Keta,Beauty & Personal Care,None,1.0,1.0,-9984.0,0,311.37,2.0,15.0
CUST_00748,0,0.6045249,Eastern,Koforidua,Fashion & Apparel,Desktop,0.0,0.3333333333333333,9907.0,1,0.0,0.0,9999.0
CUST_00749,0,0.092898816,Unknown,Unknown,Fashion & Apparel,Mobile,0.0824175824175824,0.1111111111111111,-74.0,0,5306.0,12.0,3.0
CUST_00750,0,0.6256397,Bono East,Techiman,Fashion & Apparel,Mobile,0.5,1.5,45.0,1,197.09,1.0,54.0
CUST_00752,1,0.95266676,Western North,Bibiani,Phones & Tablets,Mobile,0.5066666666666666,0.23076923076923078,14.0,0,913.39,6.0,18.0
CUST_00753,0,0.02379249,Ashanti,Kumasi,Beauty & Personal Care,Mobile,0.19444444444444448,1.375,-15.0,1,1286.32,7.0,9.0
CUST_00754,1,0.53988606,Volta,Ho,Electronics,Mobile,0.0,3.0,9980.0,1,0.0,0.0,9999.0
CUST_00756,1,0.47478366,Greater Accra,Tema,Fashion & Apparel,Mobile,0.0,0.8,9961.0,3,0.0,0.0,9999.0
CUST_00757,1,0.42923218,Greater Accra,Ashaiman,Fashion & Apparel,Mobile,0.25,0.2222222222222222,-23.0,1,1028.82,4.0,30.0
CUST_00758,1,0.56917787,Ashanti,Obuasi,Fashion & Apparel,Mobile,0.09090909090909091,1.2,46.0,7,41.49,1.0,64.0
CUST_00759,0,0.00683334,Eastern,Suhum,Fashion & Apparel,Mobile,-0.09624174707973587,0.4418604651162791,4.0,2,73072.12,149.0,4.0
CUST_00760,1,0.66203153,Bono,Sunyani,Fashion & Apparel,Mobile,0.031746031746031744,0.43333333333333335,21.0,2,4678.61,6.0,31.0
CUST_00762,1,0.807044,Northern,Tamale,Electronics,None,1.0,1.0,-9974.0,0,127.34,1.0,25.0
CUST_00763,0,0.4843173,Central,Cape Coast,None,None,0.0,1.0,0.0,0,0.0,0.0,9999.0
CUST_00764,0,0.1326246,Ashanti,Kumasi,Phones & Tablets,Desktop,-0.2529411764705882,0.7333333333333333,47.0,5,1122.46,7.0,49.0
CUST_00766,0,0.120625794,Ashanti,Bekwai,Electronics,Desktop,0.4,3.5,24.0,2,967.92,2.0,43.0
CUST_00767,0,0.065905645,Western,Axim,Fashion & Apparel,Desktop,0.0,0.4166666666666667,-4.0,1,1432.15,4.0,16.0
CUST_00768,0,0.06036415,Eastern,Koforidua,Fashion & Apparel,Mobile,0.24705882352941172,0.4,6.0,2,4158.08,9.0,62.0
CUST_00769,0,0.34673488,Greater Accra,Teshie,Phones & Tablets,None,1.0,1.0,-9984.0,0,1245.84,1.0,15.0
CUST_00770,1,0.6045785,Greater Accra,Accra,Fashion & Apparel,Mobile,0.3333333333333333,0.38461538461538464,35.0,2,238.35,1.0,80.0
CUST_00772,0,0.21003906,Western North,Enchi,Phones & Tablets,Mobile,0.09134615384615385,0.375,29.0,3,3896.52,5.0,30.0
CUST_00774,1,0.4136086,Northern,Tamale,Fashion & Apparel,Tablet,0.0,4.0,9988.0,1,0.0,0.0,9999.0
CUST_00775,1,0.6329584,Western,Sekondi,Phones & Tablets,Mobile,-0.25,0.47058823529411764,99.0,2,1297.84,2.0,108.0
CUST_00777,0,0.750942,Bono,Berekum,Baby & Kids,None,0.0,1.0,0.0,0,0.0,0.0,9999.0
CUST_00778,0,0.03068644,Central,Kasoa,Fashion & Apparel,Mobile,0.2857142857142857,0.42857142857142855,16.0,2,3582.25,9.0,18.0
CUST_00779,0,0.20994158,Western,Axim,Phones & Tablets,Mobile,0.33333333333333337,1.0,10.0,0,859.44,3.0,21.0
CUST_00780,1,0.6065545,Western North,Sefwi Wiawso,Fashion & Apparel,Mobile,0.0,1.0,9982.0,3,0.0,0.0,9999.0
CUST_00781,1,0.78933984,Ashanti,Kumasi,Electronics,Mobile,0.75,1.4285714285714286,10.0,0,909.9499999999999,2.0,14.0
CUST_00782,0,0.19320258,Ashanti,Obuasi,Fashion & Apparel,Mobile,-0.023809523809523808,1.1666666666666667,8.0,4,334.39,2.0,39.0
CUST_00783,0,0.30371183,Greater Accra,Tema,None,None,0.0,1.0,0.0,0,0.0,0.0,9999.0
CUST_00784,0,0.2589575,Bono,Sunyani,Beauty & Personal Care,Mobile,1.0,2.0,-42.0,0,130.87,1.0,29.0
CUST_00786,1,0.8153972,Greater Accra,Teshie,Electronics,Mobile,0.0,0.25,9979.0,7,0.0,0.0,9999.0
CUST_00787,0,0.10003863,Central,Swedru,Phones & Tablets,Mobile,0.16666666666666669,2.6666666666666665,-4.0,0,1474.16,3.0,0.0
CUST_00788,1,0.563342,Eastern,Akosombo,Beauty & Personal Care,Mobile,0.5,4.0,50.0,0,121.03,1.0,53.0
CUST_00789,0,0.08562381,Unknown,Unknown,Phones & Tablets,Desktop,0.75,1.5,3.0,0,2627.17,6.0,11.0
CUST_00790,1,0.83765125,Savannah,Bole,Fashion & Apparel,Mobile,0.013565891472868213,0.12,54.0,8,835.29,4.0,56.0
CUST_00792,1,0.59286624,Greater Accra,Accra,Electronics,Mobile,-0.8,2.0,3.0,2,170.56,2.0,14.0
CUST_00793,1,0.4565371,Western,Sekondi,Beauty & Personal Care,Mobile,0.0,1.5,9945.0,4,0.0,0.0,9999.0
CUST_00794,0,0.45552704,Northern,Tamale,Fashion & Apparel,Desktop,0.1111111111111111,1.5555555555555556,40.0,4,577.45,1.0,40.0
CUST_00796,1,0.877468,Western,Takoradi,Electronics,Mobile,-0.1,0.2857142857142857,150.0,2,994.85,1.0,175.0
CUST_00797,0,0.38027307,Central,Swedru,Fashion & Apparel,Mobile,-0.375,0.2777777777777778,76.0,3,528.88,3.0,104.0
CUST_00798,1,0.64435005,Greater Accra,Accra,Fashion & Apparel,Tablet,0.0,1.0,9963.0,0,0.0,0.0,9999.0
CUST_00799,0,0.33817875,Greater Accra,Accra,Phones & Tablets,Desktop,0.0,1.8333333333333333,9996.0,2,0.0,0.0,9999.0
CUST_00800,1,0.8987594,Central,Kasoa,Electronics,Desktop,0.0,0.3333333333333333,9954.0,4,0.0,0.0,9999.0
CUST_00801,1,0.7493585,Ashanti,Kumasi,Fashion & Apparel,Mobile,0.0,0.7,9998.0,10,0.0,0.0,9999.0
CUST_00803,0,0.4183524,Bono,Sunyani,Fashion & Apparel,Mobile,0.0,2.0,9988.0,1,0.0,0.0,9999.0
CUST_00804,1,0.7192868,Savannah,Damongo,Fashion & Apparel,Mobile,-0.14285714285714285,1.1818181818181819,131.0,14,863.96,1.0,134.0
CUST_00805,0,0.10361928,Ashanti,Kumasi,Phones & Tablets,Mobile,0.5714285714285714,5.0,34.0,2,4803.74,4.0,41.0
CUST_00806,0,0.48340166,Oti,Jasikan,Fashion & Apparel,Mobile,-0.25,0.625,223.0,2,44.84,1.0,235.0
CUST_00807,1,0.8562365,Eastern,Akosombo,Phones & Tablets,Mobile,-0.3333333333333333,0.2857142857142857,457.0,1,57.18,1.0,496.0
CUST_00808,1,0.9055981,Ashanti,Kumasi,Phones & Tablets,Desktop,0.0,0.17142857142857143,9980.0,19,0.0,0.0,9999.0
CUST_00809,0,0.079182856,Greater Accra,Accra,Electronics,Mobile,-0.5238095238095237,1.3333333333333333,14.0,1,651.78,3.0,35.0
CUST_00811,1,0.370271,Volta,Aflao,Fashion & Apparel,Mobile,-0.25,0.10526315789473684,92.0,2,240.69,2.0,97.0
CUST_00812,1,0.76495427,Eastern,Koforidua,Fashion & Apparel,Mobile,0.0888888888888889,0.5925925925925926,16.0,0,1330.6599999999999,3.0,20.0
CUST_00814,1,0.73680395,Western,Tarkwa,Phones & Tablets,Mobile,0.625,0.21428571428571427,7.0,0,1090.68,4.0,10.0
CUST_00815,1,0.7082558,Ashanti,Obuasi,Phones & Tablets,Tablet,0.25,0.4375,-2.0,0,3263.21,3.0,7.0
CUST_00816,0,0.38533306,Central,Cape Coast,Fashion & Apparel,Mobile,0.2,0.8333333333333334,-43.0,0,358.51,1.0,2.0
CUST_00817,1,0.46766213,Ashanti,Kumasi,Health & Wellness,Desktop,0.0,1.0,9972.0,3,0.0,0.0,9999.0
CUST_00818,0,0.43093464,Bono,Dormaa Ahenkro,Fashion & Apparel,Mobile,0.0,2.0,9998.0,0,0.0,0.0,9999.0
CUST_00820,0,0.40831286,Eastern,Akosombo,Beauty & Personal Care,Mobile,0.0,3.0,9990.0,2,0.0,0.0,9999.0
CUST_00821,1,0.70776063,Ashanti,Obuasi,Electronics,Mobile,0.0,0.36363636363636365,9992.0,7,0.0,0.0,9999.0
CUST_00823,0,0.41636434,Upper East,Navrongo,Home & Kitchen,Mobile,1.0,2.0,-1.0,0,494.57,1.0,32.0
CUST_00824,0,0.49578735,Ashanti,Bekwai,Phones & Tablets,Desktop,0.0,6.0,9998.0,2,0.0,0.0,9999.0
CUST_00825,1,0.7646888,Greater Accra,Accra,Fashion & Apparel,Mobile,-0.12987012987012986,2.5555555555555554,-2.0,0,2601.78,6.0,0.0
CUST_00826,1,0.9125593,Greater Accra,Ashaiman,Fashion & Apparel,Mobile,0.09473684210526317,0.2,9.0,4,2147.6400000000003,3.0,23.0
CUST_00827,1,0.7879514,Eastern,Koforidua,Beauty & Personal Care,None,0.0,1.0,0.0,0,0.0,0.0,9999.0
CUST_00828,1,0.66715956,Eastern,Koforidua,Fashion & Apparel,Desktop,0.0,5.0,9985.0,2,0.0,0.0,9999.0
CUST_00829,1,0.5255966,Bono,Berekum,Fashion & Apparel,Mobile,0.0,1.8,9998.0,8,0.0,0.0,9999.0
CUST_00830,1,0.62948245,Ashanti,Kumasi,Baby & Kids,Desktop,0.0,2.5,9990.0,2,0.0,0.0,9999.0
CUST_00831,1,0.6110266,Ashanti,Bekwai,None,Mobile,0.0,2.0,9998.0,0,0.0,0.0,9999.0
CUST_00832,1,0.58217186,Upper East,Bolgatanga,Fashion & Apparel,Desktop,-1.0,1.5,113.0,3,2290.0,2.0,114.0
CUST_00835,1,0.58944494,Eastern,Suhum,Fashion & Apparel,Desktop,0.16666666666666669,2.0,3.0,1,495.27,3.0,17.0
CUST_00836,1,0.58156735,Ashanti,Kumasi,Electronics,Mobile,0.0,4.0,9986.0,1,0.0,0.0,9999.0
CUST_00837,1,0.90524876,Upper West,Wa,Fashion & Apparel,Mobile,0.0,0.2,9953.0,1,0.0,0.0,9999.0
CUST_00838,1,0.6062795,Greater Accra,Madina,Electronics,Desktop,0.0,3.0,9983.0,3,0.0,0.0,9999.0
CUST_00839,0,0.03278349,Upper West,Wa,Phones & Tablets,Mobile,0.11688311688311687,1.1428571428571428,-23.0,0,7621.69,9.0,1.0
CUST_00840,1,0.67951566,Volta,Kpando,Sports & Outdoors,Mobile,-0.5,1.0,143.0,2,151.57,1.0,166.0
CUST_00842,0,0.28831178,Greater Accra,Accra,Phones & Tablets,Mobile,-0.3333333333333333,1.1666666666666667,121.0,4,272.18,1.0,135.0
CUST_00844,0,0.4436492,Ashanti,Kumasi,Fashion & Apparel,Mobile,-0.1111111111111111,0.17391304347826086,370.0,5,887.22,1.0,383.0
CUST_00846,0,0.54470867,Western,Takoradi,Fashion & Apparel,Mobile,0.0,1.0,9976.0,0,0.0,0.0,9999.0
CUST_00848,1,0.9454391,Central,Kasoa,Beauty & Personal Care,Mobile,0.0,0.2,9916.0,1,0.0,0.0,9999.0
CUST_00849,1,0.6873402,Volta,Keta,Electronics,Mobile,0.0,2.0,9995.0,3,0.0,0.0,9999.0
CUST_00850,1,0.9389162,Greater Accra,Accra,Baby & Kids,Desktop,0.0,1.0,9953.0,0,0.0,0.0,9999.0
CUST_00852,0,0.28195056,Greater Accra,Dansoman,Fashion & Apparel,Mobile,0.13636363636363635,0.4,40.0,1,1696.9599999999998,5.0,59.0
CUST_00853,0,0.67799747,Western,Axim,None,None,0.0,1.0,0.0,0,0.0,0.0,9999.0
CUST_00854,1,0.59520763,Upper West,Lawra,Fashion & Apparel,Mobile,-0.16666666666666666,0.23529411764705882,415.0,4,121.19,1.0,455.0
CUST_00855,0,0.73713875,Volta,Ho,None,None,0.0,1.0,0.0,0,0.0,0.0,9999.0
CUST_00858,0,0.048069607,Central,Cape Coast,Fashion & Apparel,Desktop,-0.55,3.0,7.0,1,927.29,6.0,7.0
CUST_00859,0,0.3000009,Ashanti,Bekwai,Electronics,Mobile,0.0,3.0,9986.0,0,0.0,0.0,9999.0
CUST_00861,1,0.86155885,Upper East,Bolgatanga,Fashion & Apparel,Mobile,-0.125,0.8235294117647058,83.0,6,149.75,1.0,91.0
CUST_00862,0,0.19709331,Western,Axim,Phones & Tablets,Mobile,-0.75,1.0,-18.0,0,233.48000000000002,2.0,4.0
CUST_00863,0,0.22974633,Ashanti,Bekwai,Phones & Tablets,Mobile,0.0,1.0,9990.0,1,0.0,0.0,9999.0
CUST_00864,0,0.4453059,Ashanti,Kumasi,Electronics,Desktop,0.0,4.0,9987.0,0,0.0,0.0,9999.0
CUST_00865,0,0.43904528,Greater Accra,Tema,Home & Kitchen,Mobile,0.0,2.0,9983.0,1,0.0,0.0,9999.0
CUST_00866,0,0.02476905,Ashanti,Kumasi,Fashion & Apparel,Mobile,0.431578947368421,1.5714285714285714,-7.0,0,3874.21,14.0,0.0
CUST_00869,1,0.7168584,Western,Sekondi,Fashion & Apparel,Mobile,-0.15789473684210525,0.3333333333333333,208.0,12,247.29,3.0,209.0
CUST_00870,1,0.8029501,Greater Accra,Dansoman,Fashion & Apparel,Mobile,-0.3125,0.25,103.0,2,335.12,5.0,120.0
CUST_00871,1,0.86296654,Ashanti,Obuasi,Electronics,None,0.0,1.0,0.0,0,0.0,0.0,9999.0
CUST_00872,0,0.6918508,Greater Accra,Accra,None,None,0.0,1.0,0.0,0,0.0,0.0,9999.0
CUST_00873,1,0.5638447,Greater Accra,Madina,Fashion & Apparel,Mobile,0.16363636363636364,0.75,3.0,1,1932.99,6.0,7.0
CUST_00874,0,0.38848975,Bono,Sunyani,Electronics,Mobile,0.0,5.0,9977.0,2,0.0,0.0,9999.0
CUST_00877,0,0.37910768,Greater Accra,Accra,Fashion & Apparel,Tablet,0.07500000000000001,0.7058823529411765,0.0,0,1379.19,3.0,13.0
CUST_00878,1,0.7654512,Bono East,Techiman,Phones & Tablets,Desktop,0.0,1.0,9992.0,3,0.0,0.0,9999.0
CUST_00880,0,0.738125,Ashanti,Kumasi,None,None,0.0,1.0,0.0,0,0.0,0.0,9999.0
CUST_00881,1,0.7814229,Eastern,Akosombo,None,None,0.0,1.0,0.0,0,0.0,0.0,9999.0
CUST_00882,1,0.7624163,Northern,Tamale,Fashion & Apparel,Mobile,0.0,3.0,9998.0,2,0.0,0.0,9999.0
CUST_00885,0,0.040426794,Western North,Enchi,Fashion & Apparel,Mobile,-0.02243589743589744,0.42105263157894735,53.0,14,7524.57,17.0,53.0
CUST_00887,1,0.7640322,Ahafo,Goaso,Fashion & Apparel,Desktop,0.0,0.42857142857142855,9950.0,1,0.0,0.0,9999.0
CUST_00888,0,0.6908743,Western,Sekondi,None,None,0.0,1.0,0.0,0,0.0,0.0,9999.0
CUST_00890,1,0.63703346,Ashanti,Obuasi,None,None,0.0,1.0,0.0,0,0.0,0.0,9999.0
CUST_00891,1,0.6134161,Northern,Tamale,Fashion & Apparel,Desktop,0.0,0.5555555555555556,9986.0,5,0.0,0.0,9999.0
CUST_00892,0,0.23928536,Central,Swedru,Phones & Tablets,Mobile,-0.3333333333333333,0.8333333333333334,205.0,2,645.06,2.0,209.0
CUST_00893,0,0.010563928,Volta,Kpando,Fashion & Apparel,Tablet,0.036604774535809015,0.2826086956521739,-1.0,0,43138.45,86.0,0.0
CUST_00894,1,0.8667031,Eastern,Akim Oda,None,None,0.0,1.0,0.0,0,0.0,0.0,9999.0
CUST_00895,1,0.7895867,Northern,Tamale,Home & Kitchen,Mobile,0.0,2.0,9998.0,3,0.0,0.0,9999.0
CUST_00896,0,0.3979713,Bono,Dormaa Ahenkro,None,None,0.0,1.0,0.0,0,0.0,0.0,9999.0
CUST_00897,1,0.5574206,Greater Accra,Ashaiman,Baby & Kids,Mobile,0.0,2.0,9995.0,1,0.0,0.0,9999.0
CUST_00898,1,0.8250149,Bono,Sunyani,Fashion & Apparel,Desktop,0.0,0.6666666666666666,9998.0,6,0.0,0.0,9999.0
CUST_00901,0,0.63963354,Eastern,Koforidua,None,None,0.0,1.0,0.0,0,0.0,0.0,9999.0
CUST_00904,1,0.66794217,Ashanti,Ejisu,Fashion & Apparel,Desktop,-0.3333333333333333,1.0,183.0,3,10825.64,1.0,210.0
CUST_00905,0,0.39929202,Bono,Sunyani,Electronics,Mobile,0.0,4.0,9996.0,1,0.0,0.0,9999.0
CUST_00906,1,0.63391876,Eastern,Koforidua,Fashion & Apparel,Mobile,-0.125,0.3333333333333333,205.0,3,128.99,1.0,256.0
CUST_00907,1,0.780039,Central,Cape Coast,Home & Kitchen,Mobile,-0.3333333333333333,1.3333333333333333,366.0,1,265.33,1.0,394.0
CUST_00908,1,0.82812303,Ashanti,Mampong,Phones & Tablets,None,0.0,1.0,0.0,0,0.0,0.0,9999.0
CUST_00909,1,0.60206294,Central,Swedru,None,Mobile,0.0,2.0,9999.0,0,0.0,0.0,9999.0
CUST_00910,0,0.25126156,Ashanti,Obuasi,Electronics,Desktop,0.25,6.0,14.0,1,369.29,1.0,29.0
CUST_00911,0,0.24786031,Greater Accra,Tema,Phones & Tablets,Desktop,-0.2,3.0,178.0,5,170.25,1.0,186.0
CUST_00912,0,0.25881,Ashanti,Bekwai,None,Mobile,0.0,2.0,9997.0,0,0.0,0.0,9999.0
CUST_00913,0,0.5757335,Greater Accra,Accra,Home & Kitchen,Mobile,0.0,0.375,9965.0,3,0.0,0.0,9999.0
CUST_00914,0,0.37855417,Savannah,Damongo,Electronics,Mobile,0.0,3.0,9973.0,0,0.0,0.0,9999.0
CUST_00915,1,0.7938501,Oti,Dambai,Beauty & Personal Care,Desktop,1.0,1.25,-4.0,0,112.58,1.0,7.0
CUST_00916,0,0.13723233,Ashanti,Kumasi,Fashion & Apparel,Desktop,0.3333333333333333,1.5,41.0,3,466.22999999999996,2.0,48.0
CUST_00917,0,0.33184367,Northern,Tamale,Fashion & Apparel,None,0.0,1.0,0.0,1,0.0,0.0,9999.0
CUST_00918,1,0.9261345,Ashanti,Bekwai,Fashion & Apparel,Desktop,1.0,0.18181818181818182,-3.0,0,124.19,2.0,4.0
CUST_00919,1,0.32551834,Volta,Keta,Fashion & Apparel,Mobile,0.033333333333333326,0.5714285714285714,52.0,3,1466.03,5.0,55.0
CUST_00921,1,0.56615925,Upper West,Jirapa,Fashion & Apparel,Mobile,0.3333333333333333,0.8,26.0,0,2129.6800000000003,6.0,46.0
CUST_00922,1,0.5803858,Ashanti,Kumasi,Electronics,Mobile,-1.0,8.0,140.0,2,114.34,1.0,149.0
CUST_00923,1,0.85148966,Upper East,Bolgatanga,Fashion & Apparel,Desktop,1.0,0.25,-225.0,0,143.75,1.0,24.0
CUST_00924,1,0.7715687,Ashanti,Obuasi,Fashion & Apparel,Tablet,0.016666666666666663,0.9473684210526315,6.0,0,4864.030000000001,4.0,6.0
CUST_00925,1,0.69661367,North East,Walewale,Beauty & Personal Care,Mobile,1.0,2.0,-25.0,0,172.39,1.0,34.0
CUST_00927,1,0.7146409,Western,Sekondi,None,Mobile,0.0,2.0,9977.0,0,0.0,0.0,9999.0
CUST_00928,1,0.6153854,Unknown,Unknown,Health & Wellness,Mobile,0.0,4.0,9977.0,1,0.0,0.0,9999.0
CUST_00929,0,0.47611272,Volta,Keta,Phones & Tablets,Mobile,0.0,0.4444444444444444,9999.0,4,0.0,0.0,9999.0
CUST_00930,1,0.6146101,Greater Accra,Madina,Electronics,Desktop,0.0,2.0,9995.0,0,0.0,0.0,9999.0
CUST_00932,1,0.6062811,Greater Accra,Accra,Fashion & Apparel,Mobile,-0.5,0.46153846153846156,458.0,2,49.54,1.0,460.0
CUST_00933,0,0.02179273,Western,Sekondi,Fashion & Apparel,Mobile,0.01688923802042419,0.11392405063291139,9.0,1,19377.74,38.0,9.0
CUST_00934,1,0.20837858,Ashanti,Kumasi,Fashion & Apparel,Desktop,-0.29166666666666663,12.0,9.0,2,919.1899999999999,5.0,28.0
CUST_00936,1,0.7136189,Central,Kasoa,Electronics,Desktop,0.0,2.0,9997.0,1,0.0,0.0,9999.0
CUST_00938,0,0.43642804,Greater Accra,Ashaiman,Fashion & Apparel,Mobile,-0.045608108108108114,0.23214285714285715,0.0,0,2306.37,5.0,1.0
CUST_00940,0,0.26104307,Eastern,Koforidua,Fashion & Apparel,Mobile,0.125,1.2222222222222223,15.0,3,1282.31,1.0,16.0
CUST_00941,1,0.7879729,Northern,Savelugu,Beauty & Personal Care,None,0.0,1.0,0.0,0,0.0,0.0,9999.0
CUST_00942,1,0.80028415,Western North,Enchi,Health & Wellness,Mobile,0.0,0.5,9884.0,0,0.0,0.0,9999.0
CUST_00943,0,0.078957535,Greater Accra,Madina,Fashion & Apparel,Desktop,0.25,0.7,7.0,0,946.29,5.0,13.0
CUST_00944,0,0.33464056,Ashanti,Kumasi,Fashion & Apparel,Mobile,0.8,0.36363636363636365,41.0,0,248.35,2.0,58.0
CUST_00945,1,0.48865515,Greater Accra,Tema,None,None,0.0,1.0,0.0,0,0.0,0.0,9999.0
CUST_00948,1,0.7622123,Western,Takoradi,Home & Kitchen,Mobile,0.5,1.0,-5.0,1,37.5,1.0,14.0
CUST_00949,1,0.7697078,Greater Accra,Teshie,Home & Kitchen,Desktop,-0.5,1.0,570.0,2,742.18,1.0,591.0
CUST_00950,0,0.57955587,Ashanti,Kumasi,Beauty & Personal Care,Mobile,0.0,3.0,9959.0,1,0.0,0.0,9999.0
CUST_00951,1,0.8278137,Greater Accra,Ashaiman,Fashion & Apparel,Mobile,0.0,0.2,9844.0,0,0.0,0.0,9999.0
CUST_00952,1,0.7926565,Bono,Sunyani,Fashion & Apparel,Mobile,0.0,9.0,9974.0,4,0.0,0.0,9999.0
CUST_00954,1,0.57576865,Greater Accra,Accra,Fashion & Apparel,Mobile,-0.05769230769230771,0.2727272727272727,40.0,3,766.89,5.0,53.0
CUST_00955,0,0.34267297,Ashanti,Mampong,Beauty & Personal Care,Mobile,0.0,0.5,9899.0,0,0.0,0.0,9999.0
CUST_00956,1,0.8087556,Unknown,Unknown,Beauty & Personal Care,None,0.0,1.0,0.0,0,0.0,0.0,9999.0
CUST_00957,1,0.89513373,Ahafo,Goaso,Sports & Outdoors,Desktop,-1.0,1.0,53.0,0,237.39,1.0,108.0
CUST_00960,1,0.77322435,Greater Accra,Dansoman,Fashion & Apparel,Mobile,0.0,0.8,9985.0,6,0.0,0.0,9999.0
CUST_00962,1,0.61082286,Ashanti,Kumasi,Fashion & Apparel,Desktop,0.3333333333333333,1.0,-32.0,1,360.09,1.0,30.0
CUST_00963,1,0.7239635,Greater Accra,Dansoman,Health & Wellness,None,0.0,1.0,0.0,0,0.0,0.0,9999.0
CUST_00964,1,0.6794195,Central,Winneba,Electronics,Mobile,0.0,5.0,9974.0,7,0.0,0.0,9999.0
CUST_00965,0,0.28441647,Greater Accra,Accra,Books & Stationery,Desktop,0.0,2.0,9980.0,1,0.0,0.0,9999.0
CUST_00966,0,0.5258054,Upper East,Bolgatanga,Beauty & Personal Care,Desktop,0.0,3.0,9992.0,1,0.0,0.0,9999.0
CUST_00967,1,0.85774726,Ashanti,Mampong,Fashion & Apparel,Mobile,0.0,0.35294117647058826,9978.0,7,0.0,0.0,9999.0
CUST_00968,1,0.3814909,Greater Accra,Accra,Electronics,None,0.0,1.0,0.0,1,0.0,0.0,9999.0
CUST_00969,1,0.62741506,Central,Winneba,Beauty & Personal Care,Mobile,0.0,1.2,9989.0,7,0.0,0.0,9999.0
CUST_00970,1,0.58565956,Ashanti,Obuasi,Electronics,Desktop,0.0,8.0,9990.0,3,0.0,0.0,9999.0
CUST_00971,0,0.28339428,Savannah,Damongo,Fashion & Apparel,Mobile,0.3333333333333333,1.3333333333333333,17.0,0,46.9,1.0,19.0
CUST_00972,1,0.89422333,Central,Winneba,Fashion & Apparel,Tablet,-0.10526315789473684,0.25925925925925924,213.0,8,3962.11,2.0,218.0
CUST_00973,1,0.81150424,Ashanti,Kumasi,Fashion & Apparel,Desktop,0.08152173913043478,0.85,67.0,7,2431.05,2.0,67.0
CUST_00974,1,0.7015092,Volta,Hohoe,None,None,0.0,1.0,0.0,0,0.0,0.0,9999.0
CUST_00976,1,0.4848974,Western North,Bibiani,Home & Kitchen,None,0.0,1.0,0.0,0,0.0,0.0,9999.0
CUST_00977,1,0.5833306,Ashanti,Konongo,Fashion & Apparel,Mobile,0.8,1.0,-30.0,0,2527.49,4.0,2.0
CUST_00979,1,0.6489064,Greater Accra,Ashaiman,None,None,0.0,1.0,0.0,0,0.0,0.0,9999.0
CUST_00980,0,0.034523755,Eastern,Koforidua,Fashion & Apparel,Mobile,0.06666666666666665,1.125,4.0,0,4990.89,5.0,6.0
CUST_00981,1,0.5641515,Bono,Sunyani,Phones & Tablets,Mobile,0.0,4.0,9976.0,0,0.0,0.0,9999.0
CUST_00982,1,0.8222976,Upper East,Bawku,Phones & Tablets,Mobile,-0.08928571428571427,0.65,79.0,6,1044.98,4.0,80.0
CUST_00985,0,0.12065443,Bono,Dormaa Ahenkro,Fashion & Apparel,Mobile,0.125,0.4,26.0,0,1291.44,4.0,32.0
CUST_00986,0,0.021728175,Upper West,Wa,Fashion & Apparel,Tablet,-0.22077922077922074,2.0,23.0,3,8663.65,13.0,24.0
CUST_00987,0,0.054891463,Greater Accra,Tema,Fashion & Apparel,Desktop,-0.3181818181818182,0.5555555555555556,41.0,5,1189.52,4.0,52.0
CUST_00988,1,0.6725164,Eastern,Akim Oda,Fashion & Apparel,Mobile,0.0,6.0,9992.0,0,0.0,0.0,9999.0
CUST_00989,0,0.38091916,Ashanti,Kumasi,Home & Kitchen,Tablet,0.0,2.0,9983.0,2,0.0,0.0,9999.0
CUST_00990,1,0.8471226,Bono East,Techiman,Home & Kitchen,Mobile,0.5,2.3333333333333335,41.0,0,261.04,2.0,53.0
CUST_00991,1,0.70557564,Greater Accra,Dansoman,Fashion & Apparel,Desktop,-0.5681818181818181,0.4444444444444444,53.0,8,2793.98,8.0,54.0
CUST_00992,0,0.007373513,Ashanti,Kumasi,Fashion & Apparel,Mobile,0.1885245901639344,0.48148148148148145,7.0,0,15914.67,34.0,10.0
CUST_00993,1,0.79772484,Northern,Tamale,Beauty & Personal Care,None,0.0,1.0,0.0,0,0.0,0.0,9999.0
CUST_00994,0,0.31362987,Greater Accra,Accra,Fashion & Apparel,Mobile,0.2,1.1111111111111112,73.0,4,145.03,1.0,81.0
CUST_00995,0,0.6152531,Eastern,Suhum,Fashion & Apparel,None,0.0,1.0,0.0,0,0.0,0.0,9999.0
CUST_00997,1,0.9058604,Ashanti,Ejisu,Fashion & Apparel,Mobile,-0.14285714285714285,0.17142857142857143,584.0,9,90.68,1.0,598.0
CUST_00999,1,0.92700374,Central,Kasoa,Phones & Tablets,Mobile,-1.0,0.2,469.0,0,79.77,1.0,506.0
CUST_01000,1,0.6138677,Greater Accra,Madina,Beauty & Personal Care,Mobile,0.0,0.6,9964.0,3,0.0,0.0,9999.0
CUST_01002,1,0.7590021,Upper East,Bolgatanga,Phones & Tablets,None,0.0,1.0,0.0,0,0.0,0.0,9999.0
CUST_01003,1,0.75055724,Northern,Savelugu,Fashion & Apparel,Desktop,0.0,0.5833333333333334,38.0,7,2065.63,8.0,39.0
CUST_01004,0,0.11082522,Greater Accra,Ashaiman,Electronics,Mobile,0.3,0.375,-10.0,0,1989.18,6.0,24.0
CUST_01005,0,0.21360844,Greater Accra,Accra,Phones & Tablets,Mobile,0.01470588235294118,0.7777777777777778,41.0,1,1170.25,5.0,47.0
CUST_01006,0,0.02710616,Ashanti,Kumasi,Fashion & Apparel,Mobile,-0.05982905982905978,0.8333333333333334,-15.0,0,1428.42,9.0,3.0
CUST_01007,1,0.8977735,Ashanti,Obuasi,Baby & Kids,Mobile,0.0,1.5,9942.0,0,0.0,0.0,9999.0
CUST_01008,1,0.85455287,Ashanti,Kumasi,Fashion & Apparel,Mobile,0.11304347826086958,0.2857142857142857,-3.0,0,388.37,4.0,0.0
CUST_01009,0,0.56369275,Volta,Ho,None,None,0.0,1.0,0.0,0,0.0,0.0,9999.0
CUST_01010,1,0.65311235,Greater Accra,Accra,Fashion & Apparel,Desktop,0.0,3.0,9996.0,0,0.0,0.0,9999.0
CUST_01011,1,0.50485957,Greater Accra,Accra,None,None,0.0,1.0,0.0,0,0.0,0.0,9999.0
CUST_01012,0,0.46751857,Ashanti,Mampong,Fashion & Apparel,Mobile,-0.2,0.3076923076923077,433.0,1,93.67,1.0,454.0
CUST_01013,1,0.7369902,Volta,Ho,Fashion & Apparel,Tablet,-0.36363636363636365,0.38461538461538464,105.0,2,3585.81,4.0,114.0
CUST_01015,1,0.099418476,Western,Sekondi,Fashion & Apparel,Mobile,0.75,1.0,30.0,0,960.98,3.0,42.0
CUST_01016,0,0.114538886,Ashanti,Mampong,Phones & Tablets,Mobile,0.06060606060606061,0.23076923076923078,45.0,2,3536.79,4.0,80.0
CUST_01018,0,0.34097546,Western North,Sefwi Wiawso,Phones & Tablets,Desktop,0.07692307692307693,1.5,57.0,9,63.79,1.0,64.0
CUST_01019,1,0.9162365,Ashanti,Kumasi,Fashion & Apparel,Desktop,1.0,0.8,25.0,0,86.24,1.0,29.0
CUST_01021,0,0.2887519,Eastern,Nkawkaw,Fashion & Apparel,Desktop,-0.25,0.9,266.0,9,502.57,1.0,275.0
CUST_01022,1,0.6230161,Ashanti,Mampong,Baby & Kids,None,0.0,1.0,0.0,1,0.0,0.0,9999.0
CUST_01023,0,0.35994813,Volta,Kpando,Phones & Tablets,Mobile,-0.6666666666666666,0.3125,407.0,3,134.23,2.0,412.0
CUST_01024,0,0.02330691,Bono,Berekum,Fashion & Apparel,Desktop,0.35593220338983056,0.09090909090909091,-36.0,0,17161.6,42.0,8.0
CUST_01025,1,0.79430866,Volta,Keta,Phones & Tablets,Mobile,0.0,0.2857142857142857,9983.0,6,0.0,0.0,9999.0
CUST_01026,0,0.20469,Bono,Sunyani,Phones & Tablets,Desktop,0.3333333333333333,2.5,5.0,1,37.92,1.0,38.0
CUST_01027,0,0.33363345,Ashanti,Kumasi,Fashion & Apparel,Mobile,0.13333333333333336,0.4375,25.0,2,601.88,3.0,28.0
CUST_01028,1,0.78948885,Greater Accra,Dansoman,Fashion & Apparel,Mobile,-0.2857142857142857,0.21428571428571427,123.0,11,2556.76,10.0,128.0
CUST_01029,1,0.5130106,Northern,Tamale,Fashion & Apparel,None,0.0,1.0,0.0,0,0.0,0.0,9999.0
CUST_01030,0,0.17746812,Ashanti,Kumasi,Fashion & Apparel,Desktop,0.0980392156862745,0.2857142857142857,37.0,1,4482.400000000001,5.0,58.0
CUST_01032,0,0.23571362,Ashanti,Kumasi,Fashion & Apparel,Desktop,0.2,2.0,1.0,0,287.78,1.0,3.0
CUST_01033,0,0.32138628,Greater Accra,Tema,None,None,0.0,1.0,0.0,0,0.0,0.0,9999.0
CUST_01036,1,0.8160444,North East,Walewale,Fashion & Apparel,Mobile,0.05681818181818182,0.7222222222222222,67.0,7,468.71,3.0,71.0
CUST_01037,0,0.5360987,Savannah,Damongo,Fashion & Apparel,Desktop,0.0,2.0,9940.0,0,0.0,0.0,9999.0
CUST_01038,0,0.2035855,Upper East,Bolgatanga,Fashion & Apparel,Desktop,0.275,0.8333333333333334,40.0,3,1105.7,3.0,56.0
CUST_01040,1,0.8427692,Central,Winneba,None,None,0.0,1.0,0.0,0,0.0,0.0,9999.0
CUST_01041,0,0.23486991,Bono East,Kintampo,Fashion & Apparel,Desktop,-0.25,3.5,80.0,3,3043.12,2.0,86.0
CUST_01042,1,0.71320325,Ashanti,Kumasi,Fashion & Apparel,Mobile,0.75,0.7142857142857143,11.0,0,433.65999999999997,2.0,12.0
CUST_01043,1,0.51910144,Eastern,Nkawkaw,Electronics,None,0.0,1.0,0.0,1,0.0,0.0,9999.0
CUST_01044,0,0.073620416,Western,Takoradi,Phones & Tablets,Desktop,0.041666666666666685,0.8333333333333334,24.0,3,2633.88,6.0,28.0
CUST_01045,0,0.11352865,Eastern,Suhum,Phones & Tablets,Mobile,0.0,0.2222222222222222,10.0,1,2920.3599999999997,6.0,18.0
CUST_01046,1,0.47877106,Eastern,Akim Oda,Fashion & Apparel,Mobile,0.2666666666666666,1.6,22.0,0,4787.3,4.0,22.0
CUST_01047,0,0.6787276,Ashanti,Konongo,None,None,0.0,1.0,0.0,0,0.0,0.0,9999.0
CUST_01049,1,0.7104795,Bono,Sunyani,Electronics,Desktop,-0.625,0.3333333333333333,84.0,3,6340.26,5.0,115.0
CUST_01051,0,0.36555582,Upper West,Jirapa,Phones & Tablets,Mobile,0.5,0.29411764705882354,-28.0,0,2706.79,1.0,21.0
CUST_01052,0,0.4571055,Volta,Hohoe,Electronics,Mobile,0.0,2.5,9995.0,2,0.0,0.0,9999.0
CUST_01053,0,0.060793642,Bono,Dormaa Ahenkro,Fashion & Apparel,Desktop,0.0,0.2702702702702703,-2.0,0,9546.94,16.0,0.0
CUST_01054,0,0.18554369,Central,Kasoa,Electronics,Tablet,0.25,0.5714285714285714,-37.0,0,3662.92,5.0,15.0
CUST_01055,0,0.40345973,Northern,Tamale,Phones & Tablets,Desktop,0.06377551020408163,0.10909090909090909,8.0,3,726.45,4.0,37.0
CUST_01056,0,0.69784784,Greater Accra,Accra,Fashion & Apparel,Mobile,0.3333333333333333,7.0,14.0,0,602.9,1.0,14.0
CUST_01057,1,0.4631504,Bono,Dormaa Ahenkro,Fashion & Apparel,Desktop,0.5,0.45454545454545453,19.0,0,1469.52,3.0,34.0
CUST_01058,0,0.36824158,Greater Accra,Accra,Fashion & Apparel,Mobile,0.125,10.0,74.0,6,243.56,1.0,75.0
CUST_01059,0,0.15694204,Western North,Enchi,Electronics,Mobile,-0.6666666666666666,1.3333333333333333,110.0,2,522.0,2.0,119.0
CUST_01060,1,0.6150627,North East,Walewale,Fashion & Apparel,Mobile,0.3333333333333333,0.8888888888888888,80.0,1,153.14,1.0,85.0
CUST_01061,1,0.7202461,Ashanti,Bekwai,Fashion & Apparel,Mobile,0.0,0.275,28.0,4,1706.08,5.0,28.0
CUST_01062,0,0.14918298,Ashanti,Obuasi,Fashion & Apparel,Mobile,-0.2777777777777778,0.09090909090909091,43.0,3,1295.63,5.0,109.0
CUST_01063,1,0.48638037,Northern,Yendi,Fashion & Apparel,Mobile,-0.20833333333333334,0.25,32.0,3,551.6,4.0,45.0
CUST_01064,1,0.5838367,Ashanti,Konongo,Beauty & Personal Care,Mobile,0.0,4.0,9972.0,0,0.0,0.0,9999.0
CUST_01065,1,0.88990766,Bono East,Techiman,Phones & Tablets,None,0.0,1.0,0.0,0,0.0,0.0,9999.0
CUST_01066,1,0.7124789,Unknown,Unknown,Electronics,Mobile,0.0,0.35714285714285715,9987.0,8,0.0,0.0,9999.0
CUST_01067,0,0.3105309,Greater Accra,Accra,Phones & Tablets,Mobile,0.5,2.0,-8.0,0,61.03,1.0,4.0
CUST_01069,0,0.43926957,Volta,Ho,Baby & Kids,Mobile,0.0,4.0,9991.0,0,0.0,0.0,9999.0
CUST_01070,1,0.79774994,Bono,Sunyani,Home & Kitchen,None,0.0,1.0,0.0,0,0.0,0.0,9999.0
CUST_01071,0,0.6553585,Ashanti,Kumasi,None,Mobile,0.0,2.0,9998.0,0,0.0,0.0,9999.0
CUST_01072,1,0.8340725,Volta,Hohoe,None,None,0.0,1.0,0.0,0,0.0,0.0,9999.0
CUST_01075,1,0.9145744,Volta,Hohoe,Electronics,Mobile,-0.5,0.14285714285714285,85.0,1,105.15,1.0,134.0
CUST_01076,0,0.26007292,Central,Cape Coast,Beauty & Personal Care,Mobile,0.6666666666666666,4.0,-24.0,0,164.31,2.0,22.0
CUST_01077,1,0.7724038,Eastern,Nkawkaw,None,Mobile,0.0,2.0,9970.0,0,0.0,0.0,9999.0
CUST_01078,1,0.8850144,Ashanti,Ejisu,Fashion & Apparel,Desktop,0.0,0.5714285714285714,9987.0,15,0.0,0.0,9999.0
CUST_01079,0,0.42127356,Northern,Yendi,None,None,0.0,1.0,0.0,0,0.0,0.0,9999.0
CUST_01080,1,0.9173537,Ashanti,Konongo,Fashion & Apparel,Mobile,-0.5,0.11764705882352941,205.0,2,574.6999999999999,3.0,274.0
CUST_01081,1,0.71047246,Volta,Ho,Home & Kitchen,Mobile,0.0,0.3076923076923077,9990.0,7,0.0,0.0,9999.0
CUST_01083,1,0.71594256,Western,Sekondi,Health & Wellness,Desktop,0.0,4.0,9998.0,0,0.0,0.0,9999.0
CUST_01084,1,0.72082514,Northern,Tamale,Fashion & Apparel,Mobile,0.32592592592592595,0.4634146341463415,30.0,3,1797.04,6.0,35.0
CUST_01085,1,0.8151283,Ashanti,Ejisu,Fashion & Apparel,Mobile,-0.16666666666666666,0.25,419.0,3,122.9,1.0,454.0
CUST_01086,1,0.6330797,Greater Accra,Accra,Fashion & Apparel,Desktop,-0.5,1.0,2.0,1,879.1800000000001,2.0,55.0
CUST_01087,1,0.7952395,Greater Accra,Madina,Electronics,Mobile,0.0,2.0,9996.0,1,0.0,0.0,9999.0
CUST_01089,1,0.89011204,Bono,Sunyani,Fashion & Apparel,Mobile,0.18627450980392155,0.18604651162790697,81.0,1,2458.13,6.0,82.0
CUST_01090,1,0.49020457,Greater Accra,Accra,None,None,0.0,1.0,0.0,0,0.0,0.0,9999.0
CUST_01091,0,0.17731023,Northern,Tamale,Electronics,Desktop,0.14583333333333331,0.11538461538461539,5.0,1,1597.4299999999998,4.0,14.0
CUST_01092,0,0.5528253,Ashanti,Bekwai,Fashion & Apparel,Tablet,1.0,1.0,12.0,0,595.06,1.0,62.0
CUST_01093,0,0.01730706,Eastern,Nkawkaw,Fashion & Apparel,Desktop,0.2077922077922078,0.8181818181818182,-9.0,0,2260.75,10.0,19.0
CUST_01094,1,0.63513374,Ahafo,Goaso,Fashion & Apparel,Mobile,0.0,0.8,9974.0,1,0.0,0.0,9999.0
CUST_01095,1,0.75054294,Ashanti,Kumasi,Groceries & Food,None,0.0,1.0,0.0,0,0.0,0.0,9999.0
CUST_01097,1,0.60193443,Greater Accra,Ashaiman,None,None,0.0,1.0,0.0,0,0.0,0.0,9999.0
CUST_01099,1,0.46166834,Unknown,Unknown,Fashion & Apparel,Tablet,-0.12121212121212122,0.8181818181818182,1.0,0,3042.9399999999996,6.0,2.0
CUST_01100,1,0.5889292,Greater Accra,Teshie,Home & Kitchen,Mobile,0.0,3.0,9961.0,1,0.0,0.0,9999.0
CUST_01102,1,0.9576719,Eastern,Koforidua,Fashion & Apparel,Desktop,0.0,0.08333333333333333,9899.0,2,0.0,0.0,9999.0
CUST_01103,1,0.7806203,Central,Swedru,Electronics,Desktop,-0.5,0.2,350.0,4,604.89,3.0,360.0
CUST_01104,1,0.8936434,Greater Accra,Madina,Fashion & Apparel,Mobile,-1.0,0.2727272727272727,202.0,1,665.3399999999999,2.0,218.0
CUST_01105,1,0.5544357,Ashanti,Kumasi,Fashion & Apparel,Mobile,-0.30434782608695654,0.5714285714285714,145.0,3,1289.66,7.0,161.0
CUST_01107,1,0.5390772,Oti,Dambai,Phones & Tablets,Mobile,0.16666666666666666,5.0,-8.0,2,583.49,2.0,22.0
CUST_01108,1,0.33686233,Greater Accra,Accra,Phones & Tablets,Mobile,-0.1111111111111111,0.9166666666666666,154.0,6,196.27,1.0,159.0
CUST_01109,0,0.27911994,Western North,Enchi,Phones & Tablets,Desktop,-0.1818181818181818,0.42857142857142855,4.0,1,386.53000000000003,4.0,10.0
CUST_01111,1,0.85684574,Central,Elmina,Beauty & Personal Care,Desktop,0.5,0.8888888888888888,48.0,1,852.17,1.0,61.0
CUST_01112,0,0.74872357,Eastern,Suhum,None,None,0.0,1.0,0.0,0,0.0,0.0,9999.0
CUST_01113,1,0.5292361,Greater Accra,Tema,None,None,0.0,1.0,0.0,0,0.0,0.0,9999.0
CUST_01114,0,0.1581118,Greater Accra,Accra,Fashion & Apparel,Mobile,-0.08333333333333331,3.3333333333333335,17.0,1,685.82,2.0,24.0
CUST_01115,1,0.82779574,Western,Sekondi,Baby & Kids,None,0.0,1.0,0.0,0,0.0,0.0,9999.0
CUST_01116,0,0.145648,Ashanti,Bekwai,Electronics,Desktop,0.6666666666666666,0.42857142857142855,12.0,0,959.41,2.0,20.0
CUST_01118,1,0.7094476,Ashanti,Kumasi,Fashion & Apparel,Mobile,0.05652173913043479,0.2926829268292683,57.0,6,2816.17,2.0,76.0
CUST_01119,1,0.6035718,Greater Accra,Madina,Fashion & Apparel,Desktop,0.0,3.0,9995.0,0,0.0,0.0,9999.0
CUST_01121,0,0.0077310526,Ashanti,Bekwai,Fashion & Apparel,Desktop,-0.02083333333333337,0.22727272727272727,1.0,0,16090.82,36.0,7.0
CUST_01122,1,0.9658955,Central,Cape Coast,Electronics,Mobile,0.0,0.16666666666666666,9786.0,1,0.0,0.0,9999.0
CUST_01123,1,0.76759243,Volta,Hohoe,Phones & Tablets,Desktop,-0.3333333333333333,0.23529411764705882,156.0,5,217.39,2.0,188.0
CUST_01124,1,0.5720257,Western North,Enchi,Fashion & Apparel,Desktop,0.05555555555555555,0.3448275862068966,44.0,3,325.89,3.0,63.0
CUST_01125,0,0.25438842,Upper East,Bolgatanga,Phones & Tablets,Desktop,0.14285714285714285,0.7692307692307693,16.0,6,1640.49,2.0,36.0
CUST_01126,1,0.7182594,Volta,Hohoe,Fashion & Apparel,Desktop,0.0,1.75,9997.0,9,0.0,0.0,9999.0
CUST_01128,1,0.64971066,Upper West,Wa,Fashion & Apparel,Mobile,0.0,3.0,9987.0,2,0.0,0.0,9999.0
CUST_01129,0,0.43927526,Ashanti,Kumasi,Electronics,None,0.0,1.0,0.0,3,0.0,0.0,9999.0
CUST_01130,1,0.7424246,Greater Accra,Dansoman,None,Mobile,0.0,2.0,9993.0,0,0.0,0.0,9999.0
CUST_01131,1,0.8617495,Ashanti,Kumasi,Fashion & Apparel,Mobile,-0.5,0.2857142857142857,124.0,0,129.58,1.0,143.0
CUST_01132,1,0.6824193,Ashanti,Obuasi,Fashion & Apparel,Mobile,0.0,6.0,9983.0,2,0.0,0.0,9999.0
CUST_01134,1,0.60456437,Western,Takoradi,Fashion & Apparel,None,0.0,1.0,0.0,0,0.0,0.0,9999.0
CUST_01135,0,0.0062483554,Western,Sekondi,Fashion & Apparel,Mobile,0.2222222222222222,0.7647058823529411,1.0,0,8197.45,29.0,3.0
CUST_01137,1,0.25670493,Northern,Savelugu,Electronics,Mobile,0.04999999999999999,0.5,-2.0,1,1343.1599999999999,5.0,5.0
CUST_01138,1,0.73993176,Ashanti,Ejisu,Phones & Tablets,Mobile,0.0,2.0,9996.0,4,0.0,0.0,9999.0
CUST_01139,1,0.6320523,Volta,Keta,Fashion & Apparel,Desktop,-1.0,3.0,101.0,3,133.28,1.0,109.0
CUST_01140,0,0.1035755,Central,Cape Coast,Electronics,Mobile,-0.019230769230769218,1.2222222222222223,4.0,2,1228.63,4.0,12.0
CUST_01141,0,0.22645847,Ashanti,Bekwai,Electronics,Mobile,-0.08333333333333331,0.26666666666666666,5.0,0,977.07,3.0,8.0
CUST_01142,1,0.6082047,Greater Accra,Accra,Fashion & Apparel,Mobile,0.0,2.0,9975.0,1,0.0,0.0,9999.0
CUST_01143,0,0.5362821,Greater Accra,Ashaiman,Phones & Tablets,Mobile,0.0,0.5,9972.0,4,0.0,0.0,9999.0
CUST_01144,1,0.5893612,Bono,Sunyani,Fashion & Apparel,Desktop,1.0,3.0,10.0,0,218.95,2.0,12.0
CUST_01145,1,0.83919746,Unknown,Unknown,Fashion & Apparel,None,0.0,1.0,0.0,0,0.0,0.0,9999.0
CUST_01146,1,0.7824619,Western,Tarkwa,Fashion & Apparel,Mobile,0.0,0.14285714285714285,9972.0,2,0.0,0.0,9999.0
CUST_01147,0,0.30573586,Greater Accra,Ashaiman,Fashion & Apparel,Desktop,0.3333333333333333,0.5625,60.0,1,56.39,1.0,60.0
CUST_01148,1,0.7872411,Ashanti,Kumasi,Fashion & Apparel,Mobile,-0.08333333333333333,0.6842105263157895,121.0,13,25.55,1.0,133.0
CUST_01149,0,0.0046291207,Northern,Tamale,Fashion & Apparel,Mobile,-0.11004056795131845,0.20588235294117646,6.0,1,23698.24,61.0,6.0
CUST_01150,0,0.11264408,Northern,Yendi,Fashion & Apparel,Mobile,0.011904761904761918,0.22727272727272727,28.0,1,5896.219999999999,7.0,28.0
CUST_01151,1,0.7286666,Greater Accra,Ashaiman,Electronics,Mobile,-0.3333333333333333,0.42857142857142855,288.0,3,799.94,1.0,320.0
CUST_01152,1,0.8071266,Greater Accra,Accra,Fashion & Apparel,Mobile,-0.5,0.2857142857142857,132.0,1,563.47,3.0,152.0
CUST_01153,0,0.30627307,Volta,Kpando,Fashion & Apparel,Mobile,-0.75,1.1428571428571428,16.0,1,288.25,2.0,28.0
CUST_01154,0,0.24484542,Ashanti,Mampong,Beauty & Personal Care,Tablet,-0.75,0.3,86.0,3,680.0899999999999,3.0,103.0
CUST_01155,0,0.4671309,Ashanti,Kumasi,Phones & Tablets,Mobile,1.0,2.0,42.0,0,863.67,1.0,50.0
CUST_01156,1,0.68389523,Greater Accra,Ashaiman,Phones & Tablets,Mobile,-1.0,3.0,104.0,1,77.35,1.0,126.0
CUST_01158,0,0.34960744,Bono,Sunyani,Fashion & Apparel,Mobile,-0.21428571428571427,0.32432432432432434,202.0,12,2766.9500000000003,6.0,203.0
CUST_01159,1,0.9231169,Oti,Dambai,Phones & Tablets,Desktop,0.0,0.2,9787.0,0,0.0,0.0,9999.0
CUST_01161,0,0.33436847,Central,Elmina,Fashion & Apparel,Desktop,0.25,0.3333333333333333,14.0,0,139.33,1.0,43.0
CUST_01163,1,0.76698834,Central,Winneba,Fashion & Apparel,Mobile,0.0,6.0,9996.0,0,0.0,0.0,9999.0
CUST_01164,0,0.22900513,Ashanti,Ejisu,Fashion & Apparel,Mobile,0.09999999999999998,1.2857142857142858,20.0,1,2455.96,3.0,44.0
CUST_01166,1,0.376041,Ashanti,Kumasi,Fashion & Apparel,Tablet,0.6666666666666667,0.35714285714285715,19.0,0,540.4100000000001,4.0,38.0
CUST_01167,0,0.09482378,Ashanti,Mampong,Fashion & Apparel,Mobile,-0.09999999999999998,0.45,42.0,3,2145.79,8.0,49.0
CUST_01168,1,0.5107642,Greater Accra,Tema,Phones & Tablets,Tablet,-0.25,1.5,108.0,3,1192.57,1.0,109.0
CUST_01170,0,0.33743265,Greater Accra,Accra,Fashion & Apparel,None,0.0,1.0,0.0,0,0.0,0.0,9999.0
CUST_01171,1,0.5920397,Greater Accra,Tema,Fashion & Apparel,Desktop,0.0,1.0,9964.0,1,0.0,0.0,9999.0
CUST_01172,1,0.76814157,North East,Walewale,Fashion & Apparel,Mobile,-0.24324324324324326,0.25,95.0,2,5434.73,9.0,98.0
CUST_01173,1,0.75056326,Eastern,Akim Oda,Fashion & Apparel,Mobile,0.0,0.8571428571428571,9977.0,1,0.0,0.0,9999.0
CUST_01174,0,0.5086361,Central,Elmina,None,Mobile,0.0,2.0,9995.0,0,0.0,0.0,9999.0
CUST_01175,1,0.7389463,Bono East,Techiman,Home & Kitchen,Mobile,0.0,2.0,9995.0,0,0.0,0.0,9999.0
CUST_01176,1,0.85460407,North East,Nalerigu,Electronics,Mobile,0.0,0.6666666666666666,9962.0,0,0.0,0.0,9999.0
CUST_01177,1,0.5644531,Central,Swedru,Baby & Kids,Mobile,0.0,0.4444444444444444,9916.0,3,0.0,0.0,9999.0
CUST_01179,0,0.14285201,Ashanti,Kumasi,Fashion & Apparel,Desktop,0.1746031746031746,0.5,13.0,2,211.1,3.0,18.0
CUST_01180,1,0.76639676,Ashanti,Obuasi,Phones & Tablets,Tablet,0.0,1.3333333333333333,9998.0,3,0.0,0.0,9999.0
CUST_01181,0,0.37272823,Ashanti,Kumasi,Fashion & Apparel,Desktop,-0.16666666666666666,0.26666666666666666,459.0,4,367.03,1.0,463.0
CUST_01182,1,0.69785655,Volta,Hohoe,Home & Kitchen,Desktop,0.0,2.0,9980.0,0,0.0,0.0,9999.0
CUST_01183,1,0.71396697,Volta,Aflao,Fashion & Apparel,Mobile,-0.11036789297658864,1.0526315789473684,58.0,14,721.84,5.0,63.0
CUST_01184,0,0.3633667,Ashanti,Konongo,Fashion & Apparel,Mobile,-0.1111111111111111,0.10526315789473684,321.0,8,128.2,1.0,358.0
CUST_01186,0,0.54936117,Western,Axim,Fashion & Apparel,Mobile,0.3055555555555555,0.2127659574468085,17.0,2,2354.43,3.0,19.0
CUST_01187,0,0.46286747,Greater Accra,Tema,Fashion & Apparel,Desktop,-0.07692307692307693,0.5714285714285714,90.0,6,449.18,1.0,91.0
CUST_01189,0,0.2224211,Volta,Hohoe,Electronics,None,1.0,1.0,-9994.0,0,1232.1299999999999,2.0,5.0
CUST_01190,0,0.50018674,Volta,Keta,Electronics,Mobile,-1.0,0.8,101.0,1,368.45,1.0,123.0
CUST_01192,1,0.6371777,Bono East,Techiman,Fashion & Apparel,Desktop,0.3,2.1666666666666665,60.0,6,2697.31,3.0,66.0
CUST_01193,1,0.80814147,Eastern,Akim Oda,Electronics,None,0.0,1.0,0.0,0,0.0,0.0,9999.0
CUST_01194,1,0.75113225,Northern,Tamale,Books & Stationery,Mobile,0.0,2.0,9909.0,0,0.0,0.0,9999.0
CUST_01196,1,0.6612609,Greater Accra,Tema,Fashion & Apparel,Mobile,0.0,0.4,9989.0,10,0.0,0.0,9999.0
CUST_01197,1,0.91656107,Greater Accra,Accra,Fashion & Apparel,Desktop,0.0,0.2222222222222222,9921.0,3,0.0,0.0,9999.0
CUST_01198,0,0.41845864,Ashanti,Konongo,Beauty & Personal Care,Tablet,-0.3333333333333333,0.26666666666666666,629.0,2,57.21,1.0,633.0
CUST_01199,1,0.9656965,Eastern,Suhum,Fashion & Apparel,Mobile,-0.5,0.14285714285714285,140.0,1,345.09,1.0,340.0
CUST_01201,1,0.7697522,Bono,Sunyani,Fashion & Apparel,Desktop,0.33333333333333337,0.6,55.0,3,1474.8600000000001,3.0,71.0
CUST_01204,1,0.81761116,Oti,Dambai,Electronics,None,0.0,1.0,0.0,0,0.0,0.0,9999.0
CUST_01205,1,0.6626046,Greater Accra,Dansoman,Beauty & Personal Care,None,0.0,1.0,0.0,0,0.0,0.0,9999.0
CUST_01206,0,0.10312542,Eastern,Koforidua,Beauty & Personal Care,Desktop,-0.07142857142857145,0.3333333333333333,-11.0,2,10210.85,9.0,25.0
CUST_01207,1,0.7033234,Central,Cape Coast,Fashion & Apparel,Mobile,0.0,0.75,9960.0,2,0.0,0.0,9999.0
CUST_01208,1,0.6036656,Central,Kasoa,Fashion & Apparel,Mobile,0.5,12.0,17.0,1,73.47,1.0,23.0
CUST_01209,0,0.30218732,Greater Accra,Accra,Health & Wellness,None,0.0,1.0,0.0,0,0.0,0.0,9999.0
CUST_01210,0,0.07470165,Greater Accra,Ashaiman,Fashion & Apparel,Mobile,0.05792682926829268,0.20454545454545456,14.0,1,6454.330000000001,16.0,18.0
CUST_01211,1,0.5901714,Greater Accra,Tema,Fashion & Apparel,Tablet,0.0,1.5,9999.0,3,0.0,0.0,9999.0
CUST_01212,0,0.37494713,Central,Cape Coast,Beauty & Personal Care,Tablet,-1.0,4.0,110.0,0,356.86,1.0,114.0
CUST_01214,0,0.06457953,Ashanti,Obuasi,Fashion & Apparel,Mobile,0.05555555555555558,0.2692307692307692,-18.0,1,4642.16,12.0,16.0
CUST_01215,1,0.2691861,Western,Takoradi,Electronics,Mobile,0.5,1.0,-2.0,0,1180.6599999999999,4.0,16.0
CUST_01216,1,0.662478,Bono,Berekum,None,None,0.0,1.0,0.0,0,0.0,0.0,9999.0
CUST_01218,1,0.55407006,Eastern,Akosombo,Fashion & Apparel,Mobile,0.0,0.375,9960.0,7,0.0,0.0,9999.0
CUST_01219,1,0.78777647,Volta,Kpando,Phones & Tablets,Mobile,0.3333333333333333,1.125,35.0,1,165.79,1.0,35.0
CUST_01220,0,0.3255825,Ashanti,Bekwai,None,None,0.0,1.0,0.0,0,0.0,0.0,9999.0
CUST_01221,1,0.7311611,Ashanti,Bekwai,Phones & Tablets,Mobile,-0.2857142857142857,0.14285714285714285,508.0,6,216.04000000000002,2.0,544.0
CUST_01223,1,0.68227226,Western North,Sefwi Wiawso,Fashion & Apparel,None,0.0,1.0,0.0,0,0.0,0.0,9999.0
CUST_01224,1,0.9517355,Upper East,Bolgatanga,Beauty & Personal Care,Mobile,0.0,0.1,9893.0,0,0.0,0.0,9999.0
CUST_01225,0,0.019186387,Central,Swedru,Electronics,Mobile,0.5454545454545454,1.5,-8.0,0,605.79,6.0,2.0
CUST_01226,1,0.7612578,Unknown,Unknown,Phones & Tablets,Desktop,0.0,1.0,9999.0,4,0.0,0.0,9999.0
CUST_01227,1,0.6073814,Ashanti,Mampong,Electronics,None,0.0,1.0,0.0,1,0.0,0.0,9999.0
CUST_01228,1,0.7145608,Western,Takoradi,Fashion & Apparel,None,0.0,1.0,0.0,0,0.0,0.0,9999.0
CUST_01229,1,0.8368286,Unknown,Unknown,Phones & Tablets,Mobile,0.40909090909090906,0.2,20.0,1,3724.92,4.0,24.0
CUST_01230,1,0.5944297,Greater Accra,Tema,Fashion & Apparel,Mobile,0.0,2.0,9974.0,0,0.0,0.0,9999.0
CUST_01231,0,0.383449,Volta,Ho,Fashion & Apparel,Mobile,-0.06451612903225806,0.32608695652173914,323.0,26,807.3399999999999,2.0,323.0
CUST_01232,1,0.81700695,Central,Kasoa,None,None,0.0,1.0,0.0,0,0.0,0.0,9999.0
CUST_01233,0,0.59364325,Ashanti,Kumasi,None,None,0.0,1.0,0.0,0,0.0,0.0,9999.0
CUST_01235,1,0.111372605,Greater Accra,Accra,Fashion & Apparel,Tablet,0.134453781512605,0.8333333333333334,36.0,1,4152.62,8.0,39.0
CUST_01236,1,0.6009545,Ashanti,Obuasi,Phones & Tablets,Desktop,1.0,2.0,-3.0,0,138.86,2.0,2.0
CUST_01237,1,0.29747307,Greater Accra,Madina,Electronics,Mobile,0.1515151515151515,0.42857142857142855,19.0,1,523.44,3.0,54.0
CUST_01238,1,0.55572724,Northern,Savelugu,Fashion & Apparel,Mobile,0.0,1.0,9996.0,1,0.0,0.0,9999.0
CUST_01239,1,0.9011585,Volta,Keta,Fashion & Apparel,Mobile,-0.07692307692307693,0.21739130434782608,293.0,6,247.03,1.0,299.0
CUST_01241,1,0.84071237,Volta,Aflao,Fashion & Apparel,Mobile,0.0,0.42857142857142855,9965.0,1,0.0,0.0,9999.0
CUST_01242,1,0.5334465,Ashanti,Bekwai,Fashion & Apparel,Mobile,-0.07692307692307693,0.4,346.0,15,90.87,1.0,359.0
CUST_01243,1,0.7632866,Northern,Tamale,Fashion & Apparel,Mobile,-0.3333333333333333,0.3,106.0,3,128.7,1.0,114.0
CUST_01244,1,0.5728707,Eastern,Akim Oda,Home & Kitchen,Mobile,0.0,0.8888888888888888,9982.0,5,0.0,0.0,9999.0
CUST_01245,0,0.553914,Eastern,Koforidua,Phones & Tablets,Mobile,0.0,1.2857142857142858,9992.0,9,0.0,0.0,9999.0
CUST_01246,1,0.92220247,Upper West,Wa,Electronics,Desktop,0.0,0.5,9757.0,1,0.0,0.0,9999.0
CUST_01249,0,0.083681464,Central,Cape Coast,Fashion & Apparel,Mobile,0.12444444444444441,0.17142857142857143,-14.0,0,5633.24,12.0,21.0
CUST_01250,1,0.7553676,Oti,Jasikan,Phones & Tablets,Mobile,0.09090909090909091,2.2,78.0,10,774.52,1.0,78.0
CUST_01251,0,0.04642478,Ashanti,Mampong,Fashion & Apparel,Mobile,-0.4649122807017544,0.8571428571428571,12.0,2,8120.889999999999,13.0,15.0
CUST_01252,0,0.1374897,Greater Accra,Teshie,Electronics,Mobile,1.0,1.5,37.0,0,1823.93,2.0,46.0
CUST_01255,1,0.62915677,Greater Accra,Accra,Fashion & Apparel,Desktop,-0.3333333333333333,0.9,278.0,8,22.52,1.0,287.0
CUST_01256,0,0.38385352,Western,Sekondi,Fashion & Apparel,Desktop,1.0,1.0,-12.0,0,84.62,1.0,0.0
CUST_01258,1,0.6752295,Eastern,Koforidua,Phones & Tablets,Mobile,0.0,1.5,9991.0,1,0.0,0.0,9999.0
CUST_01260,0,0.63523984,Ashanti,Kumasi,Fashion & Apparel,Desktop,0.0,1.5,9991.0,2,0.0,0.0,9999.0
CUST_01261,1,0.6355037,Greater Accra,Accra,Electronics,None,0.0,1.0,0.0,0,0.0,0.0,9999.0
CUST_01262,1,0.76819587,Bono East,Techiman,Phones & Tablets,Mobile,-0.3076923076923077,0.42857142857142855,97.0,4,2341.76,4.0,104.0
CUST_01263,0,0.09638865,Eastern,Nkawkaw,Phones & Tablets,Mobile,0.5,5.0,8.0,1,405.52,2.0,19.0
CUST_01264,0,0.0830735,Ashanti,Kumasi,Fashion & Apparel,Desktop,0.3333333333333333,8.0,-5.0,0,2676.9,3.0,5.0
CUST_01267,1,0.7938701,Western,Takoradi,Fashion & Apparel,Mobile,0.0,2.0,9984.0,0,0.0,0.0,9999.0
CUST_01268,0,0.38867292,Greater Accra,Accra,Fashion & Apparel,Desktop,0.16666666666666666,2.5,16.0,2,104.46,1.0,28.0
CUST_01269,1,0.71567005,Upper East,Bawku,Beauty & Personal Care,Mobile,0.0,1.5,9996.0,0,0.0,0.0,9999.0
CUST_01270,1,0.59082425,Upper West,Wa,Fashion & Apparel,Mobile,0.0,3.0,9979.0,0,0.0,0.0,9999.0
CUST_01271,0,0.28350255,Unknown,Unknown,Fashion & Apparel,Desktop,-0.35,0.5,59.0,2,1054.2,4.0,78.0
CUST_01272,1,0.767776,Oti,Jasikan,Fashion & Apparel,Mobile,-0.3333333333333333,0.2631578947368421,71.0,3,722.28,3.0,113.0
CUST_01273,0,0.008568901,Greater Accra,Madina,Phones & Tablets,Mobile,-0.11995104039167687,0.5161290322580645,17.0,4,8388.07,28.0,19.0
CUST_01275,0,0.56714,Western,Sekondi,Fashion & Apparel,Desktop,0.0,4.0,9998.0,0,0.0,0.0,9999.0
CUST_01277,1,0.67158836,Ashanti,Kumasi,Fashion & Apparel,None,0.0,1.0,0.0,0,0.0,0.0,9999.0
CUST_01278,0,0.08707107,Ashanti,Kumasi,Fashion & Apparel,Mobile,-0.1333333333333333,0.12,-4.0,3,4020.48,6.0,29.0
CUST_01280,1,0.50473064,Ashanti,Ejisu,Home & Kitchen,Tablet,0.2,1.6666666666666667,42.0,2,674.2,1.0,48.0
CUST_01281,0,0.2488529,Greater Accra,Tema,Fashion & Apparel,Mobile,0.0,0.8571428571428571,9982.0,6,0.0,0.0,9999.0
CUST_01282,1,0.76419514,Northern,Tamale,Phones & Tablets,Desktop,0.0,1.0,9919.0,0,0.0,0.0,9999.0
CUST_01283,0,0.34293324,Greater Accra,Accra,Home & Kitchen,Desktop,0.0,3.0,9939.0,2,0.0,0.0,9999.0
CUST_01285,0,0.42777693,Central,Cape Coast,Home & Kitchen,None,0.0,1.0,0.0,0,0.0,0.0,9999.0
CUST_01286,0,0.38070148,Western,Sekondi,Fashion & Apparel,Mobile,0.5,1.2,85.0,1,53.19,1.0,88.0
CUST_01288,1,0.7578861,Central,Cape Coast,Home & Kitchen,Mobile,0.0,2.0,9952.0,0,0.0,0.0,9999.0
CUST_01291,1,0.52232057,Central,Elmina,Electronics,Desktop,0.0,4.0,9967.0,0,0.0,0.0,9999.0
CUST_01293,1,0.7486161,Central,Cape Coast,Baby & Kids,Mobile,0.0,1.6666666666666667,9976.0,1,0.0,0.0,9999.0
CUST_01294,1,0.7932273,Western North,Bibiani,Electronics,Mobile,-1.0,0.3333333333333333,58.0,1,102.52,1.0,113.0
CUST_01295,1,0.8501215,Ashanti,Kumasi,Phones & Tablets,Mobile,0.053571428571428575,0.37037037037037035,72.0,7,640.4399999999999,2.0,82.0
CUST_01299,1,0.7919551,Eastern,Akim Oda,Fashion & Apparel,Desktop,0.5,0.6,-20.0,0,2413.0699999999997,2.0,7.0
CUST_01300,0,0.035115536,Western,Tarkwa,Fashion & Apparel,Mobile,-0.22571428571428573,0.7058823529411765,2.0,0,2299.74,14.0,2.0
CUST_01302,1,0.473109,Upper West,Wa,Fashion & Apparel,Mobile,0.4642857142857143,0.19047619047619047,14.0,0,2371.37,9.0,23.0
CUST_01304,0,0.30533576,Central,Swedru,Home & Kitchen,Desktop,0.0,0.4,9968.0,5,0.0,0.0,9999.0
CUST_01305,0,0.4809468,Bono,Sunyani,Phones & Tablets,Mobile,-0.16666666666666666,1.1666666666666667,231.0,7,1125.61,1.0,269.0
CUST_01306,1,0.19796076,Greater Accra,Teshie,Fashion & Apparel,Mobile,0.26666666666666666,0.21428571428571427,4.0,0,4206.06,7.0,5.0
CUST_01307,0,0.33314356,Eastern,Akosombo,Baby & Kids,Mobile,-0.25,3.0,250.0,4,88.69,1.0,252.0
CUST_01308,0,0.20498414,Western,Takoradi,Fashion & Apparel,Mobile,-0.2631578947368421,0.4,98.0,5,5153.01,5.0,99.0
CUST_01309,0,0.31655052,Bono,Berekum,Fashion & Apparel,None,1.0,1.0,-9948.0,0,638.47,1.0,51.0
CUST_01310,1,0.642059,Upper East,Bolgatanga,Electronics,Mobile,0.16666666666666666,0.5263157894736842,83.0,2,9180.91,3.0,85.0
CUST_01312,0,0.15543585,Upper West,Wa,Fashion & Apparel,Desktop,0.018181818181818188,0.1875,22.0,4,594.96,3.0,59.0
CUST_01313,1,0.5570636,Greater Accra,Accra,Phones & Tablets,Tablet,0.0,2.0,9991.0,2,0.0,0.0,9999.0
CUST_01314,1,0.728403,Bono East,Techiman,Fashion & Apparel,Mobile,-0.25,0.125,426.0,6,115.95,1.0,452.0
CUST_01315,0,0.21851556,Savannah,Damongo,Phones & Tablets,Desktop,0.3333333333333333,2.3333333333333335,21.0,2,1425.65,1.0,24.0
CUST_01316,1,0.7830443,Greater Accra,Dansoman,Electronics,Desktop,0.0,1.0,9996.0,1,0.0,0.0,9999.0
CUST_01317,0,0.35548523,Northern,Tamale,Phones & Tablets,Desktop,0.0,4.0,9990.0,0,0.0,0.0,9999.0
CUST_01318,1,0.87749344,Greater Accra,Madina,Fashion & Apparel,Mobile,0.1616161616161616,0.5555555555555556,2.0,0,681.45,4.0,3.0
CUST_01321,0,0.49910283,Central,Cape Coast,Fashion & Apparel,None,0.0,1.0,0.0,0,0.0,0.0,9999.0
CUST_01323,1,0.82951343,Volta,Hohoe,Fashion & Apparel,Mobile,0.2,0.23529411764705882,20.0,0,614.74,1.0,20.0
CUST_01324,0,0.47632787,Eastern,Akosombo,None,None,0.0,1.0,0.0,0,0.0,0.0,9999.0
CUST_01325,1,0.81255877,Upper East,Bolgatanga,Fashion & Apparel,Desktop,-0.45454545454545453,0.42105263157894735,126.0,2,1615.3799999999999,5.0,137.0
CUST_01326,1,0.61298305,Oti,Dambai,Beauty & Personal Care,None,0.0,1.0,0.0,2,0.0,0.0,9999.0
CUST_01328,0,0.13517319,Savannah,Bole,Fashion & Apparel,Mobile,-0.019323671497584544,0.5,2.0,3,933.67,4.0,13.0
CUST_01329,0,0.0052650934,Greater Accra,Accra,Phones & Tablets,Mobile,-0.09450830140485311,1.3333333333333333,2.0,2,21758.11,38.0,6.0
CUST_01330,0,0.4135958,Upper East,Bawku,Beauty & Personal Care,Mobile,-1.0,2.0,37.0,0,107.65,1.0,104.0
CUST_01331,0,0.46031487,Ashanti,Kumasi,Electronics,Tablet,0.0,2.0,9995.0,1,0.0,0.0,9999.0
CUST_01332,0,0.37445426,Greater Accra,Teshie,Fashion & Apparel,Desktop,0.5,0.5714285714285714,30.0,0,1031.04,1.0,30.0
CUST_01333,1,0.69672626,Eastern,Suhum,None,None,0.0,1.0,0.0,0,0.0,0.0,9999.0
CUST_01334,1,0.8659666,Western,Sekondi,Fashion & Apparel,Mobile,0.4666666666666666,0.17647058823529413,-20.0,0,2617.3999999999996,3.0,4.0
CUST_01335,1,0.87763524,Ashanti,Kumasi,Fashion & Apparel,Mobile,0.0,0.12121212121212122,9976.0,21,0.0,0.0,9999.0
CUST_01336,1,0.7049251,Greater Accra,Accra,Fashion & Apparel,Mobile,-0.5,0.4166666666666667,240.0,4,505.74,1.0,240.0
CUST_01338,0,0.11916022,Western North,Sefwi Wiawso,Phones & Tablets,Mobile,0.16666666666666666,0.6,19.0,4,74.04,1.0,19.0
CUST_01341,1,0.5063222,Eastern,Suhum,Fashion & Apparel,None,0.0,1.0,0.0,0,0.0,0.0,9999.0
CUST_01342,0,0.5592173,Greater Accra,Accra,Home & Kitchen,Mobile,0.0,1.5,9960.0,0,0.0,0.0,9999.0
CUST_01343,0,0.010893199,Bono,Berekum,Fashion & Apparel,Mobile,0.07650273224043713,0.39473684210526316,3.0,1,26918.079999999998,44.0,10.0
CUST_01344,0,0.0072484966,Bono,Sunyani,Fashion & Apparel,Desktop,-0.22705314009661837,1.25,1.0,0,19170.56,51.0,2.0
CUST_01345,0,0.7742038,Central,Kasoa,Fashion & Apparel,Mobile,0.0,2.3333333333333335,9991.0,1,0.0,0.0,9999.0
CUST_01346,0,0.3794091,Ashanti,Kumasi,Baby & Kids,Mobile,1.0,2.0,8.0,0,635.51,1.0,38.0
CUST_01347,1,0.8334679,Upper East,Bawku,Phones & Tablets,Desktop,0.0,2.0,9959.0,0,0.0,0.0,9999.0
CUST_01348,0,0.09358966,Central,Kasoa,Health & Wellness,Desktop,0.375,3.0,-4.0,2,2882.02,3.0,9.0
CUST_01349,1,0.960831,Bono,Berekum,Beauty & Personal Care,Desktop,0.0,0.18181818181818182,9935.0,1,0.0,0.0,9999.0
CUST_01351,1,0.8837754,Upper East,Bolgatanga,Phones & Tablets,Mobile,-0.5,0.2857142857142857,31.0,0,1009.8499999999999,2.0,117.0
CUST_01352,1,0.9042415,Western,Takoradi,Fashion & Apparel,Tablet,-0.5,1.0,59.0,1,123.06,1.0,108.0
CUST_01353,1,0.83068603,Unknown,Unknown,Fashion & Apparel,Mobile,0.0,7.0,9999.0,5,0.0,0.0,9999.0
CUST_01354,0,0.10883999,Oti,Nkwanta,Fashion & Apparel,Mobile,-0.1111111111111111,0.9,50.0,3,2302.8199999999997,6.0,52.0
CUST_01355,1,0.6568614,Central,Cape Coast,Electronics,Mobile,0.5,1.6666666666666667,6.0,1,349.83,1.0,17.0
CUST_01356,1,0.6701982,Western,Tarkwa,Phones & Tablets,Tablet,0.0,0.42857142857142855,9982.0,2,0.0,0.0,9999.0
CUST_01357,1,0.786605,Ashanti,Bekwai,Fashion & Apparel,Mobile,0.0,0.19047619047619047,9955.0,9,0.0,0.0,9999.0
CUST_01358,0,0.80562705,Western,Axim,Fashion & Apparel,Mobile,0.0,2.6666666666666665,9987.0,7,0.0,0.0,9999.0
CUST_01359,1,0.661634,Central,Cape Coast,Baby & Kids,Mobile,0.0,2.0,9989.0,0,0.0,0.0,9999.0
CUST_01360,1,0.7998398,Greater Accra,Teshie,Phones & Tablets,Mobile,0.4,1.4,53.0,1,147.68,2.0,53.0
CUST_01361,1,0.808141,Greater Accra,Madina,Fashion & Apparel,Mobile,0.75,0.3125,-9.0,0,2067.08,2.0,12.0
CUST_01362,0,0.68981904,Western,Sekondi,None,None,0.0,1.0,0.0,0,0.0,0.0,9999.0
CUST_01363,0,0.57877827,Northern,Yendi,Beauty & Personal Care,Mobile,0.0,0.7142857142857143,9987.0,7,0.0,0.0,9999.0
CUST_01364,0,0.012568901,Central,Elmina,Fashion & Apparel,Desktop,0.07407407407407407,0.7368421052631579,-6.0,0,7774.07,17.0,0.0
CUST_01365,1,0.2934338,Ashanti,Obuasi,Phones & Tablets,Mobile,-0.16363636363636364,0.9166666666666666,37.0,7,2510.26,6.0,44.0
CUST_01367,1,0.7282925,Greater Accra,Tema,Fashion & Apparel,Mobile,0.25,0.6666666666666666,22.0,1,225.56,2.0,35.0
CUST_01368,1,0.6872179,Eastern,Nkawkaw,Electronics,Mobile,1.0,0.375,50.0,0,381.91,1.0,71.0
CUST_01370,0,0.2939777,Greater Accra,Teshie,Beauty & Personal Care,None,0.5,1.0,-9992.0,0,94.69,1.0,7.0
CUST_01371,1,0.81186706,Greater Accra,Madina,Fashion & Apparel,Mobile,0.19999999999999998,0.125,43.0,1,1965.04,3.0,61.0
CUST_01373,1,0.6878118,Greater Accra,Accra,Fashion & Apparel,Mobile,-0.3333333333333333,0.2857142857142857,313.0,4,121.16,1.0,341.0
CUST_01374,0,0.16330592,Ashanti,Ejisu,Baby & Kids,Mobile,-0.33333333333333337,1.0,-6.0,0,250.48000000000002,3.0,1.0
CUST_01375,0,0.3800635,Central,Cape Coast,Beauty & Personal Care,None,0.0,1.0,0.0,0,0.0,0.0,9999.0
CUST_01376,0,0.08484005,Eastern,Koforidua,Phones & Tablets,Mobile,0.03968253968253965,0.35294117647058826,-32.0,0,1423.8200000000002,10.0,0.0
CUST_01377,0,0.5770338,Ashanti,Obuasi,Fashion & Apparel,Mobile,0.0,4.0,9994.0,7,0.0,0.0,9999.0
CUST_01378,0,0.20273593,Bono,Sunyani,Fashion & Apparel,Mobile,0.3333333333333333,3.3333333333333335,18.0,0,2862.01,1.0,24.0
CUST_01379,1,0.6358303,Greater Accra,Tema,Electronics,Mobile,1.0,2.0,-9.0,0,181.92,1.0,13.0
CUST_01380,0,0.0418293,Eastern,Koforidua,Phones & Tablets,Desktop,-0.05555555555555558,1.75,4.0,0,3521.21,8.0,7.0
CUST_01382,1,0.48499936,Greater Accra,Accra,Electronics,None,0.5,1.0,-9954.0,1,224.22,1.0,45.0
CUST_01383,1,0.88303787,Central,Swedru,Fashion & Apparel,Tablet,0.0,0.375,9980.0,4,0.0,0.0,9999.0
CUST_01384,0,0.04904136,Central,Winneba,Home & Kitchen,Mobile,0.5,2.0,-11.0,0,3737.56,4.0,0.0
CUST_01385,1,0.78509206,Bono East,Kintampo,Fashion & Apparel,Mobile,0.125,0.9375,74.0,5,487.57,1.0,78.0
CUST_01386,1,0.42133838,Central,Kasoa,Fashion & Apparel,Desktop,0.25,2.0,15.0,2,93.01,1.0,20.0
CUST_01387,0,0.015217856,Oti,Dambai,Fashion & Apparel,Mobile,-0.07142857142857145,0.4,28.0,2,14460.24,30.0,32.0
CUST_01389,0,0.21650681,Greater Accra,Accra,Fashion & Apparel,Mobile,0.4642857142857143,0.17391304347826086,4.0,0,4381.63,16.0,23.0
CUST_01390,0,0.15144768,Greater Accra,Tema,Fashion & Apparel,Desktop,0.0,2.5,9971.0,0,0.0,0.0,9999.0
CUST_01391,0,0.8737097,Greater Accra,Madina,Electronics,None,0.0,1.0,0.0,0,0.0,0.0,9999.0
CUST_01394,1,0.4815912,Greater Accra,Tema,Health & Wellness,Mobile,1.0,2.0,-2.0,0,303.59,3.0,7.0
CUST_01395,0,0.2922174,Unknown,Unknown,Fashion & Apparel,Mobile,0.5,3.0,-1.0,1,193.79,1.0,4.0
CUST_01396,0,0.010253426,Bono,Sunyani,Fashion & Apparel,Mobile,0.03508771929824561,0.3548387096774194,-9.0,0,8552.78,22.0,0.0
CUST_01397,1,0.4270834,Ashanti,Kumasi,Phones & Tablets,Desktop,0.25,3.0,68.0,3,694.18,1.0,87.0
CUST_01398,0,0.5100449,Greater Accra,Teshie,None,None,0.0,1.0,0.0,0,0.0,0.0,9999.0
CUST_01399,0,0.44112056,Greater Accra,Madina,Fashion & Apparel,Desktop,0.0,1.0,9995.0,1,0.0,0.0,9999.0
CUST_01400,0,0.19018866,Greater Accra,Accra,Fashion & Apparel,Tablet,0.3,1.5714285714285714,58.0,1,561.38,3.0,68.0
CUST_01404,0,0.0077629387,Ashanti,Kumasi,Fashion & Apparel,Mobile,0.01672240802675584,0.4375,-9.0,2,8507.97,19.0,8.0
CUST_01405,0,0.13882811,North East,Nalerigu,Home & Kitchen,Mobile,-0.6,0.8,114.0,1,508.01,3.0,115.0
CUST_01406,0,0.13508017,Volta,Ho,Home & Kitchen,Mobile,0.25,6.0,0.0,1,681.17,1.0,8.0
CUST_01407,0,0.008753449,Upper West,Lawra,Fashion & Apparel,Desktop,-0.08088235294117646,0.34615384615384615,5.0,1,8233.65,14.0,5.0
CUST_01408,0,0.4175579,Greater Accra,Dansoman,Phones & Tablets,Desktop,-0.2727272727272727,0.3157894736842105,173.0,7,471.28000000000003,3.0,186.0
CUST_01409,0,0.08267894,Ashanti,Kumasi,Electronics,Mobile,0.2,1.25,6.0,0,6135.45,2.0,9.0
CUST_01410,1,0.82875335,Central,Winneba,Fashion & Apparel,Desktop,0.0,0.5,9964.0,1,0.0,0.0,9999.0
CUST_01411,0,0.58295363,Greater Accra,Tema,None,None,0.0,1.0,0.0,0,0.0,0.0,9999.0
CUST_01413,1,0.8468392,Volta,Ho,None,Mobile,0.0,2.0,9998.0,0,0.0,0.0,9999.0
CUST_01415,0,0.59158975,Eastern,Akim Oda,Fashion & Apparel,Tablet,0.0,1.0,9918.0,0,0.0,0.0,9999.0
CUST_01416,1,0.85079706,Eastern,Akim Oda,Fashion & Apparel,Mobile,-0.125,0.12195121951219512,198.0,12,1373.62,3.0,216.0
CUST_01419,1,0.7994647,Ashanti,Kumasi,Home & Kitchen,Mobile,0.0,2.0,9964.0,1,0.0,0.0,9999.0
CUST_01420,1,0.87708277,Greater Accra,Madina,Electronics,Mobile,-0.5,0.3333333333333333,136.0,0,847.5,4.0,136.0
CUST_01421,1,0.60885465,Greater Accra,Accra,Phones & Tablets,None,0.0,1.0,0.0,0,0.0,0.0,9999.0
CUST_01422,0,0.4216973,Oti,Nkwanta,Electronics,Mobile,0.0,1.25,9987.0,3,0.0,0.0,9999.0
CUST_01425,1,0.827625,Ashanti,Obuasi,Electronics,Mobile,-0.25,0.36363636363636365,285.0,2,500.77,1.0,286.0
CUST_01426,1,0.8420662,Ashanti,Kumasi,Fashion & Apparel,Desktop,0.0,0.2222222222222222,9977.0,4,0.0,0.0,9999.0
CUST_01428,1,0.7997802,Greater Accra,Accra,Fashion & Apparel,Mobile,-0.8,0.14285714285714285,252.0,0,1260.24,4.0,341.0
CUST_01429,1,0.8338553,Greater Accra,Madina,Fashion & Apparel,Desktop,0.125,1.6,30.0,4,1820.66,1.0,32.0
CUST_01430,1,0.7398261,Upper East,Bawku,Fashion & Apparel,Desktop,0.0,0.14285714285714285,9969.0,11,0.0,0.0,9999.0
CUST_01431,1,0.88483757,Volta,Ho,None,None,0.0,1.0,0.0,0,0.0,0.0,9999.0
CUST_01432,1,0.56730527,Central,Kasoa,Fashion & Apparel,Mobile,0.0,2.0,9940.0,1,0.0,0.0,9999.0
CUST_01433,0,0.21854085,Eastern,Koforidua,Phones & Tablets,Mobile,0.25,3.5,6.0,0,97.08,1.0,15.0
CUST_01434,0,0.04341515,Ahafo,Goaso,Fashion & Apparel,Mobile,0.130952380952381,0.6,18.0,2,4295.93,7.0,23.0
CUST_01437,1,0.69116724,Unknown,Unknown,Fashion & Apparel,Mobile,0.0,3.0,9990.0,0,0.0,0.0,9999.0
CUST_01438,0,0.51654524,Upper East,Bolgatanga,Fashion & Apparel,Mobile,0.016483516483516508,0.34615384615384615,10.0,4,666.4000000000001,6.0,22.0
CUST_01439,1,0.7309914,North East,Nalerigu,None,None,0.0,1.0,0.0,0,0.0,0.0,9999.0
CUST_01440,0,0.019649437,Ashanti,Kumasi,Fashion & Apparel,Mobile,-0.2727272727272727,0.9230769230769231,26.0,7,4319.55,17.0,29.0
CUST_01441,1,0.7329789,Bono East,Kintampo,Fashion & Apparel,Desktop,0.2142857142857143,0.2,17.0,0,1645.92,3.0,51.0
CUST_01443,1,0.8936957,Ashanti,Kumasi,Fashion & Apparel,Mobile,0.0,0.3333333333333333,9804.0,1,0.0,0.0,9999.0
CUST_01444,0,0.26479077,Ashanti,Ejisu,Fashion & Apparel,Mobile,-1.0,1.5,128.0,0,196.77,1.0,129.0
CUST_01445,1,0.69073194,Ashanti,Kumasi,Electronics,Desktop,-0.2,0.3076923076923077,382.0,5,1194.49,1.0,432.0
CUST_01447,1,0.41836637,Greater Accra,Tema,Fashion & Apparel,Mobile,-0.39999999999999997,0.7777777777777778,27.0,1,2018.47,4.0,30.0
CUST_01448,0,0.23651274,Upper East,Bolgatanga,Phones & Tablets,Desktop,0.2,0.3157894736842105,-6.0,0,1089.8899999999999,3.0,6.0
CUST_01449,1,0.874332,Ashanti,Ejisu,Phones & Tablets,Mobile,-0.2857142857142857,0.25,307.0,2,1008.2,2.0,326.0
CUST_01450,1,0.77013737,Northern,Tamale,Phones & Tablets,Tablet,-0.10317460317460317,0.75,73.0,7,732.04,4.0,74.0
CUST_01451,0,0.09896361,Eastern,Akim Oda,Phones & Tablets,Mobile,0.5,1.6666666666666667,-6.0,0,500.19,3.0,12.0
CUST_01452,1,0.8206296,Central,Kasoa,Phones & Tablets,Mobile,0.0,1.5,9995.0,0,0.0,0.0,9999.0
CUST_01453,1,0.8438059,Bono,Sunyani,Fashion & Apparel,Mobile,-0.21428571428571427,0.18518518518518517,159.0,9,1799.81,3.0,167.0
CUST_01454,0,0.38333392,Upper East,Bawku,Fashion & Apparel,Desktop,0.0,0.6666666666666666,9909.0,2,0.0,0.0,9999.0
CUST_01456,0,0.00985221,Greater Accra,Dansoman,Fashion & Apparel,Mobile,0.08119658119658119,0.3018867924528302,0.0,1,10791.35,39.0,4.0
CUST_01457,1,0.8466652,Volta,Keta,Phones & Tablets,Desktop,1.0,0.6842105263157895,50.0,0,211.12,1.0,55.0
CUST_01458,1,0.7610059,Greater Accra,Tema,Fashion & Apparel,Mobile,-1.0,0.5,102.0,0,116.8,1.0,136.0
CUST_01459,0,0.7091968,Eastern,Koforidua,None,None,0.0,1.0,0.0,0,0.0,0.0,9999.0
CUST_01460,0,0.06152402,Central,Cape Coast,Fashion & Apparel,Mobile,-0.2142857142857143,0.6153846153846154,43.0,2,511.27000000000004,5.0,52.0
CUST_01461,1,0.6818953,Ashanti,Obuasi,Baby & Kids,None,0.0,1.0,0.0,1,0.0,0.0,9999.0
CUST_01462,1,0.59059596,Central,Kasoa,Electronics,Mobile,0.0,1.0,9914.0,2,0.0,0.0,9999.0
CUST_01464,0,0.20131952,Greater Accra,Accra,Phones & Tablets,Desktop,-0.058823529411764705,0.45454545454545453,107.0,18,147.89,1.0,120.0
CUST_01465,0,0.029896399,Volta,Hohoe,Phones & Tablets,Mobile,-0.15306122448979587,0.16666666666666666,71.0,2,23388.26,34.0,77.0
CUST_01467,1,0.9408365,Greater Accra,Ashaiman,Phones & Tablets,Mobile,0.0,0.20833333333333334,9999.0,10,0.0,0.0,9999.0
CUST_01468,0,0.6150012,Greater Accra,Madina,Fashion & Apparel,Mobile,0.0,4.0,9994.0,0,0.0,0.0,9999.0
CUST_01469,1,0.6859647,Upper West,Lawra,Electronics,Mobile,-0.25,0.1875,244.0,2,189.8,1.0,248.0
CUST_01470,1,0.805301,Bono East,Techiman,Fashion & Apparel,Desktop,1.0,0.5,-49.0,0,605.03,1.0,10.0
CUST_01471,1,0.038325638,Western North,Enchi,Fashion & Apparel,Mobile,-0.16666666666666663,1.0,-30.0,0,2858.11,8.0,0.0
CUST_01472,1,0.74936455,North East,Nalerigu,Fashion & Apparel,Mobile,0.0346153846153846,0.5517241379310345,16.0,5,1709.29,6.0,19.0
CUST_01473,0,0.5136982,Greater Accra,Teshie,Fashion & Apparel,Mobile,-0.07692307692307693,0.3684210526315789,375.0,10,411.42,1.0,386.0
CUST_01474,1,0.7014941,Ashanti,Obuasi,Phones & Tablets,Tablet,0.0,4.0,9954.0,2,0.0,0.0,9999.0
CUST_01475,1,0.72893125,Volta,Hohoe,None,None,0.0,1.0,0.0,0,0.0,0.0,9999.0
CUST_01476,1,0.42734003,Eastern,Akim Oda,Fashion & Apparel,Desktop,-0.35714285714285715,0.875,-10.0,0,1473.1,4.0,2.0
CUST_01477,0,0.20110674,Eastern,Nkawkaw,Fashion & Apparel,Mobile,-0.5,0.3125,178.0,2,994.55,2.0,188.0
CUST_01478,0,0.6401028,Ashanti,Kumasi,Fashion & Apparel,Mobile,0.0,0.3,9998.0,6,0.0,0.0,9999.0
CUST_01479,1,0.78099763,Western,Axim,Fashion & Apparel,Desktop,-0.048148148148148134,0.5862068965517241,3.0,0,3635.64,5.0,10.0
CUST_01480,0,0.40248552,Central,Kasoa,Phones & Tablets,Mobile,0.0,2.0,9909.0,2,0.0,0.0,9999.0
CUST_01481,0,0.07631343,Greater Accra,Accra,Fashion & Apparel,Mobile,-0.10434782608695653,0.36363636363636365,62.0,2,1784.8500000000001,8.0,80.0
CUST_01483,1,0.6851556,Central,Kasoa,Fashion & Apparel,Desktop,0.0,1.5,9970.0,2,0.0,0.0,9999.0
CUST_01485,0,0.74090356,Ashanti,Kumasi,Baby & Kids,None,0.0,1.0,0.0,0,0.0,0.0,9999.0
CUST_01486,1,0.6449248,Northern,Yendi,Beauty & Personal Care,Desktop,0.0,2.0,9930.0,0,0.0,0.0,9999.0
CUST_01487,1,0.7408298,Greater Accra,Tema,None,None,0.0,1.0,0.0,0,0.0,0.0,9999.0
CUST_01488,0,0.35760128,Ashanti,Bekwai,Electronics,Mobile,0.0,0.6,57.0,0,2789.7599999999998,2.0,57.0
CUST_01489,1,0.6155165,Upper East,Bawku,Fashion & Apparel,Mobile,0.0,4.0,9993.0,1,0.0,0.0,9999.0
CUST_01490,1,0.8075136,Central,Elmina,None,Mobile,0.0,2.0,9984.0,0,0.0,0.0,9999.0
CUST_01491,1,0.7795148,Unknown,Unknown,None,Mobile,0.0,2.0,9993.0,0,0.0,0.0,9999.0
CUST_01492,1,0.863475,Volta,Hohoe,None,Desktop,0.0,3.0,9953.0,0,0.0,0.0,9999.0
CUST_01493,1,0.70628107,Central,Kasoa,None,None,0.0,1.0,0.0,0,0.0,0.0,9999.0
CUST_01495,1,0.6558479,Northern,Savelugu,Fashion & Apparel,Mobile,0.0,0.625,9995.0,7,0.0,0.0,9999.0
CUST_01496,0,0.13668434,Western,Takoradi,Phones & Tablets,Tablet,0.5,1.0,34.0,0,4306.67,5.0,34.0
CUST_01497,1,0.32544446,Eastern,Koforidua,Home & Kitchen,Mobile,0.1,2.142857142857143,49.0,9,66.09,1.0,61.0
CUST_01498,0,0.35481173,Greater Accra,Teshie,Phones & Tablets,Mobile,0.0,1.0,9915.0,1,0.0,0.0,9999.0
CUST_01499,1,0.49930644,Ashanti,Kumasi,Beauty & Personal Care,None,0.0,1.0,0.0,0,0.0,0.0,9999.0
CUST_01500,0,0.2506016,Eastern,Nkawkaw,Fashion & Apparel,Desktop,-0.5,0.75,421.0,3,483.99,2.0,432.0
CUST_01501,1,0.65864044,Western,Sekondi,Beauty & Personal Care,Desktop,0.0,4.0,9996.0,1,0.0,0.0,9999.0
CUST_01502,1,0.2444982,Central,Elmina,Phones & Tablets,Mobile,-0.5555555555555556,6.5,7.0,2,894.52,3.0,12.0
CUST_01504,0,0.51826817,Greater Accra,Accra,Phones & Tablets,Mobile,0.0,3.0,9981.0,0,0.0,0.0,9999.0
CUST_01505,1,0.63369125,Eastern,Nkawkaw,None,None,0.0,1.0,0.0,0,0.0,0.0,9999.0
CUST_01506,0,0.16530289,Ashanti,Bekwai,Phones & Tablets,Mobile,0.0,2.0,9986.0,4,0.0,0.0,9999.0
CUST_01507,0,0.19321343,Northern,Tamale,Beauty & Personal Care,Mobile,0.6666666666666666,1.2,2.0,0,1034.37,2.0,8.0
CUST_01508,0,0.023596212,Greater Accra,Accra,Fashion & Apparel,Mobile,0.05555555555555558,1.5,14.0,4,3564.13,9.0,23.0
CUST_01509,0,0.024718046,Unknown,Unknown,Fashion & Apparel,Desktop,0.15714285714285714,1.0,0.0,2,25718.809999999998,33.0,2.0
CUST_01510,0,0.4672905,Upper West,Jirapa,Fashion & Apparel,Desktop,-0.2,0.6666666666666666,172.0,5,78.8,1.0,197.0
CUST_01511,0,0.00669093,Greater Accra,Ashaiman,Fashion & Apparel,Mobile,-0.19088016967126198,0.3333333333333333,-10.0,1,27708.68,44.0,7.0
CUST_01512,0,0.33008513,Eastern,Suhum,Phones & Tablets,Mobile,-0.4,0.8125,98.0,7,477.01,4.0,101.0
CUST_01513,0,0.15241614,Greater Accra,Accra,Phones & Tablets,Desktop,-0.3333333333333333,0.2,124.0,6,11447.82,6.0,133.0
CUST_01517,1,0.6228533,Central,Cape Coast,Fashion & Apparel,Mobile,-0.3333333333333333,1.0769230769230769,104.0,4,79.41,1.0,106.0
CUST_01518,0,0.030885436,Western North,Sefwi Wiawso,Fashion & Apparel,Mobile,-0.33333333333333337,0.38461538461538464,5.0,0,6324.25,15.0,7.0
CUST_01519,0,0.41765985,Greater Accra,Ashaiman,Fashion & Apparel,None,0.0,1.0,0.0,0,0.0,0.0,9999.0
CUST_01520,1,0.72889274,Greater Accra,Accra,Phones & Tablets,Mobile,-0.1111111111111111,0.21052631578947367,255.0,7,130.68,1.0,269.0
CUST_01522,0,0.45866987,Central,Kasoa,Electronics,Tablet,-0.3333333333333333,0.2222222222222222,547.0,6,466.02,3.0,565.0
CUST_01523,0,0.53345263,Western North,Bibiani,Electronics,Mobile,0.0,2.0,9989.0,1,0.0,0.0,9999.0
CUST_01525,0,0.483839,Upper East,Bolgatanga,Electronics,Desktop,0.5,1.0,32.0,1,75.24,1.0,78.0
CUST_01526,0,0.549548,Eastern,Nkawkaw,Fashion & Apparel,None,0.0,1.0,0.0,0,0.0,0.0,9999.0
CUST_01527,1,0.64759034,Northern,Yendi,Fashion & Apparel,Mobile,0.0,2.0,9981.0,0,0.0,0.0,9999.0
CUST_01528,1,0.58432585,Ahafo,Goaso,Fashion & Apparel,None,0.2,1.0,-9994.0,1,61.91,1.0,5.0
CUST_01529,0,0.26336384,Central,Winneba,Fashion & Apparel,Mobile,-0.18181818181818182,0.7058823529411765,176.0,7,262.12,2.0,181.0
CUST_01530,0,0.008169858,Greater Accra,Accra,Phones & Tablets,Desktop,-0.0897435897435897,2.0,-4.0,3,27251.75,48.0,2.0
CUST_01531,1,0.59828204,Ashanti,Kumasi,Baby & Kids,Desktop,0.0,2.0,9972.0,0,0.0,0.0,9999.0
CUST_01532,0,0.08332691,Greater Accra,Accra,Phones & Tablets,Mobile,0.26190476190476186,2.0,-3.0,0,2902.0,4.0,4.0
CUST_01533,1,0.7949218,Ashanti,Kumasi,Fashion & Apparel,Mobile,-0.1111111111111111,0.5625,246.0,7,1970.29,1.0,250.0
CUST_01534,1,0.7507913,Ashanti,Obuasi,Electronics,None,0.0,1.0,0.0,0,0.0,0.0,9999.0
CUST_01535,1,0.8061515,Central,Elmina,Electronics,Mobile,0.0,2.0,9955.0,1,0.0,0.0,9999.0
CUST_01538,0,0.29564872,Western,Sekondi,Fashion & Apparel,Desktop,-0.16666666666666669,0.6923076923076923,32.0,1,229.81,3.0,36.0
CUST_01540,1,0.5917403,Greater Accra,Accra,Fashion & Apparel,Desktop,-0.6666666666666666,0.8,74.0,3,737.1400000000001,2.0,116.0
CUST_01541,1,0.6958333,Greater Accra,Accra,Fashion & Apparel,Mobile,0.16666666666666666,0.5555555555555556,67.0,3,157.61,1.0,73.0
CUST_01543,0,0.06849884,Ashanti,Obuasi,Fashion & Apparel,Desktop,-0.19780219780219777,2.142857142857143,12.0,1,1393.94,6.0,15.0
CUST_01544,1,0.3648945,Ashanti,Bekwai,Beauty & Personal Care,None,0.0,1.0,0.0,0,0.0,0.0,9999.0
CUST_01545,1,0.84448576,Ashanti,Kumasi,Electronics,Mobile,-0.25,0.1111111111111111,434.0,1,805.23,1.0,528.0
CUST_01546,0,0.10197661,Upper East,Bolgatanga,Fashion & Apparel,Mobile,-0.8,1.3333333333333333,0.0,0,1022.57,2.0,4.0
CUST_01547,1,0.8562547,Greater Accra,Ashaiman,Fashion & Apparel,Mobile,0.0675,0.42857142857142855,-5.0,0,697.99,6.0,2.0
CUST_01548,0,0.1819311,Western,Takoradi,Fashion & Apparel,Mobile,-0.16666666666666669,0.6666666666666666,-37.0,0,597.37,2.0,24.0
CUST_01550,1,0.7237423,Upper East,Bawku,Fashion & Apparel,Mobile,0.3333333333333333,1.8333333333333333,-1.0,0,121.22,1.0,3.0
CUST_01551,1,0.7362471,Upper West,Jirapa,Fashion & Apparel,Mobile,0.6875,0.3888888888888889,7.0,0,1016.94,6.0,22.0
CUST_01552,1,0.6620974,Greater Accra,Tema,Beauty & Personal Care,Mobile,0.0,1.1428571428571428,9997.0,5,0.0,0.0,9999.0
CUST_01553,0,0.0123466905,Greater Accra,Madina,Fashion & Apparel,Tablet,-0.17948717948717946,0.34782608695652173,15.0,2,8512.54,24.0,22.0
CUST_01554,0,0.4334985,Western North,Bibiani,Fashion & Apparel,Mobile,0.40909090909090906,0.36,63.0,1,173.25,2.0,85.0
CUST_01555,0,0.29985017,Eastern,Nkawkaw,None,None,0.0,1.0,0.0,0,0.0,0.0,9999.0
CUST_01556,1,0.67836773,Central,Kasoa,Baby & Kids,None,0.0,1.0,0.0,0,0.0,0.0,9999.0
CUST_01557,1,0.49793845,Volta,Ho,Phones & Tablets,Mobile,0.0,2.5,9967.0,5,0.0,0.0,9999.0
CUST_01558,1,0.6125919,Volta,Hohoe,Fashion & Apparel,Mobile,0.0,2.0,9944.0,2,0.0,0.0,9999.0
CUST_01559,1,0.8541585,Upper West,Wa,Electronics,Desktop,0.0,1.0,9995.0,1,0.0,0.0,9999.0
CUST_01560,0,0.083241835,Unknown,Unknown,Fashion & Apparel,Mobile,-0.21818181818181825,0.25,-10.0,1,5469.74,12.0,3.0
CUST_01561,1,0.65357196,Northern,Yendi,Health & Wellness,Desktop,0.0,3.0,9990.0,0,0.0,0.0,9999.0
CUST_01562,1,0.8263082,Ashanti,Ejisu,None,None,0.0,1.0,0.0,0,0.0,0.0,9999.0
CUST_01563,0,0.17587088,Bono East,Techiman,Fashion & Apparel,Desktop,-0.04999999999999999,0.47058823529411764,60.0,3,4351.69,4.0,85.0
CUST_01564,1,0.7339163,Greater Accra,Madina,None,None,0.0,1.0,0.0,0,0.0,0.0,9999.0
CUST_01565,0,0.56246006,Ashanti,Obuasi,Fashion & Apparel,Mobile,-0.3333333333333333,0.3333333333333333,80.0,0,1659.9699999999998,3.0,105.0
CUST_01566,1,0.5791824,Western North,Enchi,Fashion & Apparel,Mobile,0.0,2.5,9982.0,2,0.0,0.0,9999.0
CUST_01567,1,0.85630566,Ashanti,Bekwai,Baby & Kids,Mobile,-1.0,0.5,-89.0,0,87.51,1.0,94.0
CUST_01569,0,0.022881651,Greater Accra,Ashaiman,Fashion & Apparel,Mobile,0.3161764705882353,0.8571428571428571,3.0,2,4386.16,10.0,4.0
CUST_01570,1,0.74190205,Bono East,Techiman,Fashion & Apparel,Mobile,0.0,1.0,9968.0,0,0.0,0.0,9999.0
CUST_01571,0,0.4649686,Eastern,Akim Oda,Fashion & Apparel,Desktop,0.0,0.8,9940.0,1,0.0,0.0,9999.0
CUST_01573,0,0.3767246,Ashanti,Kumasi,Fashion & Apparel,Tablet,-0.42857142857142855,0.6,135.0,2,213.17000000000002,3.0,137.0
CUST_01574,0,0.10871518,Northern,Yendi,Fashion & Apparel,Mobile,-0.10714285714285715,0.12,18.0,0,2635.7799999999997,6.0,23.0
CUST_01575,0,0.29835147,Northern,Tamale,Electronics,None,0.0,1.0,0.0,0,0.0,0.0,9999.0
CUST_01578,1,0.87433475,Greater Accra,Madina,Home & Kitchen,Desktop,0.0,1.0,9997.0,1,0.0,0.0,9999.0
CUST_01579,1,0.49570572,Savannah,Bole,Beauty & Personal Care,Tablet,0.0,0.75,9976.0,1,0.0,0.0,9999.0
CUST_01580,1,0.55419594,Western,Tarkwa,Beauty & Personal Care,Mobile,-0.5,2.5,-15.0,0,1193.5400000000002,2.0,2.0
CUST_01581,1,0.67470753,Upper West,Lawra,None,None,0.0,1.0,0.0,0,0.0,0.0,9999.0
CUST_01582,1,0.55024093,Ashanti,Kumasi,Fashion & Apparel,Desktop,0.0,4.0,9994.0,1,0.0,0.0,9999.0
CUST_01583,1,0.62544346,Upper East,Bolgatanga,Fashion & Apparel,Desktop,0.0,1.0,9964.0,5,0.0,0.0,9999.0
CUST_01584,0,0.44064364,Northern,Tamale,Fashion & Apparel,Mobile,0.0,2.0,9976.0,3,0.0,0.0,9999.0
CUST_01585,0,0.029998222,Volta,Hohoe,Fashion & Apparel,Mobile,0.1071428571428571,0.2222222222222222,10.0,0,20295.45,39.0,11.0
CUST_01587,0,0.21753402,Ashanti,Kumasi,Phones & Tablets,Mobile,0.25,0.625,64.0,2,508.92,1.0,71.0
CUST_01588,0,0.031563025,Greater Accra,Madina,Fashion & Apparel,Mobile,-0.19999999999999996,12.0,5.0,0,2725.35,13.0,6.0
CUST_01589,1,0.7334996,Volta,Hohoe,Phones & Tablets,Tablet,0.0,4.0,9961.0,0,0.0,0.0,9999.0
CUST_01590,0,0.39292413,Northern,Tamale,Fashion & Apparel,Desktop,-1.0,1.0,340.0,2,134.71,1.0,348.0
CUST_01591,1,0.6801025,Central,Cape Coast,Fashion & Apparel,Mobile,0.3333333333333333,0.7692307692307693,7.0,0,2865.15,2.0,25.0
CUST_01592,0,0.2992545,Greater Accra,Ashaiman,Fashion & Apparel,Mobile,-0.4,0.2631578947368421,356.0,3,640.53,4.0,360.0
CUST_01595,1,0.7133607,Eastern,Koforidua,Electronics,Mobile,0.0,0.75,9950.0,0,0.0,0.0,9999.0
CUST_01596,1,0.5155351,Western,Axim,Electronics,Mobile,0.0,0.4,9982.0,2,0.0,0.0,9999.0
CUST_01597,1,0.7510133,Unknown,Unknown,Sports & Outdoors,Mobile,0.0,2.0,9966.0,0,0.0,0.0,9999.0
CUST_01600,0,0.21776357,Ashanti,Kumasi,Fashion & Apparel,Desktop,0.0,0.15,9960.0,4,0.0,0.0,9999.0
CUST_01602,1,0.7052718,Upper East,Bolgatanga,Fashion & Apparel,Mobile,0.0,4.0,9989.0,3,0.0,0.0,9999.0
CUST_01603,0,0.6697397,Western North,Bibiani,Sports & Outdoors,None,0.0,1.0,0.0,0,0.0,0.0,9999.0
CUST_01604,1,0.45549366,Ashanti,Bekwai,Electronics,Desktop,0.3333333333333333,3.0,35.0,2,391.6,1.0,36.0
CUST_01606,1,0.67986023,Western North,Bibiani,Fashion & Apparel,Desktop,0.16666666666666666,1.2,-10.0,3,61.19,1.0,23.0
CUST_01608,0,0.21051379,Unknown,Unknown,Home & Kitchen,Mobile,-0.27380952380952384,0.3,73.0,3,2037.78,6.0,74.0
CUST_01609,1,0.87270117,Oti,Dambai,None,Mobile,0.0,2.0,9996.0,0,0.0,0.0,9999.0
CUST_01610,1,0.7811118,Ashanti,Kumasi,Beauty & Personal Care,Mobile,0.0,0.3333333333333333,9897.0,0,0.0,0.0,9999.0
CUST_01611,0,0.6055071,Ashanti,Kumasi,Fashion & Apparel,Mobile,-0.5,0.5,572.0,2,249.60000000000002,2.0,575.0
CUST_01612,1,0.779655,Greater Accra,Accra,None,Desktop,0.0,3.0,9947.0,0,0.0,0.0,9999.0
CUST_01613,1,0.6103326,Eastern,Suhum,Fashion & Apparel,Mobile,0.3333333333333333,4.0,57.0,1,272.3,1.0,73.0
CUST_01614,1,0.48126066,Greater Accra,Accra,Sports & Outdoors,Tablet,0.0,2.0,9989.0,1,0.0,0.0,9999.0
CUST_01615,1,0.4683744,Ashanti,Kumasi,Fashion & Apparel,Mobile,0.0,2.0,9956.0,0,0.0,0.0,9999.0
CUST_01616,1,0.54561573,Ashanti,Kumasi,Fashion & Apparel,Mobile,0.0,0.5714285714285714,9976.0,9,0.0,0.0,9999.0
CUST_01617,0,0.61571825,Upper East,Bolgatanga,Fashion & Apparel,Desktop,-0.09090909090909091,0.125,146.0,3,74.18,1.0,184.0
CUST_01618,1,0.69255227,Bono East,Kintampo,Phones & Tablets,Mobile,-0.8333333333333334,1.5,8.0,2,4738.8,2.0,27.0
CUST_01619,0,0.30294546,Ashanti,Bekwai,Beauty & Personal Care,Mobile,0.0,4.0,9968.0,0,0.0,0.0,9999.0
CUST_01620,1,0.8125537,Bono East,Techiman,Fashion & Apparel,Mobile,0.0,0.16666666666666666,9899.0,1,0.0,0.0,9999.0
CUST_01621,0,0.1462666,Bono East,Atebubu,Phones & Tablets,Mobile,0.14285714285714285,3.6666666666666665,9.0,1,1518.95,2.0,15.0
CUST_01623,0,0.43681538,Greater Accra,Accra,Electronics,Desktop,0.0,0.42857142857142855,9992.0,5,0.0,0.0,9999.0
CUST_01624,0,0.4577645,Volta,Keta,Fashion & Apparel,Desktop,-0.16666666666666666,0.21428571428571427,682.0,5,1906.04,1.0,705.0
CUST_01626,1,0.7376355,Volta,Keta,Phones & Tablets,Mobile,0.0,0.7777777777777778,9975.0,4,0.0,0.0,9999.0
CUST_01628,0,0.47113556,Eastern,Akim Oda,Phones & Tablets,Desktop,0.0,0.4,9984.0,4,0.0,0.0,9999.0
CUST_01630,1,0.7518441,Central,Elmina,Electronics,Mobile,-0.8571428571428572,3.5,87.0,5,199.66,2.0,88.0
CUST_01631,1,0.5839943,Greater Accra,Tema,Fashion & Apparel,Mobile,0.0,1.25,9996.0,3,0.0,0.0,9999.0
CUST_01632,1,0.7094571,Ashanti,Ejisu,Beauty & Personal Care,None,1.0,1.0,-9955.0,0,105.39,1.0,44.0
CUST_01633,0,0.21396402,Upper East,Bolgatanga,Fashion & Apparel,Mobile,-0.26666666666666666,2.0,51.0,2,2668.55,4.0,58.0
CUST_01634,0,0.75611466,Bono East,Atebubu,Fashion & Apparel,Desktop,-0.5,0.5555555555555556,310.0,1,1436.61,1.0,316.0
CUST_01635,1,0.8648424,Greater Accra,Madina,Fashion & Apparel,Mobile,-0.06666666666666667,0.18181818181818182,545.0,14,129.88,1.0,564.0
CUST_01636,0,0.73619115,Oti,Dambai,None,None,0.0,1.0,0.0,0,0.0,0.0,9999.0
CUST_01637,0,0.6394581,Ashanti,Kumasi,Fashion & Apparel,None,0.0,1.0,0.0,0,0.0,0.0,9999.0
CUST_01639,0,0.014711823,Northern,Tamale,Fashion & Apparel,Mobile,-0.1333333333333333,0.21739130434782608,8.0,1,30178.87,46.0,15.0
CUST_01640,0,0.016937599,Upper East,Bolgatanga,Fashion & Apparel,Tablet,0.028860028860028808,0.19047619047619047,-23.0,0,14480.310000000001,40.0,0.0
CUST_01641,0,0.4318856,Upper West,Wa,Fashion & Apparel,Desktop,-0.5,1.6666666666666667,146.0,6,176.63,1.0,152.0
CUST_01642,0,0.19545124,Ashanti,Kumasi,Fashion & Apparel,Desktop,0.16666666666666669,0.18181818181818182,-35.0,0,385.56999999999994,3.0,45.0
CUST_01643,1,0.8711561,Bono East,Techiman,Electronics,None,0.0,1.0,0.0,0,0.0,0.0,9999.0
CUST_01644,1,0.6852281,Greater Accra,Accra,Fashion & Apparel,Mobile,0.0,1.25,9996.0,11,0.0,0.0,9999.0
CUST_01646,0,0.10708489,Northern,Yendi,Fashion & Apparel,Mobile,0.031746031746031744,0.15,-41.0,0,445.91999999999996,2.0,4.0
CUST_01648,0,0.083414756,Ashanti,Kumasi,Fashion & Apparel,Mobile,0.23611111111111108,0.5,24.0,2,1800.75,9.0,27.0
CUST_01649,1,0.7843673,Bono East,Techiman,Electronics,Mobile,-0.16666666666666666,0.4666666666666667,157.0,2,186.43,1.0,161.0
CUST_01650,0,0.15530302,Greater Accra,Tema,Fashion & Apparel,Mobile,0.08333333333333331,1.0,53.0,4,615.73,3.0,60.0
CUST_01652,1,0.66619235,Volta,Ho,Electronics,Mobile,0.0,3.0,9998.0,1,0.0,0.0,9999.0
CUST_01653,0,0.7794888,Eastern,Koforidua,None,None,0.0,1.0,0.0,0,0.0,0.0,9999.0
CUST_01654,1,0.59442145,Bono,Dormaa Ahenkro,Electronics,Mobile,0.0,3.0,9958.0,3,0.0,0.0,9999.0
CUST_01656,1,0.939714,Greater Accra,Ashaiman,Electronics,Desktop,0.0,0.5,9954.0,0,0.0,0.0,9999.0
CUST_01657,0,0.2004917,Bono,Berekum,Fashion & Apparel,Desktop,-0.275,5.666666666666667,3.0,0,492.33000000000004,3.0,6.0
CUST_01658,0,0.26255584,Central,Winneba,Electronics,Mobile,0.3333333333333333,2.0,13.0,0,158.43,1.0,15.0
CUST_01659,0,0.3152337,Greater Accra,Tema,Health & Wellness,Mobile,0.0,4.0,9996.0,2,0.0,0.0,9999.0
CUST_01660,0,0.5890526,Northern,Yendi,Phones & Tablets,Mobile,0.0,9.0,9986.0,2,0.0,0.0,9999.0
CUST_01661,0,0.33794433,Unknown,Unknown,Health & Wellness,Desktop,0.0,0.5714285714285714,9993.0,3,0.0,0.0,9999.0
CUST_01662,0,0.15175416,Western,Tarkwa,Home & Kitchen,Mobile,-1.0,0.75,85.0,3,196.57,1.0,104.0
CUST_01663,0,0.114864126,Eastern,Akosombo,Fashion & Apparel,Mobile,0.7272727272727273,0.16666666666666666,1.0,0,5731.5599999999995,9.0,1.0
CUST_01664,0,0.20833945,Bono,Berekum,Fashion & Apparel,Mobile,1.0,6.0,77.0,0,317.4,1.0,86.0
CUST_01665,1,0.8606307,Bono,Sunyani,Fashion & Apparel,Mobile,-0.4375,0.5294117647058824,132.0,1,3120.8599999999997,7.0,145.0
CUST_01666,1,0.6706573,Volta,Ho,Fashion & Apparel,Mobile,-0.2,0.26666666666666666,203.0,7,418.26,2.0,234.0
CUST_01667,0,0.7328079,Greater Accra,Madina,None,None,0.0,1.0,0.0,0,0.0,0.0,9999.0
CUST_01668,0,0.42995104,Bono,Berekum,Fashion & Apparel,Desktop,-0.1111111111111111,0.5,500.0,9,64.26,1.0,508.0
CUST_01670,1,0.82552284,Volta,Ho,Fashion & Apparel,Mobile,0.14285714285714285,0.3333333333333333,31.0,2,159.56,1.0,40.0
CUST_01671,0,0.28069222,Ashanti,Konongo,Electronics,Mobile,0.0,8.0,9983.0,0,0.0,0.0,9999.0
CUST_01672,1,0.6523091,Bono East,Kintampo,Fashion & Apparel,Mobile,0.5,0.3333333333333333,63.0,0,206.33,1.0,76.0
CUST_01673,0,0.018589078,Northern,Savelugu,Fashion & Apparel,Mobile,-0.0981638418079096,0.19148936170212766,-9.0,0,13457.220000000001,30.0,0.0
CUST_01674,0,0.0092134345,Greater Accra,Tema,Fashion & Apparel,Desktop,0.0,0.3333333333333333,-2.0,0,26488.31,42.0,4.0
CUST_01675,1,0.74474514,Ashanti,Obuasi,Phones & Tablets,Mobile,0.5,0.9,64.0,1,335.09,1.0,74.0
CUST_01676,1,0.5064604,Western North,Bibiani,Beauty & Personal Care,None,0.0,1.0,0.0,0,0.0,0.0,9999.0
CUST_01678,0,0.019972058,Oti,Jasikan,Phones & Tablets,Mobile,-0.6470588235294117,7.0,9.0,3,3588.36,7.0,11.0
CUST_01680,1,0.5296435,Western,Takoradi,Beauty & Personal Care,Tablet,0.25,1.25,79.0,0,695.59,2.0,79.0
CUST_01681,0,0.11292878,Ashanti,Bekwai,Fashion & Apparel,Mobile,0.6,4.0,4.0,0,355.43999999999994,3.0,7.0
CUST_01682,0,0.32913822,Ashanti,Obuasi,Fashion & Apparel,Mobile,0.20289855072463767,0.13636363636363635,40.0,1,2362.54,4.0,60.0
CUST_01683,0,0.5883679,Upper West,Lawra,Beauty & Personal Care,Mobile,0.0,1.0,9982.0,2,0.0,0.0,9999.0
CUST_01684,1,0.60662556,Ashanti,Obuasi,Fashion & Apparel,Mobile,-0.6666666666666666,0.5,253.0,3,2247.59,2.0,258.0
CUST_01686,0,0.16339888,Ashanti,Konongo,Electronics,Mobile,0.1923076923076923,0.3333333333333333,-2.0,1,2169.71,5.0,25.0
CUST_01687,1,0.8786439,Greater Accra,Madina,Fashion & Apparel,Mobile,0.0,0.45454545454545453,9952.0,5,0.0,0.0,9999.0
CUST_01688,1,0.6505021,Greater Accra,Accra,Fashion & Apparel,Desktop,0.14285714285714285,2.5,80.0,6,232.18,1.0,80.0
CUST_01689,0,0.57683486,Central,Kasoa,Phones & Tablets,Desktop,0.4,1.1111111111111112,39.0,3,2129.16,2.0,40.0
CUST_01690,0,0.2147574,Savannah,Bole,Electronics,Mobile,0.16666666666666666,0.8,38.0,4,142.78,1.0,62.0
CUST_01692,0,0.31286633,Ashanti,Mampong,Beauty & Personal Care,Desktop,0.0,1.0,9996.0,2,0.0,0.0,9999.0
CUST_01693,1,0.66426414,Ashanti,Kumasi,Fashion & Apparel,Mobile,0.0,6.0,9991.0,1,0.0,0.0,9999.0
CUST_01695,0,0.49323794,Eastern,Suhum,Beauty & Personal Care,Mobile,0.0,2.0,9951.0,0,0.0,0.0,9999.0
CUST_01699,1,0.8687936,Greater Accra,Accra,Fashion & Apparel,Mobile,-0.1111111111111111,0.0967741935483871,1038.0,10,44.44,1.0,1047.0
CUST_01700,1,0.8487632,Savannah,Damongo,Phones & Tablets,Mobile,0.0,2.75,9998.0,9,0.0,0.0,9999.0
CUST_01701,1,0.90042394,Ashanti,Bekwai,Electronics,Mobile,-0.25,0.2222222222222222,462.0,2,45.46,1.0,493.0
CUST_01702,1,0.63140976,Greater Accra,Ashaiman,Phones & Tablets,Desktop,0.0,5.0,9992.0,4,0.0,0.0,9999.0
CUST_01703,1,0.72448903,Volta,Keta,Fashion & Apparel,Mobile,0.25,3.0,19.0,2,74.85,1.0,22.0
CUST_01704,0,0.2152518,Western,Sekondi,Fashion & Apparel,Mobile,1.0,1.0,-22.0,0,481.82,3.0,1.0
CUST_01705,1,0.7928377,Eastern,Koforidua,Fashion & Apparel,Tablet,0.2857142857142857,15.0,51.0,4,114.81,2.0,52.0
CUST_01707,1,0.8460745,Upper East,Bawku,Fashion & Apparel,Desktop,0.0,2.0,9998.0,1,0.0,0.0,9999.0
CUST_01708,1,0.5841209,Greater Accra,Ashaiman,None,None,0.0,1.0,0.0,0,0.0,0.0,9999.0
CUST_01709,0,0.13500191,Bono,Berekum,Fashion & Apparel,Mobile,0.5,1.0,9.0,0,1324.26,4.0,16.0
CUST_01710,0,0.0046306564,Western,Axim,Fashion & Apparel,Desktop,-0.19523809523809532,0.3333333333333333,-15.0,2,21161.57,39.0,5.0
CUST_01713,1,0.7335598,Ashanti,Kumasi,Fashion & Apparel,Desktop,-0.4,0.9090909090909091,201.0,2,2295.7,2.0,213.0
CUST_01714,1,0.510517,Northern,Tamale,Electronics,None,0.0,1.0,0.0,1,0.0,0.0,9999.0
CUST_01716,1,0.92176217,Ashanti,Bekwai,Home & Kitchen,Mobile,0.0,0.14285714285714285,9800.0,3,0.0,0.0,9999.0
CUST_01718,0,0.01577517,North East,Walewale,Phones & Tablets,Mobile,0.08270676691729328,0.6428571428571429,-9.0,0,2767.01,17.0,12.0
CUST_01719,1,0.81777745,Eastern,Akim Oda,Phones & Tablets,Mobile,-0.2,0.3076923076923077,68.0,2,104.26,1.0,108.0
CUST_01720,1,0.77046347,Ahafo,Hwidiem,None,None,0.0,1.0,0.0,0,0.0,0.0,9999.0
CUST_01723,1,0.66734916,Greater Accra,Accra,Home & Kitchen,Mobile,0.0,5.0,9990.0,0,0.0,0.0,9999.0
CUST_01725,1,0.6007398,Ashanti,Bekwai,Phones & Tablets,Desktop,-0.07575757575757575,0.5172413793103449,3.0,2,2850.37,5.0,6.0
CUST_01727,0,0.54302204,Ahafo,Goaso,Fashion & Apparel,Mobile,0.0,2.5,9993.0,1,0.0,0.0,9999.0
CUST_01728,0,0.21083473,Bono,Sunyani,Phones & Tablets,Mobile,-0.04954954954954957,0.10256410256410256,54.0,5,3707.25,9.0,78.0
CUST_01729,0,0.5231434,Northern,Savelugu,Fashion & Apparel,Desktop,0.0,0.35714285714285715,9933.0,3,0.0,0.0,9999.0
CUST_01730,1,0.45887297,Greater Accra,Tema,Fashion & Apparel,Mobile,0.0,4.0,9984.0,5,0.0,0.0,9999.0
CUST_01731,0,0.28053778,Greater Accra,Tema,Fashion & Apparel,Desktop,0.0,2.0,9985.0,0,0.0,0.0,9999.0
CUST_01732,0,0.049115278,Greater Accra,Accra,Fashion & Apparel,Mobile,0.2777777777777778,0.7777777777777778,-5.0,1,1683.3200000000002,5.0,5.0
CUST_01733,0,0.20709582,Northern,Tamale,Fashion & Apparel,Mobile,-0.11931818181818182,2.625,2.0,8,838.4,4.0,5.0
CUST_01734,1,0.6769105,Ahafo,Hwidiem,Fashion & Apparel,Desktop,0.0,3.0,9928.0,0,0.0,0.0,9999.0
CUST_01736,0,0.2497414,Greater Accra,Madina,Phones & Tablets,Mobile,0.11666666666666667,0.16666666666666666,35.0,2,2716.4,3.0,36.0
CUST_01737,1,0.43073848,Central,Swedru,Beauty & Personal Care,Mobile,1.0,4.0,0.0,0,1540.37,3.0,20.0
CUST_01739,0,0.5637579,Ashanti,Ejisu,Phones & Tablets,Mobile,0.0,5.0,9982.0,1,0.0,0.0,9999.0
CUST_01740,1,0.6808388,Western,Takoradi,Home & Kitchen,Desktop,0.5,6.0,19.0,1,243.98,1.0,30.0
CUST_01741,1,0.31568435,Volta,Keta,Phones & Tablets,Mobile,0.11538461538461536,0.375,28.0,1,2158.44,7.0,41.0
CUST_01742,0,0.09121326,Greater Accra,Accra,Phones & Tablets,Mobile,0.0,0.7647058823529411,23.0,1,2804.6400000000003,9.0,25.0
CUST_01743,1,0.7356383,Greater Accra,Madina,Fashion & Apparel,Tablet,0.0,0.3,9999.0,3,0.0,0.0,9999.0
CUST_01745,1,0.6344356,Ashanti,Obuasi,Electronics,Mobile,0.0,2.0,9916.0,1,0.0,0.0,9999.0
CUST_01746,0,0.0914464,Greater Accra,Tema,Electronics,Desktop,0.3333333333333333,2.0,64.0,4,230.25,2.0,69.0
CUST_01748,1,0.745775,Greater Accra,Madina,None,None,0.0,1.0,0.0,0,0.0,0.0,9999.0
CUST_01749,0,0.09691775,Ashanti,Kumasi,Phones & Tablets,Desktop,0.0,0.7,-2.0,1,5617.51,4.0,2.0
CUST_01751,0,0.07604661,Ashanti,Kumasi,Electronics,Mobile,0.75,2.0,-47.0,0,1057.17,3.0,3.0
CUST_01752,0,0.4366735,Eastern,Nkawkaw,None,None,0.0,1.0,0.0,0,0.0,0.0,9999.0
CUST_01754,1,0.5963163,Eastern,Akim Oda,None,None,0.0,1.0,0.0,0,0.0,0.0,9999.0
CUST_01755,1,0.9216999,Bono East,Techiman,Fashion & Apparel,Desktop,0.19047619047619047,0.11428571428571428,11.0,0,421.26,4.0,23.0
CUST_01756,1,0.73784727,Bono East,Kintampo,Beauty & Personal Care,Mobile,0.0,1.0,9956.0,5,0.0,0.0,9999.0
CUST_01757,1,0.9347512,Greater Accra,Accra,Fashion & Apparel,Mobile,-0.2727272727272727,0.14285714285714285,112.0,0,141.87,3.0,143.0
CUST_01758,0,0.20570692,Northern,Savelugu,Phones & Tablets,Tablet,-1.0,1.0,105.0,3,1026.75,1.0,109.0
CUST_01760,1,0.65868586,North East,Nalerigu,Fashion & Apparel,Mobile,-0.25,6.0,106.0,2,87.25,1.0,109.0
CUST_01761,0,0.40734115,Eastern,Nkawkaw,Fashion & Apparel,Mobile,0.0,6.0,9985.0,7,0.0,0.0,9999.0
CUST_01762,0,0.33420932,North East,Nalerigu,Fashion & Apparel,Desktop,-0.1,0.2894736842105263,396.0,19,1805.4,2.0,402.0
CUST_01764,1,0.68470067,Ashanti,Konongo,Beauty & Personal Care,Mobile,0.0,2.0,9928.0,1,0.0,0.0,9999.0
CUST_01766,0,0.5510888,North East,Walewale,Electronics,None,0.0,1.0,0.0,0,0.0,0.0,9999.0
CUST_01767,1,0.7745399,Bono East,Techiman,Electronics,Desktop,-0.5,1.4,51.0,1,462.45,2.0,52.0
CUST_01768,1,0.74609536,Greater Accra,Accra,Fashion & Apparel,Mobile,0.0,2.0,9997.0,1,0.0,0.0,9999.0
CUST_01769,0,0.46147755,Volta,Ho,Fashion & Apparel,Desktop,0.2,2.0,36.0,4,82.23,1.0,37.0
CUST_01770,1,0.6988515,Ashanti,Konongo,Fashion & Apparel,Desktop,1.0,3.0,49.0,0,86.56,1.0,59.0
CUST_01771,0,0.4245174,Greater Accra,Tema,Fashion & Apparel,Mobile,0.0,2.0,9967.0,0,0.0,0.0,9999.0
CUST_01772,1,0.21900715,Ashanti,Konongo,Fashion & Apparel,Mobile,0.3125,0.3333333333333333,81.0,1,1544.23,4.0,82.0
CUST_01773,1,0.77570903,Ashanti,Kumasi,Fashion & Apparel,Desktop,0.125,0.2727272727272727,20.0,2,147.74,1.0,33.0
CUST_01774,1,0.9493568,Bono,Sunyani,Electronics,Mobile,0.0,0.2,9969.0,1,0.0,0.0,9999.0
CUST_01775,0,0.5731721,Ashanti,Kumasi,Electronics,Mobile,-0.5,0.08333333333333333,46.0,3,552.16,2.0,193.0
CUST_01776,1,0.8214578,Bono,Sunyani,None,None,0.0,1.0,0.0,0,0.0,0.0,9999.0
CUST_01777,1,0.7872661,Greater Accra,Accra,Fashion & Apparel,Mobile,0.0,0.6,9972.0,1,0.0,0.0,9999.0
CUST_01778,1,0.68786424,Ashanti,Mampong,Beauty & Personal Care,Mobile,1.0,2.0,-18.0,0,1386.68,1.0,3.0
CUST_01779,1,0.6649223,Ashanti,Mampong,None,None,0.0,1.0,0.0,0,0.0,0.0,9999.0
CUST_01780,1,0.6343985,Ashanti,Obuasi,Phones & Tablets,Mobile,-0.125,0.4583333333333333,91.0,2,650.33,2.0,96.0
CUST_01782,0,0.28057122,Greater Accra,Accra,Fashion & Apparel,Desktop,-0.125,0.26666666666666666,134.0,10,680.64,4.0,134.0
CUST_01783,0,0.3980284,Central,Swedru,Fashion & Apparel,Desktop,0.0,1.5,9989.0,1,0.0,0.0,9999.0
CUST_01784,1,0.5711465,Ashanti,Kumasi,Health & Wellness,Mobile,0.0,1.0,9981.0,1,0.0,0.0,9999.0
CUST_01785,1,0.5005507,Eastern,Suhum,Baby & Kids,Mobile,0.0,0.6,9986.0,2,0.0,0.0,9999.0
CUST_01786,1,0.75733984,Unknown,Unknown,Fashion & Apparel,Mobile,-0.5,0.3333333333333333,268.0,2,3273.91,1.0,341.0
CUST_01787,1,0.6696411,Bono East,Techiman,Phones & Tablets,Mobile,-0.35714285714285715,1.5,85.0,7,2781.04,4.0,90.0
CUST_01788,0,0.4383806,Western North,Enchi,Phones & Tablets,Mobile,0.0,0.75,9980.0,2,0.0,0.0,9999.0
CUST_01790,0,0.49123162,Ashanti,Obuasi,Fashion & Apparel,Desktop,-0.5,2.5,96.0,1,141.9,1.0,96.0
CUST_01792,1,0.22344814,Oti,Dambai,Fashion & Apparel,Mobile,0.3333333333333333,0.6666666666666666,-1.0,1,3869.2799999999997,10.0,1.0
CUST_01793,1,0.66216034,Greater Accra,Tema,Fashion & Apparel,Mobile,0.0,0.3333333333333333,9890.0,0,0.0,0.0,9999.0
CUST_01794,1,0.47081664,Ashanti,Ejisu,Beauty & Personal Care,Desktop,0.6666666666666666,1.6666666666666667,44.0,1,1156.69,2.0,44.0
CUST_01797,1,0.5955204,Greater Accra,Dansoman,Beauty & Personal Care,Tablet,0.0,1.3333333333333333,9990.0,2,0.0,0.0,9999.0
CUST_01801,1,0.9591509,Greater Accra,Accra,Phones & Tablets,Mobile,0.0,0.2222222222222222,9943.0,1,0.0,0.0,9999.0
CUST_01802,0,0.26310098,Greater Accra,Accra,Fashion & Apparel,Mobile,-0.42857142857142855,1.75,98.0,0,933.38,3.0,98.0
CUST_01803,0,0.49696133,Western North,Enchi,Fashion & Apparel,None,0.0,1.0,0.0,1,0.0,0.0,9999.0
CUST_01804,0,0.24825357,Greater Accra,Accra,Groceries & Food,Mobile,1.0,3.0,18.0,0,133.57,1.0,20.0
CUST_01805,1,0.54498595,Bono,Sunyani,Electronics,Mobile,0.3333333333333333,5.0,22.0,2,40.09,1.0,50.0
CUST_01806,1,0.6769153,Central,Cape Coast,Electronics,Mobile,0.3333333333333333,0.5833333333333334,-5.0,2,65.34,1.0,46.0
CUST_01807,0,0.23457567,Greater Accra,Madina,Fashion & Apparel,Mobile,0.2571428571428572,0.9090909090909091,31.0,1,588.0,3.0,37.0
CUST_01811,1,0.49342215,Greater Accra,Accra,Electronics,Mobile,0.6,0.5,-7.0,0,3936.92,3.0,2.0
CUST_01812,0,0.12917334,Bono,Sunyani,Fashion & Apparel,Desktop,-0.04166666666666666,0.6956521739130435,64.0,12,794.8700000000001,5.0,65.0
CUST_01813,1,0.46127456,Greater Accra,Accra,Home & Kitchen,None,0.0,1.0,0.0,0,0.0,0.0,9999.0
CUST_01816,1,0.95027655,Upper West,Wa,Fashion & Apparel,Desktop,0.0,0.6111111111111112,9981.0,13,0.0,0.0,9999.0
CUST_01817,1,0.71126485,Western North,Sefwi Wiawso,Books & Stationery,Mobile,0.0,2.0,9957.0,0,0.0,0.0,9999.0
CUST_01818,0,0.5472357,Bono,Dormaa Ahenkro,Phones & Tablets,Desktop,-0.3333333333333333,0.4,207.0,1,608.7,1.0,274.0
CUST_01819,0,0.21480413,Western North,Enchi,Beauty & Personal Care,Mobile,0.6666666666666666,3.0,5.0,0,259.84999999999997,2.0,12.0
CUST_01820,1,0.7109414,Unknown,Unknown,Home & Kitchen,Mobile,0.0,6.0,9982.0,1,0.0,0.0,9999.0
CUST_01821,1,0.5940487,Ashanti,Kumasi,None,None,0.0,1.0,0.0,0,0.0,0.0,9999.0
CUST_01823,1,0.5529723,Ashanti,Kumasi,Home & Kitchen,Mobile,-0.6666666666666666,1.0,105.0,3,865.04,2.0,123.0
CUST_01824,1,0.7626437,Ashanti,Konongo,Fashion & Apparel,Mobile,-0.06410256410256412,0.5,14.0,0,545.72,4.0,15.0
CUST_01825,1,0.7201306,Central,Kasoa,Electronics,Mobile,-0.5,1.0,146.0,4,517.07,1.0,173.0
CUST_01826,0,0.3233768,Greater Accra,Teshie,Electronics,Mobile,0.0,1.3333333333333333,9977.0,2,0.0,0.0,9999.0
CUST_01828,1,0.86503565,Greater Accra,Accra,Fashion & Apparel,Desktop,-0.2,0.1724137931034483,70.0,3,815.61,2.0,113.0
CUST_01829,0,0.47080714,Ashanti,Obuasi,Fashion & Apparel,Mobile,-0.03409090909090909,0.45161290322580644,30.0,7,923.6800000000001,4.0,38.0
CUST_01830,1,0.552929,Eastern,Koforidua,Phones & Tablets,None,0.0,1.0,0.0,0,0.0,0.0,9999.0
CUST_01831,0,0.17220095,Upper East,Bolgatanga,Beauty & Personal Care,Mobile,-0.2,0.3076923076923077,382.0,6,2240.6299999999997,3.0,398.0
CUST_01832,0,0.1813677,Northern,Tamale,Beauty & Personal Care,Mobile,0.6666666666666666,1.8,17.0,0,909.01,2.0,25.0
CUST_01833,1,0.705463,Western,Takoradi,Health & Wellness,Desktop,0.5,5.0,25.0,1,84.45,1.0,66.0
CUST_01834,0,0.010730363,Greater Accra,Teshie,Fashion & Apparel,Mobile,-0.07142857142857145,0.37037037037037035,-5.0,0,5891.3,19.0,5.0
CUST_01835,0,0.35831052,Central,Cape Coast,Fashion & Apparel,Mobile,1.0,0.4444444444444444,19.0,0,50.32,1.0,45.0
CUST_01836,0,0.09179357,Greater Accra,Tema,Fashion & Apparel,Mobile,0.1111111111111111,0.8888888888888888,16.0,5,959.65,1.0,16.0
CUST_01838,1,0.49703395,Eastern,Nkawkaw,Electronics,Mobile,0.0,2.0,9991.0,0,0.0,0.0,9999.0
CUST_01839,1,0.9444499,Greater Accra,Accra,Fashion & Apparel,Mobile,-0.75,0.3333333333333333,63.0,0,1106.29,3.0,98.0
CUST_01840,1,0.5747062,Ashanti,Mampong,Electronics,None,0.0,1.0,0.0,0,0.0,0.0,9999.0
CUST_01841,1,0.8217637,Oti,Nkwanta,Fashion & Apparel,Mobile,0.0,2.0,9961.0,1,0.0,0.0,9999.0
CUST_01842,1,0.80117244,Oti,Nkwanta,Baby & Kids,Mobile,0.0,1.5,9969.0,0,0.0,0.0,9999.0
CUST_01843,0,0.54520607,Ashanti,Kumasi,Home & Kitchen,Desktop,0.0,3.0,9941.0,0,0.0,0.0,9999.0
CUST_01844,0,0.60733867,Greater Accra,Tema,Fashion & Apparel,Mobile,-0.05555555555555555,0.7142857142857143,10.0,3,3007.45,4.0,14.0
CUST_01845,1,0.8642742,Greater Accra,Ashaiman,Phones & Tablets,Mobile,-0.25,0.5,888.0,3,898.06,1.0,946.0
CUST_01846,1,0.8016818,Ashanti,Ejisu,None,None,0.0,1.0,0.0,0,0.0,0.0,9999.0
CUST_01849,1,0.6297788,Northern,Tamale,Electronics,Mobile,-0.5,0.5,185.0,2,30.55,1.0,190.0
CUST_01850,0,0.23219965,Greater Accra,Accra,Fashion & Apparel,Mobile,0.1313131313131313,0.6666666666666666,0.0,2,1488.0900000000001,5.0,3.0
CUST_01851,0,0.4703405,Savannah,Damongo,Fashion & Apparel,None,0.0,1.0,0.0,1,0.0,0.0,9999.0
CUST_01852,1,0.4424102,Ashanti,Ejisu,Fashion & Apparel,Mobile,0.29545454545454547,0.6153846153846154,36.0,0,2565.3700000000003,8.0,38.0
CUST_01853,1,0.86051214,Northern,Savelugu,Fashion & Apparel,Desktop,-0.5,1.3333333333333333,102.0,0,144.26,1.0,123.0
CUST_01854,0,0.41000545,Ashanti,Kumasi,Fashion & Apparel,Desktop,-0.2,0.18181818181818182,125.0,2,221.96,2.0,182.0
CUST_01855,0,0.016099542,Western,Sekondi,Fashion & Apparel,Mobile,-0.12662337662337664,0.12962962962962962,15.0,8,19088.07,35.0,32.0
CUST_01856,0,0.2561792,Greater Accra,Tema,Phones & Tablets,Mobile,0.0,2.0,9995.0,0,0.0,0.0,9999.0
CUST_01857,1,0.7356476,Greater Accra,Tema,Home & Kitchen,Mobile,-0.5,0.6666666666666666,101.0,1,97.43,1.0,114.0
CUST_01858,1,0.7841952,Upper West,Wa,Fashion & Apparel,Desktop,0.0,0.5,9998.0,0,0.0,0.0,9999.0
CUST_01859,1,0.641809,Ahafo,Goaso,Beauty & Personal Care,Mobile,-0.15384615384615385,0.3333333333333333,185.0,5,209.26,2.0,254.0
CUST_01860,0,0.013395112,Western North,Sefwi Wiawso,Fashion & Apparel,Mobile,-0.12794612794612797,0.8421052631578947,-8.0,0,7818.16,22.0,2.0
CUST_01861,1,0.7660461,Western,Takoradi,Fashion & Apparel,Mobile,-0.013409961685823757,0.7352941176470589,70.0,9,513.0,3.0,72.0
CUST_01862,0,0.5803122,Upper East,Bolgatanga,Fashion & Apparel,Mobile,0.0,0.2857142857142857,9986.0,1,0.0,0.0,9999.0
CUST_01864,0,0.782317,Ashanti,Ejisu,Electronics,Desktop,-1.0,0.25,17.0,2,854.82,1.0,127.0
CUST_01865,0,0.681943,Ashanti,Kumasi,Fashion & Apparel,Mobile,-0.25,0.17647058823529413,180.0,3,1332.01,2.0,232.0
CUST_01866,0,0.037769448,Western,Axim,Fashion & Apparel,Desktop,-0.25,0.26666666666666666,-2.0,0,14657.95,41.0,2.0
CUST_01870,1,0.75562537,Upper East,Bolgatanga,Fashion & Apparel,Mobile,0.0,1.0,9991.0,0,0.0,0.0,9999.0
CUST_01871,1,0.6249669,Ashanti,Mampong,Electronics,Mobile,1.0,0.6666666666666666,26.0,0,1580.79,1.0,26.0
CUST_01872,0,0.62871647,Greater Accra,Accra,None,None,0.0,1.0,0.0,0,0.0,0.0,9999.0
CUST_01873,0,0.5866759,Greater Accra,Dansoman,Baby & Kids,Mobile,0.0,3.0,9988.0,0,0.0,0.0,9999.0
CUST_01874,0,0.5891727,Ashanti,Mampong,Fashion & Apparel,Mobile,0.5,0.6111111111111112,43.0,0,289.04,1.0,47.0
CUST_01875,0,0.005738106,Ashanti,Obuasi,Fashion & Apparel,Mobile,-0.22397891963109356,0.4782608695652174,5.0,1,10131.86,22.0,11.0
CUST_01876,1,0.8203622,Western,Sekondi,Fashion & Apparel,Mobile,0.0,5.0,60.0,0,453.99,1.0,90.0
CUST_01877,1,0.5711517,Western,Tarkwa,Health & Wellness,Mobile,0.0,2.0,9996.0,5,0.0,0.0,9999.0
CUST_01878,0,0.5651804,Volta,Hohoe,Fashion & Apparel,Mobile,0.5,4.0,54.0,1,770.25,1.0,60.0
CUST_01879,1,0.80084944,Ashanti,Ejisu,Baby & Kids,Mobile,0.0,2.0,9979.0,1,0.0,0.0,9999.0
CUST_01880,1,0.52634495,Bono,Sunyani,Baby & Kids,Desktop,0.5,1.0,64.0,0,482.95,2.0,82.0
CUST_01881,0,0.20178148,Greater Accra,Accra,Phones & Tablets,Desktop,-0.6666666666666666,0.45454545454545453,80.0,3,2141.67,4.0,145.0
CUST_01882,0,0.24900465,Eastern,Akim Oda,Electronics,Mobile,-0.06666666666666667,0.047619047619047616,285.0,13,79.86,1.0,405.0
CUST_01883,1,0.7522798,Upper East,Bawku,Phones & Tablets,Mobile,-0.25,1.1,88.0,3,1036.49,2.0,93.0
CUST_01884,1,0.7309227,Greater Accra,Teshie,Phones & Tablets,Mobile,0.015873015873015872,0.56,63.0,6,232.89000000000001,3.0,68.0
CUST_01886,0,0.34701762,Bono East,Atebubu,Fashion & Apparel,Mobile,0.0,4.0,9990.0,1,0.0,0.0,9999.0
CUST_01888,1,0.8254952,Volta,Hohoe,None,None,0.0,1.0,0.0,0,0.0,0.0,9999.0
CUST_01889,1,0.471688,Greater Accra,Accra,Fashion & Apparel,Mobile,-0.012499999999999997,0.5,3.0,4,2965.01,3.0,13.0
CUST_01890,1,0.9261108,Volta,Hohoe,Phones & Tablets,Tablet,0.0,0.2727272727272727,9925.0,2,0.0,0.0,9999.0
CUST_01892,1,0.34840557,Greater Accra,Tema,Fashion & Apparel,Mobile,0.0,3.0,9993.0,1,0.0,0.0,9999.0
CUST_01893,1,0.85946906,Western,Axim,Home & Kitchen,Mobile,-0.5,0.7142857142857143,207.0,1,406.53000000000003,2.0,214.0
CUST_01894,1,0.46212032,Ashanti,Kumasi,None,None,0.0,1.0,0.0,0,0.0,0.0,9999.0
CUST_01895,1,0.6371359,Ashanti,Obuasi,Phones & Tablets,Mobile,-0.5,0.6666666666666666,112.0,1,3415.16,1.0,119.0
CUST_01896,0,0.12570818,Greater Accra,Ashaiman,Electronics,Mobile,-0.1333333333333333,0.5833333333333334,46.0,3,2101.05,3.0,57.0
CUST_01897,1,0.6639094,Greater Accra,Madina,Baby & Kids,Mobile,0.0,1.3333333333333333,9996.0,2,0.0,0.0,9999.0
CUST_01899,1,0.7738724,Greater Accra,Accra,None,None,0.0,1.0,0.0,0,0.0,0.0,9999.0
CUST_01900,0,0.36925057,Ahafo,Hwidiem,Electronics,Desktop,0.5,0.5384615384615384,40.0,1,87.71,1.0,53.0
CUST_01901,1,0.50309545,Greater Accra,Tema,Fashion & Apparel,Mobile,0.0,2.0,9985.0,0,0.0,0.0,9999.0
CUST_01903,0,0.13586207,Greater Accra,Accra,Fashion & Apparel,Mobile,-0.05128205128205132,0.8,68.0,1,2961.7,6.0,71.0
CUST_01905,1,0.8626975,Ahafo,Goaso,Fashion & Apparel,Desktop,0.4,0.43478260869565216,10.0,1,182.35000000000002,2.0,18.0
CUST_01906,1,0.6814262,Greater Accra,Dansoman,None,None,0.0,1.0,0.0,0,0.0,0.0,9999.0
CUST_01907,1,0.961915,Oti,Dambai,Home & Kitchen,Desktop,-0.5,0.08333333333333333,-116.0,0,805.77,2.0,137.0
CUST_01908,1,0.6783624,Greater Accra,Ashaiman,Fashion & Apparel,Mobile,0.0,3.0,9979.0,0,0.0,0.0,9999.0
CUST_01909,1,0.666094,Northern,Tamale,Sports & Outdoors,None,0.0,1.0,0.0,0,0.0,0.0,9999.0
CUST_01911,1,0.83992475,Bono East,Atebubu,None,None,0.0,1.0,0.0,0,0.0,0.0,9999.0
CUST_01912,1,0.06511487,Central,Kasoa,Fashion & Apparel,Desktop,0.2894736842105263,0.42105263157894735,36.0,2,2495.36,8.0,37.0
CUST_01913,1,0.91247934,Central,Kasoa,Fashion & Apparel,Tablet,0.5,0.4,13.0,1,182.67,1.0,23.0
CUST_01914,1,0.7614574,Greater Accra,Accra,None,None,0.0,1.0,0.0,0,0.0,0.0,9999.0
CUST_01915,1,0.6829883,Greater Accra,Accra,Fashion & Apparel,Desktop,0.0,2.0,9961.0,1,0.0,0.0,9999.0
CUST_01916,1,0.8246457,Ahafo,Goaso,Phones & Tablets,Mobile,0.0,1.1111111111111112,9986.0,5,0.0,0.0,9999.0
CUST_01917,0,0.17440662,Ashanti,Ejisu,Phones & Tablets,Desktop,-0.09999999999999998,0.6153846153846154,-2.0,0,5259.76,5.0,4.0
CUST_01918,1,0.5170434,Ashanti,Kumasi,Fashion & Apparel,Desktop,0.0,3.0,56.0,1,8500.24,2.0,74.0
CUST_01919,1,0.34187308,Northern,Tamale,Electronics,Mobile,0.3333333333333333,8.0,28.0,1,1093.61,2.0,31.0
CUST_01920,0,0.45801654,Ashanti,Kumasi,Fashion & Apparel,Desktop,0.0,6.0,9984.0,1,0.0,0.0,9999.0
CUST_01921,0,0.124020666,Oti,Nkwanta,Fashion & Apparel,Desktop,-0.07142857142857145,0.23076923076923078,1.0,3,3245.22,5.0,60.0
CUST_01923,1,0.7266454,Unknown,Unknown,Phones & Tablets,Tablet,0.3333333333333333,1.4285714285714286,34.0,2,5376.63,2.0,40.0
CUST_01924,1,0.8139602,Bono East,Techiman,Electronics,Mobile,1.0,2.0,-52.0,0,2169.23,1.0,8.0
CUST_01925,1,0.57312757,Greater Accra,Dansoman,Fashion & Apparel,Tablet,0.05714285714285716,0.6111111111111112,33.0,2,443.23,3.0,46.0
CUST_01927,1,0.7853712,Eastern,Suhum,Electronics,Mobile,0.0,1.125,9981.0,8,0.0,0.0,9999.0
CUST_01928,0,0.008143675,Ashanti,Mampong,Phones & Tablets,Mobile,-0.14285714285714285,3.5,-8.0,0,2193.15,6.0,1.0
CUST_01929,1,0.7936197,Northern,Savelugu,Fashion & Apparel,Mobile,0.14285714285714285,1.0,25.0,2,1402.75,1.0,30.0
CUST_01931,0,0.043995067,Eastern,Akosombo,Fashion & Apparel,Mobile,-0.2777777777777778,1.5714285714285714,4.0,1,939.3699999999999,5.0,4.0
CUST_01932,0,0.097974084,Ashanti,Konongo,Fashion & Apparel,Tablet,1.0,2.3333333333333335,8.0,0,621.47,5.0,9.0
CUST_01933,0,0.5552532,Oti,Nkwanta,Fashion & Apparel,Mobile,0.25,1.75,30.0,0,117.42,1.0,39.0
CUST_01934,0,0.26915234,Eastern,Koforidua,Fashion & Apparel,Mobile,-0.04999999999999999,0.8,-4.0,2,2133.74,2.0,30.0
CUST_01935,0,0.3448651,Eastern,Koforidua,Beauty & Personal Care,Desktop,-0.3333333333333333,0.125,-12.0,1,49.33,1.0,97.0
CUST_01936,1,0.7362745,Ashanti,Kumasi,Fashion & Apparel,Desktop,-0.09523809523809523,0.5,154.0,15,406.83000000000004,2.0,158.0
CUST_01937,0,0.11522808,Western North,Bibiani,Phones & Tablets,Desktop,0.3333333333333333,2.0,12.0,2,98.13,1.0,21.0
CUST_01938,1,0.6604317,Central,Winneba,Fashion & Apparel,Mobile,-0.25,0.35,86.0,1,258.64,2.0,107.0
CUST_01939,1,0.63754976,Northern,Tamale,Beauty & Personal Care,Desktop,0.0,5.0,9990.0,1,0.0,0.0,9999.0
CUST_01942,1,0.7106612,Eastern,Nkawkaw,Beauty & Personal Care,Desktop,0.0,2.0,9961.0,1,0.0,0.0,9999.0
CUST_01943,0,0.25413233,Bono,Dormaa Ahenkro,Fashion & Apparel,Desktop,-0.14285714285714285,0.47619047619047616,114.0,6,2788.8,2.0,119.0
CUST_01944,0,0.5404646,Ashanti,Kumasi,Phones & Tablets,Desktop,0.0,0.25,9983.0,4,0.0,0.0,9999.0
CUST_01945,0,0.2558284,Upper East,Bolgatanga,Phones & Tablets,Mobile,-0.06666666666666665,0.2857142857142857,58.0,8,1361.37,7.0,68.0
CUST_01946,1,0.42250872,Upper West,Wa,Phones & Tablets,Desktop,0.3333333333333333,1.3333333333333333,-33.0,1,54.03,1.0,22.0
CUST_01947,0,0.5944244,Western,Tarkwa,Beauty & Personal Care,Mobile,0.0,8.0,9991.0,1,0.0,0.0,9999.0
CUST_01949,0,0.3279911,Upper East,Navrongo,Home & Kitchen,None,0.3333333333333333,1.0,-9996.0,0,532.44,1.0,3.0
CUST_01950,0,0.022804437,Bono,Sunyani,Fashion & Apparel,Mobile,0.7368421052631579,7.0,-1.0,0,11715.38,28.0,2.0
CUST_01952,1,0.6914524,Greater Accra,Accra,None,None,0.0,1.0,0.0,0,0.0,0.0,9999.0
CUST_01953,0,0.0105587905,Ashanti,Ejisu,Fashion & Apparel,Mobile,-0.0401785714285714,1.3333333333333333,-5.0,0,6038.0,25.0,0.0
CUST_01954,0,0.16884434,Volta,Ho,Fashion & Apparel,Desktop,0.08333333333333331,0.38095238095238093,25.0,2,1495.6499999999999,5.0,28.0
CUST_01955,1,0.9011472,Eastern,Suhum,Fashion & Apparel,Mobile,-0.08333333333333333,0.225,94.0,8,1430.7799999999997,3.0,97.0
CUST_01956,1,0.8204088,Northern,Yendi,Phones & Tablets,Mobile,-0.4166666666666667,0.4,89.0,2,1048.77,5.0,97.0
CUST_01957,0,0.22775927,Ashanti,Ejisu,Fashion & Apparel,Mobile,0.09722222222222221,0.6363636363636364,22.0,4,1771.22,3.0,45.0
CUST_01958,1,0.80560976,Unknown,Unknown,Phones & Tablets,Mobile,0.0,6.0,9996.0,2,0.0,0.0,9999.0
CUST_01959,0,0.38488016,Greater Accra,Accra,Beauty & Personal Care,Mobile,0.0,0.5,9986.0,1,0.0,0.0,9999.0
CUST_01960,1,0.5685335,Northern,Tamale,Phones & Tablets,Mobile,0.25,2.0,21.0,0,87.25,2.0,24.0
CUST_01962,0,0.026893355,Greater Accra,Accra,Fashion & Apparel,Mobile,0.6,6.0,-2.0,0,4518.82,12.0,0.0
CUST_01963,1,0.8978796,Ashanti,Kumasi,Phones & Tablets,Mobile,0.13095238095238093,0.5714285714285714,3.0,0,636.27,2.0,3.0
CUST_01964,1,0.66049,Northern,Tamale,Phones & Tablets,Tablet,1.0,3.0,3.0,0,706.1,1.0,4.0
CUST_01965,0,0.17427978,Eastern,Nkawkaw,Fashion & Apparel,Tablet,0.06349206349206349,1.2857142857142858,49.0,5,7046.47,4.0,64.0
CUST_01966,0,0.39309323,Ashanti,Kumasi,Fashion & Apparel,Mobile,-0.6,1.0,3.0,0,865.0999999999999,3.0,4.0
CUST_01968,1,0.65062165,Volta,Ho,Fashion & Apparel,Desktop,0.0,5.0,9997.0,0,0.0,0.0,9999.0
CUST_01969,1,0.5818749,Oti,Nkwanta,Fashion & Apparel,None,0.0,1.0,0.0,1,0.0,0.0,9999.0
CUST_01972,1,0.70711887,Western North,Bibiani,Electronics,Mobile,0.0,0.5555555555555556,9971.0,2,0.0,0.0,9999.0
CUST_01973,1,0.79856443,Central,Cape Coast,None,None,0.0,1.0,0.0,0,0.0,0.0,9999.0
CUST_01974,0,0.35771862,Volta,Kpando,Electronics,Desktop,0.25,1.2,10.0,1,134.17,1.0,13.0
CUST_01975,0,0.53090304,Ashanti,Obuasi,Home & Kitchen,Mobile,0.0,3.0,9995.0,1,0.0,0.0,9999.0
CUST_01976,0,0.6976524,Eastern,Koforidua,Phones & Tablets,Mobile,-0.2,0.38461538461538464,239.0,7,3215.9300000000003,4.0,247.0
CUST_01977,1,0.58383757,Greater Accra,Teshie,None,Mobile,0.0,2.0,9994.0,0,0.0,0.0,9999.0
CUST_01978,1,0.60118926,Greater Accra,Ashaiman,Phones & Tablets,Desktop,0.0,3.0,9970.0,1,0.0,0.0,9999.0
CUST_01979,0,0.50992066,Greater Accra,Madina,Fashion & Apparel,Mobile,-0.5,0.38461538461538464,287.0,2,99.11,1.0,328.0
CUST_01980,0,0.16254206,Greater Accra,Madina,Phones & Tablets,Mobile,0.23106060606060605,0.42857142857142855,5.0,0,3472.91,4.0,7.0
CUST_01982,1,0.8642532,Ashanti,Kumasi,Fashion & Apparel,Mobile,-1.0,0.5714285714285714,100.0,0,39.04,1.0,119.0
CUST_01983,0,0.5351214,Volta,Keta,Fashion & Apparel,Tablet,0.0,4.0,9986.0,0,0.0,0.0,9999.0
CUST_01984,1,0.6151739,Bono,Sunyani,Fashion & Apparel,Desktop,0.0,4.0,9992.0,1,0.0,0.0,9999.0
CUST_01987,1,0.7426584,Northern,Savelugu,Fashion & Apparel,Mobile,-0.14285714285714285,0.5294117647058824,209.0,5,1252.48,1.0,211.0
CUST_01988,0,0.39378384,Western,Sekondi,Phones & Tablets,Desktop,0.0,2.0,9940.0,2,0.0,0.0,9999.0
CUST_01989,1,0.76814705,Unknown,Unknown,Books & Stationery,Mobile,0.0,3.0,9964.0,1,0.0,0.0,9999.0
CUST_01990,0,0.46543393,Northern,Savelugu,Home & Kitchen,Mobile,0.0,1.3333333333333333,9991.0,5,0.0,0.0,9999.0
CUST_01991,1,0.59596795,Savannah,Bole,Fashion & Apparel,Mobile,-0.375,0.5,167.0,3,2269.23,3.0,169.0
CUST_01993,1,0.8735906,Ashanti,Kumasi,Electronics,Mobile,0.0,1.5,9923.0,0,0.0,0.0,9999.0
CUST_01995,1,0.61509997,Greater Accra,Accra,Electronics,Mobile,0.0,0.7142857142857143,9974.0,4,0.0,0.0,9999.0
CUST_01996,0,0.2776448,Western North,Sefwi Wiawso,Fashion & Apparel,Desktop,-0.20909090909090908,1.4,19.0,1,1968.52,7.0,19.0
CUST_01997,1,0.77599555,Greater Accra,Accra,Fashion & Apparel,Desktop,-0.16666666666666666,0.16,738.0,6,2894.18,1.0,741.0
CUST_02000,1,0.53358084,Western,Takoradi,Phones & Tablets,Desktop,0.0,3.0,9991.0,0,0.0,0.0,9999.0
CUST_02001,1,0.56057674,Ashanti,Konongo,Books & Stationery,Mobile,0.0,2.0,9995.0,0,0.0,0.0,9999.0
CUST_02002,0,0.19523308,Eastern,Nkawkaw,Phones & Tablets,Mobile,0.3333333333333333,2.0,-1.0,2,131.62,1.0,8.0
CUST_02003,1,0.58491355,Bono,Sunyani,Beauty & Personal Care,Mobile,0.0,0.3333333333333333,9970.0,5,0.0,0.0,9999.0
CUST_02004,0,0.2588818,Ashanti,Bekwai,Home & Kitchen,None,0.0,1.0,0.0,0,0.0,0.0,9999.0
CUST_02005,0,0.56886953,Bono East,Kintampo,Home & Kitchen,Mobile,0.0,2.0,9979.0,0,0.0,0.0,9999.0
CUST_02006,1,0.62526995,Greater Accra,Accra,Fashion & Apparel,Mobile,0.07575757575757575,0.48148148148148145,9.0,1,6586.200000000001,3.0,9.0
CUST_02007,0,0.0148062045,Northern,Savelugu,Electronics,Mobile,0.13333333333333336,1.3333333333333333,-25.0,1,2620.94,8.0,9.0
CUST_02008,0,0.20655786,Bono,Sunyani,Fashion & Apparel,Desktop,0.3194444444444444,0.5925925925925926,40.0,2,865.98,8.0,42.0
CUST_02010,0,0.5600465,Eastern,Koforidua,Electronics,Mobile,0.0,2.5,9975.0,0,0.0,0.0,9999.0
CUST_02013,1,0.8649083,Central,Winneba,Fashion & Apparel,Desktop,0.07575757575757575,0.15625,65.0,4,1013.0600000000001,2.0,65.0
CUST_02015,1,0.7413707,Greater Accra,Madina,Fashion & Apparel,Mobile,-0.8,1.7142857142857142,38.0,4,2027.2,2.0,67.0
CUST_02016,0,0.050866824,Ashanti,Konongo,Phones & Tablets,Mobile,0.5,3.0,-13.0,0,3437.01,5.0,3.0
CUST_02017,0,0.30071995,Greater Accra,Tema,Electronics,Mobile,0.0,5.0,9999.0,0,0.0,0.0,9999.0
CUST_02018,1,0.7729265,Ashanti,Ejisu,Fashion & Apparel,Mobile,0.0,0.2,9956.0,2,0.0,0.0,9999.0
CUST_02020,1,0.55928254,Bono East,Atebubu,Fashion & Apparel,Desktop,-0.09999999999999998,0.25,64.0,3,1778.37,3.0,83.0
CUST_02021,0,0.64367235,Unknown,Unknown,Phones & Tablets,Mobile,-0.009803921568627472,0.23076923076923078,27.0,1,1969.8200000000002,4.0,29.0
CUST_02022,0,0.68918365,Eastern,Akosombo,Phones & Tablets,Mobile,0.0,0.6,9975.0,0,0.0,0.0,9999.0
CUST_02023,1,0.7946574,Oti,Jasikan,Fashion & Apparel,Tablet,-0.7142857142857143,0.29411764705882354,154.0,2,724.21,5.0,155.0
CUST_02025,1,0.69521874,Upper West,Wa,Fashion & Apparel,Desktop,0.16666666666666666,4.5,-4.0,0,551.98,1.0,2.0
CUST_02026,0,0.4174711,Central,Kasoa,Electronics,None,0.0,1.0,0.0,1,0.0,0.0,9999.0
CUST_02027,0,0.25779894,Ashanti,Mampong,Electronics,Desktop,0.0,0.42857142857142855,9974.0,7,0.0,0.0,9999.0
CUST_02028,1,0.9003448,Unknown,Unknown,Electronics,Desktop,0.0,0.6666666666666666,9989.0,2,0.0,0.0,9999.0
CUST_02029,1,0.57578784,Northern,Yendi,Phones & Tablets,None,0.0,1.0,0.0,0,0.0,0.0,9999.0
CUST_02030,1,0.58517647,Greater Accra,Ashaiman,Fashion & Apparel,Mobile,0.0,0.9,9997.0,14,0.0,0.0,9999.0
CUST_02032,0,0.6603841,Central,Winneba,Baby & Kids,Mobile,0.0,1.0,9933.0,1,0.0,0.0,9999.0
CUST_02033,1,0.59952486,Central,Cape Coast,Home & Kitchen,Desktop,0.0,2.0,9998.0,3,0.0,0.0,9999.0
CUST_02034,1,0.8925124,Western,Takoradi,Fashion & Apparel,Mobile,-0.6,0.15384615384615385,74.0,1,265.08000000000004,3.0,135.0
CUST_02035,1,0.663949,Greater Accra,Ashaiman,Fashion & Apparel,Mobile,0.0,2.5,9997.0,4,0.0,0.0,9999.0
CUST_02036,1,0.65507257,Ashanti,Kumasi,Phones & Tablets,Mobile,0.0,3.0,9998.0,2,0.0,0.0,9999.0
CUST_02039,0,0.65071994,Unknown,Unknown,None,None,0.0,1.0,0.0,0,0.0,0.0,9999.0
CUST_02040,1,0.76098186,Ahafo,Hwidiem,None,None,0.0,1.0,0.0,0,0.0,0.0,9999.0
CUST_02041,1,0.77553374,Northern,Savelugu,Electronics,Desktop,0.0,0.3333333333333333,9998.0,6,0.0,0.0,9999.0
CUST_02042,1,0.817709,Western,Takoradi,Phones & Tablets,Desktop,0.0,0.6666666666666666,9946.0,0,0.0,0.0,9999.0
CUST_02043,0,0.18987079,Greater Accra,Accra,Fashion & Apparel,Tablet,0.04999999999999999,2.2857142857142856,4.0,0,3321.65,4.0,4.0
CUST_02045,0,0.28423297,Western,Sekondi,Fashion & Apparel,Desktop,-0.08333333333333337,0.52,62.0,2,2814.66,6.0,70.0
CUST_02046,0,0.07010177,Western,Takoradi,Electronics,Mobile,0.09999999999999998,0.4666666666666667,4.0,0,2619.84,7.0,11.0
CUST_02048,0,0.22431582,Central,Cape Coast,Home & Kitchen,Desktop,0.3,0.4666666666666667,23.0,1,1029.12,3.0,34.0
CUST_02049,1,0.67662036,Unknown,Unknown,Fashion & Apparel,Desktop,0.2,1.5,55.0,2,115.03,1.0,58.0
CUST_02051,0,0.19010021,Greater Accra,Accra,Beauty & Personal Care,Tablet,0.6666666666666666,1.3333333333333333,11.0,0,69.15,2.0,11.0
CUST_02052,0,0.58800167,Upper East,Bolgatanga,Fashion & Apparel,Tablet,0.0,2.3333333333333335,9999.0,2,0.0,0.0,9999.0
CUST_02054,1,0.9270147,Greater Accra,Madina,Fashion & Apparel,Mobile,0.0,0.18181818181818182,9914.0,3,0.0,0.0,9999.0
CUST_02055,1,0.799734,Eastern,Akosombo,Fashion & Apparel,Desktop,0.25,0.3333333333333333,34.0,2,327.71,1.0,37.0
CUST_02056,1,0.7399206,Western,Sekondi,Fashion & Apparel,Mobile,0.125,0.8823529411764706,35.0,4,3580.62,4.0,38.0
CUST_02057,1,0.55722946,Eastern,Koforidua,Electronics,Mobile,0.5,1.3333333333333333,35.0,1,450.51,1.0,48.0
CUST_02058,0,0.27113625,Ashanti,Kumasi,Sports & Outdoors,Mobile,0.0,4.0,9961.0,0,0.0,0.0,9999.0
CUST_02059,0,0.24543129,Central,Kasoa,Fashion & Apparel,Mobile,0.032407407407407406,0.5333333333333333,62.0,19,249.87,3.0,64.0
CUST_02060,0,0.3283924,Ashanti,Obuasi,Fashion & Apparel,Mobile,0.2857142857142857,6.0,7.0,1,472.81000000000006,2.0,14.0
CUST_02062,1,0.6819409,Ahafo,Goaso,Fashion & Apparel,Mobile,0.25,2.0,22.0,0,604.01,1.0,27.0
CUST_02063,1,0.5708444,Eastern,Suhum,Phones & Tablets,Desktop,0.1333333333333333,0.47058823529411764,42.0,2,1906.7599999999998,2.0,57.0
CUST_02064,1,0.64575756,Ashanti,Kumasi,Sports & Outdoors,Desktop,1.0,2.0,5.0,0,167.85,1.0,7.0
CUST_02066,0,0.31302226,Greater Accra,Accra,Fashion & Apparel,Mobile,0.6,0.9,8.0,0,4292.200000000001,3.0,11.0
CUST_02068,1,0.6540885,Ashanti,Kumasi,Health & Wellness,None,0.0,1.0,0.0,1,0.0,0.0,9999.0
CUST_02070,1,0.5162027,Greater Accra,Tema,Fashion & Apparel,Mobile,0.0,3.0,9982.0,2,0.0,0.0,9999.0
CUST_02071,0,0.08561653,Central,Kasoa,Phones & Tablets,Mobile,0.14285714285714285,0.45454545454545453,85.0,3,3456.67,7.0,85.0
CUST_02072,1,0.5913742,Northern,Tamale,Fashion & Apparel,Mobile,0.0,4.0,9962.0,1,0.0,0.0,9999.0
CUST_02073,1,0.7920533,Eastern,Akosombo,None,None,0.0,1.0,0.0,0,0.0,0.0,9999.0
CUST_02074,0,0.27276337,Greater Accra,Madina,Electronics,Desktop,-0.25,0.42857142857142855,79.0,0,946.64,2.0,102.0
CUST_02075,1,0.73475677,Savannah,Bole,Electronics,Mobile,-0.3333333333333333,0.5714285714285714,496.0,2,1592.62,1.0,506.0
CUST_02076,0,0.6995849,Central,Cape Coast,Fashion & Apparel,Mobile,0.019736842105263164,0.38461538461538464,32.0,4,1539.52,3.0,47.0
CUST_02077,1,0.6309098,Western,Tarkwa,None,None,0.0,1.0,0.0,0,0.0,0.0,9999.0
CUST_02078,0,0.2297044,Ashanti,Obuasi,Beauty & Personal Care,Mobile,1.0,3.0,37.0,1,97.22999999999999,2.0,43.0
CUST_02079,0,0.06836798,Eastern,Akim Oda,Phones & Tablets,Tablet,-0.26666666666666666,0.35714285714285715,55.0,4,2792.72,8.0,77.0
CUST_02080,0,0.013575246,Eastern,Akim Oda,Fashion & Apparel,Mobile,0.14285714285714285,0.4444444444444444,6.0,0,5791.349999999999,12.0,11.0
CUST_02083,0,0.06776643,Bono,Sunyani,Fashion & Apparel,Mobile,0.25,1.0,-9.0,1,2065.44,2.0,3.0
CUST_02084,1,0.7779305,Ashanti,Kumasi,Fashion & Apparel,Desktop,-0.06410256410256412,0.2,34.0,4,837.06,7.0,57.0
CUST_02085,0,0.31557673,Greater Accra,Madina,Beauty & Personal Care,Mobile,-0.16666666666666666,1.8,22.0,1,317.5,2.0,28.0
CUST_02086,1,0.7103516,Eastern,Nkawkaw,Phones & Tablets,Desktop,0.0,0.5,9996.0,3,0.0,0.0,9999.0
CUST_02088,1,0.8537666,Unknown,Unknown,Fashion & Apparel,Mobile,0.15555555555555556,0.6470588235294118,38.0,4,1208.35,3.0,41.0
CUST_02089,1,0.81343156,Central,Cape Coast,Fashion & Apparel,Desktop,-0.2,0.26666666666666666,88.0,5,696.3399999999999,3.0,97.0
CUST_02090,1,0.68380666,Greater Accra,Teshie,Home & Kitchen,Mobile,0.0,5.0,9996.0,0,0.0,0.0,9999.0
CUST_02091,1,0.7324724,Greater Accra,Teshie,Fashion & Apparel,Desktop,-0.15384615384615385,0.5625,229.0,11,1837.99,2.0,242.0
CUST_02092,1,0.88544315,Greater Accra,Tema,Electronics,Mobile,-0.2857142857142857,0.09090909090909091,139.0,0,337.42,2.0,213.0
CUST_02093,0,0.752304,Bono,Berekum,None,None,0.0,1.0,0.0,0,0.0,0.0,9999.0
CUST_02094,1,0.7364979,Greater Accra,Dansoman,Fashion & Apparel,Desktop,0.0,1.0,9957.0,0,0.0,0.0,9999.0
CUST_02095,1,0.4770667,Greater Accra,Tema,None,Mobile,0.0,2.0,9986.0,0,0.0,0.0,9999.0
CUST_02096,0,0.014913444,Eastern,Suhum,Fashion & Apparel,Mobile,0.08482142857142855,0.34782608695652173,4.0,1,8576.23,17.0,14.0
CUST_02097,0,0.605817,Bono,Sunyani,Electronics,Mobile,0.0,1.0,9961.0,2,0.0,0.0,9999.0
CUST_02098,1,0.87449837,Ashanti,Kumasi,Fashion & Apparel,Mobile,-0.07692307692307693,0.9333333333333333,100.0,7,732.45,1.0,103.0
CUST_02099,1,0.5966374,Eastern,Akim Oda,Fashion & Apparel,Mobile,-0.04013377926421402,0.3783783783783784,0.0,0,3622.4900000000002,12.0,1.0
CUST_02100,0,0.34481734,Greater Accra,Tema,Phones & Tablets,Mobile,0.0,6.0,9979.0,1,0.0,0.0,9999.0
CUST_02101,1,0.9056834,Eastern,Akosombo,Fashion & Apparel,Desktop,-0.11764705882352941,0.23529411764705882,244.0,6,751.25,2.0,244.0
CUST_02102,0,0.51271266,Central,Swedru,Electronics,Mobile,0.0,1.0,9985.0,0,0.0,0.0,9999.0
CUST_02104,1,0.60051864,Ashanti,Kumasi,Phones & Tablets,Desktop,0.0,0.875,9993.0,2,0.0,0.0,9999.0
CUST_02105,1,0.8412918,Ashanti,Mampong,Fashion & Apparel,Mobile,0.0,0.625,9998.0,1,0.0,0.0,9999.0
CUST_02106,0,0.60330737,Greater Accra,Madina,Home & Kitchen,None,0.0,1.0,0.0,0,0.0,0.0,9999.0
CUST_02107,0,0.3337182,Ashanti,Kumasi,Fashion & Apparel,Mobile,0.05714285714285716,0.3333333333333333,72.0,5,183.69,3.0,90.0
CUST_02108,0,0.23174626,Greater Accra,Tema,Phones & Tablets,Mobile,-0.16666666666666666,0.26666666666666666,185.0,5,76.48,1.0,226.0
CUST_02109,0,0.4413677,Northern,Yendi,None,Mobile,0.0,2.0,9986.0,0,0.0,0.0,9999.0
CUST_02110,0,0.26443237,Oti,Jasikan,Fashion & Apparel,Desktop,-0.6,0.18181818181818182,80.0,1,1493.5,9.0,98.0
CUST_02112,0,0.8073891,Bono East,Techiman,None,None,0.0,1.0,0.0,0,0.0,0.0,9999.0
CUST_02114,0,0.16585194,Volta,Keta,Fashion & Apparel,Mobile,-0.04591688462656204,0.375,7.0,3,8127.37,28.0,19.0
CUST_02115,1,0.8759958,Ashanti,Kumasi,Fashion & Apparel,Desktop,0.0,0.2,9900.0,1,0.0,0.0,9999.0
CUST_02117,0,0.25328985,Eastern,Akosombo,Baby & Kids,Desktop,1.0,1.0,-50.0,0,226.47,2.0,7.0
CUST_02118,0,0.77594393,Eastern,Koforidua,Electronics,Mobile,0.25,0.8571428571428571,-8.0,0,290.62,1.0,1.0
CUST_02120,0,0.29913142,Ashanti,Obuasi,Beauty & Personal Care,Mobile,-0.6666666666666666,0.5,172.0,1,473.31,2.0,180.0
CUST_02121,1,0.3396396,Ashanti,Kumasi,Fashion & Apparel,Tablet,0.07500000000000001,0.4583333333333333,-2.0,0,2982.4300000000003,6.0,1.0
CUST_02122,0,0.06409173,Ahafo,Kenyasi,Home & Kitchen,Mobile,-0.16666666666666669,1.6,53.0,1,765.69,4.0,60.0
CUST_02123,1,0.8424681,Greater Accra,Accra,Fashion & Apparel,Mobile,-0.2857142857142857,0.2,89.0,4,360.97999999999996,4.0,113.0
CUST_02124,1,0.64207244,Eastern,Nkawkaw,Phones & Tablets,Mobile,0.0,8.0,9976.0,4,0.0,0.0,9999.0
CUST_02125,1,0.6491441,Ahafo,Goaso,Fashion & Apparel,Mobile,-0.5,0.14285714285714285,141.0,3,1409.6100000000001,5.0,148.0
CUST_02126,1,0.70959395,Western,Takoradi,Fashion & Apparel,Mobile,0.0,0.4,9915.0,6,0.0,0.0,9999.0
CUST_02127,1,0.738655,Central,Cape Coast,Fashion & Apparel,Mobile,0.15555555555555556,0.8666666666666667,18.0,1,360.02,3.0,18.0
CUST_02129,0,0.1946892,Ashanti,Mampong,Electronics,Desktop,-0.03076923076923077,0.25,-16.0,2,1634.03,4.0,23.0
CUST_02130,0,0.6364181,Bono,Sunyani,Fashion & Apparel,Tablet,0.0,4.0,9999.0,1,0.0,0.0,9999.0
CUST_02133,0,0.041614823,Greater Accra,Dansoman,Fashion & Apparel,Mobile,-0.2142857142857143,1.0,10.0,1,1447.58,5.0,10.0
CUST_02134,0,0.58183825,Greater Accra,Accra,Fashion & Apparel,Mobile,0.0,2.0,9964.0,1,0.0,0.0,9999.0
CUST_02135,1,0.8072396,Oti,Nkwanta,Fashion & Apparel,Mobile,-0.1111111111111111,0.6923076923076923,101.0,4,672.25,1.0,106.0
CUST_02136,1,0.34542686,Ashanti,Kumasi,Home & Kitchen,Tablet,0.02777777777777779,0.25925925925925924,50.0,3,2065.42,5.0,63.0
CUST_02138,0,0.34894556,Greater Accra,Dansoman,Fashion & Apparel,Desktop,-0.14285714285714285,0.9230769230769231,84.0,6,129.77,1.0,93.0
CUST_02140,1,0.5486537,Upper West,Wa,Electronics,Desktop,-0.4,0.42857142857142855,255.0,2,320.57,2.0,256.0
CUST_02141,0,0.21405707,Central,Cape Coast,Phones & Tablets,Mobile,-0.16666666666666666,0.3,140.0,4,627.11,2.0,144.0
CUST_02142,1,0.6905827,Greater Accra,Madina,Baby & Kids,Mobile,0.0,2.0,9976.0,1,0.0,0.0,9999.0
CUST_02143,1,0.73515254,Central,Winneba,Fashion & Apparel,Mobile,0.0,1.0,9987.0,1,0.0,0.0,9999.0
CUST_02144,0,0.5433813,Northern,Tamale,Fashion & Apparel,Desktop,1.0,3.0,13.0,0,84.1,1.0,42.0
CUST_02145,1,0.5039359,Ashanti,Bekwai,Electronics,Desktop,0.0,3.0,9991.0,2,0.0,0.0,9999.0
CUST_02146,1,0.43557096,Bono East,Techiman,Electronics,Desktop,-0.05555555555555558,0.2222222222222222,55.0,1,5342.58,6.0,59.0
CUST_02147,1,0.6717869,Western,Takoradi,Phones & Tablets,None,1.0,1.0,-9990.0,0,233.92,1.0,9.0
CUST_02148,0,0.50590444,Western North,Enchi,Fashion & Apparel,Mobile,0.0,3.0,9967.0,0,0.0,0.0,9999.0
CUST_02149,1,0.60050225,Western,Takoradi,Fashion & Apparel,Desktop,0.0,5.5,9992.0,7,0.0,0.0,9999.0
CUST_02150,1,0.3290924,Greater Accra,Accra,Phones & Tablets,Desktop,-0.04166666666666666,0.4166666666666667,52.0,8,3986.8900000000003,7.0,56.0
CUST_02151,1,0.48249424,Ashanti,Obuasi,Baby & Kids,Mobile,0.3333333333333333,4.0,13.0,2,163.83,1.0,24.0
CUST_02153,1,0.6988692,Western North,Sefwi Wiawso,Fashion & Apparel,Mobile,-0.75,0.7,63.0,3,291.29,2.0,78.0
CUST_02154,1,0.73099124,Northern,Savelugu,Home & Kitchen,Mobile,-0.4,0.625,286.0,3,1214.78,2.0,293.0
CUST_02156,0,0.5160142,Ashanti,Kumasi,Health & Wellness,None,0.0,1.0,0.0,0,0.0,0.0,9999.0
CUST_02158,1,0.5787053,Northern,Tamale,Electronics,Desktop,0.0,2.0,9957.0,0,0.0,0.0,9999.0
CUST_02159,0,0.009371849,Eastern,Akim Oda,Fashion & Apparel,Mobile,0.08750000000000002,2.25,0.0,1,4196.55,14.0,3.0
CUST_02160,0,0.19486997,Ashanti,Konongo,Electronics,Tablet,-0.3333333333333333,0.8,114.0,3,157.23000000000002,2.0,125.0
CUST_02161,1,0.6762077,Western,Axim,Fashion & Apparel,Mobile,1.0,1.0,11.0,0,206.23,1.0,51.0
CUST_02162,0,0.12415692,Greater Accra,Accra,Phones & Tablets,Desktop,0.375,0.5,12.0,4,646.11,3.0,54.0
CUST_02163,1,0.59804374,Ashanti,Kumasi,Fashion & Apparel,None,0.0,1.0,0.0,0,0.0,0.0,9999.0
CUST_02164,1,0.7661705,Eastern,Akim Oda,Electronics,Mobile,-0.2857142857142857,0.25,95.0,5,517.3199999999999,2.0,122.0
CUST_02165,0,0.027979068,Greater Accra,Accra,Fashion & Apparel,Mobile,0.2222222222222222,4.0,-5.0,0,3497.55,10.0,2.0
CUST_02166,0,0.123551585,Savannah,Damongo,Fashion & Apparel,Mobile,-0.21666666666666667,0.2608695652173913,54.0,4,3083.57,6.0,73.0
CUST_02167,1,0.6131996,Greater Accra,Accra,Beauty & Personal Care,Mobile,0.0,0.75,9973.0,2,0.0,0.0,9999.0
CUST_02169,1,0.7369968,Greater Accra,Tema,Electronics,Tablet,-0.09090909090909091,0.8125,243.0,19,84.45,1.0,244.0
CUST_02170,0,0.43318036,Northern,Tamale,Beauty & Personal Care,Desktop,0.0,4.0,9996.0,0,0.0,0.0,9999.0
CUST_02171,1,0.8458597,Eastern,Akosombo,Phones & Tablets,Mobile,0.0,0.3076923076923077,9977.0,3,0.0,0.0,9999.0
CUST_02174,0,0.32628584,Greater Accra,Accra,Fashion & Apparel,Mobile,-0.5,0.35714285714285715,-13.0,0,653.4100000000001,4.0,5.0
CUST_02175,1,0.49537724,Eastern,Nkawkaw,Phones & Tablets,Mobile,0.0,3.0,9995.0,0,0.0,0.0,9999.0
CUST_02176,0,0.20486964,Bono,Sunyani,Fashion & Apparel,Mobile,-0.21153846153846156,0.47619047619047616,45.0,3,893.92,7.0,63.0
CUST_02177,0,0.24488854,Western North,Sefwi Wiawso,Electronics,Mobile,1.0,2.0,-27.0,0,1577.77,2.0,1.0
CUST_02178,0,0.10963579,Unknown,Unknown,Fashion & Apparel,Tablet,-0.5,0.6842105263157895,-9.0,0,3001.27,10.0,0.0
CUST_02179,1,0.56355435,Central,Cape Coast,Electronics,Mobile,0.0,1.4285714285714286,9978.0,11,0.0,0.0,9999.0
CUST_02180,1,0.7291868,Ahafo,Goaso,Baby & Kids,Mobile,0.0,4.0,9970.0,1,0.0,0.0,9999.0
CUST_02181,0,0.35979992,Ashanti,Kumasi,Sports & Outdoors,Desktop,0.0,3.0,9990.0,1,0.0,0.0,9999.0
CUST_02182,1,0.8065187,Bono,Sunyani,None,None,0.0,1.0,0.0,0,0.0,0.0,9999.0
CUST_02184,1,0.54894835,Upper West,Jirapa,Home & Kitchen,Desktop,0.0,2.0,9948.0,1,0.0,0.0,9999.0
CUST_02185,0,0.08719752,Northern,Tamale,Fashion & Apparel,Tablet,-0.16666666666666669,1.75,-8.0,1,916.01,6.0,20.0
CUST_02186,0,0.4155477,Upper West,Wa,Phones & Tablets,Mobile,0.0,0.09523809523809523,9918.0,5,0.0,0.0,9999.0
CUST_02187,1,0.8249659,Volta,Ho,Phones & Tablets,Mobile,-0.1111111111111111,0.4583333333333333,301.0,3,72.02,1.0,307.0
CUST_02188,0,0.24672718,Ashanti,Bekwai,Phones & Tablets,Mobile,-0.4444444444444444,0.4,184.0,8,920.63,4.0,194.0
CUST_02189,0,0.0046025454,Upper West,Wa,Fashion & Apparel,Mobile,0.04731182795698924,0.3181818181818182,-9.0,0,8547.4,20.0,4.0
CUST_02190,0,0.36001268,Ashanti,Kumasi,Phones & Tablets,Desktop,-0.3333333333333333,0.6153846153846154,92.0,4,1492.02,2.0,114.0
CUST_02191,1,0.75599355,Ashanti,Mampong,Electronics,Desktop,0.0,3.0,9998.0,0,0.0,0.0,9999.0
CUST_02192,0,0.36922696,Volta,Hohoe,Fashion & Apparel,Tablet,-0.43478260869565216,0.2,89.0,1,1870.1399999999999,10.0,107.0
CUST_02193,1,0.21910632,Northern,Tamale,Fashion & Apparel,Mobile,-0.027272727272727282,0.9230769230769231,5.0,1,1147.93,6.0,6.0
CUST_02194,1,0.77670676,Ahafo,Goaso,Electronics,Desktop,1.0,0.75,1.0,0,43.14,1.0,14.0
CUST_02196,1,0.6723767,Upper East,Bolgatanga,Electronics,Desktop,0.0,0.6666666666666666,9995.0,0,0.0,0.0,9999.0
CUST_02197,1,0.7189293,Northern,Yendi,Electronics,Mobile,0.5,1.0,-10.0,1,83.38,1.0,9.0
CUST_02198,0,0.36583978,Greater Accra,Accra,Phones & Tablets,Desktop,0.2833333333333333,0.27586206896551724,76.0,3,488.85,2.0,90.0
CUST_02199,1,0.8041168,Ashanti,Obuasi,Fashion & Apparel,Desktop,0.0,1.0,9990.0,0,0.0,0.0,9999.0
CUST_02200,0,0.37914476,Ashanti,Kumasi,Electronics,Mobile,0.3333333333333333,5.0,20.0,1,292.29,1.0,21.0
CUST_02201,1,0.9018194,Ashanti,Kumasi,Fashion & Apparel,Desktop,-0.0222222222222222,0.2222222222222222,5.0,1,8698.0,5.0,9.0
CUST_02203,1,0.6932514,Western,Axim,Phones & Tablets,Desktop,0.0,3.0,9998.0,0,0.0,0.0,9999.0
CUST_02205,1,0.8819211,Savannah,Bole,Fashion & Apparel,Mobile,0.0,0.14285714285714285,-95.0,0,136.6,2.0,15.0
CUST_02206,1,0.8662639,Ashanti,Kumasi,Fashion & Apparel,Mobile,0.0477272727272727,0.1276595744680851,-10.0,2,5646.1900000000005,12.0,4.0
CUST_02207,1,0.5883849,Upper East,Bolgatanga,Phones & Tablets,Desktop,0.0,2.0,9971.0,0,0.0,0.0,9999.0
CUST_02208,1,0.7719655,Eastern,Koforidua,Phones & Tablets,Mobile,0.2272727272727273,0.8235294117647058,38.0,0,523.36,4.0,40.0
CUST_02209,1,0.51307774,Bono East,Techiman,Phones & Tablets,Desktop,0.0,3.0,9991.0,2,0.0,0.0,9999.0
CUST_02210,0,0.71045476,Greater Accra,Accra,Phones & Tablets,Mobile,0.06379453189726596,0.35,34.0,4,5326.19,11.0,38.0
CUST_02211,1,0.87049764,Upper West,Wa,Fashion & Apparel,Mobile,-0.5,0.23076923076923078,166.0,3,688.26,1.0,251.0
CUST_02212,0,0.49173427,Ashanti,Konongo,Electronics,Desktop,0.0,0.42857142857142855,9963.0,7,0.0,0.0,9999.0
CUST_02214,0,0.43536466,Northern,Yendi,Phones & Tablets,Mobile,0.3142857142857143,0.15,-2.0,0,1162.35,5.0,20.0
CUST_02215,1,0.63331115,Ashanti,Kumasi,Phones & Tablets,Mobile,0.5,0.8571428571428571,31.0,1,444.95,1.0,38.0
CUST_02216,1,0.7591379,Western,Sekondi,Fashion & Apparel,None,0.0,1.0,0.0,1,0.0,0.0,9999.0
CUST_02217,0,0.5251573,Eastern,Nkawkaw,Fashion & Apparel,Mobile,0.0,0.3333333333333333,9997.0,5,0.0,0.0,9999.0
CUST_02218,1,0.619737,Northern,Tamale,Electronics,Mobile,0.5,2.0,-28.0,0,78.81,1.0,1.0
CUST_02219,0,0.33136928,Ashanti,Kumasi,Fashion & Apparel,Desktop,-0.05555555555555555,0.34210526315789475,27.0,2,5174.62,8.0,32.0
CUST_02221,1,0.78482115,Ashanti,Mampong,Electronics,Desktop,0.0,0.5714285714285714,9995.0,3,0.0,0.0,9999.0
CUST_02222,0,0.38600677,Eastern,Koforidua,Electronics,Desktop,0.0,1.6,9999.0,4,0.0,0.0,9999.0
CUST_02224,1,0.8308729,Ashanti,Mampong,None,None,0.0,1.0,0.0,0,0.0,0.0,9999.0
CUST_02226,0,0.4592026,Greater Accra,Tema,Baby & Kids,Desktop,0.0,4.0,9994.0,0,0.0,0.0,9999.0
CUST_02227,1,0.84496915,Unknown,Unknown,None,None,0.0,1.0,0.0,0,0.0,0.0,9999.0
CUST_02228,0,0.20641416,Bono East,Techiman,Fashion & Apparel,Tablet,-0.08333333333333334,2.3333333333333335,-10.0,3,765.73,2.0,27.0
CUST_02229,0,0.24323393,Greater Accra,Tema,Phones & Tablets,Mobile,1.0,3.0,-12.0,0,155.31,1.0,1.0
CUST_02230,0,0.41575694,Western,Sekondi,Electronics,Mobile,0.0,4.0,9990.0,2,0.0,0.0,9999.0
CUST_02231,0,0.26611462,Volta,Ho,Fashion & Apparel,Mobile,0.2777777777777778,0.4,16.0,2,766.9100000000001,5.0,44.0
CUST_02233,0,0.116804324,Volta,Aflao,Phones & Tablets,Desktop,0.15686274509803919,0.35,-5.0,0,1889.9999999999998,5.0,13.0
CUST_02234,0,0.09539762,Eastern,Nkawkaw,Fashion & Apparel,Mobile,-0.3,0.3333333333333333,81.0,5,2150.33,5.0,90.0
CUST_02235,0,0.14931427,Eastern,Koforidua,Phones & Tablets,Mobile,0.4888888888888889,0.6,32.0,1,1634.71,4.0,67.0
CUST_02236,1,0.7291598,Greater Accra,Tema,Fashion & Apparel,Mobile,-0.5,1.0,115.0,1,27.63,1.0,115.0
CUST_02237,1,0.7904392,Volta,Aflao,Fashion & Apparel,Desktop,-0.09414634146341463,0.3220338983050847,45.0,7,5727.76,12.0,45.0
CUST_02240,0,0.60102576,Ashanti,Kumasi,None,None,0.0,1.0,0.0,0,0.0,0.0,9999.0
CUST_02241,1,0.7210922,Savannah,Bole,Phones & Tablets,Desktop,-0.3333333333333333,0.3076923076923077,281.0,3,198.05,1.0,327.0
CUST_02243,0,0.2527334,Eastern,Koforidua,Fashion & Apparel,Mobile,0.0,1.5,9983.0,4,0.0,0.0,9999.0
CUST_02244,1,0.6771809,Western North,Bibiani,Phones & Tablets,Mobile,-0.4444444444444444,0.38095238095238093,101.0,1,3828.98,8.0,109.0
CUST_02245,0,0.45202345,Volta,Ho,Fashion & Apparel,Mobile,-0.15,0.7142857142857143,352.0,19,1086.4,3.0,355.0
CUST_02246,1,0.727319,Unknown,Unknown,Fashion & Apparel,Mobile,0.0,5.0,9993.0,2,0.0,0.0,9999.0
CUST_02248,1,0.81471384,Bono East,Kintampo,Phones & Tablets,Mobile,0.0,0.8,9999.0,0,0.0,0.0,9999.0
CUST_02249,0,0.29088798,Eastern,Suhum,Phones & Tablets,Mobile,0.2,1.0,3.0,0,468.84,1.0,4.0
CUST_02252,1,0.7150231,Oti,Jasikan,Fashion & Apparel,Mobile,0.046296296296296294,0.28205128205128205,72.0,9,60.010000000000005,2.0,79.0
CUST_02253,1,0.5138277,Volta,Ho,Beauty & Personal Care,Desktop,0.5,0.5555555555555556,44.0,0,96.57,1.0,45.0
CUST_02254,0,0.38343716,Greater Accra,Madina,Home & Kitchen,Tablet,0.0,0.38461538461538464,9998.0,5,0.0,0.0,9999.0
CUST_02255,0,0.0732218,Bono East,Techiman,Fashion & Apparel,Mobile,-0.07102272727272729,0.32,22.0,2,4138.99,14.0,24.0
CUST_02256,1,0.86675245,Eastern,Suhum,Baby & Kids,Mobile,-1.0,0.6666666666666666,91.0,1,523.5,1.0,155.0
CUST_02257,0,0.37230757,Greater Accra,Accra,Fashion & Apparel,Mobile,-1.0,0.6666666666666666,114.0,4,2080.33,1.0,138.0
CUST_02258,0,0.14538482,Central,Swedru,Home & Kitchen,Mobile,0.3333333333333333,4.0,-15.0,0,2555.41,1.0,13.0
CUST_02259,0,0.36500278,Eastern,Nkawkaw,Fashion & Apparel,None,0.0,1.0,0.0,1,0.0,0.0,9999.0
CUST_02260,0,0.42627788,Unknown,Unknown,Fashion & Apparel,Desktop,0.0,5.0,9980.0,2,0.0,0.0,9999.0
CUST_02261,1,0.83317935,Greater Accra,Accra,Phones & Tablets,Mobile,-0.4,0.5,176.0,5,534.0699999999999,2.0,184.0
CUST_02262,1,0.62224925,Bono,Sunyani,Electronics,Desktop,0.0,1.6666666666666667,9983.0,2,0.0,0.0,9999.0
CUST_02263,1,0.624449,Central,Elmina,Fashion & Apparel,Desktop,0.5,0.36363636363636365,64.0,0,1114.63,3.0,69.0
CUST_02264,1,0.676245,Greater Accra,Accra,Fashion & Apparel,Mobile,0.0,4.0,9994.0,3,0.0,0.0,9999.0
CUST_02265,0,0.39551094,Savannah,Bole,Fashion & Apparel,Desktop,0.0,1.6,9993.0,3,0.0,0.0,9999.0
CUST_02266,0,0.089307316,Central,Cape Coast,Home & Kitchen,Mobile,-0.1111111111111111,3.0,27.0,1,1724.8600000000001,6.0,27.0
CUST_02267,0,0.508545,Ashanti,Ejisu,Fashion & Apparel,Mobile,0.0,1.3333333333333333,9997.0,4,0.0,0.0,9999.0
CUST_02268,1,0.54722285,Eastern,Akim Oda,Fashion & Apparel,Mobile,0.75,1.0,37.0,0,5414.35,2.0,47.0
CUST_02269,0,0.131823,Bono East,Kintampo,Electronics,None,0.5,1.0,-9999.0,0,636.9,1.0,0.0
CUST_02270,0,0.47691682,Ashanti,Ejisu,Fashion & Apparel,Desktop,0.02870813397129185,1.4166666666666667,23.0,4,2168.42,6.0,23.0
CUST_02272,1,0.6757871,Greater Accra,Accra,Home & Kitchen,Mobile,0.0,7.0,9999.0,0,0.0,0.0,9999.0
CUST_02273,1,0.7300626,Ashanti,Kumasi,Fashion & Apparel,Mobile,0.0,1.5,9943.0,1,0.0,0.0,9999.0
CUST_02274,1,0.69985944,Upper East,Bawku,Fashion & Apparel,Mobile,-1.0,5.0,95.0,0,1752.49,1.0,103.0
CUST_02275,1,0.94625527,Eastern,Akim Oda,Phones & Tablets,Desktop,0.0,0.5,9992.0,2,0.0,0.0,9999.0
CUST_02276,1,0.727114,Ashanti,Konongo,Phones & Tablets,Mobile,-0.1,0.7777777777777778,46.0,4,1619.8899999999999,2.0,47.0
CUST_02277,0,0.2925863,Greater Accra,Tema,Fashion & Apparel,Desktop,0.0,0.6363636363636364,9991.0,7,0.0,0.0,9999.0
CUST_02278,0,0.37928295,Ashanti,Kumasi,Fashion & Apparel,Desktop,0.0,3.0,9984.0,1,0.0,0.0,9999.0
CUST_02279,1,0.3307688,Upper West,Wa,Fashion & Apparel,Mobile,0.0,0.625,34.0,5,2391.2799999999997,3.0,37.0
CUST_02281,0,0.41278473,North East,Nalerigu,Electronics,Mobile,0.0,2.0,9995.0,1,0.0,0.0,9999.0
CUST_02282,0,0.5295138,Eastern,Suhum,Fashion & Apparel,Desktop,0.0,3.0,9979.0,0,0.0,0.0,9999.0
CUST_02283,1,0.5674412,Greater Accra,Teshie,Fashion & Apparel,Mobile,-0.4375,3.5,-2.0,0,385.52,2.0,1.0
CUST_02286,1,0.7687534,Volta,Aflao,None,None,0.0,1.0,0.0,0,0.0,0.0,9999.0
CUST_02287,1,0.8405566,Savannah,Damongo,Fashion & Apparel,Mobile,-0.08064516129032258,0.2833333333333333,87.0,7,3555.84,5.0,94.0
CUST_02288,1,0.5600832,Greater Accra,Accra,Electronics,Mobile,0.0,2.0,9991.0,0,0.0,0.0,9999.0
CUST_02289,0,0.015543044,Greater Accra,Accra,Fashion & Apparel,Mobile,-0.23923444976076558,2.4,7.0,2,17170.3,20.0,11.0
CUST_02291,0,0.07056563,Ashanti,Bekwai,Electronics,Mobile,-0.07500000000000001,1.7142857142857142,14.0,2,1847.44,3.0,15.0
CUST_02292,1,0.5895656,Greater Accra,Madina,Phones & Tablets,Desktop,0.6666666666666666,5.0,8.0,1,285.33,2.0,12.0
CUST_02293,1,0.70985454,Greater Accra,Accra,None,None,0.0,1.0,0.0,0,0.0,0.0,9999.0
CUST_02294,1,0.6825964,Greater Accra,Accra,Fashion & Apparel,Mobile,0.0,1.3333333333333333,9997.0,0,0.0,0.0,9999.0
CUST_02297,1,0.717009,Eastern,Nkawkaw,None,None,0.0,1.0,0.0,0,0.0,0.0,9999.0
CUST_02300,0,0.38469428,Greater Accra,Ashaiman,Home & Kitchen,Mobile,0.0,5.0,9994.0,1,0.0,0.0,9999.0
CUST_02301,0,0.0070301755,Unknown,Unknown,Fashion & Apparel,Desktop,-0.03409090909090906,0.45454545454545453,-6.0,1,23791.54,33.0,1.0
CUST_02302,1,0.89195925,Greater Accra,Accra,Phones & Tablets,Desktop,-1.0,0.5,144.0,0,63.29,1.0,167.0
CUST_02303,0,0.00861714,Northern,Yendi,Fashion & Apparel,Mobile,-0.05833333333333335,2.0,-1.0,0,12420.58,22.0,0.0
CUST_02304,0,0.52118456,Western North,Sefwi Wiawso,Phones & Tablets,Mobile,0.0,2.0,9975.0,0,0.0,0.0,9999.0
CUST_02305,0,0.23665923,Eastern,Koforidua,Electronics,Mobile,-0.08333333333333337,0.16666666666666666,54.0,0,3399.2599999999998,6.0,65.0
CUST_02306,0,0.11137814,Central,Cape Coast,Phones & Tablets,Mobile,0.4,6.0,0.0,1,2213.55,2.0,3.0
CUST_02308,1,0.7810466,Ashanti,Kumasi,Phones & Tablets,Desktop,0.0,2.0,9968.0,0,0.0,0.0,9999.0
CUST_02310,1,0.58387125,Western North,Bibiani,Fashion & Apparel,Mobile,0.0,2.0,9969.0,0,0.0,0.0,9999.0
CUST_02311,0,0.13525884,Ashanti,Obuasi,Phones & Tablets,Tablet,0.6,2.6666666666666665,7.0,0,1811.69,3.0,28.0
CUST_02312,1,0.7349605,Western,Takoradi,Electronics,Desktop,0.16666666666666669,0.375,-3.0,0,1713.11,3.0,0.0
CUST_02313,0,0.51292074,Ahafo,Goaso,Fashion & Apparel,Mobile,0.0,1.3333333333333333,9991.0,4,0.0,0.0,9999.0
CUST_02314,1,0.8852122,Oti,Nkwanta,Beauty & Personal Care,Desktop,-1.0,1.0,87.0,0,189.64,1.0,109.0
CUST_02315,1,0.29315573,Eastern,Akim Oda,Fashion & Apparel,Mobile,-0.15,0.13043478260869565,203.0,9,478.39,3.0,221.0
CUST_02317,0,0.5248069,Ashanti,Mampong,Baby & Kids,None,0.0,1.0,0.0,1,0.0,0.0,9999.0
CUST_02318,1,0.56839377,Oti,Jasikan,Electronics,Mobile,0.0,3.0,9985.0,1,0.0,0.0,9999.0
CUST_02319,0,0.25959077,Greater Accra,Teshie,Sports & Outdoors,Desktop,0.5,3.0,66.0,1,663.39,1.0,68.0
CUST_02320,0,0.00952428,Central,Kasoa,Fashion & Apparel,Mobile,0.2142857142857143,3.5,-9.0,0,3674.41,11.0,1.0
CUST_02321,0,0.15591505,Ashanti,Kumasi,Electronics,Tablet,-0.08333333333333331,0.1875,31.0,3,457.61,5.0,54.0
CUST_02322,1,0.34752652,Ashanti,Ejisu,Fashion & Apparel,Mobile,-0.3333333333333333,0.5833333333333334,11.0,4,1818.61,9.0,47.0
CUST_02323,0,0.05788638,Ashanti,Kumasi,Electronics,Desktop,-0.3333333333333333,3.5,0.0,1,1142.49,5.0,6.0
CUST_02324,1,0.639461,North East,Nalerigu,Fashion & Apparel,Mobile,0.0,3.0,9998.0,1,0.0,0.0,9999.0
CUST_02325,1,0.72837555,Greater Accra,Accra,Fashion & Apparel,Mobile,1.0,0.09090909090909091,-81.0,0,183.16,1.0,43.0
CUST_02326,0,0.1616245,Central,Elmina,Electronics,Mobile,-0.16666666666666669,0.17647058823529413,46.0,2,2183.12,4.0,51.0
CUST_02327,0,0.33663324,Greater Accra,Accra,Fashion & Apparel,Mobile,0.4230769230769231,0.3333333333333333,10.0,0,332.21,2.0,22.0
CUST_02329,0,0.11421414,Unknown,Unknown,Fashion & Apparel,Mobile,0.14814814814814814,0.8695652173913043,-1.0,4,5347.44,14.0,1.0
CUST_02331,1,0.7240186,Ashanti,Konongo,Baby & Kids,Mobile,1.0,3.0,0.0,0,58.07,1.0,4.0
CUST_02333,1,0.57462704,Greater Accra,Ashaiman,Phones & Tablets,Mobile,0.0,1.0,9979.0,7,0.0,0.0,9999.0
CUST_02334,1,0.5531086,Ashanti,Kumasi,Home & Kitchen,Tablet,0.0,0.5,9988.0,3,0.0,0.0,9999.0
CUST_02336,0,0.5206563,Upper West,Wa,Electronics,Desktop,0.0,2.0,9954.0,0,0.0,0.0,9999.0
CUST_02337,0,0.05910006,Ashanti,Bekwai,Electronics,Desktop,0.6,6.0,5.0,0,2223.38,6.0,5.0
CUST_02338,1,0.8743682,Central,Kasoa,Phones & Tablets,Mobile,0.0,2.0,9949.0,0,0.0,0.0,9999.0
CUST_02340,0,0.3622071,Greater Accra,Ashaiman,Electronics,Desktop,0.0,6.0,9966.0,0,0.0,0.0,9999.0
CUST_02341,0,0.0069232914,Upper East,Navrongo,Fashion & Apparel,Mobile,0.0005973715651135247,0.6363636363636364,-11.0,0,27173.94,56.0,0.0
CUST_02344,1,0.4857259,Greater Accra,Tema,Baby & Kids,Mobile,0.0,4.0,9972.0,1,0.0,0.0,9999.0
CUST_02345,0,0.5702031,Oti,Jasikan,Phones & Tablets,Mobile,-0.3333333333333333,0.15384615384615385,325.0,2,801.4300000000001,2.0,378.0
CUST_02346,1,0.3591843,Central,Elmina,Fashion & Apparel,Mobile,-0.06666666666666671,0.8571428571428571,-20.0,0,618.21,3.0,10.0
CUST_02347,1,0.6598234,Greater Accra,Ashaiman,Phones & Tablets,Mobile,0.0,1.0,9992.0,0,0.0,0.0,9999.0
CUST_02348,1,0.53871536,Ashanti,Kumasi,Phones & Tablets,Desktop,0.0,4.0,9994.0,1,0.0,0.0,9999.0
CUST_02349,1,0.6998527,Eastern,Akim Oda,Fashion & Apparel,Mobile,-0.5,0.8,126.0,1,52.87,1.0,131.0
CUST_02351,0,0.008988312,Northern,Savelugu,Phones & Tablets,Tablet,0.39705882352941174,0.6,-2.0,1,6760.63,18.0,7.0
CUST_02352,1,0.9219535,North East,Nalerigu,Phones & Tablets,Mobile,0.0,0.4,9991.0,5,0.0,0.0,9999.0
CUST_02353,1,0.20185648,Ashanti,Mampong,Fashion & Apparel,Mobile,-0.25,1.0,38.0,3,191.66000000000003,2.0,62.0
CUST_02354,1,0.7217918,Unknown,Unknown,Fashion & Apparel,Desktop,0.0,0.3333333333333333,9998.0,12,0.0,0.0,9999.0
CUST_02355,1,0.83602524,Central,Cape Coast,Phones & Tablets,Desktop,0.0,1.2,9990.0,8,0.0,0.0,9999.0
CUST_02357,0,0.40547106,Greater Accra,Accra,Fashion & Apparel,Mobile,-0.3333333333333333,0.15384615384615385,284.0,2,221.06,1.0,304.0
CUST_02359,1,0.718226,Bono,Sunyani,Health & Wellness,Mobile,0.0,3.0,9985.0,0,0.0,0.0,9999.0
CUST_02362,1,0.63905025,Ashanti,Kumasi,Fashion & Apparel,Desktop,0.0,2.0,9914.0,0,0.0,0.0,9999.0
CUST_02363,1,0.84982413,Central,Cape Coast,Phones & Tablets,None,1.0,1.0,-9981.0,0,1727.18,1.0,18.0
CUST_02364,0,0.3582425,Volta,Hohoe,Electronics,Mobile,0.0,1.0,9971.0,7,0.0,0.0,9999.0
CUST_02365,1,0.6439794,Central,Kasoa,Fashion & Apparel,Mobile,0.1111111111111111,1.2,17.0,2,253.76,1.0,19.0
CUST_02368,1,0.6249361,Ashanti,Konongo,Fashion & Apparel,Mobile,-0.3333333333333333,1.0,86.0,6,157.87,1.0,104.0
CUST_02369,0,0.47686487,Northern,Yendi,Phones & Tablets,Desktop,0.0,4.0,9995.0,2,0.0,0.0,9999.0
CUST_02370,1,0.6965304,Greater Accra,Accra,Beauty & Personal Care,Desktop,0.0,0.625,9987.0,0,0.0,0.0,9999.0
CUST_02371,0,0.10958299,Ashanti,Kumasi,Fashion & Apparel,Desktop,-0.3055555555555556,0.6363636363636364,18.0,1,1453.69,6.0,26.0
CUST_02372,1,0.8599889,Ashanti,Kumasi,Fashion & Apparel,Mobile,-0.5,0.2857142857142857,119.0,0,1509.0800000000002,2.0,148.0
CUST_02373,0,0.2424436,Eastern,Akim Oda,Fashion & Apparel,Mobile,0.05714285714285716,0.4166666666666667,18.0,0,661.95,2.0,19.0
CUST_02374,0,0.59847903,Upper East,Bawku,Baby & Kids,Mobile,0.0,6.0,9994.0,0,0.0,0.0,9999.0
CUST_02375,0,0.20892188,Eastern,Nkawkaw,Fashion & Apparel,Mobile,-0.16666666666666669,1.0,-1.0,1,233.31,2.0,7.0
CUST_02376,0,0.4198134,Upper East,Bolgatanga,Electronics,None,0.0,1.0,0.0,1,0.0,0.0,9999.0
CUST_02377,1,0.6521203,Central,Cape Coast,Phones & Tablets,Mobile,0.0,3.0,9990.0,0,0.0,0.0,9999.0
CUST_02378,1,0.60127485,Ashanti,Kumasi,Phones & Tablets,Tablet,-0.25,0.5,346.0,2,422.99,1.0,369.0
CUST_02379,0,0.3972744,Upper East,Bawku,Phones & Tablets,Desktop,-0.3333333333333333,9.0,97.0,4,28.93,1.0,101.0
CUST_02380,0,0.25883037,Ashanti,Kumasi,Fashion & Apparel,Tablet,-0.1111111111111111,0.3684210526315789,293.0,11,64.01,1.0,293.0
CUST_02381,1,0.6553946,Ashanti,Obuasi,Electronics,Mobile,-0.09090909090909091,0.3333333333333333,435.0,12,112.2,1.0,436.0
CUST_02382,0,0.34607598,Eastern,Koforidua,Fashion & Apparel,Mobile,-0.5,0.17647058823529413,177.0,5,426.26,4.0,195.0
CUST_02383,1,0.89956784,Ashanti,Ejisu,Fashion & Apparel,Mobile,-0.16666666666666666,0.48148148148148145,216.0,8,603.22,3.0,219.0
CUST_02384,0,0.3870886,Greater Accra,Teshie,Fashion & Apparel,Mobile,0.5,5.0,-11.0,1,112.36,1.0,32.0
CUST_02385,1,0.7254294,Western,Takoradi,Fashion & Apparel,Tablet,0.5,3.0,-19.0,1,30.01,1.0,26.0
CUST_02386,0,0.19445783,Central,Kasoa,Fashion & Apparel,Mobile,0.5,1.8333333333333333,-6.0,0,394.37,4.0,2.0
CUST_02387,1,0.86699677,Eastern,Suhum,Books & Stationery,None,0.0,1.0,0.0,0,0.0,0.0,9999.0
CUST_02388,0,0.008781342,Oti,Dambai,Fashion & Apparel,Mobile,-0.11805555555555558,1.3333333333333333,1.0,0,8104.08,17.0,7.0
CUST_02389,0,0.065170616,Unknown,Unknown,Fashion & Apparel,Tablet,0.016806722689075626,0.5625,-2.0,0,1631.79,10.0,7.0
CUST_02390,0,0.079083644,Bono East,Techiman,Home & Kitchen,Mobile,0.2142857142857143,0.6,5.0,0,1404.73,6.0,10.0
CUST_02391,1,0.75268555,Greater Accra,Madina,Phones & Tablets,Desktop,0.0,6.0,9996.0,2,0.0,0.0,9999.0
CUST_02393,1,0.7188044,Bono East,Atebubu,Phones & Tablets,Desktop,0.0,3.0,9993.0,4,0.0,0.0,9999.0
CUST_02395,0,0.19239397,Volta,Aflao,Home & Kitchen,Mobile,0.25,0.4117647058823529,72.0,1,2129.26,4.0,85.0
CUST_02396,0,0.63574195,Ashanti,Konongo,Electronics,Desktop,0.0,3.0,9956.0,0,0.0,0.0,9999.0
CUST_02399,0,0.18978857,Ashanti,Mampong,Home & Kitchen,Desktop,0.25,2.0,17.0,2,205.97,1.0,28.0
CUST_02400,0,0.1994695,Bono East,Atebubu,Fashion & Apparel,Mobile,-0.12418300653594772,0.8,45.0,4,856.96,5.0,48.0
CUST_02401,0,0.52607554,Ashanti,Obuasi,Health & Wellness,None,0.0,1.0,0.0,0,0.0,0.0,9999.0
CUST_02403,1,0.8399434,Oti,Nkwanta,None,None,0.0,1.0,0.0,0,0.0,0.0,9999.0
CUST_02404,0,0.48127478,Ashanti,Obuasi,Fashion & Apparel,Mobile,0.0,2.0,9999.0,1,0.0,0.0,9999.0
CUST_02405,1,0.83684474,Ashanti,Obuasi,Phones & Tablets,Mobile,0.0,0.3333333333333333,9832.0,0,0.0,0.0,9999.0
CUST_02406,0,0.46446544,Western North,Sefwi Wiawso,Fashion & Apparel,Mobile,1.0,0.5,-26.0,0,573.72,1.0,37.0
CUST_02407,1,0.92234844,Oti,Dambai,Home & Kitchen,None,1.0,1.0,-9982.0,0,372.78,1.0,17.0
CUST_02408,1,0.8015162,Eastern,Koforidua,None,None,0.0,1.0,0.0,0,0.0,0.0,9999.0
CUST_02409,1,0.9142872,Ashanti,Obuasi,Fashion & Apparel,Mobile,-0.08986175115207373,0.1016949152542373,15.0,8,9114.66,11.0,57.0
CUST_02410,0,0.012783393,Central,Kasoa,Fashion & Apparel,Mobile,-0.3529411764705882,4.5,-1.0,0,5372.360000000001,12.0,1.0
CUST_02411,1,0.69221675,Volta,Hohoe,Phones & Tablets,Desktop,1.0,0.875,65.0,1,346.52,1.0,85.0
CUST_02413,1,0.5458448,Northern,Tamale,Fashion & Apparel,Mobile,0.0,1.5,9983.0,2,0.0,0.0,9999.0
CUST_02415,0,0.46693027,Greater Accra,Accra,Electronics,Mobile,0.0,1.5,9959.0,2,0.0,0.0,9999.0
CUST_02416,0,0.31619647,Ashanti,Kumasi,Home & Kitchen,Desktop,0.3333333333333333,0.21052631578947367,45.0,0,2332.9799999999996,3.0,59.0
CUST_02417,0,0.31041384,Ashanti,Konongo,Fashion & Apparel,Tablet,0.0,2.0,9979.0,0,0.0,0.0,9999.0
CUST_02420,0,0.1531462,Ashanti,Kumasi,Sports & Outdoors,Mobile,0.75,3.0,-1.0,0,813.0500000000001,3.0,1.0
CUST_02423,0,0.07570809,Savannah,Damongo,Fashion & Apparel,Mobile,-0.4166666666666667,0.5333333333333333,160.0,13,808.13,5.0,170.0
CUST_02424,1,0.716696,Eastern,Koforidua,Fashion & Apparel,Desktop,0.3333333333333333,2.3333333333333335,24.0,2,268.0,1.0,32.0
CUST_02425,0,0.49779817,Eastern,Koforidua,Fashion & Apparel,None,0.0,1.0,0.0,0,0.0,0.0,9999.0
CUST_02426,1,0.75420165,Central,Kasoa,Fashion & Apparel,Tablet,-0.2777777777777778,0.4666666666666667,208.0,13,2769.3199999999997,5.0,220.0
CUST_02428,1,0.7522113,Ashanti,Bekwai,Fashion & Apparel,Mobile,-0.25,0.4,244.0,4,4540.39,2.0,272.0
CUST_02429,1,0.44339454,Volta,Ho,Electronics,Desktop,0.0,3.0,9981.0,3,0.0,0.0,9999.0
CUST_02430,1,0.8216783,Volta,Ho,Phones & Tablets,Mobile,1.0,0.08333333333333333,-150.0,0,127.11,1.0,26.0
CUST_02431,0,0.6288853,Western,Takoradi,Home & Kitchen,Mobile,0.0,2.0,9995.0,2,0.0,0.0,9999.0
CUST_02432,1,0.5531086,Greater Accra,Tema,Home & Kitchen,Desktop,-0.2,0.38461538461538464,69.0,1,45.26,1.0,101.0
CUST_02433,1,0.9649497,Volta,Ho,Baby & Kids,Mobile,0.0,0.3333333333333333,9694.0,3,0.0,0.0,9999.0
CUST_02434,1,0.76306224,Greater Accra,Teshie,Beauty & Personal Care,Tablet,1.0,2.0,-8.0,0,31.2,1.0,12.0
CUST_02435,1,0.85404104,Western,Axim,Fashion & Apparel,Desktop,0.22058823529411764,0.10638297872340426,-3.0,0,5746.929999999999,2.0,9.0
CUST_02436,0,0.6868157,Northern,Tamale,Electronics,Desktop,0.0,4.0,9996.0,2,0.0,0.0,9999.0
CUST_02437,0,0.59041566,Ashanti,Obuasi,Beauty & Personal Care,None,0.0,1.0,0.0,0,0.0,0.0,9999.0
CUST_02438,1,0.6547951,Bono,Sunyani,Beauty & Personal Care,None,0.0,1.0,0.0,0,0.0,0.0,9999.0
CUST_02439,1,0.71769893,Greater Accra,Madina,Phones & Tablets,Mobile,0.6666666666666666,1.0,-56.0,0,764.9200000000001,4.0,3.0
CUST_02441,1,0.5813928,Eastern,Koforidua,Fashion & Apparel,Desktop,0.25,0.9,48.0,3,259.97,1.0,50.0
CUST_02442,1,0.6299048,Ashanti,Kumasi,Phones & Tablets,Mobile,0.0,0.8333333333333334,9995.0,5,0.0,0.0,9999.0
CUST_02443,1,0.7369284,Greater Accra,Madina,Books & Stationery,Mobile,0.0,0.75,9954.0,1,0.0,0.0,9999.0
CUST_02444,0,0.07491166,Oti,Nkwanta,Fashion & Apparel,Mobile,-0.12962962962962962,0.46153846153846156,18.0,3,3627.2,9.0,19.0
CUST_02445,1,0.6243494,Greater Accra,Accra,Phones & Tablets,Mobile,1.0,9.0,52.0,0,417.09,1.0,56.0
CUST_02446,0,0.7239976,Greater Accra,Madina,Phones & Tablets,None,0.0,1.0,0.0,0,0.0,0.0,9999.0
CUST_02447,0,0.5706633,Ashanti,Obuasi,None,None,0.0,1.0,0.0,0,0.0,0.0,9999.0
CUST_02450,1,0.45776287,Greater Accra,Ashaiman,Electronics,Desktop,0.0,3.0,9987.0,2,0.0,0.0,9999.0
CUST_02451,0,0.5729241,Ashanti,Ejisu,Beauty & Personal Care,None,0.0,1.0,0.0,1,0.0,0.0,9999.0
CUST_02452,1,0.9609239,Ashanti,Kumasi,Fashion & Apparel,Desktop,-0.6,0.125,75.0,1,981.25,3.0,259.0
CUST_02453,1,0.6353435,Ashanti,Ejisu,Fashion & Apparel,Mobile,0.0,3.0,9991.0,1,0.0,0.0,9999.0
CUST_02454,1,0.73303825,Eastern,Akim Oda,Fashion & Apparel,Mobile,0.0,2.0,9986.0,0,0.0,0.0,9999.0
CUST_02455,1,0.77427053,Volta,Kpando,Phones & Tablets,Mobile,0.0,1.0,9945.0,0,0.0,0.0,9999.0
CUST_02457,0,0.33134073,Ashanti,Ejisu,Fashion & Apparel,None,0.6666666666666666,1.0,-9979.0,1,244.45999999999998,2.0,20.0
CUST_02458,1,0.6770907,Ashanti,Kumasi,Fashion & Apparel,Mobile,0.5,1.0,52.0,1,112.11,2.0,62.0
CUST_02459,0,0.48058736,Savannah,Bole,Phones & Tablets,Tablet,0.0,1.5,9967.0,3,0.0,0.0,9999.0
CUST_02460,0,0.29018337,Oti,Dambai,Fashion & Apparel,Desktop,0.42857142857142855,5.0,23.0,1,202.78,3.0,29.0
CUST_02461,1,0.9403443,Upper East,Navrongo,Fashion & Apparel,Mobile,-0.06666666666666667,0.21052631578947367,338.0,15,91.91999999999999,2.0,340.0
CUST_02462,0,0.18297601,Ashanti,Bekwai,Fashion & Apparel,Mobile,-0.16666666666666669,0.0625,-55.0,1,1328.3700000000001,4.0,36.0
CUST_02463,1,0.81182194,Greater Accra,Accra,Phones & Tablets,Mobile,0.5,0.3333333333333333,-54.0,1,4602.45,1.0,81.0
CUST_02464,1,0.5989632,Ashanti,Mampong,Beauty & Personal Care,Mobile,0.0,1.0,9997.0,2,0.0,0.0,9999.0
CUST_02465,0,0.106271535,Ashanti,Bekwai,Fashion & Apparel,Mobile,-0.1616161616161616,3.2,-3.0,0,1011.14,4.0,1.0
CUST_02467,1,0.6163095,Northern,Tamale,Fashion & Apparel,Desktop,0.14285714285714285,8.0,63.0,5,132.55,1.0,64.0
CUST_02469,1,0.6225538,Bono,Sunyani,Health & Wellness,Mobile,1.0,3.0,13.0,0,66.93,1.0,59.0
CUST_02470,0,0.47175163,Ashanti,Kumasi,Fashion & Apparel,Desktop,0.0,0.75,9987.0,1,0.0,0.0,9999.0
CUST_02471,0,0.7515454,Volta,Ho,None,None,0.0,1.0,0.0,0,0.0,0.0,9999.0
CUST_02472,1,0.81714773,Ashanti,Kumasi,Fashion & Apparel,Mobile,0.625,0.375,52.0,0,442.66999999999996,4.0,73.0
CUST_02473,1,0.24756987,Greater Accra,Tema,Fashion & Apparel,Mobile,0.6153846153846154,0.23529411764705882,65.0,0,1701.07,6.0,71.0
CUST_02474,0,0.6572169,Volta,Ho,Fashion & Apparel,Desktop,0.019230769230769218,1.2,35.0,3,1087.59,5.0,45.0
CUST_02475,1,0.56265134,Greater Accra,Teshie,Fashion & Apparel,Mobile,0.0,5.0,9950.0,6,0.0,0.0,9999.0
CUST_02476,1,0.86437935,Ashanti,Konongo,Phones & Tablets,Desktop,0.5,0.1111111111111111,-53.0,0,1842.1799999999998,2.0,44.0
CUST_02478,1,0.70397514,Volta,Keta,Fashion & Apparel,Mobile,-0.3333333333333333,0.42857142857142855,153.0,3,905.8299999999999,2.0,192.0
CUST_02480,0,0.5145338,Ashanti,Bekwai,Phones & Tablets,Desktop,0.0,0.5,9980.0,11,0.0,0.0,9999.0
CUST_02481,1,0.9056982,Upper East,Bolgatanga,Fashion & Apparel,Mobile,0.0,3.0,9998.0,1,0.0,0.0,9999.0
CUST_02482,1,0.8346193,Ashanti,Kumasi,Phones & Tablets,Mobile,0.03947368421052633,0.41935483870967744,1.0,1,1998.1200000000001,5.0,10.0
CUST_02483,1,0.7410311,Eastern,Suhum,Fashion & Apparel,Desktop,-0.36363636363636365,0.12121212121212122,80.0,4,2787.2400000000002,8.0,92.0
CUST_02485,0,0.047981482,Volta,Aflao,Fashion & Apparel,Mobile,0.022727272727272707,5.5,-1.0,1,1561.46,4.0,6.0
CUST_02486,1,0.85204864,North East,Walewale,Electronics,Desktop,0.0,0.4444444444444444,9971.0,4,0.0,0.0,9999.0
CUST_02487,1,0.66871697,Ashanti,Kumasi,Fashion & Apparel,Desktop,0.0,3.0,9971.0,0,0.0,0.0,9999.0
CUST_02488,0,0.39383447,Volta,Hohoe,Phones & Tablets,Mobile,-0.4,0.3076923076923077,95.0,2,881.6200000000001,2.0,106.0
CUST_02489,0,0.06872321,Western,Takoradi,Fashion & Apparel,Mobile,-0.2777777777777778,2.2,15.0,2,464.72,5.0,28.0
CUST_02490,1,0.7694433,Ahafo,Goaso,Health & Wellness,None,0.0,1.0,0.0,0,0.0,0.0,9999.0
CUST_02491,0,0.4700326,Greater Accra,Ashaiman,Health & Wellness,None,0.0,1.0,0.0,0,0.0,0.0,9999.0
CUST_02492,1,0.6405234,Northern,Tamale,None,None,0.0,1.0,0.0,0,0.0,0.0,9999.0
CUST_02493,0,0.11756849,Central,Kasoa,Fashion & Apparel,Mobile,0.1527777777777778,0.8333333333333334,44.0,5,1355.63,5.0,48.0
CUST_02494,0,0.19811097,Ashanti,Bekwai,Health & Wellness,Mobile,0.0,2.0,9959.0,1,0.0,0.0,9999.0
CUST_02495,1,0.54204094,Eastern,Koforidua,Phones & Tablets,Mobile,0.0,2.0,9959.0,1,0.0,0.0,9999.0
CUST_02496,1,0.42908016,Ashanti,Bekwai,Electronics,Desktop,0.0,1.0,9939.0,1,0.0,0.0,9999.0
CUST_02497,0,0.688076,Central,Swedru,Fashion & Apparel,Mobile,0.0,1.0,9991.0,0,0.0,0.0,9999.0
CUST_02498,0,0.06227882,Western North,Bibiani,Fashion & Apparel,Desktop,0.3789473684210527,0.30434782608695654,17.0,1,5140.64,12.0,17.0
CUST_02499,1,0.6407585,Central,Cape Coast,Fashion & Apparel,Desktop,-0.34615384615384615,0.12903225806451613,97.0,3,5016.96,9.0,100.0
CUST_02500,0,0.16185674,Western,Takoradi,Phones & Tablets,Mobile,0.25,11.0,4.0,2,1017.95,3.0,4.0
CUST_02501,1,0.84338915,Central,Kasoa,Fashion & Apparel,Mobile,-0.048913043478260865,0.14285714285714285,15.0,6,1167.03,5.0,34.0
CUST_02502,1,0.74548227,Greater Accra,Accra,Phones & Tablets,Tablet,-0.3333333333333333,1.4,81.0,0,982.69,2.0,94.0
CUST_02503,0,0.2491081,Ashanti,Kumasi,Phones & Tablets,Mobile,-0.6666666666666667,0.42857142857142855,-31.0,0,1269.8899999999999,2.0,34.0
CUST_02504,1,0.6476465,Eastern,Suhum,Fashion & Apparel,Mobile,-0.14285714285714285,0.1,466.0,4,90.51,1.0,526.0
CUST_02507,1,0.1563286,Eastern,Koforidua,Fashion & Apparel,Mobile,0.09523809523809523,0.3157894736842105,13.0,1,1326.99,7.0,29.0
CUST_02508,0,0.017366247,Ashanti,Obuasi,Phones & Tablets,Mobile,-0.15384615384615385,3.0,-2.0,0,8484.04,13.0,4.0
CUST_02509,1,0.69008917,Ashanti,Bekwai,Fashion & Apparel,Desktop,-0.1,0.46153846153846156,404.0,8,279.45,1.0,415.0
CUST_02510,1,0.68329555,Eastern,Koforidua,Fashion & Apparel,Tablet,-0.3333333333333333,0.22727272727272727,123.0,5,205.51999999999998,3.0,123.0
CUST_02512,0,0.49121073,Ahafo,Kenyasi,Fashion & Apparel,Mobile,0.0,0.4166666666666667,9996.0,4,0.0,0.0,9999.0
CUST_02513,0,0.6269711,Bono East,Kintampo,Fashion & Apparel,Desktop,-0.5,2.5,83.0,4,828.49,1.0,91.0
CUST_02514,1,0.47432303,Volta,Keta,Fashion & Apparel,Desktop,0.0,1.5,9985.0,5,0.0,0.0,9999.0
CUST_02515,1,0.81467915,Greater Accra,Accra,Fashion & Apparel,Mobile,-0.5,0.6666666666666666,108.0,2,2131.73,1.0,133.0
CUST_02516,1,0.85530674,Northern,Tamale,Fashion & Apparel,Mobile,0.875,0.45454545454545453,26.0,0,703.18,2.0,49.0
CUST_02518,0,0.13948396,Northern,Savelugu,Beauty & Personal Care,Mobile,0.25,2.5,28.0,0,140.43,1.0,43.0
CUST_02519,0,0.119021825,Greater Accra,Tema,Phones & Tablets,Desktop,-0.1111111111111111,0.6363636363636364,307.0,14,191.08,1.0,308.0
CUST_02520,0,0.20112345,Western,Axim,Fashion & Apparel,Mobile,0.16666666666666663,0.8888888888888888,59.0,0,701.65,6.0,74.0
CUST_02521,1,0.81028295,Bono,Sunyani,Fashion & Apparel,Mobile,0.0,0.5333333333333333,9977.0,14,0.0,0.0,9999.0
CUST_02523,0,0.48375836,Western,Takoradi,Fashion & Apparel,Desktop,0.0,2.0,9990.0,0,0.0,0.0,9999.0
CUST_02524,0,0.35017574,Eastern,Akim Oda,Home & Kitchen,Desktop,0.0,4.0,9999.0,0,0.0,0.0,9999.0
CUST_02525,0,0.16156805,Central,Kasoa,Fashion & Apparel,Mobile,-0.016666666666666663,0.6428571428571429,15.0,0,1211.6200000000001,6.0,16.0
CUST_02526,1,0.6808501,Greater Accra,Accra,None,None,0.0,1.0,0.0,0,0.0,0.0,9999.0
CUST_02527,1,0.7544038,Western,Sekondi,None,None,0.0,1.0,0.0,0,0.0,0.0,9999.0
CUST_02528,0,0.7903532,Greater Accra,Ashaiman,Fashion & Apparel,Mobile,-0.14285714285714285,0.11538461538461539,95.0,3,465.69,2.0,106.0
CUST_02530,1,0.96687627,Ashanti,Ejisu,Phones & Tablets,Mobile,0.85,0.2,59.0,0,2525.7599999999998,4.0,83.0
CUST_02531,0,0.30195943,Central,Swedru,Fashion & Apparel,Mobile,0.5,0.8571428571428571,86.0,1,465.79,1.0,88.0
CUST_02532,0,0.11657558,Greater Accra,Accra,Phones & Tablets,Mobile,0.13636363636363635,0.25,58.0,1,1751.36,6.0,71.0
CUST_02533,1,0.7940367,Volta,Keta,None,None,0.0,1.0,0.0,0,0.0,0.0,9999.0
CUST_02535,1,0.16926648,Greater Accra,Tema,Fashion & Apparel,Mobile,-0.041666666666666685,0.375,51.0,3,2431.9700000000003,5.0,60.0
CUST_02536,0,0.52494794,Greater Accra,Accra,Fashion & Apparel,Mobile,0.0,0.35,9974.0,13,0.0,0.0,9999.0
CUST_02537,1,0.8565375,Greater Accra,Accra,Fashion & Apparel,Mobile,0.03139717425431712,0.7575757575757576,-1.0,0,2155.4,10.0,8.0
CUST_02539,1,0.8130924,Central,Kasoa,Phones & Tablets,Mobile,0.08181818181818182,0.46153846153846156,7.0,1,3594.62,3.0,9.0
CUST_02540,0,0.32877296,Eastern,Suhum,Fashion & Apparel,Mobile,-0.3333333333333333,0.2,40.0,2,465.80999999999995,3.0,107.0
CUST_02541,0,0.3264449,Greater Accra,Tema,Home & Kitchen,Desktop,0.14285714285714285,1.625,57.0,6,74.6,1.0,68.0
CUST_02542,0,0.0058568083,Western,Tarkwa,Fashion & Apparel,Mobile,0.0,0.47368421052631576,-18.0,1,12874.59,36.0,2.0
CUST_02543,0,0.50634456,Bono East,Atebubu,Fashion & Apparel,Mobile,0.0,0.36363636363636365,9982.0,5,0.0,0.0,9999.0
CUST_02544,0,0.76382446,Bono,Berekum,Electronics,Desktop,-0.6666666666666666,0.5,14.0,1,201.57,2.0,131.0
CUST_02546,1,0.8097655,Greater Accra,Tema,Phones & Tablets,Desktop,0.0,2.2,9997.0,6,0.0,0.0,9999.0
CUST_02548,0,0.47643986,Greater Accra,Accra,Electronics,Mobile,0.0,8.0,9998.0,2,0.0,0.0,9999.0
CUST_02549,1,0.67304677,Ashanti,Kumasi,Beauty & Personal Care,Mobile,0.0,2.0,9918.0,1,0.0,0.0,9999.0
CUST_02551,0,0.3783174,Ashanti,Bekwai,Fashion & Apparel,Mobile,0.0,2.0,9951.0,1,0.0,0.0,9999.0
CUST_02553,0,0.021004768,Upper West,Lawra,Fashion & Apparel,Desktop,0.27777777777777773,0.3,8.0,0,7323.53,13.0,14.0
CUST_02554,1,0.83368033,Western,Sekondi,Fashion & Apparel,Mobile,-0.36363636363636365,0.25,111.0,0,2149.99,4.0,137.0
CUST_02556,1,0.88660145,Volta,Keta,Home & Kitchen,Mobile,0.0,0.1875,9993.0,6,0.0,0.0,9999.0
CUST_02557,0,0.033563115,Greater Accra,Accra,Electronics,Tablet,0.380952380952381,2.0,-16.0,0,4126.38,6.0,0.0
CUST_02558,1,0.534127,Northern,Yendi,Electronics,Mobile,0.0,2.0,9999.0,0,0.0,0.0,9999.0
CUST_02560,0,0.22725166,Western,Axim,Beauty & Personal Care,Tablet,-1.0,0.75,133.0,3,257.17,1.0,155.0
CUST_02561,1,0.5270264,Ashanti,Kumasi,Fashion & Apparel,Mobile,-0.2,0.75,213.0,6,77.58,1.0,221.0
CUST_02562,0,0.013427838,North East,Walewale,Electronics,Mobile,0.11428571428571432,0.15789473684210525,-20.0,0,10681.67,16.0,3.0
CUST_02565,0,0.4285363,Upper West,Wa,Fashion & Apparel,Mobile,0.3333333333333333,3.0,3.0,1,278.05,1.0,48.0
CUST_02566,0,0.117222995,Greater Accra,Tema,Beauty & Personal Care,Desktop,0.0,2.0,9983.0,1,0.0,0.0,9999.0
CUST_02567,1,0.7001108,Volta,Kpando,None,None,0.0,1.0,0.0,0,0.0,0.0,9999.0
CUST_02568,1,0.49167368,Northern,Savelugu,Fashion & Apparel,None,0.0,1.0,0.0,0,0.0,0.0,9999.0
CUST_02569,0,0.25816953,Bono,Sunyani,Phones & Tablets,Mobile,-0.2,0.38461538461538464,109.0,3,290.38,2.0,120.0
CUST_02570,1,0.76843107,Savannah,Damongo,Fashion & Apparel,Mobile,-0.3333333333333333,0.2222222222222222,501.0,2,786.95,1.0,584.0
CUST_02571,0,0.23825227,Savannah,Damongo,Phones & Tablets,Desktop,0.0,3.0,9948.0,4,0.0,0.0,9999.0
CUST_02572,0,0.3408416,Greater Accra,Accra,Fashion & Apparel,Tablet,-0.3333333333333333,0.2,162.0,2,492.47,3.0,187.0
CUST_02573,1,0.83469534,Bono,Sunyani,None,None,0.0,1.0,0.0,0,0.0,0.0,9999.0
CUST_02574,1,0.7411581,Western,Takoradi,Fashion & Apparel,Mobile,0.0,2.0,9999.0,3,0.0,0.0,9999.0
CUST_02575,1,0.746352,Western,Axim,None,None,0.0,1.0,0.0,0,0.0,0.0,9999.0
CUST_02576,1,0.3974234,Greater Accra,Accra,Fashion & Apparel,Mobile,-0.047619047619047616,0.6923076923076923,28.0,3,447.13,3.0,46.0
CUST_02577,0,0.31977612,Western,Tarkwa,Electronics,Desktop,-0.25,0.11538461538461539,190.0,3,2663.8,5.0,238.0
CUST_02578,0,0.20859654,Savannah,Damongo,Electronics,Mobile,1.0,1.0,41.0,0,336.1,1.0,66.0
CUST_02579,0,0.12510404,Ahafo,Goaso,Phones & Tablets,Mobile,0.5,4.0,-2.0,0,759.22,2.0,8.0
CUST_02580,0,0.35101283,Eastern,Koforidua,Health & Wellness,Mobile,-0.5,1.1666666666666667,181.0,2,191.05,1.0,181.0
CUST_02582,0,0.10289301,Ashanti,Konongo,Phones & Tablets,Mobile,0.0,0.09090909090909091,61.0,2,1702.15,4.0,64.0
CUST_02583,0,0.22178501,Bono,Dormaa Ahenkro,Phones & Tablets,Mobile,1.0,5.0,71.0,0,6673.26,1.0,72.0
CUST_02584,1,0.6788451,Volta,Ho,Fashion & Apparel,Desktop,0.5,1.25,50.0,1,81.07,1.0,84.0
CUST_02585,0,0.3932582,Eastern,Akim Oda,Phones & Tablets,Mobile,0.0,1.3333333333333333,9975.0,5,0.0,0.0,9999.0
CUST_02586,0,0.14054684,Greater Accra,Tema,Electronics,Mobile,-0.4,1.2,180.0,10,1851.87,2.0,186.0
CUST_02588,1,0.74609786,Eastern,Akosombo,Electronics,Desktop,0.0,0.3333333333333333,9884.0,2,0.0,0.0,9999.0
CUST_02589,0,0.5651323,Ahafo,Goaso,Fashion & Apparel,Desktop,0.0,3.0,9992.0,0,0.0,0.0,9999.0
CUST_02590,0,0.006866642,Western,Tarkwa,Phones & Tablets,Mobile,-0.10233918128654973,0.55,-8.0,0,19427.63,35.0,1.0
CUST_02591,1,0.551344,Ashanti,Mampong,Electronics,Mobile,0.16666666666666663,0.7,-8.0,0,4919.049999999999,6.0,0.0
CUST_02592,1,0.79050595,Central,Cape Coast,Phones & Tablets,Desktop,0.0,1.0,9999.0,1,0.0,0.0,9999.0
CUST_02593,0,0.29330954,Greater Accra,Tema,Fashion & Apparel,Mobile,-0.00735294117647059,1.625,18.0,3,216.43,3.0,24.0
CUST_02594,1,0.8124062,Savannah,Bole,Phones & Tablets,Mobile,0.0,2.25,9991.0,3,0.0,0.0,9999.0
CUST_02596,0,0.2056458,Eastern,Akim Oda,Phones & Tablets,Desktop,-0.6,0.6,208.0,3,3555.21,3.0,210.0
CUST_02597,1,0.80937237,Ashanti,Obuasi,None,None,0.0,1.0,0.0,0,0.0,0.0,9999.0
CUST_02598,0,0.22176965,Volta,Ho,Electronics,Desktop,0.3333333333333333,2.5,68.0,2,198.14,1.0,89.0
CUST_02599,0,0.48789528,Volta,Hohoe,Phones & Tablets,None,0.0,1.0,0.0,0,0.0,0.0,9999.0
CUST_02601,1,0.62820256,Ashanti,Kumasi,Fashion & Apparel,Mobile,0.0,2.6666666666666665,9991.0,2,0.0,0.0,9999.0
CUST_02603,1,0.7339959,Greater Accra,Teshie,Fashion & Apparel,Mobile,0.0,0.5555555555555556,9957.0,3,0.0,0.0,9999.0
CUST_02604,1,0.729177,Western,Takoradi,Fashion & Apparel,Desktop,0.0,6.0,9992.0,3,0.0,0.0,9999.0
CUST_02606,0,0.5195041,Western,Sekondi,Beauty & Personal Care,Mobile,0.0,7.0,9997.0,0,0.0,0.0,9999.0
CUST_02608,1,0.5505555,Western North,Sefwi Wiawso,Fashion & Apparel,Mobile,0.0,2.0,9979.0,0,0.0,0.0,9999.0
CUST_02609,1,0.7607362,Eastern,Nkawkaw,Fashion & Apparel,Tablet,-0.1285714285714286,0.6818181818181818,25.0,5,640.1600000000001,3.0,31.0
CUST_02611,0,0.20797358,Greater Accra,Tema,Fashion & Apparel,Desktop,0.06818181818181818,0.47058823529411764,62.0,2,429.75,3.0,62.0
CUST_02613,1,0.6346962,Unknown,Unknown,Electronics,None,0.0,1.0,0.0,1,0.0,0.0,9999.0
CUST_02614,0,0.48604816,Ashanti,Kumasi,Fashion & Apparel,Mobile,0.0,0.5555555555555556,9987.0,4,0.0,0.0,9999.0
CUST_02615,1,0.6850705,Eastern,Koforidua,Groceries & Food,None,0.0,1.0,0.0,0,0.0,0.0,9999.0
CUST_02617,1,0.6275134,Bono East,Atebubu,Phones & Tablets,Mobile,0.25,6.0,45.0,3,204.08,1.0,54.0
CUST_02618,1,0.8236245,Ashanti,Kumasi,None,None,0.0,1.0,0.0,0,0.0,0.0,9999.0
CUST_02619,1,0.79614717,Central,Cape Coast,Fashion & Apparel,Mobile,-0.035,0.48148148148148145,53.0,4,5638.84,5.0,60.0
CUST_02620,0,0.10816511,Greater Accra,Accra,Fashion & Apparel,Mobile,0.2857142857142857,4.0,-6.0,0,1063.51,2.0,6.0
CUST_02621,0,0.49333158,Unknown,Unknown,Fashion & Apparel,Desktop,0.04166666666666666,0.3888888888888889,-4.0,0,279.56,2.0,12.0
CUST_02622,0,0.17917049,Ahafo,Goaso,Fashion & Apparel,Desktop,0.5,0.35714285714285715,15.0,0,476.53,2.0,19.0
CUST_02623,1,0.6339429,Bono,Berekum,Fashion & Apparel,None,0.0,1.0,0.0,0,0.0,0.0,9999.0
CUST_02624,0,0.6213222,Northern,Savelugu,Phones & Tablets,Mobile,0.3333333333333333,0.5,53.0,2,584.16,1.0,59.0
CUST_02625,1,0.7701599,Greater Accra,Accra,Health & Wellness,None,0.0,1.0,0.0,0,0.0,0.0,9999.0
CUST_02626,1,0.89093566,Bono,Berekum,Electronics,Mobile,-0.125,0.17391304347826086,1033.0,7,50.04,1.0,1042.0
CUST_02628,1,0.7779956,Ashanti,Mampong,Fashion & Apparel,Mobile,0.15,1.0,43.0,2,213.93,2.0,56.0
CUST_02629,0,0.26176447,Central,Cape Coast,Fashion & Apparel,Desktop,0.2,5.5,11.0,2,565.14,2.0,18.0
CUST_02630,1,0.5560395,Greater Accra,Madina,Fashion & Apparel,Mobile,0.0,6.0,9990.0,2,0.0,0.0,9999.0
CUST_02631,1,0.7379482,Unknown,Unknown,Fashion & Apparel,Mobile,0.0,0.5,9969.0,0,0.0,0.0,9999.0
CUST_02632,0,0.17689626,Central,Cape Coast,Fashion & Apparel,Mobile,-0.5,0.5714285714285714,112.0,4,190.67000000000002,2.0,118.0
CUST_02635,0,0.03530766,Greater Accra,Accra,Fashion & Apparel,Mobile,0.2142857142857143,0.9230769230769231,2.0,1,8516.99,10.0,5.0
CUST_02636,0,0.7041677,Greater Accra,Ashaiman,Fashion & Apparel,Desktop,0.0,0.75,9977.0,1,0.0,0.0,9999.0
CUST_02637,1,0.6592773,Central,Elmina,Fashion & Apparel,Mobile,0.7916666666666666,0.125,21.0,0,3702.91,6.0,49.0
CUST_02638,1,0.7702072,Bono,Sunyani,Electronics,Desktop,-0.2564102564102564,0.5416666666666666,20.0,7,6480.81,8.0,36.0
CUST_02639,0,0.008976754,Greater Accra,Madina,Fashion & Apparel,Mobile,-0.0887871853546911,0.19047619047619047,4.0,4,30800.39,70.0,13.0
CUST_02640,1,0.87017024,Greater Accra,Madina,Fashion & Apparel,Mobile,0.1857142857142857,0.4090909090909091,-7.0,0,460.84,3.0,2.0
CUST_02641,1,0.73876226,Central,Elmina,Electronics,None,1.0,1.0,-9971.0,0,1181.72,1.0,28.0
CUST_02643,0,0.32965422,Ashanti,Kumasi,Fashion & Apparel,Mobile,-0.0023809523809523864,0.5882352941176471,75.0,10,2180.97,4.0,83.0
CUST_02644,1,0.52479196,Ashanti,Kumasi,Fashion & Apparel,Mobile,0.0,1.5,9993.0,4,0.0,0.0,9999.0
CUST_02646,1,0.7570992,Ashanti,Kumasi,Home & Kitchen,None,0.0,1.0,0.0,0,0.0,0.0,9999.0
CUST_02647,0,0.1090029,Greater Accra,Tema,Fashion & Apparel,Mobile,-0.1111111111111111,0.13636363636363635,24.0,1,5439.3099999999995,5.0,57.0
CUST_02648,0,0.6501029,Northern,Tamale,None,Tablet,0.0,2.0,9962.0,0,0.0,0.0,9999.0
CUST_02649,1,0.6815229,Unknown,Unknown,Electronics,Mobile,0.0,5.0,9985.0,0,0.0,0.0,9999.0
CUST_02650,1,0.759542,Central,Cape Coast,None,Mobile,0.0,3.0,9985.0,0,0.0,0.0,9999.0
CUST_02651,1,0.52617157,Northern,Tamale,None,None,0.0,1.0,0.0,0,0.0,0.0,9999.0
CUST_02652,1,0.6108664,Volta,Hohoe,Electronics,Mobile,0.0,2.0,9926.0,2,0.0,0.0,9999.0
CUST_02653,0,0.08945011,Greater Accra,Accra,Fashion & Apparel,Mobile,0.75,5.0,-17.0,0,429.71,3.0,1.0
CUST_02655,1,0.55178267,Greater Accra,Accra,Fashion & Apparel,Mobile,0.15760869565217392,0.3333333333333333,11.0,1,2448.09,8.0,14.0
CUST_02656,0,0.24168657,Greater Accra,Tema,Fashion & Apparel,Mobile,0.0,4.0,9986.0,0,0.0,0.0,9999.0
CUST_02657,0,0.6876064,Volta,Hohoe,Phones & Tablets,Mobile,0.33333333333333337,0.21739130434782608,30.0,2,486.23,3.0,66.0
CUST_02658,0,0.014498483,Bono East,Techiman,Fashion & Apparel,Mobile,0.0,0.9583333333333334,-2.0,0,9023.76,28.0,2.0
CUST_02659,0,0.78490794,Oti,Dambai,None,None,0.0,1.0,0.0,0,0.0,0.0,9999.0
CUST_02660,1,0.79250515,Western,Axim,Phones & Tablets,Mobile,0.0,1.6666666666666667,9963.0,0,0.0,0.0,9999.0
CUST_02661,0,0.27672285,Greater Accra,Tema,Baby & Kids,Desktop,0.3333333333333333,1.5,12.0,0,78.91,1.0,19.0
CUST_02662,0,0.04949359,Greater Accra,Tema,Fashion & Apparel,Desktop,0.2637362637362637,0.5294117647058824,14.0,3,4525.02,8.0,27.0
CUST_02663,1,0.7601311,Upper East,Bolgatanga,None,None,0.0,1.0,0.0,0,0.0,0.0,9999.0
CUST_02664,1,0.7306036,Central,Kasoa,Fashion & Apparel,Mobile,-0.06410256410256412,1.6363636363636365,35.0,2,2697.7,4.0,35.0
CUST_02665,0,0.19062409,Western,Sekondi,Phones & Tablets,Mobile,-0.75,0.8,-29.0,2,1092.34,2.0,45.0
CUST_02666,1,0.653779,Upper East,Bawku,Sports & Outdoors,Desktop,0.0,3.0,9996.0,0,0.0,0.0,9999.0
CUST_02668,1,0.4990655,Bono,Sunyani,Phones & Tablets,Mobile,0.25,0.6666666666666666,35.0,3,587.02,1.0,49.0
CUST_02669,0,0.3346156,Greater Accra,Accra,Electronics,Mobile,-0.14285714285714285,0.5833333333333334,157.0,5,254.12,1.0,185.0
CUST_02670,0,0.64820117,Northern,Savelugu,Books & Stationery,Mobile,0.0,2.0,9996.0,0,0.0,0.0,9999.0
CUST_02671,0,0.5157538,Bono,Dormaa Ahenkro,Fashion & Apparel,Mobile,0.0,0.8,9996.0,10,0.0,0.0,9999.0
CUST_02672,0,0.3790608,Ashanti,Kumasi,Beauty & Personal Care,Mobile,0.0,4.0,9994.0,4,0.0,0.0,9999.0
CUST_02673,1,0.91105735,Western,Sekondi,Fashion & Apparel,Mobile,0.14181818181818182,0.8260869565217391,-2.0,0,5411.85,5.0,6.0
CUST_02675,1,0.8863014,Oti,Dambai,Fashion & Apparel,Tablet,-0.5,0.6666666666666666,191.0,0,2343.26,1.0,205.0
CUST_02676,1,0.48722595,Greater Accra,Accra,Beauty & Personal Care,Tablet,0.0,2.0,9994.0,0,0.0,0.0,9999.0
CUST_02677,1,0.5711682,Central,Cape Coast,Fashion & Apparel,Mobile,0.0,5.0,9988.0,3,0.0,0.0,9999.0
CUST_02680,1,0.41245893,Greater Accra,Accra,Fashion & Apparel,Mobile,1.0,2.0,-10.0,0,184.68,1.0,13.0
CUST_02681,0,0.6055647,Ashanti,Kumasi,Phones & Tablets,None,0.0,1.0,0.0,0,0.0,0.0,9999.0
CUST_02682,0,0.45515606,Eastern,Akosombo,Fashion & Apparel,Mobile,-0.07692307692307693,0.21052631578947367,223.0,8,81.88,1.0,238.0
CUST_02684,1,0.71387243,Ashanti,Ejisu,Baby & Kids,Mobile,0.0,4.0,9985.0,0,0.0,0.0,9999.0
CUST_02685,0,0.17959292,Greater Accra,Accra,Electronics,Desktop,1.0,4.0,20.0,0,167.43,1.0,21.0
CUST_02688,0,0.14766453,Ahafo,Goaso,Phones & Tablets,Desktop,0.4,8.0,11.0,2,419.14000000000004,2.0,19.0
CUST_02689,1,0.549541,Greater Accra,Accra,Beauty & Personal Care,Mobile,-1.0,4.0,87.0,1,27.07,1.0,107.0
CUST_02690,1,0.5144237,Western,Takoradi,Electronics,Desktop,0.2857142857142857,6.0,-7.0,0,163.15,2.0,2.0
CUST_02691,1,0.5290015,Ashanti,Kumasi,Fashion & Apparel,Desktop,0.0,2.5,9993.0,6,0.0,0.0,9999.0
CUST_02692,1,0.51086724,Greater Accra,Madina,Fashion & Apparel,Desktop,0.0,2.0,9996.0,3,0.0,0.0,9999.0
CUST_02694,0,0.24642377,Western,Takoradi,Beauty & Personal Care,Mobile,1.0,8.0,8.0,0,159.68,2.0,12.0
CUST_02695,1,0.7696619,Northern,Yendi,Fashion & Apparel,Mobile,-0.08571428571428572,0.2558139534883721,323.0,15,3065.67,3.0,327.0
CUST_02696,1,0.86156404,Ashanti,Ejisu,Baby & Kids,Mobile,0.0,0.5,9891.0,0,0.0,0.0,9999.0
CUST_02697,1,0.6433052,Eastern,Suhum,Beauty & Personal Care,Mobile,-1.0,0.42857142857142855,93.0,2,61.6,1.0,128.0
CUST_02698,1,0.6898759,Ashanti,Obuasi,Electronics,Desktop,0.0,3.0,9989.0,3,0.0,0.0,9999.0
CUST_02699,0,0.36938265,Savannah,Damongo,Fashion & Apparel,Mobile,0.1333333333333333,0.3333333333333333,9.0,1,232.58999999999997,2.0,24.0
CUST_02700,1,0.7032679,Ashanti,Obuasi,Phones & Tablets,Mobile,0.3333333333333333,0.1111111111111111,-90.0,0,170.0,1.0,18.0
CUST_02701,0,0.1629242,Ashanti,Bekwai,Fashion & Apparel,Desktop,0.0,0.75,9987.0,3,0.0,0.0,9999.0
CUST_02702,1,0.4672272,Ashanti,Mampong,Electronics,Mobile,-0.43478260869565216,0.19230769230769232,78.0,5,5924.42,10.0,97.0
CUST_02705,1,0.6287704,Ahafo,Goaso,Phones & Tablets,Mobile,-0.07236842105263158,0.45454545454545453,70.0,13,1681.41,4.0,73.0
CUST_02706,1,0.778137,Ashanti,Obuasi,Electronics,Tablet,-0.5,1.4,403.0,1,131.09,1.0,411.0
CUST_02708,1,0.33913457,Greater Accra,Tema,None,None,0.0,1.0,0.0,0,0.0,0.0,9999.0
CUST_02710,1,0.75839764,Western North,Bibiani,None,None,0.0,1.0,0.0,0,0.0,0.0,9999.0
CUST_02711,1,0.8781354,Greater Accra,Ashaiman,Fashion & Apparel,Desktop,0.0,0.4444444444444444,9998.0,22,0.0,0.0,9999.0
CUST_02712,0,0.5543867,Oti,Dambai,Electronics,Tablet,0.0,2.0,9934.0,2,0.0,0.0,9999.0
CUST_02713,0,0.3534626,Eastern,Nkawkaw,Phones & Tablets,None,0.0,1.0,0.0,0,0.0,0.0,9999.0
CUST_02714,1,0.60280395,Upper West,Wa,Fashion & Apparel,Desktop,0.0,3.0,9978.0,2,0.0,0.0,9999.0
CUST_02716,1,0.5898149,Ashanti,Mampong,Electronics,Mobile,0.0,2.0,9980.0,2,0.0,0.0,9999.0
CUST_02717,1,0.61721784,Greater Accra,Tema,Fashion & Apparel,Mobile,0.0,1.3333333333333333,9980.0,1,0.0,0.0,9999.0
CUST_02718,0,0.14463599,Ashanti,Ejisu,Fashion & Apparel,Mobile,0.16666666666666669,0.2857142857142857,0.0,0,2406.33,9.0,5.0
CUST_02719,1,0.21240671,Greater Accra,Teshie,Fashion & Apparel,Mobile,-0.2777777777777778,0.34615384615384615,101.0,10,1856.5799999999997,5.0,112.0
CUST_02721,0,0.012762432,Greater Accra,Accra,Fashion & Apparel,Desktop,-0.15810276679841895,0.22857142857142856,6.0,2,6994.13,40.0,26.0
CUST_02722,0,0.21053416,Eastern,Akosombo,Fashion & Apparel,Tablet,-0.33333333333333337,1.375,62.0,4,673.9,4.0,62.0
CUST_02723,0,0.13565011,Upper East,Bolgatanga,Phones & Tablets,Mobile,0.2,0.36363636363636365,8.0,0,3798.92,4.0,16.0
CUST_02724,0,0.04064951,Greater Accra,Accra,Fashion & Apparel,Mobile,0.5,0.6666666666666666,-28.0,2,902.0400000000001,5.0,11.0
CUST_02725,1,0.78339475,Greater Accra,Teshie,Beauty & Personal Care,Mobile,0.0,2.0,9958.0,0,0.0,0.0,9999.0
CUST_02726,1,0.4592735,Western,Tarkwa,Electronics,Mobile,0.0,2.0,9966.0,1,0.0,0.0,9999.0
CUST_02728,1,0.603751,Greater Accra,Accra,None,None,0.0,1.0,0.0,0,0.0,0.0,9999.0
CUST_02729,0,0.60067046,Greater Accra,Accra,None,None,0.0,1.0,0.0,0,0.0,0.0,9999.0
CUST_02730,1,0.669814,Ahafo,Goaso,Electronics,Desktop,0.0,5.0,9983.0,0,0.0,0.0,9999.0
CUST_02731,1,0.8618418,Bono,Sunyani,Fashion & Apparel,Mobile,0.0,1.0,9998.0,9,0.0,0.0,9999.0
CUST_02732,0,0.26550728,Ashanti,Konongo,Phones & Tablets,Desktop,0.5,1.5,22.0,1,143.06,2.0,22.0
CUST_02734,0,0.099883884,Central,Kasoa,Fashion & Apparel,Mobile,-0.391304347826087,0.2647058823529412,98.0,6,8319.38,18.0,103.0
CUST_02735,1,0.7346076,Volta,Hohoe,Phones & Tablets,Mobile,-0.125,0.29411764705882354,768.0,8,165.06,1.0,775.0
CUST_02736,1,0.7104053,Volta,Kpando,Fashion & Apparel,Mobile,0.5,0.2631578947368421,36.0,0,493.88,4.0,52.0
CUST_02737,1,0.7666229,Western,Sekondi,Phones & Tablets,Desktop,0.16666666666666663,0.4444444444444444,27.0,1,2377.22,3.0,36.0
CUST_02738,1,0.81417793,Ashanti,Kumasi,Fashion & Apparel,Mobile,0.0,2.0,9994.0,0,0.0,0.0,9999.0
CUST_02739,1,0.65099627,Greater Accra,Accra,Fashion & Apparel,Desktop,0.3,0.21428571428571427,-40.0,1,1097.97,2.0,25.0
CUST_02741,1,0.71175903,Western North,Bibiani,Home & Kitchen,Mobile,0.0,3.0,9994.0,0,0.0,0.0,9999.0
CUST_02742,0,0.80400556,Central,Kasoa,None,None,0.0,1.0,0.0,0,0.0,0.0,9999.0
CUST_02745,0,0.14579752,Greater Accra,Tema,Electronics,Tablet,-0.2,6.0,102.0,3,2196.27,1.0,106.0
CUST_02746,0,0.16779432,Volta,Hohoe,Electronics,Mobile,-0.09999999999999998,1.125,21.0,2,997.68,5.0,33.0
CUST_02747,1,0.81495315,Volta,Ho,Fashion & Apparel,Mobile,0.14285714285714285,2.6,19.0,3,447.74,2.0,24.0
CUST_02749,0,0.27425906,North East,Nalerigu,Fashion & Apparel,Mobile,0.05652173913043479,0.4166666666666667,16.0,3,1816.1999999999998,2.0,36.0
CUST_02750,1,0.8017789,Volta,Ho,Phones & Tablets,Desktop,-0.3333333333333333,0.75,86.0,3,220.65,1.0,146.0
CUST_02751,0,0.4882041,Ashanti,Ejisu,Phones & Tablets,Mobile,0.0,4.0,9972.0,0,0.0,0.0,9999.0
CUST_02752,1,0.52171403,Upper East,Bolgatanga,Phones & Tablets,Mobile,-0.5,1.5,120.0,1,323.2,1.0,130.0
CUST_02753,1,0.74942875,Greater Accra,Accra,None,None,0.0,1.0,0.0,0,0.0,0.0,9999.0
CUST_02754,1,0.6136201,Upper East,Bolgatanga,None,None,0.0,1.0,0.0,0,0.0,0.0,9999.0
CUST_02755,0,0.6891322,Ahafo,Hwidiem,Beauty & Personal Care,Mobile,-0.25,0.125,119.0,3,138.68,1.0,312.0
CUST_02756,1,0.8636373,Ashanti,Mampong,None,None,0.0,1.0,0.0,0,0.0,0.0,9999.0
CUST_02757,1,0.28106263,Western,Takoradi,Phones & Tablets,Desktop,-0.08333333333333334,5.0,54.0,5,263.26,2.0,63.0
CUST_02758,1,0.44174907,Unknown,Unknown,Phones & Tablets,Mobile,-0.06666666666666671,0.47058823529411764,88.0,3,3168.1200000000003,5.0,88.0
CUST_02759,0,0.5339071,Eastern,Koforidua,Fashion & Apparel,Desktop,0.33333333333333337,1.0,79.0,1,178.03,2.0,81.0
CUST_02763,1,0.85850126,Upper West,Wa,None,None,0.0,1.0,0.0,0,0.0,0.0,9999.0
CUST_02764,0,0.42612806,Greater Accra,Teshie,Health & Wellness,None,0.0,1.0,0.0,0,0.0,0.0,9999.0
CUST_02766,0,0.043579068,Unknown,Unknown,Fashion & Apparel,Mobile,-0.1875,0.18181818181818182,72.0,3,7263.28,15.0,74.0
CUST_02767,1,0.5421982,Ashanti,Konongo,Fashion & Apparel,Desktop,0.0,2.5,9991.0,1,0.0,0.0,9999.0
CUST_02768,0,0.52045447,Greater Accra,Accra,None,None,0.0,1.0,0.0,0,0.0,0.0,9999.0
CUST_02769,1,0.1334974,Ashanti,Kumasi,Health & Wellness,Mobile,0.2857142857142857,2.0,58.0,4,176.43,2.0,77.0
CUST_02770,0,0.5150046,Ahafo,Goaso,Fashion & Apparel,Desktop,0.3333333333333333,1.125,70.0,2,63.4,1.0,84.0
CUST_02772,0,0.43158814,Northern,Tamale,Baby & Kids,None,0.0,1.0,0.0,0,0.0,0.0,9999.0
CUST_02773,0,0.06738393,Ashanti,Obuasi,Fashion & Apparel,Mobile,-0.04184704184704183,0.42857142857142855,13.0,4,11706.74,23.0,16.0
CUST_02774,1,0.37670144,Volta,Hohoe,Electronics,Mobile,0.16666666666666666,7.0,41.0,2,16.63,1.0,41.0
CUST_02775,1,0.5204606,Greater Accra,Dansoman,Home & Kitchen,Mobile,0.0,2.0,9989.0,2,0.0,0.0,9999.0
CUST_02776,1,0.67031115,Ashanti,Kumasi,Fashion & Apparel,Mobile,0.0,7.0,9987.0,3,0.0,0.0,9999.0
CUST_02779,0,0.44063267,Bono,Berekum,Baby & Kids,Mobile,0.0,2.5,9991.0,0,0.0,0.0,9999.0
CUST_02780,1,0.6174682,Ashanti,Kumasi,None,None,0.0,1.0,0.0,0,0.0,0.0,9999.0
CUST_02782,0,0.47795418,Ashanti,Mampong,Electronics,Tablet,-0.15384615384615385,0.391304347826087,158.0,5,695.37,2.0,167.0
CUST_02783,1,0.89977795,Western,Takoradi,Fashion & Apparel,Desktop,0.0,0.4,9986.0,5,0.0,0.0,9999.0
CUST_02784,1,0.63214433,Greater Accra,Madina,Fashion & Apparel,Mobile,-0.3333333333333333,0.7777777777777778,256.0,2,653.95,1.0,290.0
CUST_02785,1,0.55779415,Greater Accra,Tema,Phones & Tablets,Mobile,0.07575757575757575,0.4444444444444444,-16.0,2,258.22,2.0,14.0
CUST_02786,0,0.47378382,Western North,Bibiani,Fashion & Apparel,None,0.0,1.0,0.0,1,0.0,0.0,9999.0
CUST_02787,0,0.03458386,Ashanti,Obuasi,Fashion & Apparel,Mobile,-0.125,0.45454545454545453,27.0,1,11884.18,18.0,30.0
CUST_02789,0,0.46404243,North East,Nalerigu,Electronics,Mobile,-0.35714285714285715,0.18181818181818182,144.0,5,2723.4100000000003,5.0,146.0
CUST_02790,1,0.85948324,Ashanti,Ejisu,Fashion & Apparel,Mobile,-0.16666666666666666,0.17543859649122806,91.0,7,1052.39,7.0,91.0
CUST_02791,0,0.7434429,Ashanti,Mampong,Fashion & Apparel,Tablet,0.07500000000000001,0.7,27.0,3,852.26,2.0,33.0
CUST_02792,1,0.7622467,Volta,Ho,Fashion & Apparel,Desktop,-0.18181818181818182,0.2631578947368421,833.0,8,1496.0,2.0,836.0
CUST_02793,1,0.6450327,Oti,Dambai,Fashion & Apparel,Desktop,-0.08333333333333334,1.375,16.0,2,232.53,3.0,18.0
CUST_02794,1,0.4683378,Ahafo,Kenyasi,Home & Kitchen,Mobile,0.0,2.0,9984.0,1,0.0,0.0,9999.0
CUST_02795,0,0.5075321,Eastern,Akim Oda,Phones & Tablets,Mobile,-1.0,3.0,111.0,3,525.76,1.0,122.0
CUST_02796,1,0.58512354,Upper East,Bolgatanga,Fashion & Apparel,Mobile,0.0,2.0,9987.0,10,0.0,0.0,9999.0
CUST_02798,1,0.6858662,Savannah,Damongo,Beauty & Personal Care,Mobile,1.0,1.0,25.0,0,30.67,1.0,37.0
CUST_02799,0,0.28293353,Oti,Dambai,Fashion & Apparel,Mobile,-0.47058823529411764,0.35294117647058826,141.0,2,1122.26,8.0,161.0
CUST_02801,1,0.7270805,Ashanti,Konongo,Fashion & Apparel,Mobile,-0.3333333333333333,0.6875,183.0,7,107.12,2.0,189.0
CUST_02802,1,0.80799454,Greater Accra,Accra,Phones & Tablets,Mobile,-0.5,0.3333333333333333,357.0,2,48.59,1.0,425.0
CUST_02803,1,0.8683119,Ashanti,Obuasi,Fashion & Apparel,Desktop,-0.03409090909090909,0.26,4.0,2,4936.27,8.0,17.0
CUST_02804,1,0.80120754,Bono,Dormaa Ahenkro,Fashion & Apparel,Mobile,-0.23076923076923078,0.16,177.0,4,2086.85,3.0,191.0
CUST_02805,0,0.2556408,Ashanti,Ejisu,Fashion & Apparel,Tablet,0.25,2.0,-8.0,1,1150.23,2.0,4.0
CUST_02806,1,0.16802695,Greater Accra,Ashaiman,Fashion & Apparel,Mobile,-0.37566137566137564,0.16666666666666666,60.0,6,9791.94,15.0,69.0
CUST_02807,0,0.51728415,Ashanti,Kumasi,Phones & Tablets,Mobile,0.12987012987012986,0.6666666666666666,2.0,0,2592.84,4.0,3.0
CUST_02809,0,0.21744347,Western,Takoradi,Phones & Tablets,Mobile,0.3333333333333333,3.0,1.0,0,74.1,1.0,5.0
CUST_02810,0,0.116670385,Eastern,Koforidua,Fashion & Apparel,Desktop,-0.038961038961038974,0.7333333333333333,24.0,7,620.4300000000001,4.0,30.0
CUST_02811,0,0.28901502,Greater Accra,Accra,Sports & Outdoors,None,0.0,1.0,0.0,1,0.0,0.0,9999.0
CUST_02812,0,0.016460275,North East,Nalerigu,Phones & Tablets,Tablet,-0.1336898395721925,1.5555555555555556,1.0,0,6119.55,13.0,1.0
CUST_02813,1,0.89398116,Bono,Dormaa Ahenkro,Electronics,Mobile,0.0,0.16666666666666666,9862.0,0,0.0,0.0,9999.0
CUST_02815,1,0.6915087,Greater Accra,Madina,Electronics,Mobile,0.0,1.0,9969.0,1,0.0,0.0,9999.0
CUST_02816,0,0.58780056,Greater Accra,Madina,Phones & Tablets,Mobile,0.0,0.35714285714285715,9973.0,8,0.0,0.0,9999.0
CUST_02817,0,0.23168859,Greater Accra,Tema,Electronics,Mobile,0.0,1.5,9972.0,2,0.0,0.0,9999.0
CUST_02820,1,0.75704926,Eastern,Koforidua,Home & Kitchen,Mobile,0.0,4.0,9981.0,2,0.0,0.0,9999.0
CUST_02821,1,0.61835045,Bono,Sunyani,Fashion & Apparel,Desktop,0.14141414141414144,0.10344827586206896,-9.0,2,12861.869999999999,16.0,11.0
CUST_02822,1,0.5461617,Eastern,Suhum,Sports & Outdoors,None,0.0,1.0,0.0,0,0.0,0.0,9999.0
CUST_02823,1,0.24872616,Volta,Ho,Phones & Tablets,Mobile,-0.19047619047619047,0.9,72.0,6,566.99,2.0,73.0
CUST_02824,0,0.44973883,Northern,Tamale,None,None,0.0,1.0,0.0,0,0.0,0.0,9999.0
CUST_02825,1,0.3603138,Greater Accra,Teshie,Phones & Tablets,Mobile,0.3333333333333333,4.0,2.0,1,982.11,2.0,10.0
CUST_02826,1,0.7405408,Ashanti,Kumasi,Electronics,Mobile,-0.5,0.4166666666666667,139.0,1,143.88,1.0,154.0
CUST_02827,0,0.34882298,Western,Tarkwa,Electronics,Mobile,0.11666666666666668,1.1538461538461537,40.0,3,509.28,2.0,46.0
CUST_02829,1,0.73738515,Ashanti,Kumasi,Fashion & Apparel,Desktop,0.0,3.0,9995.0,1,0.0,0.0,9999.0
CUST_02831,1,0.7145049,North East,Nalerigu,Fashion & Apparel,Mobile,0.0,2.5,9998.0,2,0.0,0.0,9999.0
CUST_02832,0,0.29276192,Eastern,Akim Oda,Fashion & Apparel,Mobile,0.0,0.5,9920.0,5,0.0,0.0,9999.0
CUST_02834,1,0.5036795,Eastern,Akim Oda,Fashion & Apparel,Tablet,0.0,2.0,9980.0,0,0.0,0.0,9999.0
CUST_02835,1,0.62298816,Upper East,Navrongo,Fashion & Apparel,Desktop,0.5,4.0,74.0,1,124.13,1.0,76.0
CUST_02836,1,0.78038085,Western,Takoradi,Fashion & Apparel,Mobile,-0.25,0.42857142857142855,613.0,4,407.61,1.0,613.0
CUST_02837,0,0.012664556,Western North,Bibiani,Fashion & Apparel,Desktop,-0.02738336713995937,0.16981132075471697,-17.0,0,49828.24,121.0,0.0
CUST_02839,0,0.044663887,Western,Axim,Fashion & Apparel,Mobile,-0.4464285714285714,0.8181818181818182,29.0,4,3455.3700000000003,17.0,29.0
CUST_02840,0,0.47504452,Western,Takoradi,Electronics,Desktop,0.0,3.0,9970.0,2,0.0,0.0,9999.0
CUST_02841,1,0.6152808,Eastern,Nkawkaw,Phones & Tablets,Mobile,0.0,3.0,9996.0,0,0.0,0.0,9999.0
CUST_02842,1,0.74118763,Greater Accra,Teshie,Electronics,Mobile,-0.3333333333333333,0.3333333333333333,102.0,3,27.68,1.0,185.0
CUST_02843,0,0.093967974,Greater Accra,Accra,Phones & Tablets,Mobile,-0.05555555555555558,0.3157894736842105,14.0,5,1628.09,8.0,27.0
CUST_02844,1,0.8793964,Greater Accra,Teshie,Fashion & Apparel,Mobile,-0.2,0.16666666666666666,284.0,1,302.65,1.0,324.0
CUST_02845,0,0.35337266,Bono East,Techiman,Electronics,Desktop,1.0,3.5,8.0,0,44.56,1.0,11.0
CUST_02846,1,0.8670594,Ashanti,Konongo,Baby & Kids,None,0.0,1.0,0.0,0,0.0,0.0,9999.0
CUST_02847,1,0.85109013,Ashanti,Bekwai,Fashion & Apparel,Desktop,0.0,0.6666666666666666,9997.0,5,0.0,0.0,9999.0
CUST_02848,0,0.6188265,Northern,Yendi,None,None,0.0,1.0,0.0,0,0.0,0.0,9999.0
CUST_02849,1,0.39416164,Ashanti,Kumasi,Fashion & Apparel,Desktop,0.0,1.8333333333333333,9990.0,2,0.0,0.0,9999.0
CUST_02850,1,0.74479467,Eastern,Koforidua,Fashion & Apparel,Mobile,0.0,3.0,9962.0,0,0.0,0.0,9999.0
CUST_02851,0,0.35668835,Greater Accra,Teshie,Fashion & Apparel,Mobile,0.0,0.3333333333333333,9992.0,6,0.0,0.0,9999.0
CUST_02852,1,0.7465211,Oti,Nkwanta,Beauty & Personal Care,None,0.0,1.0,0.0,0,0.0,0.0,9999.0
CUST_02854,0,0.360708,Bono East,Kintampo,Phones & Tablets,Mobile,0.0888888888888889,0.23529411764705882,2.0,0,358.03999999999996,2.0,11.0
CUST_02856,1,0.4911385,Unknown,Unknown,Electronics,Mobile,0.3333333333333333,2.5,20.0,0,499.35,1.0,32.0
CUST_02857,1,0.62871647,Greater Accra,Accra,None,None,0.0,1.0,0.0,0,0.0,0.0,9999.0
CUST_02861,1,0.7256319,Eastern,Akim Oda,Fashion & Apparel,Mobile,-0.0625,0.2727272727272727,144.0,13,604.5500000000001,2.0,165.0
CUST_02862,0,0.59707373,Central,Elmina,Fashion & Apparel,Desktop,0.0,3.0,9997.0,3,0.0,0.0,9999.0
CUST_02863,1,0.73778427,Greater Accra,Teshie,Phones & Tablets,Mobile,0.2142857142857143,0.13157894736842105,52.0,2,2100.0099999999998,10.0,58.0
CUST_02864,1,0.5837754,Eastern,Nkawkaw,Electronics,Tablet,0.0,0.3333333333333333,9882.0,4,0.0,0.0,9999.0
CUST_02865,1,0.44279248,Volta,Ho,Electronics,Mobile,0.3333333333333333,3.5,39.0,1,327.09,1.0,40.0
CUST_02866,1,0.76200455,Eastern,Nkawkaw,Phones & Tablets,Mobile,0.0,1.5,9999.0,2,0.0,0.0,9999.0
CUST_02867,0,0.13366254,Northern,Tamale,Electronics,Desktop,-0.7777777777777778,3.25,2.0,0,330.07,3.0,6.0
CUST_02868,1,0.77741176,Ashanti,Obuasi,Fashion & Apparel,Desktop,0.0,1.0,9966.0,3,0.0,0.0,9999.0
CUST_02869,0,0.48010957,Upper East,Bawku,Electronics,None,0.0,1.0,0.0,0,0.0,0.0,9999.0
CUST_02870,0,0.44816533,Central,Kasoa,Home & Kitchen,Mobile,1.0,2.0,-17.0,0,90.68,1.0,11.0
CUST_02871,0,0.47483188,Ashanti,Bekwai,Fashion & Apparel,Desktop,-0.07692307692307693,0.43478260869565216,319.0,10,117.49,1.0,329.0
CUST_02872,1,0.7440311,Ashanti,Kumasi,Fashion & Apparel,Tablet,-0.14634146341463414,0.24390243902439024,355.0,25,4597.34,6.0,355.0
CUST_02873,0,0.10041696,Western,Tarkwa,Fashion & Apparel,Tablet,-0.1111111111111111,0.4074074074074074,-11.0,0,1633.8700000000001,9.0,0.0
CUST_02874,0,0.40891013,Bono,Sunyani,Phones & Tablets,Mobile,0.0,7.0,9986.0,0,0.0,0.0,9999.0
CUST_02875,1,0.7590953,Eastern,Suhum,Beauty & Personal Care,Desktop,0.25,0.5,-14.0,0,574.23,2.0,9.0
CUST_02876,0,0.09169395,Ashanti,Kumasi,Fashion & Apparel,Desktop,0.0357142857142857,1.25,2.0,1,1673.8500000000001,3.0,4.0
CUST_02877,1,0.22572088,Bono East,Techiman,Beauty & Personal Care,Desktop,0.125,2.5,72.0,8,57.98,1.0,90.0
CUST_02878,1,0.67949903,Volta,Ho,None,None,0.0,1.0,0.0,0,0.0,0.0,9999.0
CUST_02879,1,0.73878175,Eastern,Akim Oda,Beauty & Personal Care,Desktop,0.0,1.25,9988.0,1,0.0,0.0,9999.0
CUST_02881,0,0.2744837,Greater Accra,Tema,Baby & Kids,Mobile,1.0,2.0,-3.0,0,179.45,1.0,21.0
CUST_02882,1,0.6672296,Western,Sekondi,Fashion & Apparel,Mobile,0.0,0.6,9964.0,2,0.0,0.0,9999.0
CUST_02883,1,0.7450563,Ashanti,Kumasi,None,None,0.0,1.0,0.0,0,0.0,0.0,9999.0
CUST_02886,0,0.11096572,Eastern,Nkawkaw,Fashion & Apparel,Mobile,0.12834224598930483,0.2972972972972973,9.0,1,6388.68,12.0,24.0
CUST_02887,1,0.6242915,Central,Elmina,Electronics,Tablet,0.0,3.0,9991.0,2,0.0,0.0,9999.0
CUST_02888,1,0.6330529,Ahafo,Kenyasi,Phones & Tablets,Desktop,0.0,8.0,9996.0,5,0.0,0.0,9999.0
CUST_02889,0,0.40030396,Upper East,Bolgatanga,Fashion & Apparel,Mobile,-0.3181818181818182,0.4722222222222222,79.0,12,4085.07,7.0,93.0
CUST_02890,0,0.6034876,Eastern,Koforidua,Fashion & Apparel,Mobile,0.0,0.26666666666666666,9968.0,4,0.0,0.0,9999.0
CUST_02891,0,0.3572723,Volta,Ho,Electronics,Desktop,0.5,5.0,7.0,0,46.84,1.0,15.0
CUST_02892,1,0.65020066,Central,Elmina,Phones & Tablets,Mobile,-0.125,0.7777777777777778,194.0,3,1328.77,1.0,200.0
CUST_02893,0,0.43073523,Eastern,Suhum,Fashion & Apparel,Mobile,0.2857142857142857,0.7692307692307693,5.0,2,366.55,2.0,10.0
CUST_02894,0,0.07447302,Greater Accra,Tema,Phones & Tablets,Tablet,-0.41666666666666663,2.5,-17.0,0,1206.25,3.0,0.0
CUST_02896,1,0.85268,Ashanti,Kumasi,Fashion & Apparel,Desktop,-0.0222222222222222,0.22580645161290322,-1.0,0,1651.13,3.0,1.0
CUST_02897,1,0.36799657,Ahafo,Goaso,Beauty & Personal Care,Desktop,0.5,1.3333333333333333,78.0,2,136.8,1.0,89.0
CUST_02898,1,0.66361225,Ashanti,Obuasi,Fashion & Apparel,Mobile,0.0,3.0,9995.0,0,0.0,0.0,9999.0
CUST_02899,1,0.73204,Oti,Dambai,Fashion & Apparel,Mobile,0.0,2.5,9994.0,0,0.0,0.0,9999.0
CUST_02902,1,0.5048261,Central,Swedru,Electronics,Mobile,-0.3333333333333333,0.38461538461538464,115.0,2,216.52,3.0,121.0
CUST_02904,0,0.025896369,Ashanti,Konongo,Fashion & Apparel,Mobile,-0.2857142857142857,6.0,1.0,0,3476.2,13.0,1.0
CUST_02905,1,0.1295878,Greater Accra,Madina,Fashion & Apparel,Desktop,-0.16666666666666669,3.3333333333333335,74.0,1,1199.3,3.0,80.0
CUST_02907,1,0.95718426,Eastern,Nkawkaw,Phones & Tablets,Mobile,0.0,0.125,9882.0,1,0.0,0.0,9999.0
CUST_02908,1,0.4723227,Northern,Yendi,None,None,0.0,1.0,0.0,0,0.0,0.0,9999.0
CUST_02909,0,0.29075202,Ashanti,Obuasi,Health & Wellness,Mobile,0.0,2.0,9965.0,1,0.0,0.0,9999.0
CUST_02910,0,0.49029064,Greater Accra,Dansoman,Fashion & Apparel,Mobile,0.0,2.0,9992.0,0,0.0,0.0,9999.0
CUST_02911,0,0.5580285,Ashanti,Konongo,None,None,0.0,1.0,0.0,0,0.0,0.0,9999.0
CUST_02913,1,0.8214229,Volta,Kpando,Fashion & Apparel,Mobile,-0.1,0.5,341.0,13,152.29,1.0,351.0
CUST_02914,1,0.88579774,Eastern,Koforidua,Fashion & Apparel,Desktop,1.0,0.3,81.0,0,83.74,1.0,82.0
CUST_02915,1,0.77924556,Central,Cape Coast,None,None,0.0,1.0,0.0,0,0.0,0.0,9999.0
CUST_02916,0,0.2747254,Greater Accra,Tema,Fashion & Apparel,Desktop,0.1590909090909091,0.7142857142857143,32.0,1,744.46,3.0,33.0
CUST_02917,0,0.010328313,Savannah,Damongo,Fashion & Apparel,Desktop,0.19871794871794873,0.8333333333333334,-12.0,0,9737.57,17.0,3.0
CUST_02918,0,0.84072256,Volta,Aflao,Phones & Tablets,Mobile,0.0,0.25,9952.0,1,0.0,0.0,9999.0
CUST_02919,1,0.809311,Ashanti,Kumasi,Fashion & Apparel,Mobile,0.0,3.0,9966.0,0,0.0,0.0,9999.0
CUST_02920,0,0.27619162,Central,Winneba,Fashion & Apparel,Mobile,1.0,3.0,-9.0,0,2654.5,2.0,8.0
CUST_02921,1,0.36889586,Greater Accra,Tema,Health & Wellness,Desktop,0.0,2.0,9972.0,0,0.0,0.0,9999.0
CUST_02922,0,0.17821309,Oti,Dambai,Phones & Tablets,Mobile,-0.6666666666666667,0.75,3.0,0,5294.49,3.0,6.0
CUST_02923,1,0.7613865,Greater Accra,Madina,Home & Kitchen,Mobile,-0.5,0.16666666666666666,55.0,1,351.95,1.0,132.0
CUST_02925,1,0.67249024,Ashanti,Kumasi,Electronics,Mobile,0.0,4.0,9993.0,1,0.0,0.0,9999.0
CUST_02926,1,0.4073769,Volta,Keta,Fashion & Apparel,Mobile,0.027777777777777762,0.2,23.0,0,3782.8,9.0,25.0
CUST_02927,1,0.7855796,Northern,Yendi,Electronics,Tablet,0.0,1.6,9985.0,3,0.0,0.0,9999.0
CUST_02928,0,0.12997463,Volta,Ho,Fashion & Apparel,Tablet,-0.3902439024390244,0.3,91.0,5,5128.19,16.0,98.0
CUST_02929,1,0.68814087,Western,Takoradi,Fashion & Apparel,Mobile,0.3333333333333333,0.5555555555555556,39.0,3,68.39,1.0,85.0
CUST_02930,1,0.86360794,Western North,Enchi,Phones & Tablets,Mobile,0.0,13.0,9994.0,6,0.0,0.0,9999.0
CUST_02931,0,0.13968039,Greater Accra,Accra,Phones & Tablets,Desktop,-0.33333333333333337,1.6666666666666667,26.0,2,1165.8899999999999,4.0,26.0
CUST_02932,0,0.12906958,Ashanti,Kumasi,Fashion & Apparel,Mobile,-0.1333333333333333,0.7272727272727273,-17.0,0,906.89,3.0,3.0
CUST_02934,1,0.8485985,North East,Walewale,Beauty & Personal Care,Mobile,0.0,0.5,9899.0,0,0.0,0.0,9999.0
CUST_02935,0,0.058814872,Ashanti,Ejisu,Fashion & Apparel,Mobile,0.0,0.3333333333333333,-67.0,1,3637.42,9.0,9.0
CUST_02937,0,0.61662817,Volta,Ho,Phones & Tablets,Mobile,-0.1111111111111111,0.8333333333333334,188.0,11,239.0,1.0,209.0
CUST_02938,0,0.4752417,Ashanti,Mampong,Fashion & Apparel,Mobile,0.0,1.25,9976.0,2,0.0,0.0,9999.0
CUST_02939,1,0.9370974,Ashanti,Kumasi,Phones & Tablets,Desktop,0.0,0.42857142857142855,9991.0,0,0.0,0.0,9999.0
CUST_02941,1,0.7985219,Eastern,Akim Oda,None,Desktop,0.0,2.0,9998.0,0,0.0,0.0,9999.0
CUST_02942,1,0.22578001,Ashanti,Kumasi,Home & Kitchen,Desktop,0.2,1.0,47.0,3,268.34,1.0,72.0
CUST_02943,1,0.6947594,Greater Accra,Teshie,None,None,0.0,1.0,0.0,0,0.0,0.0,9999.0
CUST_02944,1,0.6962258,Bono East,Atebubu,Fashion & Apparel,Mobile,-0.3333333333333333,0.4666666666666667,160.0,8,288.46000000000004,3.0,169.0
CUST_02945,1,0.7828584,Oti,Dambai,Electronics,Mobile,-0.25,0.5,306.0,2,120.42,1.0,323.0
CUST_02947,1,0.75647056,Ashanti,Konongo,Health & Wellness,Mobile,0.0,2.0,9998.0,0,0.0,0.0,9999.0
CUST_02948,1,0.71949047,Greater Accra,Dansoman,Fashion & Apparel,Desktop,0.0,3.0,9987.0,5,0.0,0.0,9999.0
CUST_02949,0,0.60922617,Volta,Ho,Electronics,Mobile,0.0,4.0,9997.0,2,0.0,0.0,9999.0
CUST_02950,1,0.7886676,Bono,Berekum,Fashion & Apparel,Mobile,-0.4782608695652174,0.2222222222222222,36.0,1,2355.09,11.0,101.0
CUST_02951,0,0.49328688,Greater Accra,Accra,Electronics,Mobile,0.0,0.3333333333333333,9973.0,2,0.0,0.0,9999.0
CUST_02952,0,0.2500444,Greater Accra,Ashaiman,Phones & Tablets,Mobile,-0.5,0.5714285714285714,9.0,1,4936.92,5.0,49.0
CUST_02953,1,0.7327519,Upper East,Bolgatanga,Fashion & Apparel,Mobile,0.0,0.42857142857142855,9948.0,2,0.0,0.0,9999.0
CUST_02954,1,0.67488563,Western,Sekondi,Baby & Kids,Mobile,0.0,4.0,9990.0,0,0.0,0.0,9999.0
CUST_02955,1,0.68275553,Greater Accra,Accra,Phones & Tablets,Desktop,0.0,0.1111111111111111,9962.0,4,0.0,0.0,9999.0
CUST_02956,0,0.020879857,Western,Takoradi,Phones & Tablets,Desktop,0.041904761904761945,0.6818181818181818,-1.0,2,21485.73,17.0,10.0
CUST_02957,1,0.86426413,Ashanti,Ejisu,Fashion & Apparel,Desktop,0.0,0.6666666666666666,9992.0,23,0.0,0.0,9999.0
CUST_02958,0,0.15065324,Ashanti,Mampong,Phones & Tablets,Desktop,-0.125,0.3333333333333333,5.0,0,2731.3900000000003,7.0,34.0
CUST_02959,1,0.7336359,Northern,Yendi,None,None,0.0,1.0,0.0,0,0.0,0.0,9999.0
CUST_02960,1,0.64635926,Upper East,Navrongo,Electronics,Mobile,0.5,0.8571428571428571,5.0,0,3424.77,5.0,39.0
CUST_02962,0,0.27841598,Upper West,Wa,Electronics,Desktop,0.0,3.0,9980.0,2,0.0,0.0,9999.0
CUST_02963,1,0.47162038,Ashanti,Obuasi,Fashion & Apparel,None,0.0,1.0,0.0,0,0.0,0.0,9999.0
CUST_02964,0,0.3326791,Northern,Tamale,Phones & Tablets,Desktop,-0.18181818181818182,0.14285714285714285,461.0,18,1753.45,4.0,484.0
CUST_02965,0,0.14378549,Eastern,Nkawkaw,Phones & Tablets,Mobile,-0.16666666666666663,0.7272727272727273,60.0,0,2733.45,3.0,62.0
CUST_02966,1,0.80151355,Western North,Bibiani,Beauty & Personal Care,Mobile,0.0,1.0,9952.0,1,0.0,0.0,9999.0
CUST_02967,0,0.35615852,Western North,Bibiani,Fashion & Apparel,Mobile,0.018181818181818188,0.46153846153846156,68.0,3,6578.03,3.0,73.0
CUST_02968,1,0.8364481,Greater Accra,Madina,Books & Stationery,Mobile,0.0,1.0,9919.0,0,0.0,0.0,9999.0
CUST_02969,1,0.9227147,Upper West,Lawra,Phones & Tablets,Desktop,0.0,0.23076923076923078,9982.0,2,0.0,0.0,9999.0
CUST_02970,1,0.77021366,Bono,Sunyani,Fashion & Apparel,Mobile,0.0,4.0,9992.0,0,0.0,0.0,9999.0
CUST_02971,0,0.17148508,Upper East,Bolgatanga,Phones & Tablets,Desktop,0.2,4.0,39.0,4,198.98,1.0,64.0
CUST_02973,0,0.3608823,Upper East,Bolgatanga,Phones & Tablets,Mobile,-0.5,0.4166666666666667,204.0,2,1822.1799999999998,2.0,222.0
CUST_02974,0,0.22136982,Bono,Sunyani,Fashion & Apparel,Mobile,0.5,0.7777777777777778,80.0,1,3057.4399999999996,3.0,84.0
CUST_02975,1,0.5843731,Ashanti,Kumasi,Fashion & Apparel,Desktop,0.0,6.0,9966.0,1,0.0,0.0,9999.0
CUST_02977,1,0.85041636,Greater Accra,Accra,Fashion & Apparel,Mobile,0.0,0.2222222222222222,9997.0,14,0.0,0.0,9999.0
CUST_02979,0,0.12694645,Central,Winneba,Fashion & Apparel,Desktop,0.2857142857142857,0.625,38.0,3,622.38,2.0,56.0
CUST_02980,0,0.037599325,Central,Kasoa,Fashion & Apparel,Mobile,-0.14035087719298245,0.15384615384615385,-18.0,1,12821.68,31.0,12.0
CUST_02981,0,0.46143216,Western,Tarkwa,Health & Wellness,Mobile,0.0,1.5,9943.0,2,0.0,0.0,9999.0
CUST_02982,0,0.6594182,Greater Accra,Madina,None,None,0.0,1.0,0.0,0,0.0,0.0,9999.0
CUST_02983,1,0.8567729,Oti,Nkwanta,Fashion & Apparel,Mobile,0.0,0.16666666666666666,9812.0,0,0.0,0.0,9999.0
CUST_02984,1,0.912071,Greater Accra,Tema,Fashion & Apparel,Mobile,-0.5,0.2,57.0,0,1876.83,2.0,128.0
CUST_02985,0,0.084041364,Greater Accra,Accra,Phones & Tablets,Mobile,-0.15,1.3333333333333333,-14.0,0,325.92999999999995,3.0,0.0
CUST_02986,0,0.3169102,Greater Accra,Madina,Fashion & Apparel,Mobile,-0.16216216216216217,0.4,432.0,25,682.75,6.0,434.0
CUST_02988,0,0.49632257,Upper West,Jirapa,Electronics,Mobile,0.0,0.6666666666666666,9940.0,5,0.0,0.0,9999.0
CUST_02989,0,0.34002775,Volta,Aflao,Fashion & Apparel,Desktop,0.5,0.8,31.0,1,613.15,1.0,64.0
CUST_02990,0,0.40447924,Bono,Berekum,Electronics,Desktop,0.0,0.4,9989.0,5,0.0,0.0,9999.0
CUST_02992,1,0.75590616,Central,Cape Coast,Fashion & Apparel,Mobile,0.0,1.2222222222222223,9994.0,8,0.0,0.0,9999.0
CUST_02993,1,0.6383424,Eastern,Koforidua,Fashion & Apparel,Mobile,0.0,2.0,9955.0,0,0.0,0.0,9999.0
CUST_02994,0,0.3039159,Eastern,Akim Oda,Phones & Tablets,Desktop,1.0,2.0,18.0,0,2039.45,2.0,33.0
CUST_02996,0,0.40700945,Volta,Hohoe,Fashion & Apparel,Mobile,-0.3333333333333333,0.3333333333333333,337.0,5,398.01,3.0,337.0
CUST_02998,0,0.46506444,Northern,Savelugu,Groceries & Food,Mobile,0.0,2.0,9999.0,0,0.0,0.0,9999.0
CUST_02999,1,0.8144866,Eastern,Koforidua,Fashion & Apparel,None,0.0,1.0,0.0,0,0.0,0.0,9999.0
CUST_03000,0,0.09266627,Greater Accra,Dansoman,Phones & Tablets,Desktop,-0.4,0.42105263157894735,105.0,5,4541.1,8.0,106.0
