purchase_id,customer_id,product_id,product_name,purchase_amount,purchase_date,payment_method
PUR_000001,CUST_00002,PROD_0183,Non-stick Cooking Pot Set,595.5,2024-01-02,Mobile Money
PUR_000002,CUST_00002,PROD_0002,Ladies Kaftan Gown,206.14,2025-12-18,Mobile Money
PUR_000003,CUST_00002,PROD_0271,Kids' Bicycle,90.38,2026-02-24,Card
PUR_000004,CUST_00002,PROD_0172,Curtain Set,163.94,2026-05-15,Cash on Delivery
PUR_000005,CUST_00003,PROD_0001,Traditional Smock (Fugu),82.01,2025-11-17,Mobile Money
PUR_000006,CUST_00003,PROD_0178,Gas Cooker (4-Burner),376.19,2026-01-18,Mobile Money
PUR_000007,CUST_00003,PROD_0274,Baby Carrier,143.2,2026-02-02,Mobile Money
PUR_000008,CUST_00003,PROD_0140,Electric Iron,92.83,2026-03-26,Cash on Delivery
PUR_000009,CUST_00003,PROD_0001,Traditional Smock (Fugu),216.69,2026-08-25,Mobile Money
PUR_000010,CUST_00005,PROD_0034,Men's Casual Blazer,81.99,2026-07-26,Cash on Delivery
PUR_000011,CUST_00005,PROD_0247,Bathroom Weighing Scale,59.63,2026-08-02,Bank Transfer
PUR_000012,CUST_00005,PROD_0005,Men's Casual Blazer,144.73,2026-08-20,Mobile Money
PUR_000013,CUST_00005,PROD_0069,Phone Charger (Type-C),2172.65,2026-08-24,Mobile Money
PUR_000014,CUST_00008,PROD_0233,Multivitamin Tablets,44.41,2024-11-20,Mobile Money
PUR_000015,CUST_00008,PROD_0212,Perfume (100ml),36.1,2025-09-13,Mobile Money
PUR_000016,CUST_00008,PROD_0295,Canned Tuna,55.55,2026-01-28,Mobile Money
PUR_000017,CUST_00008,PROD_0204,Beard Grooming Kit,81.1,2026-03-14,Mobile Money
PUR_000018,CUST_00008,PROD_0006,Men's Casual Blazer,85.74,2026-05-01,Mobile Money
PUR_000019,CUST_00008,PROD_0028,Men's Casual Blazer,67.44,2026-06-04,Card
PUR_000020,CUST_00009,PROD_0212,Perfume (100ml),58.44,2026-03-27,Mobile Money
PUR_000021,CUST_00010,PROD_0271,Kids' Bicycle,131.31,2026-03-24,Mobile Money
PUR_000022,CUST_00010,PROD_0271,Kids' Bicycle,46.78,2026-04-01,Cash on Delivery
PUR_000023,CUST_00010,PROD_0166,Gas Cooker (4-Burner),129.62,2026-04-16,Cash on Delivery
PUR_000024,CUST_00012,PROD_0188,Water Dispenser,159.33,2024-07-03,Cash on Delivery
PUR_000025,CUST_00012,PROD_0166,Gas Cooker (4-Burner),258.1,2025-01-24,Mobile Money
PUR_000026,CUST_00012,PROD_0218,Skin Toner,57.59,2025-04-03,Card
PUR_000027,CUST_00012,PROD_0091,iPhone 13,923.11,2025-04-07,Mobile Money
PUR_000028,CUST_00012,PROD_0122,Electric Iron,620.43,2025-04-13,Cash on Delivery
PUR_000029,CUST_00012,PROD_0037,Wax Print Skirt,42.12,2026-07-15,Card
PUR_000030,CUST_00013,PROD_0054,Men's Slim Fit Jeans,80.41,2025-04-18,Mobile Money
PUR_000031,CUST_00013,PROD_0067,iPhone 13,190.06,2025-09-09,Mobile Money
PUR_000032,CUST_00013,PROD_0201,Storage Containers Set,50.41,2025-12-10,Mobile Money
PUR_000033,CUST_00013,PROD_0064,Leather Sandals,127.52,2026-04-04,Mobile Money
PUR_000034,CUST_00013,PROD_0219,Braided Hair Extension,57.14,2026-04-28,Card
PUR_000035,CUST_00013,PROD_0067,iPhone 13,601.35,2026-04-29,Cash on Delivery
PUR_000036,CUST_00016,PROD_0147,LED Bulb Pack,98.65,2026-08-20,Cash on Delivery
PUR_000037,CUST_00018,PROD_0071,Bluetooth Headset,1753.16,2026-07-14,Cash on Delivery
PUR_000038,CUST_00019,PROD_0007,Kente Print Shirt,172.15,2026-06-05,Card
PUR_000039,CUST_00019,PROD_0071,Bluetooth Headset,1026.13,2026-07-06,Card
PUR_000040,CUST_00019,PROD_0233,Multivitamin Tablets,79.59,2026-07-19,Mobile Money
PUR_000041,CUST_00020,PROD_0244,Bathroom Weighing Scale,155.2,2026-08-12,Mobile Money
PUR_000042,CUST_00020,PROD_0236,Glucometer Kit,54.32,2026-08-23,Mobile Money
PUR_000043,CUST_00021,PROD_0256,Camping Tent,89.1,2025-10-12,Card
PUR_000044,CUST_00021,PROD_0139,Digital Camera,1140.76,2026-02-05,Cash on Delivery
PUR_000045,CUST_00021,PROD_0273,Baby Diapers Pack,135.44,2026-03-01,Card
PUR_000046,CUST_00021,PROD_0269,Yoga Mat,140.5,2026-03-29,Mobile Money
PUR_000047,CUST_00021,PROD_0044,Women's Maxi Dress,40.42,2026-04-17,Mobile Money
PUR_000048,CUST_00021,PROD_0019,Men's Casual Blazer,164.41,2026-04-18,Cash on Delivery
PUR_000049,CUST_00021,PROD_0122,Electric Iron,322.05,2026-07-30,Card
PUR_000050,CUST_00025,PROD_0255,Water Bottle (1L),75.85,2026-02-04,Card
PUR_000051,CUST_00025,PROD_0086,Tecno Spark 10,1926.34,2026-04-05,Mobile Money
PUR_000052,CUST_00025,PROD_0126,Gaming Console,534.44,2026-04-23,Cash on Delivery
PUR_000053,CUST_00025,PROD_0122,Electric Iron,636.67,2026-05-09,Cash on Delivery
PUR_000054,CUST_00025,PROD_0221,Nail Polish Set,60.47,2026-06-02,Mobile Money
PUR_000055,CUST_00025,PROD_0052,Ladies Kaftan Gown,123.52,2026-08-16,Card
PUR_000056,CUST_00026,PROD_0287,Highlighter Set,28.3,2025-06-04,Mobile Money
PUR_000057,CUST_00026,PROD_0068,Redmi Note 12,1399.5,2025-06-21,Mobile Money
PUR_000058,CUST_00026,PROD_0001,Traditional Smock (Fugu),192.08,2025-07-04,Mobile Money
PUR_000059,CUST_00026,PROD_0285,Baby Bath Tub,83.55,2025-08-14,Card
PUR_000060,CUST_00026,PROD_0007,Kente Print Shirt,102.94,2025-08-14,Card
PUR_000061,CUST_00026,PROD_0256,Camping Tent,114.75,2025-08-17,Cash on Delivery
PUR_000062,CUST_00026,PROD_0285,Baby Bath Tub,145.16,2025-08-22,Cash on Delivery
PUR_000063,CUST_00026,PROD_0122,Electric Iron,884.37,2025-08-30,Cash on Delivery
PUR_000064,CUST_00026,PROD_0166,Gas Cooker (4-Burner),283.65,2025-09-20,Mobile Money
PUR_000065,CUST_00026,PROD_0068,Redmi Note 12,504.56,2025-09-21,Mobile Money
PUR_000066,CUST_00026,PROD_0005,Men's Casual Blazer,217.68,2025-10-10,Bank Transfer
PUR_000067,CUST_00026,PROD_0200,Dining Table Set,232.84,2025-10-20,Cash on Delivery
PUR_000068,CUST_00026,PROD_0124,LED Bulb Pack,403.32,2025-11-08,Bank Transfer
PUR_000069,CUST_00026,PROD_0242,Protein Powder,88.23,2025-11-12,Mobile Money
PUR_000070,CUST_00026,PROD_0281,Educational Toy Set,75.92,2025-11-16,Mobile Money
PUR_000071,CUST_00026,PROD_0068,Redmi Note 12,2087.68,2025-11-23,Cash on Delivery
PUR_000072,CUST_00026,PROD_0122,Electric Iron,558.0,2025-11-26,Mobile Money
PUR_000073,CUST_00026,PROD_0001,Traditional Smock (Fugu),158.08,2025-11-28,Mobile Money
PUR_000074,CUST_00026,PROD_0167,Bedsheet Set (Queen),146.06,2025-12-13,Mobile Money
PUR_000075,CUST_00026,PROD_0133,Bluetooth Speaker,462.34,2025-12-21,Cash on Delivery
PUR_000076,CUST_00026,PROD_0233,Multivitamin Tablets,69.99,2026-01-10,Mobile Money
PUR_000077,CUST_00026,PROD_0002,Ladies Kaftan Gown,94.13,2026-01-14,Mobile Money
PUR_000078,CUST_00026,PROD_0001,Traditional Smock (Fugu),158.95,2026-01-17,Mobile Money
PUR_000079,CUST_00026,PROD_0079,iPhone 13,684.39,2026-02-02,Mobile Money
PUR_000080,CUST_00026,PROD_0225,Facial Cleanser,60.57,2026-02-02,Card
PUR_000081,CUST_00026,PROD_0008,Kente Print Shirt,272.21,2026-02-09,Cash on Delivery
PUR_000082,CUST_00026,PROD_0295,Canned Tuna,70.67,2026-02-11,Cash on Delivery
PUR_000083,CUST_00026,PROD_0293,A4 Printing Paper Ream,29.48,2026-02-16,Mobile Money
PUR_000084,CUST_00026,PROD_0043,Men's Formal Suit,111.11,2026-03-08,Cash on Delivery
PUR_000085,CUST_00026,PROD_0010,Traditional Smock (Fugu),175.41,2026-03-11,Mobile Money
PUR_000086,CUST_00026,PROD_0001,Traditional Smock (Fugu),91.02,2026-03-14,Mobile Money
PUR_000087,CUST_00026,PROD_0286,Hardcover Notebook,22.04,2026-03-19,Card
PUR_000088,CUST_00026,PROD_0121,Blender (4L),135.55,2026-03-25,Mobile Money
PUR_000089,CUST_00026,PROD_0168,Rice Cooker,70.51,2026-04-11,Bank Transfer
PUR_000090,CUST_00026,PROD_0290,Exercise Books Pack,48.35,2026-04-11,Card
PUR_000091,CUST_00026,PROD_0075,Redmi Note 12,4093.54,2026-04-15,Mobile Money
PUR_000092,CUST_00026,PROD_0194,Rice Cooker,264.22,2026-04-23,Bank Transfer
PUR_000093,CUST_00026,PROD_0012,Children's T-Shirt Set,276.48,2026-05-06,Mobile Money
PUR_000094,CUST_00026,PROD_0182,Curtain Set,193.72,2026-05-10,Cash on Delivery
PUR_000095,CUST_00026,PROD_0284,Baby Bath Tub,224.28,2026-05-10,Mobile Money
PUR_000096,CUST_00026,PROD_0014,Men's Slim Fit Jeans,114.02,2026-05-13,Cash on Delivery
PUR_000097,CUST_00026,PROD_0233,Multivitamin Tablets,34.78,2026-05-14,Cash on Delivery
PUR_000098,CUST_00026,PROD_0029,Women's Maxi Dress,87.19,2026-05-15,Card
PUR_000099,CUST_00026,PROD_0002,Ladies Kaftan Gown,330.43,2026-06-05,Mobile Money
PUR_000100,CUST_00026,PROD_0271,Kids' Bicycle,111.89,2026-06-09,Cash on Delivery
PUR_000101,CUST_00026,PROD_0089,Samsung Galaxy A14,1277.68,2026-06-09,Mobile Money
PUR_000102,CUST_00026,PROD_0126,Gaming Console,509.46,2026-06-10,Card
PUR_000103,CUST_00026,PROD_0107,Samsung Galaxy Tab A8,1105.58,2026-06-12,Mobile Money
PUR_000104,CUST_00026,PROD_0169,Bedsheet Set (Queen),1029.61,2026-06-13,Bank Transfer
PUR_000105,CUST_00026,PROD_0238,Digital Blood Pressure Monitor,97.04,2026-06-17,Cash on Delivery
PUR_000106,CUST_00026,PROD_0269,Yoga Mat,336.02,2026-07-19,Mobile Money
PUR_000107,CUST_00026,PROD_0080,Infinix Hot 30,631.78,2026-08-05,Card
PUR_000108,CUST_00026,PROD_0272,Baby Carrier,174.98,2026-08-08,Mobile Money
PUR_000109,CUST_00026,PROD_0255,Water Bottle (1L),383.21,2026-08-21,Bank Transfer
PUR_000110,CUST_00026,PROD_0237,Multivitamin Tablets,57.54,2026-08-30,Mobile Money
PUR_000111,CUST_00029,PROD_0216,Skin Toner,27.96,2026-06-30,Mobile Money
PUR_000112,CUST_00029,PROD_0202,Deodorant Roll-on,55.86,2026-08-06,Cash on Delivery
PUR_000113,CUST_00031,PROD_0170,Rice Cooker,203.39,2026-03-26,Mobile Money
PUR_000114,CUST_00031,PROD_0167,Bedsheet Set (Queen),477.84,2026-04-20,Cash on Delivery
PUR_000115,CUST_00031,PROD_0073,Redmi Note 12,770.42,2026-06-30,Mobile Money
PUR_000116,CUST_00031,PROD_0121,Blender (4L),1037.45,2026-07-30,Cash on Delivery
PUR_000117,CUST_00031,PROD_0003,Cotton Polo Shirt,122.02,2026-07-31,Mobile Money
PUR_000118,CUST_00031,PROD_0194,Rice Cooker,282.36,2026-08-21,Mobile Money
PUR_000119,CUST_00031,PROD_0121,Blender (4L),1035.03,2026-09-03,Mobile Money
PUR_000120,CUST_00032,PROD_0003,Cotton Polo Shirt,73.98,2026-07-09,Mobile Money
PUR_000121,CUST_00032,PROD_0260,Gym Gloves,218.7,2026-07-23,Mobile Money
PUR_000122,CUST_00032,PROD_0072,Phone Screen Protector,1095.38,2026-08-02,Card
PUR_000123,CUST_00032,PROD_0136,Laptop (Core i5),762.05,2026-08-14,Mobile Money
PUR_000124,CUST_00032,PROD_0254,Basketball,410.73,2026-08-17,Mobile Money
PUR_000125,CUST_00032,PROD_0072,Phone Screen Protector,251.14,2026-08-26,Mobile Money
PUR_000126,CUST_00032,PROD_0289,Kids' Storybook,56.43,2026-08-29,Mobile Money
PUR_000127,CUST_00032,PROD_0035,Children's T-Shirt Set,126.65,2026-08-30,Mobile Money
PUR_000128,CUST_00032,PROD_0074,Phone Screen Protector,4058.62,2026-09-03,Mobile Money
PUR_000129,CUST_00034,PROD_0234,Multivitamin Tablets,70.42,2024-03-18,Mobile Money
PUR_000130,CUST_00034,PROD_0233,Multivitamin Tablets,63.92,2025-06-08,Mobile Money
PUR_000131,CUST_00034,PROD_0158,LED Bulb Pack,194.05,2025-10-01,Mobile Money
PUR_000132,CUST_00034,PROD_0204,Beard Grooming Kit,48.89,2026-02-06,Mobile Money
PUR_000133,CUST_00034,PROD_0069,Phone Charger (Type-C),368.7,2026-04-20,Cash on Delivery
PUR_000134,CUST_00034,PROD_0236,Glucometer Kit,29.8,2026-08-27,Mobile Money
PUR_000135,CUST_00034,PROD_0232,Bathroom Weighing Scale,42.99,2026-09-01,Card
PUR_000136,CUST_00035,PROD_0191,Rice Cooker,176.69,2024-12-27,Mobile Money
PUR_000137,CUST_00035,PROD_0232,Bathroom Weighing Scale,47.92,2025-02-21,Cash on Delivery
PUR_000138,CUST_00035,PROD_0122,Electric Iron,736.83,2025-03-21,Cash on Delivery
PUR_000139,CUST_00035,PROD_0113,iPhone 13,212.22,2026-06-18,Mobile Money
PUR_000140,CUST_00036,PROD_0084,Samsung Galaxy A14,607.54,2025-01-12,Card
PUR_000141,CUST_00036,PROD_0053,Traditional Smock (Fugu),72.16,2025-07-20,Cash on Delivery
PUR_000142,CUST_00036,PROD_0181,Storage Containers Set,224.93,2025-11-21,Card
PUR_000143,CUST_00037,PROD_0167,Bedsheet Set (Queen),119.41,2026-04-26,Mobile Money
PUR_000144,CUST_00039,PROD_0111,Infinix Hot 30,431.29,2026-06-07,Bank Transfer
PUR_000145,CUST_00042,PROD_0186,Storage Containers Set,347.08,2026-06-27,Mobile Money
PUR_000146,CUST_00044,PROD_0125,LED Bulb Pack,203.01,2025-05-28,Cash on Delivery
PUR_000147,CUST_00044,PROD_0237,Multivitamin Tablets,50.42,2026-05-16,Cash on Delivery
PUR_000148,CUST_00045,PROD_0072,Phone Screen Protector,534.16,2026-09-01,Mobile Money
PUR_000149,CUST_00046,PROD_0283,Toddler Shoes,99.09,2026-04-22,Card
PUR_000150,CUST_00046,PROD_0166,Gas Cooker (4-Burner),495.47,2026-08-08,Mobile Money
PUR_000151,CUST_00047,PROD_0121,Blender (4L),231.22,2026-04-12,Mobile Money
PUR_000152,CUST_00047,PROD_0023,Kente Print Shirt,116.19,2026-07-29,Mobile Money
PUR_000153,CUST_00048,PROD_0202,Deodorant Roll-on,56.25,2026-01-22,Card
PUR_000154,CUST_00048,PROD_0172,Curtain Set,260.77,2026-07-05,Card
PUR_000155,CUST_00053,PROD_0202,Deodorant Roll-on,43.08,2025-05-04,Mobile Money
PUR_000156,CUST_00053,PROD_0002,Ladies Kaftan Gown,170.54,2026-05-14,Mobile Money
PUR_000157,CUST_00054,PROD_0151,Extension Socket,471.5,2025-04-16,Mobile Money
PUR_000158,CUST_00054,PROD_0237,Multivitamin Tablets,65.36,2025-11-08,Cash on Delivery
PUR_000159,CUST_00054,PROD_0130,Rechargeable Fan,411.69,2025-12-08,Bank Transfer
PUR_000160,CUST_00054,PROD_0239,Vitamin C Supplements,96.29,2026-03-26,Card
PUR_000161,CUST_00054,PROD_0095,Phone Charger (Type-C),5028.17,2026-05-22,Card
PUR_000162,CUST_00054,PROD_0136,Laptop (Core i5),1292.03,2026-08-11,Cash on Delivery
PUR_000163,CUST_00055,PROD_0206,Braided Hair Extension,86.03,2026-06-05,Cash on Delivery
PUR_000164,CUST_00056,PROD_0200,Dining Table Set,109.66,2024-11-07,Mobile Money
PUR_000165,CUST_00056,PROD_0029,Women's Maxi Dress,30.06,2025-02-18,Card
PUR_000166,CUST_00056,PROD_0202,Deodorant Roll-on,69.06,2025-05-15,Bank Transfer
PUR_000167,CUST_00056,PROD_0024,Women's Maxi Dress,81.9,2025-12-12,Card
PUR_000168,CUST_00056,PROD_0253,Running Shoes,188.31,2026-04-19,Mobile Money
PUR_000169,CUST_00056,PROD_0228,Sunscreen SPF50,133.52,2026-07-10,Card
PUR_000170,CUST_00058,PROD_0020,Kente Print Shirt,25.65,2026-07-12,Mobile Money
PUR_000171,CUST_00061,PROD_0213,Deodorant Roll-on,58.03,2026-07-08,Mobile Money
PUR_000172,CUST_00063,PROD_0202,Deodorant Roll-on,61.81,2025-11-04,Card
PUR_000173,CUST_00064,PROD_0067,iPhone 13,355.04,2026-08-17,Mobile Money
PUR_000174,CUST_00065,PROD_0058,Men's Slim Fit Jeans,246.55,2026-07-12,Mobile Money
PUR_000175,CUST_00065,PROD_0122,Electric Iron,103.97,2026-08-26,Card
PUR_000176,CUST_00066,PROD_0076,Phone Charger (Type-C),276.96,2026-04-27,Mobile Money
PUR_000177,CUST_00066,PROD_0101,Phone Charger (Type-C),1052.92,2026-07-03,Mobile Money
PUR_000178,CUST_00068,PROD_0223,Makeup Kit,85.1,2026-07-12,Mobile Money
PUR_000179,CUST_00068,PROD_0075,Redmi Note 12,1105.77,2026-09-03,Mobile Money
PUR_000180,CUST_00071,PROD_0297,Rice (5kg Bag),131.88,2025-06-11,Mobile Money
PUR_000181,CUST_00071,PROD_0011,Unisex Sneakers,42.38,2025-08-18,Mobile Money
PUR_000182,CUST_00071,PROD_0302,Milk Powder (400g),47.56,2026-06-26,Mobile Money
PUR_000183,CUST_00072,PROD_0086,Tecno Spark 10,387.15,2026-07-05,Mobile Money
PUR_000184,CUST_00072,PROD_0069,Phone Charger (Type-C),955.79,2026-08-16,Cash on Delivery
PUR_000185,CUST_00072,PROD_0245,Protein Powder,123.84,2026-08-17,Cash on Delivery
PUR_000186,CUST_00074,PROD_0240,Digital Thermometer,80.46,2026-06-21,Card
PUR_000187,CUST_00075,PROD_0265,Cycling Helmet,174.44,2025-08-10,Mobile Money
PUR_000188,CUST_00075,PROD_0206,Braided Hair Extension,49.56,2026-05-22,Cash on Delivery
PUR_000189,CUST_00075,PROD_0274,Baby Carrier,103.17,2026-07-20,Card
PUR_000190,CUST_00075,PROD_0202,Deodorant Roll-on,66.6,2026-07-30,Cash on Delivery
PUR_000191,CUST_00076,PROD_0129,43-inch LED TV,223.0,2026-02-01,Mobile Money
PUR_000192,CUST_00076,PROD_0198,Wall Clock,182.93,2026-04-24,Mobile Money
PUR_000193,CUST_00077,PROD_0001,Traditional Smock (Fugu),151.13,2025-06-09,Mobile Money
PUR_000194,CUST_00077,PROD_0235,Bathroom Weighing Scale,171.9,2025-06-10,Card
PUR_000195,CUST_00077,PROD_0012,Children's T-Shirt Set,68.34,2025-08-26,Cash on Delivery
PUR_000196,CUST_00077,PROD_0254,Basketball,280.84,2025-10-16,Mobile Money
PUR_000197,CUST_00077,PROD_0254,Basketball,61.25,2026-04-03,Mobile Money
PUR_000198,CUST_00077,PROD_0115,Phone Charger (Type-C),1118.94,2026-07-26,Mobile Money
PUR_000199,CUST_00077,PROD_0082,Samsung Galaxy A14,749.87,2026-08-06,Cash on Delivery
PUR_000200,CUST_00080,PROD_0067,iPhone 13,843.42,2026-08-22,Mobile Money
PUR_000201,CUST_00080,PROD_0244,Bathroom Weighing Scale,48.79,2026-08-25,Mobile Money
PUR_000202,CUST_00080,PROD_0090,Itel Vision 3,497.04,2026-08-29,Cash on Delivery
PUR_000203,CUST_00081,PROD_0248,Reading Glasses,70.27,2025-01-31,Mobile Money
PUR_000204,CUST_00081,PROD_0271,Kids' Bicycle,95.65,2025-07-07,Mobile Money
PUR_000205,CUST_00081,PROD_0001,Traditional Smock (Fugu),98.82,2025-12-04,Mobile Money
PUR_000206,CUST_00081,PROD_0241,Digital Thermometer,89.25,2026-05-27,Cash on Delivery
PUR_000207,CUST_00081,PROD_0001,Traditional Smock (Fugu),201.02,2026-05-28,Mobile Money
PUR_000208,CUST_00081,PROD_0067,iPhone 13,934.16,2026-07-27,Mobile Money
PUR_000209,CUST_00082,PROD_0085,Samsung Galaxy Tab A8,1609.71,2026-07-18,Mobile Money
PUR_000210,CUST_00082,PROD_0086,Tecno Spark 10,607.11,2026-07-30,Cash on Delivery
PUR_000211,CUST_00083,PROD_0048,Women's Maxi Dress,198.85,2026-07-11,Mobile Money
PUR_000212,CUST_00087,PROD_0021,Leather Sandals,177.98,2025-10-24,Cash on Delivery
PUR_000213,CUST_00087,PROD_0238,Digital Blood Pressure Monitor,178.24,2026-03-28,Mobile Money
PUR_000214,CUST_00088,PROD_0006,Men's Casual Blazer,216.59,2025-09-06,Card
PUR_000215,CUST_00088,PROD_0167,Bedsheet Set (Queen),46.1,2026-01-18,Mobile Money
PUR_000216,CUST_00088,PROD_0282,Kids Building Blocks,119.34,2026-05-03,Mobile Money
PUR_000217,CUST_00088,PROD_0223,Makeup Kit,158.16,2026-07-14,Card
PUR_000218,CUST_00088,PROD_0006,Men's Casual Blazer,91.33,2026-07-19,Mobile Money
PUR_000219,CUST_00088,PROD_0147,LED Bulb Pack,364.79,2026-08-14,Cash on Delivery
PUR_000220,CUST_00088,PROD_0033,Ankara Print Dress,99.97,2026-09-03,Cash on Delivery
PUR_000221,CUST_00089,PROD_0140,Electric Iron,990.67,2026-09-03,Mobile Money
PUR_000222,CUST_00090,PROD_0170,Rice Cooker,120.55,2026-02-01,Cash on Delivery
PUR_000223,CUST_00090,PROD_0079,iPhone 13,826.45,2026-02-22,Mobile Money
PUR_000224,CUST_00090,PROD_0148,Electric Iron,537.05,2026-03-04,Mobile Money
PUR_000225,CUST_00090,PROD_0009,Ladies Kaftan Gown,128.26,2026-03-08,Card
PUR_000226,CUST_00090,PROD_0274,Baby Carrier,112.41,2026-03-21,Mobile Money
PUR_000227,CUST_00090,PROD_0204,Beard Grooming Kit,44.09,2026-03-22,Card
PUR_000228,CUST_00090,PROD_0046,Ladies Kaftan Gown,200.52,2026-03-22,Card
PUR_000229,CUST_00090,PROD_0214,Deodorant Roll-on,33.19,2026-03-23,Mobile Money
PUR_000230,CUST_00090,PROD_0264,Camping Tent,56.44,2026-03-26,Cash on Delivery
PUR_000231,CUST_00090,PROD_0114,Phone Charger (Type-C),1518.53,2026-04-01,Card
PUR_000232,CUST_00090,PROD_0166,Gas Cooker (4-Burner),204.42,2026-04-07,Mobile Money
PUR_000233,CUST_00090,PROD_0121,Blender (4L),558.64,2026-04-15,Mobile Money
PUR_000234,CUST_00090,PROD_0202,Deodorant Roll-on,21.06,2026-04-25,Mobile Money
PUR_000235,CUST_00090,PROD_0074,Phone Screen Protector,371.02,2026-04-27,Mobile Money
PUR_000236,CUST_00090,PROD_0028,Men's Casual Blazer,85.07,2026-05-06,Cash on Delivery
PUR_000237,CUST_00090,PROD_0121,Blender (4L),583.47,2026-05-08,Card
PUR_000238,CUST_00090,PROD_0218,Skin Toner,71.68,2026-05-12,Mobile Money
PUR_000239,CUST_00090,PROD_0108,Wireless Earbuds,310.08,2026-05-15,Mobile Money
PUR_000240,CUST_00090,PROD_0002,Ladies Kaftan Gown,133.16,2026-05-17,Cash on Delivery
PUR_000241,CUST_00090,PROD_0234,Multivitamin Tablets,154.03,2026-05-21,Mobile Money
PUR_000242,CUST_00090,PROD_0001,Traditional Smock (Fugu),331.95,2026-06-01,Mobile Money
PUR_000243,CUST_00090,PROD_0033,Ankara Print Dress,128.03,2026-06-11,Mobile Money
PUR_000244,CUST_00090,PROD_0019,Men's Casual Blazer,102.64,2026-06-12,Cash on Delivery
PUR_000245,CUST_00090,PROD_0088,Universal Phone Case,1148.58,2026-06-19,Mobile Money
PUR_000246,CUST_00090,PROD_0125,LED Bulb Pack,420.44,2026-06-21,Mobile Money
PUR_000247,CUST_00090,PROD_0210,Braided Hair Extension,79.73,2026-06-25,Card
PUR_000248,CUST_00090,PROD_0045,Women's Maxi Dress,218.07,2026-06-26,Mobile Money
PUR_000249,CUST_00090,PROD_0069,Phone Charger (Type-C),1112.38,2026-07-01,Mobile Money
PUR_000250,CUST_00090,PROD_0081,Phone Charger (Type-C),833.79,2026-07-10,Mobile Money
PUR_000251,CUST_00090,PROD_0121,Blender (4L),391.17,2026-07-12,Card
PUR_000252,CUST_00090,PROD_0040,Men's Slim Fit Jeans,42.17,2026-07-21,Cash on Delivery
PUR_000253,CUST_00090,PROD_0166,Gas Cooker (4-Burner),1152.53,2026-07-25,Mobile Money
PUR_000254,CUST_00090,PROD_0278,Kids' Bicycle,109.43,2026-07-31,Mobile Money
PUR_000255,CUST_00090,PROD_0044,Women's Maxi Dress,49.74,2026-08-04,Mobile Money
PUR_000256,CUST_00090,PROD_0067,iPhone 13,1163.85,2026-08-05,Mobile Money
PUR_000257,CUST_00090,PROD_0129,43-inch LED TV,201.07,2026-08-08,Mobile Money
PUR_000258,CUST_00090,PROD_0067,iPhone 13,707.93,2026-08-19,Mobile Money
PUR_000259,CUST_00090,PROD_0147,LED Bulb Pack,1520.57,2026-08-26,Mobile Money
PUR_000260,CUST_00090,PROD_0032,Men's Formal Suit,226.85,2026-08-26,Card
PUR_000261,CUST_00090,PROD_0091,iPhone 13,364.33,2026-08-28,Mobile Money
PUR_000262,CUST_00090,PROD_0252,Reading Glasses,230.64,2026-08-29,Mobile Money
PUR_000263,CUST_00090,PROD_0166,Gas Cooker (4-Burner),175.08,2026-09-04,Mobile Money
PUR_000264,CUST_00092,PROD_0071,Bluetooth Headset,817.64,2026-01-19,Mobile Money
PUR_000265,CUST_00093,PROD_0161,Microwave Oven,130.02,2025-05-15,Mobile Money
PUR_000266,CUST_00093,PROD_0121,Blender (4L),128.02,2025-09-23,Mobile Money
PUR_000267,CUST_00093,PROD_0122,Electric Iron,341.94,2025-11-30,Mobile Money
PUR_000268,CUST_00093,PROD_0266,Resistance Bands,257.56,2025-12-14,Mobile Money
PUR_000269,CUST_00093,PROD_0084,Samsung Galaxy A14,1566.02,2025-12-25,Mobile Money
PUR_000270,CUST_00093,PROD_0140,Electric Iron,614.89,2026-01-08,Cash on Delivery
PUR_000271,CUST_00093,PROD_0220,Beard Grooming Kit,183.27,2026-06-24,Mobile Money
PUR_000272,CUST_00095,PROD_0286,Hardcover Notebook,58.3,2026-01-13,Mobile Money
PUR_000273,CUST_00095,PROD_0045,Women's Maxi Dress,98.38,2026-03-26,Cash on Delivery
PUR_000274,CUST_00095,PROD_0022,Denim Jacket,304.76,2026-05-15,Mobile Money
PUR_000275,CUST_00095,PROD_0225,Facial Cleanser,31.28,2026-08-13,Cash on Delivery
PUR_000276,CUST_00096,PROD_0128,Air Conditioner (1.5HP),554.58,2026-05-05,Mobile Money
PUR_000277,CUST_00096,PROD_0103,Power Bank 20000mAh,1011.58,2026-07-10,Mobile Money
PUR_000278,CUST_00098,PROD_0008,Kente Print Shirt,420.95,2026-06-11,Mobile Money
PUR_000279,CUST_00098,PROD_0177,Rice Cooker,135.11,2026-06-17,Mobile Money
PUR_000280,CUST_00100,PROD_0097,Phone Screen Protector,616.33,2026-08-30,Cash on Delivery
PUR_000281,CUST_00101,PROD_0223,Makeup Kit,45.98,2026-08-26,Mobile Money
PUR_000282,CUST_00101,PROD_0286,Hardcover Notebook,18.0,2026-08-27,Card
PUR_000283,CUST_00101,PROD_0067,iPhone 13,737.89,2026-08-28,Mobile Money
PUR_000284,CUST_00101,PROD_0141,LED Bulb Pack,741.75,2026-08-28,Card
PUR_000285,CUST_00101,PROD_0236,Glucometer Kit,48.34,2026-08-29,Card
PUR_000286,CUST_00101,PROD_0187,Bedsheet Set (Queen),113.19,2026-08-29,Mobile Money
PUR_000287,CUST_00101,PROD_0203,Braided Hair Extension,33.42,2026-08-31,Mobile Money
PUR_000288,CUST_00101,PROD_0120,Redmi Note 12,776.07,2026-09-01,Mobile Money
PUR_000289,CUST_00101,PROD_0069,Phone Charger (Type-C),3099.36,2026-09-03,Card
PUR_000290,CUST_00101,PROD_0202,Deodorant Roll-on,37.77,2026-09-04,Mobile Money
PUR_000291,CUST_00101,PROD_0068,Redmi Note 12,849.3,2026-09-04,Card
PUR_000292,CUST_00101,PROD_0171,Sofa Set,95.79,2026-09-04,Card
PUR_000293,CUST_00101,PROD_0151,Extension Socket,440.55,2026-09-04,Card
PUR_000294,CUST_00102,PROD_0258,Yoga Mat,87.21,2026-08-30,Mobile Money
PUR_000295,CUST_00103,PROD_0232,Bathroom Weighing Scale,134.16,2026-06-07,Mobile Money
PUR_000296,CUST_00103,PROD_0217,Sunscreen SPF50,38.51,2026-08-07,Card
PUR_000297,CUST_00103,PROD_0136,Laptop (Core i5),245.8,2026-08-26,Mobile Money
PUR_000298,CUST_00104,PROD_0254,Basketball,84.98,2026-03-17,Cash on Delivery
PUR_000299,CUST_00105,PROD_0214,Deodorant Roll-on,52.41,2024-06-26,Mobile Money
PUR_000300,CUST_00105,PROD_0121,Blender (4L),449.77,2024-12-10,Card
PUR_000301,CUST_00105,PROD_0057,Ladies Handbag,76.79,2025-01-28,Mobile Money
PUR_000302,CUST_00105,PROD_0297,Rice (5kg Bag),48.57,2025-05-20,Mobile Money
PUR_000303,CUST_00105,PROD_0256,Camping Tent,109.08,2026-02-13,Mobile Money
PUR_000304,CUST_00106,PROD_0168,Rice Cooker,235.06,2026-08-25,Mobile Money
PUR_000305,CUST_00113,PROD_0298,Sugar (2kg),170.58,2025-06-11,Cash on Delivery
PUR_000306,CUST_00113,PROD_0128,Air Conditioner (1.5HP),1314.58,2026-02-24,Cash on Delivery
PUR_000307,CUST_00114,PROD_0229,Hair Dryer,22.36,2025-08-11,Mobile Money
PUR_000308,CUST_00114,PROD_0126,Gaming Console,1780.45,2025-08-21,Mobile Money
PUR_000309,CUST_00114,PROD_0071,Bluetooth Headset,2190.21,2025-09-24,Mobile Money
PUR_000310,CUST_00114,PROD_0232,Bathroom Weighing Scale,185.42,2025-12-04,Mobile Money
PUR_000311,CUST_00114,PROD_0183,Non-stick Cooking Pot Set,174.14,2025-12-31,Mobile Money
PUR_000312,CUST_00114,PROD_0251,Protein Powder,37.42,2026-03-15,Mobile Money
PUR_000313,CUST_00114,PROD_0239,Vitamin C Supplements,33.75,2026-04-30,Cash on Delivery
PUR_000314,CUST_00114,PROD_0002,Ladies Kaftan Gown,217.67,2026-05-27,Cash on Delivery
PUR_000315,CUST_00114,PROD_0207,Skin Toner,100.89,2026-06-08,Mobile Money
PUR_000316,CUST_00114,PROD_0094,Power Bank 20000mAh,1543.15,2026-09-04,Cash on Delivery
PUR_000317,CUST_00115,PROD_0162,Blender (4L),1275.07,2026-08-06,Mobile Money
PUR_000318,CUST_00116,PROD_0067,iPhone 13,322.21,2025-01-11,Mobile Money
PUR_000319,CUST_00116,PROD_0295,Canned Tuna,61.07,2026-01-23,Mobile Money
PUR_000320,CUST_00117,PROD_0166,Gas Cooker (4-Burner),137.14,2025-09-04,Mobile Money
PUR_000321,CUST_00117,PROD_0170,Rice Cooker,459.98,2026-02-08,Card
PUR_000322,CUST_00119,PROD_0255,Water Bottle (1L),113.99,2025-05-29,Mobile Money
PUR_000323,CUST_00119,PROD_0127,Microwave Oven,1224.9,2025-10-17,Cash on Delivery
PUR_000324,CUST_00119,PROD_0191,Rice Cooker,187.71,2026-07-30,Cash on Delivery
PUR_000325,CUST_00119,PROD_0286,Hardcover Notebook,52.39,2026-08-21,Card
PUR_000326,CUST_00120,PROD_0002,Ladies Kaftan Gown,111.39,2025-12-13,Mobile Money
PUR_000327,CUST_00120,PROD_0300,Canned Tuna,59.64,2026-08-11,Mobile Money
PUR_000328,CUST_00121,PROD_0297,Rice (5kg Bag),73.05,2025-06-27,Mobile Money
PUR_000329,CUST_00121,PROD_0016,Women's Maxi Dress,134.7,2025-11-13,Mobile Money
PUR_000330,CUST_00121,PROD_0015,Unisex Sneakers,113.29,2025-11-30,Cash on Delivery
PUR_000331,CUST_00121,PROD_0122,Electric Iron,317.58,2025-12-03,Card
PUR_000332,CUST_00121,PROD_0009,Ladies Kaftan Gown,205.5,2026-02-05,Cash on Delivery
PUR_000333,CUST_00121,PROD_0253,Running Shoes,255.37,2026-03-22,Mobile Money
PUR_000334,CUST_00121,PROD_0204,Beard Grooming Kit,37.25,2026-05-08,Mobile Money
PUR_000335,CUST_00122,PROD_0080,Infinix Hot 30,1471.74,2024-08-12,Card
PUR_000336,CUST_00122,PROD_0254,Basketball,209.04,2024-08-27,Mobile Money
PUR_000337,CUST_00122,PROD_0168,Rice Cooker,246.48,2025-04-02,Mobile Money
PUR_000338,CUST_00122,PROD_0250,Herbal Tea Pack,36.9,2025-09-11,Mobile Money
PUR_000339,CUST_00122,PROD_0173,Non-stick Cooking Pot Set,134.24,2025-11-19,Mobile Money
PUR_000340,CUST_00122,PROD_0052,Ladies Kaftan Gown,157.84,2026-04-13,Cash on Delivery
PUR_000341,CUST_00122,PROD_0001,Traditional Smock (Fugu),112.09,2026-04-18,Mobile Money
PUR_000342,CUST_00122,PROD_0073,Redmi Note 12,834.98,2026-09-01,Cash on Delivery
PUR_000343,CUST_00127,PROD_0171,Sofa Set,504.84,2025-09-19,Cash on Delivery
PUR_000344,CUST_00128,PROD_0131,Air Conditioner (1.5HP),792.05,2024-09-14,Mobile Money
PUR_000345,CUST_00128,PROD_0253,Running Shoes,294.55,2025-02-09,Card
PUR_000346,CUST_00128,PROD_0241,Digital Thermometer,121.55,2025-03-02,Card
PUR_000347,CUST_00128,PROD_0125,LED Bulb Pack,447.66,2025-03-08,Mobile Money
PUR_000348,CUST_00128,PROD_0007,Kente Print Shirt,141.71,2025-03-19,Cash on Delivery
PUR_000349,CUST_00128,PROD_0020,Kente Print Shirt,103.29,2025-07-16,Card
PUR_000350,CUST_00128,PROD_0168,Rice Cooker,120.61,2025-07-28,Mobile Money
PUR_000351,CUST_00128,PROD_0094,Power Bank 20000mAh,825.12,2025-08-17,Card
PUR_000352,CUST_00128,PROD_0297,Rice (5kg Bag),70.1,2025-08-20,Card
PUR_000353,CUST_00128,PROD_0072,Phone Screen Protector,1523.41,2025-09-02,Card
PUR_000354,CUST_00128,PROD_0029,Women's Maxi Dress,64.11,2025-10-22,Card
PUR_000355,CUST_00128,PROD_0167,Bedsheet Set (Queen),203.56,2025-10-28,Mobile Money
PUR_000356,CUST_00128,PROD_0254,Basketball,121.12,2025-11-02,Mobile Money
PUR_000357,CUST_00128,PROD_0211,Shea Butter Body Lotion,24.08,2025-11-04,Card
PUR_000358,CUST_00128,PROD_0279,Baby Wipes (80pcs),129.62,2025-11-11,Mobile Money
PUR_000359,CUST_00128,PROD_0250,Herbal Tea Pack,81.19,2025-11-28,Mobile Money
PUR_000360,CUST_00128,PROD_0044,Women's Maxi Dress,43.67,2025-12-04,Mobile Money
PUR_000361,CUST_00128,PROD_0203,Braided Hair Extension,40.43,2026-01-14,Mobile Money
PUR_000362,CUST_00128,PROD_0203,Braided Hair Extension,47.62,2026-03-02,Cash on Delivery
PUR_000363,CUST_00128,PROD_0177,Rice Cooker,226.55,2026-03-31,Mobile Money
PUR_000364,CUST_00128,PROD_0268,Dumbbell Set,200.91,2026-04-16,Mobile Money
PUR_000365,CUST_00128,PROD_0121,Blender (4L),148.59,2026-05-15,Mobile Money
PUR_000366,CUST_00128,PROD_0168,Rice Cooker,149.03,2026-05-15,Mobile Money
PUR_000367,CUST_00128,PROD_0166,Gas Cooker (4-Burner),288.44,2026-05-27,Cash on Delivery
PUR_000368,CUST_00128,PROD_0008,Kente Print Shirt,146.97,2026-06-04,Card
PUR_000369,CUST_00128,PROD_0301,Sugar (2kg),146.59,2026-06-05,Mobile Money
PUR_000370,CUST_00128,PROD_0166,Gas Cooker (4-Burner),165.55,2026-06-29,Mobile Money
PUR_000371,CUST_00128,PROD_0121,Blender (4L),543.39,2026-07-09,Mobile Money
PUR_000372,CUST_00128,PROD_0068,Redmi Note 12,1708.33,2026-07-21,Card
PUR_000373,CUST_00128,PROD_0071,Bluetooth Headset,1010.11,2026-07-30,Mobile Money
PUR_000374,CUST_00128,PROD_0148,Electric Iron,1414.38,2026-08-05,Mobile Money
PUR_000375,CUST_00128,PROD_0291,Exercise Books Pack,48.77,2026-08-22,Mobile Money
PUR_000376,CUST_00128,PROD_0003,Cotton Polo Shirt,152.58,2026-08-27,Mobile Money
PUR_000377,CUST_00134,PROD_0055,Kente Print Shirt,184.22,2026-06-26,Cash on Delivery
PUR_000378,CUST_00134,PROD_0001,Traditional Smock (Fugu),122.0,2026-07-25,Mobile Money
PUR_000379,CUST_00134,PROD_0240,Digital Thermometer,96.25,2026-08-21,Bank Transfer
PUR_000380,CUST_00135,PROD_0001,Traditional Smock (Fugu),199.04,2026-01-29,Card
PUR_000381,CUST_00137,PROD_0088,Universal Phone Case,1525.08,2026-07-27,Mobile Money
PUR_000382,CUST_00138,PROD_0192,Dining Table Set,133.96,2026-01-11,Mobile Money
PUR_000383,CUST_00140,PROD_0122,Electric Iron,1594.72,2023-08-08,Mobile Money
PUR_000384,CUST_00140,PROD_0286,Hardcover Notebook,49.1,2024-03-27,Cash on Delivery
PUR_000385,CUST_00140,PROD_0023,Kente Print Shirt,128.32,2024-04-01,Cash on Delivery
PUR_000386,CUST_00140,PROD_0244,Bathroom Weighing Scale,62.11,2024-06-22,Cash on Delivery
PUR_000387,CUST_00140,PROD_0126,Gaming Console,497.45,2024-10-25,Mobile Money
PUR_000388,CUST_00140,PROD_0069,Phone Charger (Type-C),407.43,2024-11-19,Mobile Money
PUR_000389,CUST_00140,PROD_0068,Redmi Note 12,546.83,2025-01-06,Mobile Money
PUR_000390,CUST_00140,PROD_0187,Bedsheet Set (Queen),231.93,2025-02-11,Cash on Delivery
PUR_000391,CUST_00140,PROD_0223,Makeup Kit,56.34,2025-04-06,Mobile Money
PUR_000392,CUST_00140,PROD_0261,Camping Tent,238.06,2025-05-05,Mobile Money
PUR_000393,CUST_00140,PROD_0121,Blender (4L),319.78,2025-05-11,Cash on Delivery
PUR_000394,CUST_00140,PROD_0122,Electric Iron,961.19,2025-05-20,Mobile Money
PUR_000395,CUST_00140,PROD_0196,Bedsheet Set (Queen),139.62,2025-06-19,Cash on Delivery
PUR_000396,CUST_00140,PROD_0233,Multivitamin Tablets,166.43,2025-07-03,Cash on Delivery
PUR_000397,CUST_00140,PROD_0190,Wall Clock,93.07,2025-08-03,Cash on Delivery
PUR_000398,CUST_00140,PROD_0206,Braided Hair Extension,86.72,2025-08-06,Mobile Money
PUR_000399,CUST_00140,PROD_0075,Redmi Note 12,753.23,2026-02-11,Mobile Money
PUR_000400,CUST_00140,PROD_0208,Perfume (100ml),47.18,2026-02-25,Bank Transfer
PUR_000401,CUST_00140,PROD_0281,Educational Toy Set,157.3,2026-03-16,Cash on Delivery
PUR_000402,CUST_00140,PROD_0071,Bluetooth Headset,1045.74,2026-04-23,Card
PUR_000403,CUST_00140,PROD_0080,Infinix Hot 30,1868.69,2026-04-26,Cash on Delivery
PUR_000404,CUST_00140,PROD_0067,iPhone 13,5633.63,2026-05-06,Mobile Money
PUR_000405,CUST_00140,PROD_0060,Ankara Print Dress,62.3,2026-05-18,Mobile Money
PUR_000406,CUST_00140,PROD_0016,Women's Maxi Dress,52.74,2026-06-07,Cash on Delivery
PUR_000407,CUST_00140,PROD_0277,Feeding Bottle Set,194.99,2026-06-25,Mobile Money
PUR_000408,CUST_00140,PROD_0233,Multivitamin Tablets,60.02,2026-07-27,Cash on Delivery
PUR_000409,CUST_00141,PROD_0232,Bathroom Weighing Scale,108.2,2023-05-25,Card
PUR_000410,CUST_00141,PROD_0232,Bathroom Weighing Scale,164.59,2023-07-20,Cash on Delivery
PUR_000411,CUST_00141,PROD_0166,Gas Cooker (4-Burner),124.32,2024-07-13,Cash on Delivery
PUR_000412,CUST_00141,PROD_0136,Laptop (Core i5),764.81,2024-12-15,Mobile Money
PUR_000413,CUST_00141,PROD_0215,Skin Toner,56.99,2025-01-16,Card
PUR_000414,CUST_00141,PROD_0061,Women's Maxi Dress,138.92,2025-04-24,Cash on Delivery
PUR_000415,CUST_00141,PROD_0167,Bedsheet Set (Queen),170.54,2025-07-07,Cash on Delivery
PUR_000416,CUST_00141,PROD_0003,Cotton Polo Shirt,65.6,2025-08-23,Card
PUR_000417,CUST_00141,PROD_0112,Itel Vision 3,1247.28,2025-08-25,Mobile Money
PUR_000418,CUST_00141,PROD_0001,Traditional Smock (Fugu),149.44,2025-10-02,Card
PUR_000419,CUST_00141,PROD_0202,Deodorant Roll-on,57.4,2025-10-18,Mobile Money
PUR_000420,CUST_00141,PROD_0204,Beard Grooming Kit,20.11,2025-12-14,Mobile Money
PUR_000421,CUST_00141,PROD_0085,Samsung Galaxy Tab A8,605.41,2025-12-17,Mobile Money
PUR_000422,CUST_00141,PROD_0222,Shea Butter Body Lotion,31.84,2026-07-01,Mobile Money
PUR_000423,CUST_00141,PROD_0063,Men's Slim Fit Jeans,43.91,2026-07-16,Card
PUR_000424,CUST_00141,PROD_0177,Rice Cooker,103.99,2026-08-18,Bank Transfer
PUR_000425,CUST_00142,PROD_0272,Baby Carrier,43.93,2026-06-10,Cash on Delivery
PUR_000426,CUST_00142,PROD_0232,Bathroom Weighing Scale,58.55,2026-07-07,Card
PUR_000427,CUST_00142,PROD_0166,Gas Cooker (4-Burner),324.23,2026-08-20,Mobile Money
PUR_000428,CUST_00142,PROD_0273,Baby Diapers Pack,117.22,2026-08-30,Mobile Money
PUR_000429,CUST_00143,PROD_0287,Highlighter Set,27.73,2026-03-31,Card
PUR_000430,CUST_00143,PROD_0296,Garri (2kg),116.36,2026-04-29,Mobile Money
PUR_000431,CUST_00143,PROD_0122,Electric Iron,368.05,2026-06-23,Cash on Delivery
PUR_000432,CUST_00143,PROD_0190,Wall Clock,294.43,2026-08-30,Mobile Money
PUR_000433,CUST_00148,PROD_0089,Samsung Galaxy A14,3055.9,2026-03-25,Card
PUR_000434,CUST_00148,PROD_0137,43-inch LED TV,156.7,2026-05-30,Mobile Money
PUR_000435,CUST_00148,PROD_0149,Gaming Console,359.54,2026-08-20,Mobile Money
PUR_000436,CUST_00150,PROD_0096,Bluetooth Headset,749.77,2026-08-09,Card
PUR_000437,CUST_00150,PROD_0124,LED Bulb Pack,705.61,2026-08-10,Cash on Delivery
PUR_000438,CUST_00151,PROD_0267,Cycling Helmet,99.12,2025-11-16,Mobile Money
PUR_000439,CUST_00151,PROD_0022,Denim Jacket,93.34,2025-12-13,Cash on Delivery
PUR_000440,CUST_00154,PROD_0075,Redmi Note 12,299.44,2026-06-23,Mobile Money
PUR_000441,CUST_00155,PROD_0292,A4 Printing Paper Ream,77.68,2025-05-13,Mobile Money
PUR_000442,CUST_00155,PROD_0121,Blender (4L),436.23,2025-06-10,Mobile Money
PUR_000443,CUST_00155,PROD_0204,Beard Grooming Kit,41.64,2025-08-10,Mobile Money
PUR_000444,CUST_00157,PROD_0076,Phone Charger (Type-C),426.61,2025-08-29,Mobile Money
PUR_000445,CUST_00157,PROD_0239,Vitamin C Supplements,47.44,2026-01-05,Mobile Money
PUR_000446,CUST_00157,PROD_0174,Bedsheet Set (Queen),215.05,2026-02-13,Mobile Money
PUR_000447,CUST_00157,PROD_0020,Kente Print Shirt,48.26,2026-02-19,Cash on Delivery
PUR_000448,CUST_00157,PROD_0202,Deodorant Roll-on,39.51,2026-03-09,Mobile Money
PUR_000449,CUST_00157,PROD_0080,Infinix Hot 30,2849.36,2026-03-26,Mobile Money
PUR_000450,CUST_00157,PROD_0121,Blender (4L),545.81,2026-04-04,Cash on Delivery
PUR_000451,CUST_00157,PROD_0171,Sofa Set,424.03,2026-04-15,Mobile Money
PUR_000452,CUST_00157,PROD_0018,Men's Formal Suit,90.22,2026-06-01,Cash on Delivery
PUR_000453,CUST_00157,PROD_0067,iPhone 13,1061.54,2026-06-07,Cash on Delivery
PUR_000454,CUST_00157,PROD_0163,Extension Socket,1149.57,2026-07-21,Card
PUR_000455,CUST_00157,PROD_0147,LED Bulb Pack,1317.16,2026-08-10,Mobile Money
PUR_000456,CUST_00157,PROD_0001,Traditional Smock (Fugu),54.41,2026-08-20,Mobile Money
PUR_000457,CUST_00158,PROD_0277,Feeding Bottle Set,203.84,2025-06-23,Mobile Money
PUR_000458,CUST_00158,PROD_0190,Wall Clock,122.17,2026-04-22,Mobile Money
PUR_000459,CUST_00158,PROD_0073,Redmi Note 12,518.15,2026-05-08,Mobile Money
PUR_000460,CUST_00158,PROD_0067,iPhone 13,662.62,2026-05-18,Cash on Delivery
PUR_000461,CUST_00158,PROD_0259,Basketball,148.51,2026-05-22,Mobile Money
PUR_000462,CUST_00158,PROD_0128,Air Conditioner (1.5HP),2935.24,2026-07-22,Mobile Money
PUR_000463,CUST_00160,PROD_0174,Bedsheet Set (Queen),129.24,2025-09-06,Cash on Delivery
PUR_000464,CUST_00160,PROD_0262,Hiking Backpack,399.31,2026-05-06,Mobile Money
PUR_000465,CUST_00160,PROD_0234,Multivitamin Tablets,67.65,2026-08-29,Cash on Delivery
PUR_000466,CUST_00162,PROD_0067,iPhone 13,362.24,2025-11-29,Card
PUR_000467,CUST_00163,PROD_0271,Kids' Bicycle,167.69,2026-02-07,Mobile Money
PUR_000468,CUST_00163,PROD_0068,Redmi Note 12,342.46,2026-05-30,Card
PUR_000469,CUST_00165,PROD_0295,Canned Tuna,69.66,2026-09-03,Mobile Money
PUR_000470,CUST_00166,PROD_0049,Ladies Handbag,240.05,2025-01-07,Mobile Money
PUR_000471,CUST_00166,PROD_0080,Infinix Hot 30,2970.8,2025-08-25,Mobile Money
PUR_000472,CUST_00166,PROD_0055,Kente Print Shirt,302.1,2025-10-13,Card
PUR_000473,CUST_00166,PROD_0014,Men's Slim Fit Jeans,186.18,2026-02-10,Card
PUR_000474,CUST_00166,PROD_0234,Multivitamin Tablets,76.68,2026-09-03,Mobile Money
PUR_000475,CUST_00167,PROD_0286,Hardcover Notebook,24.61,2026-07-27,Mobile Money
PUR_000476,CUST_00167,PROD_0126,Gaming Console,1785.97,2026-08-08,Card
PUR_000477,CUST_00168,PROD_0257,Running Shoes,191.98,2026-09-02,Mobile Money
PUR_000478,CUST_00170,PROD_0232,Bathroom Weighing Scale,33.9,2026-02-12,Cash on Delivery
PUR_000479,CUST_00170,PROD_0230,Black Soap Bar,45.19,2026-07-13,Cash on Delivery
PUR_000480,CUST_00171,PROD_0080,Infinix Hot 30,969.09,2026-04-15,Card
PUR_000481,CUST_00171,PROD_0203,Braided Hair Extension,39.66,2026-04-25,Mobile Money
PUR_000482,CUST_00172,PROD_0083,Redmi Note 12,1991.85,2026-08-31,Mobile Money
PUR_000483,CUST_00172,PROD_0002,Ladies Kaftan Gown,114.89,2026-08-31,Mobile Money
PUR_000484,CUST_00172,PROD_0074,Phone Screen Protector,1332.21,2026-09-01,Cash on Delivery
PUR_000485,CUST_00172,PROD_0271,Kids' Bicycle,125.55,2026-09-04,Mobile Money
PUR_000486,CUST_00172,PROD_0124,LED Bulb Pack,223.27,2026-09-04,Cash on Delivery
PUR_000487,CUST_00172,PROD_0046,Ladies Kaftan Gown,284.18,2026-09-04,Mobile Money
PUR_000488,CUST_00172,PROD_0166,Gas Cooker (4-Burner),229.03,2026-09-04,Mobile Money
PUR_000489,CUST_00172,PROD_0224,Hair Dryer,18.07,2026-09-04,Mobile Money
PUR_000490,CUST_00172,PROD_0126,Gaming Console,3456.46,2026-09-04,Mobile Money
PUR_000491,CUST_00173,PROD_0254,Basketball,166.47,2026-04-06,Card
PUR_000492,CUST_00173,PROD_0037,Wax Print Skirt,239.69,2026-04-20,Cash on Delivery
PUR_000493,CUST_00173,PROD_0012,Children's T-Shirt Set,74.05,2026-05-17,Mobile Money
PUR_000494,CUST_00173,PROD_0202,Deodorant Roll-on,53.5,2026-05-24,Cash on Delivery
PUR_000495,CUST_00173,PROD_0002,Ladies Kaftan Gown,100.0,2026-06-15,Card
PUR_000496,CUST_00173,PROD_0283,Toddler Shoes,105.05,2026-07-23,Card
PUR_000497,CUST_00173,PROD_0111,Infinix Hot 30,222.93,2026-08-06,Mobile Money
PUR_000498,CUST_00173,PROD_0013,Ankara Print Dress,138.93,2026-08-10,Cash on Delivery
PUR_000499,CUST_00173,PROD_0271,Kids' Bicycle,210.37,2026-08-14,Mobile Money
PUR_000500,CUST_00173,PROD_0288,Scientific Calculator,30.27,2026-08-18,Card
PUR_000501,CUST_00173,PROD_0034,Men's Casual Blazer,83.73,2026-09-02,Mobile Money
PUR_000502,CUST_00175,PROD_0254,Basketball,310.54,2025-12-16,Mobile Money
PUR_000503,CUST_00175,PROD_0134,Gaming Console,85.92,2026-03-21,Card
PUR_000504,CUST_00176,PROD_0143,LED Bulb Pack,971.8,2026-06-25,Bank Transfer
PUR_000505,CUST_00176,PROD_0131,Air Conditioner (1.5HP),1135.53,2026-07-14,Mobile Money
PUR_000506,CUST_00176,PROD_0179,Wall Clock,79.65,2026-07-17,Cash on Delivery
PUR_000507,CUST_00176,PROD_0081,Phone Charger (Type-C),431.65,2026-08-03,Mobile Money
PUR_000508,CUST_00176,PROD_0089,Samsung Galaxy A14,1192.93,2026-08-07,Cash on Delivery
PUR_000509,CUST_00176,PROD_0091,iPhone 13,336.02,2026-08-10,Card
PUR_000510,CUST_00176,PROD_0282,Kids Building Blocks,104.05,2026-08-17,Mobile Money
PUR_000511,CUST_00176,PROD_0122,Electric Iron,1166.68,2026-08-29,Card
PUR_000512,CUST_00177,PROD_0124,LED Bulb Pack,340.35,2026-02-03,Mobile Money
PUR_000513,CUST_00177,PROD_0023,Kente Print Shirt,285.84,2026-06-27,Mobile Money
PUR_000514,CUST_00179,PROD_0106,Samsung Galaxy Tab A8,520.11,2024-07-03,Cash on Delivery
PUR_000515,CUST_00179,PROD_0068,Redmi Note 12,1702.06,2024-08-15,Mobile Money
PUR_000516,CUST_00179,PROD_0004,Men's Slim Fit Jeans,149.76,2024-12-26,Mobile Money
PUR_000517,CUST_00179,PROD_0121,Blender (4L),237.22,2025-01-16,Bank Transfer
PUR_000518,CUST_00179,PROD_0001,Traditional Smock (Fugu),57.89,2025-01-22,Mobile Money
PUR_000519,CUST_00179,PROD_0069,Phone Charger (Type-C),1595.96,2025-03-07,Mobile Money
PUR_000520,CUST_00179,PROD_0017,Men's Formal Suit,333.43,2025-05-09,Card
PUR_000521,CUST_00179,PROD_0181,Storage Containers Set,179.95,2025-06-24,Mobile Money
PUR_000522,CUST_00179,PROD_0205,Deodorant Roll-on,97.3,2025-08-26,Cash on Delivery
PUR_000523,CUST_00179,PROD_0122,Electric Iron,379.0,2025-10-28,Mobile Money
PUR_000524,CUST_00179,PROD_0091,iPhone 13,1813.02,2026-02-10,Card
PUR_000525,CUST_00179,PROD_0131,Air Conditioner (1.5HP),739.32,2026-04-07,Mobile Money
PUR_000526,CUST_00179,PROD_0099,Huawei MatePad,537.61,2026-04-22,Bank Transfer
PUR_000527,CUST_00179,PROD_0265,Cycling Helmet,147.3,2026-04-29,Mobile Money
PUR_000528,CUST_00181,PROD_0288,Scientific Calculator,27.63,2026-08-30,Cash on Delivery
PUR_000529,CUST_00183,PROD_0256,Camping Tent,33.96,2026-03-17,Mobile Money
PUR_000530,CUST_00183,PROD_0069,Phone Charger (Type-C),634.76,2026-03-18,Mobile Money
PUR_000531,CUST_00183,PROD_0219,Braided Hair Extension,24.9,2026-08-20,Cash on Delivery
PUR_000532,CUST_00184,PROD_0030,Men's Casual Blazer,193.28,2026-07-26,Mobile Money
PUR_000533,CUST_00186,PROD_0172,Curtain Set,233.17,2025-08-27,Card
PUR_000534,CUST_00186,PROD_0091,iPhone 13,187.86,2025-09-14,Mobile Money
PUR_000535,CUST_00186,PROD_0138,Microwave Oven,1172.8,2026-02-10,Card
PUR_000536,CUST_00186,PROD_0067,iPhone 13,936.12,2026-03-22,Card
PUR_000537,CUST_00186,PROD_0106,Samsung Galaxy Tab A8,462.37,2026-03-31,Mobile Money
PUR_000538,CUST_00186,PROD_0254,Basketball,133.44,2026-07-27,Card
PUR_000539,CUST_00186,PROD_0271,Kids' Bicycle,105.88,2026-07-28,Card
PUR_000540,CUST_00186,PROD_0275,Kids' Bicycle,85.7,2026-07-30,Cash on Delivery
PUR_000541,CUST_00186,PROD_0069,Phone Charger (Type-C),2665.37,2026-08-27,Cash on Delivery
PUR_000542,CUST_00187,PROD_0068,Redmi Note 12,2127.33,2025-11-14,Mobile Money
PUR_000543,CUST_00187,PROD_0121,Blender (4L),523.04,2026-09-04,Mobile Money
PUR_000544,CUST_00188,PROD_0148,Electric Iron,717.41,2026-02-17,Bank Transfer
PUR_000545,CUST_00189,PROD_0019,Men's Casual Blazer,128.54,2026-04-29,Card
PUR_000546,CUST_00192,PROD_0067,iPhone 13,340.44,2025-02-18,Cash on Delivery
PUR_000547,CUST_00193,PROD_0108,Wireless Earbuds,407.77,2025-10-23,Card
PUR_000548,CUST_00193,PROD_0008,Kente Print Shirt,90.64,2025-12-20,Mobile Money
PUR_000549,CUST_00193,PROD_0021,Leather Sandals,184.58,2026-04-11,Card
PUR_000550,CUST_00195,PROD_0203,Braided Hair Extension,29.72,2026-06-22,Mobile Money
PUR_000551,CUST_00197,PROD_0254,Basketball,83.43,2025-07-26,Card
PUR_000552,CUST_00198,PROD_0171,Sofa Set,261.29,2024-10-15,Card
PUR_000553,CUST_00199,PROD_0008,Kente Print Shirt,434.85,2024-10-06,Mobile Money
PUR_000554,CUST_00199,PROD_0077,Bluetooth Headset,2718.03,2025-12-25,Mobile Money
PUR_000555,CUST_00200,PROD_0158,LED Bulb Pack,4184.33,2025-04-25,Cash on Delivery
PUR_000556,CUST_00200,PROD_0234,Multivitamin Tablets,57.13,2025-05-04,Mobile Money
PUR_000557,CUST_00200,PROD_0277,Feeding Bottle Set,155.15,2025-07-08,Cash on Delivery
PUR_000558,CUST_00200,PROD_0213,Deodorant Roll-on,57.79,2026-03-24,Mobile Money
PUR_000559,CUST_00200,PROD_0116,Universal Phone Case,1154.47,2026-04-13,Mobile Money
PUR_000560,CUST_00200,PROD_0080,Infinix Hot 30,943.37,2026-05-05,Mobile Money
PUR_000561,CUST_00200,PROD_0009,Ladies Kaftan Gown,253.15,2026-09-02,Bank Transfer
PUR_000562,CUST_00201,PROD_0219,Braided Hair Extension,62.81,2025-12-30,Mobile Money
PUR_000563,CUST_00204,PROD_0067,iPhone 13,487.69,2025-01-07,Mobile Money
PUR_000564,CUST_00204,PROD_0067,iPhone 13,2048.24,2025-03-23,Cash on Delivery
PUR_000565,CUST_00204,PROD_0028,Men's Casual Blazer,92.55,2025-10-13,Bank Transfer
PUR_000566,CUST_00204,PROD_0067,iPhone 13,827.33,2025-12-02,Card
PUR_000567,CUST_00204,PROD_0212,Perfume (100ml),36.77,2026-03-12,Mobile Money
PUR_000568,CUST_00204,PROD_0019,Men's Casual Blazer,190.34,2026-06-04,Mobile Money
PUR_000569,CUST_00208,PROD_0256,Camping Tent,353.82,2026-06-22,Card
PUR_000570,CUST_00208,PROD_0137,43-inch LED TV,313.58,2026-08-22,Mobile Money
PUR_000571,CUST_00211,PROD_0128,Air Conditioner (1.5HP),1692.73,2026-01-17,Mobile Money
PUR_000572,CUST_00211,PROD_0123,Electric Iron,1751.55,2026-04-07,Mobile Money
PUR_000573,CUST_00211,PROD_0034,Men's Casual Blazer,137.57,2026-07-15,Card
PUR_000574,CUST_00212,PROD_0234,Multivitamin Tablets,117.3,2025-07-28,Mobile Money
PUR_000575,CUST_00212,PROD_0215,Skin Toner,53.46,2026-01-07,Card
PUR_000576,CUST_00218,PROD_0213,Deodorant Roll-on,56.98,2026-05-07,Cash on Delivery
PUR_000577,CUST_00219,PROD_0253,Running Shoes,34.35,2026-04-23,Mobile Money
PUR_000578,CUST_00220,PROD_0121,Blender (4L),964.62,2025-03-14,Card
PUR_000579,CUST_00220,PROD_0072,Phone Screen Protector,735.97,2025-05-30,Mobile Money
PUR_000580,CUST_00220,PROD_0069,Phone Charger (Type-C),979.79,2025-11-29,Mobile Money
PUR_000581,CUST_00221,PROD_0068,Redmi Note 12,1086.8,2026-02-18,Mobile Money
PUR_000582,CUST_00222,PROD_0017,Men's Formal Suit,61.83,2025-10-30,Cash on Delivery
PUR_000583,CUST_00222,PROD_0062,Kente Print Shirt,109.72,2025-11-05,Mobile Money
PUR_000584,CUST_00222,PROD_0241,Digital Thermometer,44.58,2026-01-30,Card
PUR_000585,CUST_00222,PROD_0232,Bathroom Weighing Scale,138.2,2026-04-12,Mobile Money
PUR_000586,CUST_00222,PROD_0144,Bluetooth Speaker,1261.73,2026-04-24,Cash on Delivery
PUR_000587,CUST_00222,PROD_0067,iPhone 13,263.07,2026-05-03,Mobile Money
PUR_000588,CUST_00222,PROD_0003,Cotton Polo Shirt,90.67,2026-07-30,Mobile Money
PUR_000589,CUST_00222,PROD_0016,Women's Maxi Dress,156.87,2026-08-14,Mobile Money
PUR_000590,CUST_00222,PROD_0002,Ladies Kaftan Gown,256.73,2026-08-18,Cash on Delivery
PUR_000591,CUST_00222,PROD_0187,Bedsheet Set (Queen),91.51,2026-08-20,Card
PUR_000592,CUST_00222,PROD_0130,Rechargeable Fan,1078.18,2026-09-02,Mobile Money
PUR_000593,CUST_00225,PROD_0253,Running Shoes,113.56,2026-08-11,Cash on Delivery
PUR_000594,CUST_00227,PROD_0122,Electric Iron,238.76,2024-12-03,Mobile Money
PUR_000595,CUST_00227,PROD_0049,Ladies Handbag,259.18,2026-02-14,Mobile Money
PUR_000596,CUST_00228,PROD_0180,Bedsheet Set (Queen),125.12,2026-06-30,Mobile Money
PUR_000597,CUST_00229,PROD_0002,Ladies Kaftan Gown,104.11,2025-01-10,Mobile Money
PUR_000598,CUST_00229,PROD_0126,Gaming Console,1534.15,2025-09-29,Card
PUR_000599,CUST_00229,PROD_0181,Storage Containers Set,329.51,2026-03-29,Cash on Delivery
PUR_000600,CUST_00229,PROD_0133,Bluetooth Speaker,2003.78,2026-06-02,Mobile Money
PUR_000601,CUST_00229,PROD_0075,Redmi Note 12,252.44,2026-07-18,Cash on Delivery
PUR_000602,CUST_00229,PROD_0122,Electric Iron,528.28,2026-08-29,Mobile Money
PUR_000603,CUST_00231,PROD_0007,Kente Print Shirt,98.95,2026-01-30,Mobile Money
PUR_000604,CUST_00231,PROD_0002,Ladies Kaftan Gown,73.97,2026-02-03,Mobile Money
PUR_000605,CUST_00231,PROD_0002,Ladies Kaftan Gown,70.31,2026-03-28,Bank Transfer
PUR_000606,CUST_00231,PROD_0121,Blender (4L),207.07,2026-08-04,Cash on Delivery
PUR_000607,CUST_00233,PROD_0299,Garri (2kg),73.29,2026-04-25,Mobile Money
PUR_000608,CUST_00233,PROD_0166,Gas Cooker (4-Burner),162.8,2026-05-07,Card
PUR_000609,CUST_00234,PROD_0005,Men's Casual Blazer,364.44,2026-05-28,Cash on Delivery
PUR_000610,CUST_00236,PROD_0082,Samsung Galaxy A14,2128.07,2025-07-27,Mobile Money
PUR_000611,CUST_00236,PROD_0064,Leather Sandals,52.11,2025-08-28,Mobile Money
PUR_000612,CUST_00236,PROD_0123,Electric Iron,514.15,2026-02-11,Mobile Money
PUR_000613,CUST_00236,PROD_0162,Blender (4L),717.0,2026-04-14,Cash on Delivery
PUR_000614,CUST_00238,PROD_0240,Digital Thermometer,120.8,2026-09-03,Bank Transfer
PUR_000615,CUST_00238,PROD_0054,Men's Slim Fit Jeans,109.99,2026-09-04,Mobile Money
PUR_000616,CUST_00238,PROD_0166,Gas Cooker (4-Burner),264.55,2026-09-04,Cash on Delivery
PUR_000617,CUST_00238,PROD_0207,Skin Toner,57.05,2026-09-04,Mobile Money
PUR_000618,CUST_00241,PROD_0133,Bluetooth Speaker,1491.6,2023-09-15,Mobile Money
PUR_000619,CUST_00241,PROD_0253,Running Shoes,220.82,2024-06-27,Card
PUR_000620,CUST_00241,PROD_0074,Phone Screen Protector,1020.3,2024-12-13,Mobile Money
PUR_000621,CUST_00241,PROD_0139,Digital Camera,234.68,2025-06-06,Cash on Delivery
PUR_000622,CUST_00241,PROD_0299,Garri (2kg),91.26,2025-07-15,Mobile Money
PUR_000623,CUST_00241,PROD_0176,Curtain Set,65.88,2025-10-25,Mobile Money
PUR_000624,CUST_00241,PROD_0280,Baby Diapers Pack,130.9,2026-01-17,Mobile Money
PUR_000625,CUST_00241,PROD_0254,Basketball,194.0,2026-02-21,Bank Transfer
PUR_000626,CUST_00241,PROD_0053,Traditional Smock (Fugu),131.07,2026-04-13,Card
PUR_000627,CUST_00241,PROD_0170,Rice Cooker,174.16,2026-05-19,Cash on Delivery
PUR_000628,CUST_00241,PROD_0295,Canned Tuna,167.29,2026-07-18,Card
PUR_000629,CUST_00241,PROD_0001,Traditional Smock (Fugu),55.41,2026-08-14,Cash on Delivery
PUR_000630,CUST_00242,PROD_0284,Baby Bath Tub,430.12,2023-11-12,Mobile Money
PUR_000631,CUST_00242,PROD_0295,Canned Tuna,84.23,2024-03-31,Cash on Delivery
PUR_000632,CUST_00242,PROD_0121,Blender (4L),694.54,2024-05-25,Mobile Money
PUR_000633,CUST_00242,PROD_0008,Kente Print Shirt,66.26,2024-12-12,Mobile Money
PUR_000634,CUST_00242,PROD_0006,Men's Casual Blazer,177.6,2025-09-17,Mobile Money
PUR_000635,CUST_00242,PROD_0203,Braided Hair Extension,50.23,2026-02-16,Card
PUR_000636,CUST_00243,PROD_0210,Braided Hair Extension,73.3,2024-09-27,Card
PUR_000637,CUST_00243,PROD_0168,Rice Cooker,255.41,2025-08-07,Card
PUR_000638,CUST_00243,PROD_0163,Extension Socket,714.4,2025-09-28,Mobile Money
PUR_000639,CUST_00244,PROD_0192,Dining Table Set,496.31,2026-04-24,Mobile Money
PUR_000640,CUST_00244,PROD_0122,Electric Iron,1029.78,2026-05-30,Card
PUR_000641,CUST_00244,PROD_0256,Camping Tent,91.81,2026-06-15,Mobile Money
PUR_000642,CUST_00244,PROD_0254,Basketball,142.26,2026-08-07,Card
PUR_000643,CUST_00244,PROD_0004,Men's Slim Fit Jeans,50.16,2026-08-28,Mobile Money
PUR_000644,CUST_00248,PROD_0007,Kente Print Shirt,166.9,2025-08-05,Bank Transfer
PUR_000645,CUST_00248,PROD_0232,Bathroom Weighing Scale,96.49,2026-02-09,Card
PUR_000646,CUST_00248,PROD_0142,Gaming Console,776.86,2026-06-03,Cash on Delivery
PUR_000647,CUST_00249,PROD_0285,Baby Bath Tub,63.88,2023-10-01,Cash on Delivery
PUR_000648,CUST_00249,PROD_0215,Skin Toner,92.28,2024-09-13,Mobile Money
PUR_000649,CUST_00249,PROD_0001,Traditional Smock (Fugu),90.01,2025-08-20,Mobile Money
PUR_000650,CUST_00249,PROD_0168,Rice Cooker,155.15,2025-10-03,Mobile Money
PUR_000651,CUST_00249,PROD_0001,Traditional Smock (Fugu),115.25,2025-12-08,Cash on Delivery
PUR_000652,CUST_00249,PROD_0205,Deodorant Roll-on,37.27,2026-01-09,Cash on Delivery
PUR_000653,CUST_00249,PROD_0010,Traditional Smock (Fugu),145.44,2026-04-04,Mobile Money
PUR_000654,CUST_00250,PROD_0001,Traditional Smock (Fugu),78.81,2025-04-23,Mobile Money
PUR_000655,CUST_00250,PROD_0002,Ladies Kaftan Gown,115.21,2026-01-07,Card
PUR_000656,CUST_00250,PROD_0166,Gas Cooker (4-Burner),269.78,2026-07-15,Mobile Money
PUR_000657,CUST_00251,PROD_0297,Rice (5kg Bag),39.31,2026-06-28,Mobile Money
PUR_000658,CUST_00251,PROD_0017,Men's Formal Suit,88.49,2026-07-22,Card
PUR_000659,CUST_00251,PROD_0067,iPhone 13,600.91,2026-08-02,Mobile Money
PUR_000660,CUST_00252,PROD_0001,Traditional Smock (Fugu),125.47,2026-05-31,Bank Transfer
PUR_000661,CUST_00252,PROD_0144,Bluetooth Speaker,381.83,2026-07-08,Mobile Money
PUR_000662,CUST_00252,PROD_0027,Ladies Kaftan Gown,42.89,2026-08-16,Mobile Money
PUR_000663,CUST_00253,PROD_0204,Beard Grooming Kit,48.59,2025-11-27,Bank Transfer
PUR_000664,CUST_00253,PROD_0202,Deodorant Roll-on,60.69,2026-06-30,Mobile Money
PUR_000665,CUST_00254,PROD_0166,Gas Cooker (4-Burner),762.34,2026-06-18,Cash on Delivery
PUR_000666,CUST_00256,PROD_0065,Wax Print Skirt,72.6,2026-02-12,Mobile Money
PUR_000667,CUST_00256,PROD_0233,Multivitamin Tablets,83.91,2026-08-17,Mobile Money
PUR_000668,CUST_00257,PROD_0178,Gas Cooker (4-Burner),192.48,2024-11-19,Cash on Delivery
PUR_000669,CUST_00257,PROD_0007,Kente Print Shirt,111.69,2024-11-21,Card
PUR_000670,CUST_00257,PROD_0069,Phone Charger (Type-C),698.33,2025-09-22,Mobile Money
PUR_000671,CUST_00261,PROD_0254,Basketball,78.86,2025-10-31,Cash on Delivery
PUR_000672,CUST_00261,PROD_0125,LED Bulb Pack,2431.08,2026-01-09,Mobile Money
PUR_000673,CUST_00261,PROD_0189,Non-stick Cooking Pot Set,201.64,2026-03-21,Mobile Money
PUR_000674,CUST_00261,PROD_0240,Digital Thermometer,54.48,2026-03-21,Mobile Money
PUR_000675,CUST_00261,PROD_0074,Phone Screen Protector,4197.29,2026-04-27,Mobile Money
PUR_000676,CUST_00262,PROD_0135,LED Bulb Pack,865.37,2024-04-08,Card
PUR_000677,CUST_00262,PROD_0084,Samsung Galaxy A14,586.37,2025-01-04,Mobile Money
PUR_000678,CUST_00262,PROD_0232,Bathroom Weighing Scale,62.32,2025-06-05,Cash on Delivery
PUR_000679,CUST_00262,PROD_0073,Redmi Note 12,2909.29,2025-12-26,Card
PUR_000680,CUST_00262,PROD_0011,Unisex Sneakers,78.15,2026-02-04,Mobile Money
PUR_000681,CUST_00263,PROD_0210,Braided Hair Extension,47.49,2026-08-16,Mobile Money
PUR_000682,CUST_00264,PROD_0179,Wall Clock,295.15,2026-04-15,Bank Transfer
PUR_000683,CUST_00264,PROD_0154,Gaming Console,560.2,2026-07-20,Cash on Delivery
PUR_000684,CUST_00264,PROD_0185,Wall Clock,485.12,2026-09-04,Mobile Money
PUR_000685,CUST_00266,PROD_0214,Deodorant Roll-on,70.34,2026-07-03,Mobile Money
PUR_000686,CUST_00266,PROD_0136,Laptop (Core i5),578.42,2026-08-12,Cash on Delivery
PUR_000687,CUST_00267,PROD_0290,Exercise Books Pack,51.84,2025-10-24,Cash on Delivery
PUR_000688,CUST_00267,PROD_0104,Tecno Spark 10,1903.83,2025-11-06,Cash on Delivery
PUR_000689,CUST_00267,PROD_0232,Bathroom Weighing Scale,62.87,2025-11-25,Mobile Money
PUR_000690,CUST_00267,PROD_0124,LED Bulb Pack,780.91,2026-02-16,Cash on Delivery
PUR_000691,CUST_00267,PROD_0096,Bluetooth Headset,510.58,2026-02-18,Mobile Money
PUR_000692,CUST_00267,PROD_0069,Phone Charger (Type-C),1015.21,2026-03-03,Card
PUR_000693,CUST_00267,PROD_0202,Deodorant Roll-on,42.92,2026-04-11,Mobile Money
PUR_000694,CUST_00267,PROD_0072,Phone Screen Protector,57.9,2026-04-23,Mobile Money
PUR_000695,CUST_00267,PROD_0066,Men's Slim Fit Jeans,86.83,2026-05-07,Mobile Money
PUR_000696,CUST_00267,PROD_0271,Kids' Bicycle,143.4,2026-05-21,Mobile Money
PUR_000697,CUST_00267,PROD_0001,Traditional Smock (Fugu),238.44,2026-06-05,Mobile Money
PUR_000698,CUST_00267,PROD_0067,iPhone 13,749.05,2026-08-30,Mobile Money
PUR_000699,CUST_00268,PROD_0227,Shea Butter Body Lotion,27.63,2026-07-03,Mobile Money
PUR_000700,CUST_00271,PROD_0191,Rice Cooker,198.85,2025-02-02,Cash on Delivery
PUR_000701,CUST_00271,PROD_0003,Cotton Polo Shirt,297.57,2025-09-30,Mobile Money
PUR_000702,CUST_00271,PROD_0203,Braided Hair Extension,52.18,2026-08-03,Mobile Money
PUR_000703,CUST_00272,PROD_0121,Blender (4L),902.31,2025-10-29,Card
PUR_000704,CUST_00273,PROD_0068,Redmi Note 12,827.27,2025-02-15,Card
PUR_000705,CUST_00273,PROD_0169,Bedsheet Set (Queen),287.09,2025-05-10,Mobile Money
PUR_000706,CUST_00273,PROD_0121,Blender (4L),352.31,2025-07-11,Bank Transfer
PUR_000707,CUST_00273,PROD_0166,Gas Cooker (4-Burner),176.26,2025-08-11,Cash on Delivery
PUR_000708,CUST_00273,PROD_0022,Denim Jacket,99.26,2026-03-20,Card
PUR_000709,CUST_00273,PROD_0202,Deodorant Roll-on,60.28,2026-06-20,Cash on Delivery
PUR_000710,CUST_00274,PROD_0153,Rechargeable Fan,650.58,2024-09-18,Bank Transfer
PUR_000711,CUST_00274,PROD_0254,Basketball,391.33,2024-10-06,Cash on Delivery
PUR_000712,CUST_00274,PROD_0286,Hardcover Notebook,33.28,2026-05-31,Card
PUR_000713,CUST_00275,PROD_0127,Microwave Oven,1838.39,2025-12-17,Mobile Money
PUR_000714,CUST_00275,PROD_0207,Skin Toner,68.08,2026-01-23,Mobile Money
PUR_000715,CUST_00275,PROD_0167,Bedsheet Set (Queen),165.33,2026-03-04,Mobile Money
PUR_000716,CUST_00275,PROD_0078,Phone Screen Protector,1128.45,2026-03-18,Mobile Money
PUR_000717,CUST_00275,PROD_0272,Baby Carrier,97.93,2026-03-22,Card
PUR_000718,CUST_00275,PROD_0124,LED Bulb Pack,241.47,2026-05-03,Cash on Delivery
PUR_000719,CUST_00275,PROD_0205,Deodorant Roll-on,27.16,2026-05-13,Mobile Money
PUR_000720,CUST_00275,PROD_0013,Ankara Print Dress,87.28,2026-06-02,Mobile Money
PUR_000721,CUST_00275,PROD_0007,Kente Print Shirt,108.0,2026-06-05,Card
PUR_000722,CUST_00275,PROD_0127,Microwave Oven,902.49,2026-06-23,Mobile Money
PUR_000723,CUST_00275,PROD_0126,Gaming Console,149.1,2026-06-27,Mobile Money
PUR_000724,CUST_00275,PROD_0291,Exercise Books Pack,30.1,2026-06-27,Mobile Money
PUR_000725,CUST_00275,PROD_0067,iPhone 13,946.14,2026-08-06,Mobile Money
PUR_000726,CUST_00275,PROD_0128,Air Conditioner (1.5HP),1708.26,2026-08-06,Cash on Delivery
PUR_000727,CUST_00275,PROD_0169,Bedsheet Set (Queen),180.45,2026-08-24,Mobile Money
PUR_000728,CUST_00275,PROD_0156,Desktop Computer,803.69,2026-08-30,Cash on Delivery
PUR_000729,CUST_00277,PROD_0298,Sugar (2kg),149.81,2025-04-04,Mobile Money
PUR_000730,CUST_00277,PROD_0275,Kids' Bicycle,142.29,2025-12-02,Mobile Money
PUR_000731,CUST_00277,PROD_0052,Ladies Kaftan Gown,100.91,2026-03-16,Mobile Money
PUR_000732,CUST_00277,PROD_0121,Blender (4L),328.31,2026-04-23,Mobile Money
PUR_000733,CUST_00277,PROD_0234,Multivitamin Tablets,119.18,2026-05-07,Mobile Money
PUR_000734,CUST_00277,PROD_0253,Running Shoes,91.82,2026-05-11,Cash on Delivery
PUR_000735,CUST_00279,PROD_0204,Beard Grooming Kit,56.09,2025-06-14,Bank Transfer
PUR_000736,CUST_00279,PROD_0012,Children's T-Shirt Set,170.8,2025-11-16,Card
PUR_000737,CUST_00279,PROD_0237,Multivitamin Tablets,58.08,2026-04-08,Mobile Money
PUR_000738,CUST_00280,PROD_0005,Men's Casual Blazer,150.59,2025-08-04,Cash on Delivery
PUR_000739,CUST_00280,PROD_0077,Bluetooth Headset,761.78,2026-01-22,Mobile Money
PUR_000740,CUST_00282,PROD_0105,Samsung Galaxy A14,355.38,2026-07-27,Mobile Money
PUR_000741,CUST_00282,PROD_0103,Power Bank 20000mAh,1051.78,2026-07-30,Cash on Delivery
PUR_000742,CUST_00282,PROD_0135,LED Bulb Pack,1542.2,2026-08-02,Mobile Money
PUR_000743,CUST_00282,PROD_0070,Phone Charger (Type-C),7351.43,2026-08-10,Mobile Money
PUR_000744,CUST_00282,PROD_0097,Phone Screen Protector,619.27,2026-08-21,Cash on Delivery
PUR_000745,CUST_00285,PROD_0259,Basketball,472.92,2026-03-11,Mobile Money
PUR_000746,CUST_00287,PROD_0032,Men's Formal Suit,206.79,2026-08-16,Cash on Delivery
PUR_000747,CUST_00290,PROD_0261,Camping Tent,47.75,2026-03-16,Mobile Money
PUR_000748,CUST_00290,PROD_0151,Extension Socket,907.0,2026-07-27,Bank Transfer
PUR_000749,CUST_00293,PROD_0075,Redmi Note 12,373.77,2026-01-31,Mobile Money
PUR_000750,CUST_00293,PROD_0290,Exercise Books Pack,27.68,2026-06-10,Mobile Money
PUR_000751,CUST_00296,PROD_0232,Bathroom Weighing Scale,67.95,2026-03-15,Mobile Money
PUR_000752,CUST_00299,PROD_0067,iPhone 13,2319.8,2026-04-04,Mobile Money
PUR_000753,CUST_00302,PROD_0167,Bedsheet Set (Queen),328.55,2026-01-03,Mobile Money
PUR_000754,CUST_00302,PROD_0068,Redmi Note 12,758.36,2026-01-23,Mobile Money
PUR_000755,CUST_00302,PROD_0012,Children's T-Shirt Set,59.73,2026-03-13,Mobile Money
PUR_000756,CUST_00302,PROD_0140,Electric Iron,178.08,2026-03-15,Cash on Delivery
PUR_000757,CUST_00302,PROD_0126,Gaming Console,353.84,2026-04-10,Mobile Money
PUR_000758,CUST_00302,PROD_0097,Phone Screen Protector,1477.17,2026-04-23,Card
PUR_000759,CUST_00302,PROD_0041,Denim Jacket,199.82,2026-05-09,Cash on Delivery
PUR_000760,CUST_00302,PROD_0003,Cotton Polo Shirt,59.65,2026-05-12,Cash on Delivery
PUR_000761,CUST_00302,PROD_0089,Samsung Galaxy A14,1541.0,2026-05-19,Mobile Money
PUR_000762,CUST_00302,PROD_0001,Traditional Smock (Fugu),90.26,2026-05-20,Mobile Money
PUR_000763,CUST_00302,PROD_0171,Sofa Set,175.49,2026-06-17,Cash on Delivery
PUR_000764,CUST_00302,PROD_0001,Traditional Smock (Fugu),270.65,2026-06-21,Mobile Money
PUR_000765,CUST_00302,PROD_0024,Women's Maxi Dress,75.49,2026-07-04,Cash on Delivery
PUR_000766,CUST_00302,PROD_0008,Kente Print Shirt,74.29,2026-07-28,Mobile Money
PUR_000767,CUST_00302,PROD_0207,Skin Toner,91.65,2026-08-07,Mobile Money
PUR_000768,CUST_00302,PROD_0001,Traditional Smock (Fugu),150.14,2026-08-09,Mobile Money
PUR_000769,CUST_00304,PROD_0177,Rice Cooker,254.11,2026-05-01,Cash on Delivery
PUR_000770,CUST_00305,PROD_0202,Deodorant Roll-on,48.19,2025-07-15,Mobile Money
PUR_000771,CUST_00305,PROD_0082,Samsung Galaxy A14,950.16,2025-10-27,Cash on Delivery
PUR_000772,CUST_00305,PROD_0297,Rice (5kg Bag),52.07,2025-12-22,Cash on Delivery
PUR_000773,CUST_00305,PROD_0023,Kente Print Shirt,74.73,2026-01-18,Mobile Money
PUR_000774,CUST_00306,PROD_0032,Men's Formal Suit,140.66,2023-07-20,Mobile Money
PUR_000775,CUST_00306,PROD_0067,iPhone 13,836.61,2025-05-24,Mobile Money
PUR_000776,CUST_00306,PROD_0078,Phone Screen Protector,172.06,2025-10-26,Card
PUR_000777,CUST_00306,PROD_0253,Running Shoes,237.26,2026-01-11,Mobile Money
PUR_000778,CUST_00306,PROD_0171,Sofa Set,169.5,2026-01-21,Cash on Delivery
PUR_000779,CUST_00307,PROD_0216,Skin Toner,156.04,2026-06-08,Cash on Delivery
PUR_000780,CUST_00307,PROD_0006,Men's Casual Blazer,50.17,2026-06-29,Mobile Money
PUR_000781,CUST_00307,PROD_0071,Bluetooth Headset,733.32,2026-08-15,Mobile Money
PUR_000782,CUST_00308,PROD_0039,Men's Slim Fit Jeans,125.31,2026-07-06,Card
PUR_000783,CUST_00308,PROD_0002,Ladies Kaftan Gown,139.59,2026-08-11,Mobile Money
PUR_000784,CUST_00309,PROD_0070,Phone Charger (Type-C),2346.15,2025-07-08,Cash on Delivery
PUR_000785,CUST_00309,PROD_0005,Men's Casual Blazer,176.25,2025-12-22,Card
PUR_000786,CUST_00310,PROD_0121,Blender (4L),909.83,2026-06-28,Mobile Money
PUR_000787,CUST_00311,PROD_0202,Deodorant Roll-on,45.47,2026-04-03,Mobile Money
PUR_000788,CUST_00314,PROD_0240,Digital Thermometer,48.48,2023-08-09,Cash on Delivery
PUR_000789,CUST_00314,PROD_0150,Extension Socket,393.39,2024-03-18,Cash on Delivery
PUR_000790,CUST_00317,PROD_0182,Curtain Set,170.64,2026-07-13,Card
PUR_000791,CUST_00320,PROD_0175,Kitchen Knife Set,114.35,2026-08-12,Card
PUR_000792,CUST_00322,PROD_0232,Bathroom Weighing Scale,102.18,2025-06-19,Mobile Money
PUR_000793,CUST_00322,PROD_0007,Kente Print Shirt,75.68,2025-08-01,Cash on Delivery
PUR_000794,CUST_00322,PROD_0166,Gas Cooker (4-Burner),198.0,2025-10-21,Mobile Money
PUR_000795,CUST_00322,PROD_0172,Curtain Set,309.24,2025-10-27,Cash on Delivery
PUR_000796,CUST_00322,PROD_0221,Nail Polish Set,48.87,2025-11-11,Mobile Money
PUR_000797,CUST_00322,PROD_0188,Water Dispenser,307.15,2025-12-05,Card
PUR_000798,CUST_00322,PROD_0071,Bluetooth Headset,737.55,2026-01-08,Bank Transfer
PUR_000799,CUST_00322,PROD_0006,Men's Casual Blazer,65.97,2026-01-15,Mobile Money
PUR_000800,CUST_00322,PROD_0230,Black Soap Bar,32.64,2026-02-05,Mobile Money
PUR_000801,CUST_00322,PROD_0148,Electric Iron,1016.9,2026-02-11,Card
PUR_000802,CUST_00322,PROD_0006,Men's Casual Blazer,77.3,2026-02-17,Card
PUR_000803,CUST_00322,PROD_0069,Phone Charger (Type-C),785.46,2026-02-23,Cash on Delivery
PUR_000804,CUST_00322,PROD_0004,Men's Slim Fit Jeans,204.03,2026-03-02,Card
PUR_000805,CUST_00322,PROD_0001,Traditional Smock (Fugu),127.81,2026-03-07,Card
PUR_000806,CUST_00322,PROD_0198,Wall Clock,188.75,2026-03-23,Cash on Delivery
PUR_000807,CUST_00322,PROD_0079,iPhone 13,545.45,2026-04-18,Card
PUR_000808,CUST_00322,PROD_0286,Hardcover Notebook,31.55,2026-05-01,Cash on Delivery
PUR_000809,CUST_00323,PROD_0038,Ladies Handbag,60.09,2025-11-14,Mobile Money
PUR_000810,CUST_00323,PROD_0284,Baby Bath Tub,215.47,2025-12-14,Mobile Money
PUR_000811,CUST_00323,PROD_0202,Deodorant Roll-on,120.99,2026-03-08,Mobile Money
PUR_000812,CUST_00323,PROD_0002,Ladies Kaftan Gown,162.46,2026-03-19,Mobile Money
PUR_000813,CUST_00323,PROD_0039,Men's Slim Fit Jeans,41.61,2026-04-03,Card
PUR_000814,CUST_00323,PROD_0120,Redmi Note 12,2879.99,2026-04-11,Mobile Money
PUR_000815,CUST_00323,PROD_0235,Bathroom Weighing Scale,123.98,2026-04-21,Mobile Money
PUR_000816,CUST_00323,PROD_0238,Digital Blood Pressure Monitor,123.09,2026-04-26,Cash on Delivery
PUR_000817,CUST_00323,PROD_0207,Skin Toner,39.97,2026-06-06,Mobile Money
PUR_000818,CUST_00323,PROD_0136,Laptop (Core i5),438.15,2026-06-11,Cash on Delivery
PUR_000819,CUST_00323,PROD_0134,Gaming Console,1062.12,2026-06-16,Mobile Money
PUR_000820,CUST_00323,PROD_0167,Bedsheet Set (Queen),64.72,2026-07-11,Cash on Delivery
PUR_000821,CUST_00325,PROD_0001,Traditional Smock (Fugu),182.9,2025-07-19,Mobile Money
PUR_000822,CUST_00326,PROD_0008,Kente Print Shirt,202.71,2026-03-24,Card
PUR_000823,CUST_00326,PROD_0069,Phone Charger (Type-C),711.95,2026-06-22,Mobile Money
PUR_000824,CUST_00326,PROD_0135,LED Bulb Pack,455.48,2026-08-31,Cash on Delivery
PUR_000825,CUST_00327,PROD_0288,Scientific Calculator,32.18,2026-04-14,Mobile Money
PUR_000826,CUST_00327,PROD_0255,Water Bottle (1L),65.43,2026-04-28,Mobile Money
PUR_000827,CUST_00327,PROD_0158,LED Bulb Pack,235.45,2026-05-24,Mobile Money
PUR_000828,CUST_00327,PROD_0029,Women's Maxi Dress,112.85,2026-05-27,Mobile Money
PUR_000829,CUST_00328,PROD_0003,Cotton Polo Shirt,226.21,2026-06-15,Mobile Money
PUR_000830,CUST_00328,PROD_0006,Men's Casual Blazer,180.82,2026-06-18,Cash on Delivery
PUR_000831,CUST_00329,PROD_0199,Bedsheet Set (Queen),192.51,2026-06-15,Mobile Money
PUR_000832,CUST_00329,PROD_0074,Phone Screen Protector,2409.53,2026-08-07,Mobile Money
PUR_000833,CUST_00329,PROD_0173,Non-stick Cooking Pot Set,421.02,2026-08-20,Mobile Money
PUR_000834,CUST_00331,PROD_0138,Microwave Oven,428.46,2026-06-02,Cash on Delivery
PUR_000835,CUST_00332,PROD_0070,Phone Charger (Type-C),2002.67,2026-01-22,Cash on Delivery
PUR_000836,CUST_00334,PROD_0071,Bluetooth Headset,530.31,2026-08-29,Card
PUR_000837,CUST_00337,PROD_0172,Curtain Set,153.31,2025-07-19,Mobile Money
PUR_000838,CUST_00337,PROD_0260,Gym Gloves,24.56,2025-07-22,Card
PUR_000839,CUST_00337,PROD_0070,Phone Charger (Type-C),1233.55,2025-11-04,Mobile Money
PUR_000840,CUST_00337,PROD_0169,Bedsheet Set (Queen),686.58,2025-11-08,Bank Transfer
PUR_000841,CUST_00337,PROD_0253,Running Shoes,81.92,2026-02-05,Mobile Money
PUR_000842,CUST_00337,PROD_0212,Perfume (100ml),52.12,2026-07-04,Cash on Delivery
PUR_000843,CUST_00337,PROD_0121,Blender (4L),517.61,2026-07-10,Mobile Money
PUR_000844,CUST_00338,PROD_0131,Air Conditioner (1.5HP),333.57,2025-12-20,Card
PUR_000845,CUST_00338,PROD_0134,Gaming Console,447.11,2025-12-25,Bank Transfer
PUR_000846,CUST_00338,PROD_0272,Baby Carrier,73.3,2026-02-09,Mobile Money
PUR_000847,CUST_00338,PROD_0214,Deodorant Roll-on,28.93,2026-03-15,Cash on Delivery
PUR_000848,CUST_00338,PROD_0208,Perfume (100ml),95.17,2026-04-27,Mobile Money
PUR_000849,CUST_00338,PROD_0122,Electric Iron,383.37,2026-06-10,Card
PUR_000850,CUST_00339,PROD_0254,Basketball,51.39,2026-02-06,Mobile Money
PUR_000851,CUST_00339,PROD_0159,Bluetooth Speaker,268.97,2026-02-14,Mobile Money
PUR_000852,CUST_00339,PROD_0257,Running Shoes,253.19,2026-04-01,Cash on Delivery
PUR_000853,CUST_00339,PROD_0010,Traditional Smock (Fugu),60.75,2026-06-25,Mobile Money
PUR_000854,CUST_00339,PROD_0146,Home Theater System,153.64,2026-07-21,Mobile Money
PUR_000855,CUST_00339,PROD_0001,Traditional Smock (Fugu),252.93,2026-08-19,Cash on Delivery
PUR_000856,CUST_00341,PROD_0007,Kente Print Shirt,54.41,2026-02-03,Cash on Delivery
PUR_000857,CUST_00341,PROD_0178,Gas Cooker (4-Burner),160.45,2026-02-28,Mobile Money
PUR_000858,CUST_00341,PROD_0071,Bluetooth Headset,1556.48,2026-04-24,Card
PUR_000859,CUST_00341,PROD_0271,Kids' Bicycle,160.27,2026-05-30,Mobile Money
PUR_000860,CUST_00341,PROD_0188,Water Dispenser,249.22,2026-07-17,Card
PUR_000861,CUST_00341,PROD_0138,Microwave Oven,2062.39,2026-08-05,Cash on Delivery
PUR_000862,CUST_00342,PROD_0178,Gas Cooker (4-Burner),292.85,2025-12-31,Cash on Delivery
PUR_000863,CUST_00342,PROD_0245,Protein Powder,41.22,2026-02-05,Cash on Delivery
PUR_000864,CUST_00342,PROD_0182,Curtain Set,161.21,2026-02-10,Card
PUR_000865,CUST_00342,PROD_0003,Cotton Polo Shirt,205.33,2026-02-13,Mobile Money
PUR_000866,CUST_00342,PROD_0003,Cotton Polo Shirt,103.28,2026-03-28,Cash on Delivery
PUR_000867,CUST_00342,PROD_0169,Bedsheet Set (Queen),178.67,2026-04-21,Mobile Money
PUR_000868,CUST_00342,PROD_0166,Gas Cooker (4-Burner),262.21,2026-04-23,Mobile Money
PUR_000869,CUST_00342,PROD_0207,Skin Toner,71.18,2026-04-28,Mobile Money
PUR_000870,CUST_00342,PROD_0067,iPhone 13,306.88,2026-05-09,Bank Transfer
PUR_000871,CUST_00342,PROD_0071,Bluetooth Headset,2069.2,2026-05-10,Cash on Delivery
PUR_000872,CUST_00342,PROD_0067,iPhone 13,140.86,2026-05-20,Mobile Money
PUR_000873,CUST_00342,PROD_0213,Deodorant Roll-on,34.22,2026-05-29,Mobile Money
PUR_000874,CUST_00342,PROD_0197,Wall Clock,220.85,2026-06-14,Card
PUR_000875,CUST_00342,PROD_0177,Rice Cooker,464.45,2026-06-28,Mobile Money
PUR_000876,CUST_00342,PROD_0168,Rice Cooker,305.71,2026-07-10,Mobile Money
PUR_000877,CUST_00342,PROD_0171,Sofa Set,124.1,2026-07-13,Card
PUR_000878,CUST_00342,PROD_0019,Men's Casual Blazer,164.72,2026-07-21,Mobile Money
PUR_000879,CUST_00342,PROD_0144,Bluetooth Speaker,178.99,2026-08-06,Cash on Delivery
PUR_000880,CUST_00342,PROD_0049,Ladies Handbag,92.69,2026-08-19,Cash on Delivery
PUR_000881,CUST_00342,PROD_0002,Ladies Kaftan Gown,196.96,2026-09-04,Mobile Money
PUR_000882,CUST_00344,PROD_0104,Tecno Spark 10,735.09,2026-03-02,Cash on Delivery
PUR_000883,CUST_00344,PROD_0254,Basketball,123.28,2026-07-23,Card
PUR_000884,CUST_00346,PROD_0023,Kente Print Shirt,120.8,2026-07-02,Cash on Delivery
PUR_000885,CUST_00346,PROD_0264,Camping Tent,170.28,2026-08-12,Cash on Delivery
PUR_000886,CUST_00347,PROD_0127,Microwave Oven,474.48,2025-10-17,Mobile Money
PUR_000887,CUST_00347,PROD_0066,Men's Slim Fit Jeans,436.27,2025-12-06,Card
PUR_000888,CUST_00347,PROD_0234,Multivitamin Tablets,74.71,2026-02-19,Mobile Money
PUR_000889,CUST_00347,PROD_0005,Men's Casual Blazer,518.74,2026-03-04,Cash on Delivery
PUR_000890,CUST_00347,PROD_0232,Bathroom Weighing Scale,48.45,2026-07-04,Mobile Money
PUR_000891,CUST_00347,PROD_0202,Deodorant Roll-on,32.88,2026-07-24,Cash on Delivery
PUR_000892,CUST_00350,PROD_0149,Gaming Console,712.35,2025-10-18,Mobile Money
PUR_000893,CUST_00350,PROD_0204,Beard Grooming Kit,34.06,2026-02-09,Card
PUR_000894,CUST_00350,PROD_0301,Sugar (2kg),52.81,2026-05-10,Mobile Money
PUR_000895,CUST_00350,PROD_0232,Bathroom Weighing Scale,55.76,2026-05-15,Card
PUR_000896,CUST_00350,PROD_0005,Men's Casual Blazer,246.02,2026-05-25,Bank Transfer
PUR_000897,CUST_00350,PROD_0071,Bluetooth Headset,599.41,2026-06-01,Mobile Money
PUR_000898,CUST_00350,PROD_0285,Baby Bath Tub,102.84,2026-06-08,Mobile Money
PUR_000899,CUST_00350,PROD_0121,Blender (4L),1713.34,2026-07-16,Mobile Money
PUR_000900,CUST_00350,PROD_0177,Rice Cooker,441.54,2026-08-27,Cash on Delivery
PUR_000901,CUST_00351,PROD_0172,Curtain Set,188.51,2026-05-15,Cash on Delivery
PUR_000902,CUST_00352,PROD_0155,Bluetooth Speaker,1068.93,2025-08-26,Card
PUR_000903,CUST_00352,PROD_0191,Rice Cooker,744.31,2025-11-25,Mobile Money
PUR_000904,CUST_00352,PROD_0255,Water Bottle (1L),160.86,2025-11-28,Mobile Money
PUR_000905,CUST_00352,PROD_0001,Traditional Smock (Fugu),153.96,2026-01-02,Mobile Money
PUR_000906,CUST_00352,PROD_0208,Perfume (100ml),115.19,2026-04-27,Card
PUR_000907,CUST_00352,PROD_0068,Redmi Note 12,1340.47,2026-05-01,Cash on Delivery
PUR_000908,CUST_00353,PROD_0241,Digital Thermometer,56.99,2026-03-17,Card
PUR_000909,CUST_00353,PROD_0067,iPhone 13,3463.8,2026-04-23,Cash on Delivery
PUR_000910,CUST_00353,PROD_0197,Wall Clock,273.31,2026-06-10,Mobile Money
PUR_000911,CUST_00353,PROD_0253,Running Shoes,257.74,2026-06-17,Cash on Delivery
PUR_000912,CUST_00356,PROD_0190,Wall Clock,187.79,2026-03-27,Mobile Money
PUR_000913,CUST_00357,PROD_0173,Non-stick Cooking Pot Set,144.37,2026-09-01,Mobile Money
PUR_000914,CUST_00357,PROD_0233,Multivitamin Tablets,76.22,2026-09-02,Mobile Money
PUR_000915,CUST_00357,PROD_0044,Women's Maxi Dress,184.34,2026-09-03,Card
PUR_000916,CUST_00358,PROD_0041,Denim Jacket,44.93,2026-05-16,Mobile Money
PUR_000917,CUST_00358,PROD_0209,Makeup Kit,79.55,2026-06-06,Card
PUR_000918,CUST_00358,PROD_0001,Traditional Smock (Fugu),106.11,2026-06-13,Cash on Delivery
PUR_000919,CUST_00358,PROD_0208,Perfume (100ml),63.72,2026-06-23,Mobile Money
PUR_000920,CUST_00358,PROD_0217,Sunscreen SPF50,37.91,2026-07-12,Mobile Money
PUR_000921,CUST_00358,PROD_0253,Running Shoes,359.2,2026-08-28,Mobile Money
PUR_000922,CUST_00359,PROD_0232,Bathroom Weighing Scale,37.69,2025-03-06,Mobile Money
PUR_000923,CUST_00359,PROD_0296,Garri (2kg),117.0,2025-09-15,Cash on Delivery
PUR_000924,CUST_00359,PROD_0254,Basketball,134.93,2025-09-20,Cash on Delivery
PUR_000925,CUST_00359,PROD_0253,Running Shoes,111.32,2025-09-26,Mobile Money
PUR_000926,CUST_00360,PROD_0049,Ladies Handbag,203.86,2025-10-26,Mobile Money
PUR_000927,CUST_00360,PROD_0212,Perfume (100ml),88.84,2025-11-14,Bank Transfer
PUR_000928,CUST_00360,PROD_0121,Blender (4L),514.22,2025-11-19,Mobile Money
PUR_000929,CUST_00360,PROD_0122,Electric Iron,636.7,2025-11-21,Mobile Money
PUR_000930,CUST_00360,PROD_0014,Men's Slim Fit Jeans,147.56,2025-12-22,Card
PUR_000931,CUST_00360,PROD_0001,Traditional Smock (Fugu),216.94,2026-01-08,Mobile Money
PUR_000932,CUST_00360,PROD_0067,iPhone 13,744.07,2026-01-15,Mobile Money
PUR_000933,CUST_00360,PROD_0284,Baby Bath Tub,64.85,2026-01-17,Mobile Money
PUR_000934,CUST_00360,PROD_0295,Canned Tuna,78.62,2026-01-18,Cash on Delivery
PUR_000935,CUST_00360,PROD_0296,Garri (2kg),92.23,2026-01-26,Mobile Money
PUR_000936,CUST_00360,PROD_0002,Ladies Kaftan Gown,206.21,2026-01-31,Cash on Delivery
PUR_000937,CUST_00360,PROD_0142,Gaming Console,502.87,2026-02-08,Mobile Money
PUR_000938,CUST_00360,PROD_0004,Men's Slim Fit Jeans,241.25,2026-02-13,Mobile Money
PUR_000939,CUST_00360,PROD_0191,Rice Cooker,94.92,2026-02-17,Cash on Delivery
PUR_000940,CUST_00360,PROD_0050,Leather Sandals,172.41,2026-02-28,Mobile Money
PUR_000941,CUST_00360,PROD_0006,Men's Casual Blazer,58.23,2026-03-01,Bank Transfer
PUR_000942,CUST_00360,PROD_0141,LED Bulb Pack,635.53,2026-03-10,Card
PUR_000943,CUST_00360,PROD_0067,iPhone 13,856.16,2026-03-19,Cash on Delivery
PUR_000944,CUST_00360,PROD_0143,LED Bulb Pack,760.97,2026-03-20,Cash on Delivery
PUR_000945,CUST_00360,PROD_0078,Phone Screen Protector,2410.24,2026-03-25,Mobile Money
PUR_000946,CUST_00360,PROD_0045,Women's Maxi Dress,70.08,2026-03-27,Cash on Delivery
PUR_000947,CUST_00360,PROD_0209,Makeup Kit,33.99,2026-03-29,Mobile Money
PUR_000948,CUST_00360,PROD_0018,Men's Formal Suit,98.47,2026-03-30,Cash on Delivery
PUR_000949,CUST_00360,PROD_0121,Blender (4L),328.2,2026-04-03,Mobile Money
PUR_000950,CUST_00360,PROD_0121,Blender (4L),406.47,2026-04-04,Bank Transfer
PUR_000951,CUST_00360,PROD_0187,Bedsheet Set (Queen),80.07,2026-04-04,Bank Transfer
PUR_000952,CUST_00360,PROD_0234,Multivitamin Tablets,38.72,2026-04-13,Mobile Money
PUR_000953,CUST_00360,PROD_0001,Traditional Smock (Fugu),104.0,2026-04-15,Card
PUR_000954,CUST_00360,PROD_0003,Cotton Polo Shirt,39.72,2026-04-16,Card
PUR_000955,CUST_00360,PROD_0121,Blender (4L),482.58,2026-04-17,Cash on Delivery
PUR_000956,CUST_00360,PROD_0084,Samsung Galaxy A14,1510.0,2026-04-23,Card
PUR_000957,CUST_00360,PROD_0136,Laptop (Core i5),706.93,2026-04-28,Mobile Money
PUR_000958,CUST_00360,PROD_0135,LED Bulb Pack,560.73,2026-05-03,Mobile Money
PUR_000959,CUST_00360,PROD_0068,Redmi Note 12,594.05,2026-05-08,Mobile Money
PUR_000960,CUST_00360,PROD_0203,Braided Hair Extension,115.32,2026-05-09,Mobile Money
PUR_000961,CUST_00360,PROD_0143,LED Bulb Pack,1633.09,2026-05-10,Mobile Money
PUR_000962,CUST_00360,PROD_0136,Laptop (Core i5),491.67,2026-05-14,Mobile Money
PUR_000963,CUST_00360,PROD_0253,Running Shoes,104.68,2026-05-19,Cash on Delivery
PUR_000964,CUST_00360,PROD_0273,Baby Diapers Pack,50.13,2026-05-19,Cash on Delivery
PUR_000965,CUST_00360,PROD_0010,Traditional Smock (Fugu),333.05,2026-05-21,Cash on Delivery
PUR_000966,CUST_00360,PROD_0001,Traditional Smock (Fugu),115.57,2026-05-22,Mobile Money
PUR_000967,CUST_00360,PROD_0255,Water Bottle (1L),87.94,2026-05-27,Cash on Delivery
PUR_000968,CUST_00360,PROD_0286,Hardcover Notebook,45.94,2026-05-28,Card
PUR_000969,CUST_00360,PROD_0080,Infinix Hot 30,1167.65,2026-06-05,Mobile Money
PUR_000970,CUST_00360,PROD_0282,Kids Building Blocks,162.5,2026-06-08,Mobile Money
PUR_000971,CUST_00360,PROD_0088,Universal Phone Case,1152.1,2026-06-10,Mobile Money
PUR_000972,CUST_00360,PROD_0227,Shea Butter Body Lotion,95.87,2026-06-11,Mobile Money
PUR_000973,CUST_00360,PROD_0166,Gas Cooker (4-Burner),79.45,2026-06-12,Cash on Delivery
PUR_000974,CUST_00360,PROD_0232,Bathroom Weighing Scale,31.0,2026-06-12,Cash on Delivery
PUR_000975,CUST_00360,PROD_0204,Beard Grooming Kit,119.37,2026-06-14,Cash on Delivery
PUR_000976,CUST_00360,PROD_0212,Perfume (100ml),35.51,2026-06-22,Cash on Delivery
PUR_000977,CUST_00360,PROD_0180,Bedsheet Set (Queen),206.55,2026-06-28,Mobile Money
PUR_000978,CUST_00360,PROD_0085,Samsung Galaxy Tab A8,1654.4,2026-06-28,Card
PUR_000979,CUST_00360,PROD_0259,Basketball,918.92,2026-06-29,Mobile Money
PUR_000980,CUST_00360,PROD_0233,Multivitamin Tablets,40.04,2026-06-30,Mobile Money
PUR_000981,CUST_00360,PROD_0008,Kente Print Shirt,139.1,2026-07-04,Mobile Money
PUR_000982,CUST_00360,PROD_0046,Ladies Kaftan Gown,62.63,2026-07-05,Card
PUR_000983,CUST_00360,PROD_0167,Bedsheet Set (Queen),241.52,2026-07-05,Mobile Money
PUR_000984,CUST_00360,PROD_0202,Deodorant Roll-on,41.82,2026-07-06,Card
PUR_000985,CUST_00360,PROD_0135,LED Bulb Pack,747.07,2026-07-06,Card
PUR_000986,CUST_00360,PROD_0203,Braided Hair Extension,42.53,2026-07-07,Card
PUR_000987,CUST_00360,PROD_0265,Cycling Helmet,232.58,2026-07-09,Mobile Money
PUR_000988,CUST_00360,PROD_0080,Infinix Hot 30,539.95,2026-07-10,Mobile Money
PUR_000989,CUST_00360,PROD_0130,Rechargeable Fan,622.3,2026-07-16,Card
PUR_000990,CUST_00360,PROD_0264,Camping Tent,104.84,2026-07-16,Mobile Money
PUR_000991,CUST_00360,PROD_0045,Women's Maxi Dress,118.88,2026-07-18,Bank Transfer
PUR_000992,CUST_00360,PROD_0070,Phone Charger (Type-C),3411.53,2026-07-21,Mobile Money
PUR_000993,CUST_00360,PROD_0220,Beard Grooming Kit,83.22,2026-07-22,Card
PUR_000994,CUST_00360,PROD_0002,Ladies Kaftan Gown,34.6,2026-07-23,Mobile Money
PUR_000995,CUST_00360,PROD_0274,Baby Carrier,64.55,2026-07-25,Mobile Money
PUR_000996,CUST_00360,PROD_0136,Laptop (Core i5),287.67,2026-07-25,Mobile Money
PUR_000997,CUST_00360,PROD_0130,Rechargeable Fan,2045.42,2026-07-26,Bank Transfer
PUR_000998,CUST_00360,PROD_0286,Hardcover Notebook,30.67,2026-07-28,Cash on Delivery
PUR_000999,CUST_00360,PROD_0002,Ladies Kaftan Gown,277.91,2026-07-29,Cash on Delivery
PUR_001000,CUST_00360,PROD_0166,Gas Cooker (4-Burner),227.9,2026-07-30,Mobile Money
PUR_001001,CUST_00360,PROD_0112,Itel Vision 3,881.74,2026-07-30,Bank Transfer
PUR_001002,CUST_00360,PROD_0115,Phone Charger (Type-C),1619.82,2026-07-31,Mobile Money
PUR_001003,CUST_00360,PROD_0171,Sofa Set,192.1,2026-08-02,Card
PUR_001004,CUST_00360,PROD_0273,Baby Diapers Pack,56.34,2026-08-02,Mobile Money
PUR_001005,CUST_00360,PROD_0267,Cycling Helmet,162.37,2026-08-04,Mobile Money
PUR_001006,CUST_00360,PROD_0212,Perfume (100ml),28.97,2026-08-05,Mobile Money
PUR_001007,CUST_00360,PROD_0118,Power Bank 20000mAh,1018.32,2026-08-05,Bank Transfer
PUR_001008,CUST_00360,PROD_0002,Ladies Kaftan Gown,170.82,2026-08-06,Cash on Delivery
PUR_001009,CUST_00360,PROD_0014,Men's Slim Fit Jeans,175.36,2026-08-08,Mobile Money
PUR_001010,CUST_00360,PROD_0082,Samsung Galaxy A14,803.24,2026-08-09,Mobile Money
PUR_001011,CUST_00360,PROD_0235,Bathroom Weighing Scale,77.05,2026-08-09,Mobile Money
PUR_001012,CUST_00360,PROD_0006,Men's Casual Blazer,205.29,2026-08-11,Card
PUR_001013,CUST_00360,PROD_0162,Blender (4L),1270.7,2026-08-17,Mobile Money
PUR_001014,CUST_00360,PROD_0001,Traditional Smock (Fugu),341.48,2026-08-20,Cash on Delivery
PUR_001015,CUST_00360,PROD_0121,Blender (4L),510.9,2026-08-20,Cash on Delivery
PUR_001016,CUST_00360,PROD_0004,Men's Slim Fit Jeans,266.65,2026-08-21,Mobile Money
PUR_001017,CUST_00360,PROD_0286,Hardcover Notebook,88.42,2026-08-21,Card
PUR_001018,CUST_00360,PROD_0174,Bedsheet Set (Queen),69.46,2026-08-22,Mobile Money
PUR_001019,CUST_00360,PROD_0022,Denim Jacket,35.53,2026-08-28,Cash on Delivery
PUR_001020,CUST_00360,PROD_0230,Black Soap Bar,26.7,2026-09-01,Mobile Money
PUR_001021,CUST_00360,PROD_0178,Gas Cooker (4-Burner),71.04,2026-09-03,Card
PUR_001022,CUST_00360,PROD_0121,Blender (4L),417.1,2026-09-04,Mobile Money
PUR_001023,CUST_00360,PROD_0011,Unisex Sneakers,121.27,2026-09-04,Cash on Delivery
PUR_001024,CUST_00360,PROD_0108,Wireless Earbuds,490.97,2026-09-04,Mobile Money
PUR_001025,CUST_00360,PROD_0126,Gaming Console,440.36,2026-09-04,Cash on Delivery
PUR_001026,CUST_00362,PROD_0121,Blender (4L),109.93,2025-09-10,Card
PUR_001027,CUST_00362,PROD_0068,Redmi Note 12,3357.58,2025-10-10,Cash on Delivery
PUR_001028,CUST_00362,PROD_0060,Ankara Print Dress,132.04,2025-11-21,Mobile Money
PUR_001029,CUST_00362,PROD_0069,Phone Charger (Type-C),1497.01,2026-01-04,Card
PUR_001030,CUST_00362,PROD_0124,LED Bulb Pack,566.69,2026-01-07,Mobile Money
PUR_001031,CUST_00362,PROD_0055,Kente Print Shirt,171.43,2026-03-19,Cash on Delivery
PUR_001032,CUST_00362,PROD_0124,LED Bulb Pack,920.88,2026-04-13,Mobile Money
PUR_001033,CUST_00362,PROD_0166,Gas Cooker (4-Burner),277.11,2026-04-17,Cash on Delivery
PUR_001034,CUST_00362,PROD_0067,iPhone 13,1551.68,2026-05-15,Cash on Delivery
PUR_001035,CUST_00362,PROD_0181,Storage Containers Set,225.87,2026-05-19,Cash on Delivery
PUR_001036,CUST_00363,PROD_0004,Men's Slim Fit Jeans,85.53,2026-04-16,Mobile Money
PUR_001037,CUST_00363,PROD_0224,Hair Dryer,106.6,2026-08-26,Mobile Money
PUR_001038,CUST_00365,PROD_0068,Redmi Note 12,766.08,2026-02-04,Card
PUR_001039,CUST_00367,PROD_0125,LED Bulb Pack,3715.26,2024-02-16,Mobile Money
PUR_001040,CUST_00367,PROD_0138,Microwave Oven,496.14,2024-09-24,Cash on Delivery
PUR_001041,CUST_00367,PROD_0271,Kids' Bicycle,173.63,2024-11-03,Mobile Money
PUR_001042,CUST_00367,PROD_0010,Traditional Smock (Fugu),418.1,2024-12-10,Card
PUR_001043,CUST_00367,PROD_0071,Bluetooth Headset,1955.98,2025-01-15,Mobile Money
PUR_001044,CUST_00367,PROD_0078,Phone Screen Protector,730.21,2025-01-26,Mobile Money
PUR_001045,CUST_00367,PROD_0143,LED Bulb Pack,164.04,2025-02-24,Mobile Money
PUR_001046,CUST_00367,PROD_0166,Gas Cooker (4-Burner),782.07,2025-03-15,Mobile Money
PUR_001047,CUST_00367,PROD_0012,Children's T-Shirt Set,143.23,2025-03-21,Mobile Money
PUR_001048,CUST_00367,PROD_0169,Bedsheet Set (Queen),455.04,2025-03-27,Card
PUR_001049,CUST_00367,PROD_0036,Leather Sandals,62.4,2025-04-02,Cash on Delivery
PUR_001050,CUST_00367,PROD_0085,Samsung Galaxy Tab A8,1112.75,2025-04-04,Mobile Money
PUR_001051,CUST_00367,PROD_0166,Gas Cooker (4-Burner),65.34,2025-04-05,Mobile Money
PUR_001052,CUST_00367,PROD_0136,Laptop (Core i5),363.89,2025-06-07,Mobile Money
PUR_001053,CUST_00367,PROD_0246,Face Mask Pack (50pcs),35.69,2025-06-29,Mobile Money
PUR_001054,CUST_00367,PROD_0243,Protein Powder,53.1,2025-08-02,Mobile Money
PUR_001055,CUST_00367,PROD_0003,Cotton Polo Shirt,127.03,2025-08-04,Cash on Delivery
PUR_001056,CUST_00367,PROD_0076,Phone Charger (Type-C),1220.42,2025-11-30,Mobile Money
PUR_001057,CUST_00367,PROD_0172,Curtain Set,116.18,2025-12-03,Bank Transfer
PUR_001058,CUST_00367,PROD_0178,Gas Cooker (4-Burner),457.99,2026-01-05,Mobile Money
PUR_001059,CUST_00367,PROD_0275,Kids' Bicycle,83.55,2026-01-13,Mobile Money
PUR_001060,CUST_00367,PROD_0275,Kids' Bicycle,192.48,2026-03-03,Mobile Money
PUR_001061,CUST_00367,PROD_0202,Deodorant Roll-on,41.12,2026-05-07,Card
PUR_001062,CUST_00367,PROD_0117,Bluetooth Headset,819.56,2026-05-12,Mobile Money
PUR_001063,CUST_00367,PROD_0168,Rice Cooker,172.39,2026-06-03,Card
PUR_001064,CUST_00367,PROD_0067,iPhone 13,967.9,2026-07-24,Mobile Money
PUR_001065,CUST_00368,PROD_0166,Gas Cooker (4-Burner),189.84,2024-09-20,Cash on Delivery
PUR_001066,CUST_00368,PROD_0058,Men's Slim Fit Jeans,150.58,2025-01-13,Mobile Money
PUR_001067,CUST_00368,PROD_0121,Blender (4L),904.4,2025-04-22,Mobile Money
PUR_001068,CUST_00368,PROD_0121,Blender (4L),607.97,2025-05-29,Card
PUR_001069,CUST_00368,PROD_0091,iPhone 13,887.56,2025-12-14,Cash on Delivery
PUR_001070,CUST_00368,PROD_0003,Cotton Polo Shirt,279.48,2025-12-24,Cash on Delivery
PUR_001071,CUST_00368,PROD_0025,Ladies Handbag,57.23,2026-03-07,Cash on Delivery
PUR_001072,CUST_00368,PROD_0125,LED Bulb Pack,465.35,2026-03-09,Mobile Money
PUR_001073,CUST_00368,PROD_0135,LED Bulb Pack,692.0,2026-05-15,Card
PUR_001074,CUST_00368,PROD_0068,Redmi Note 12,1308.98,2026-07-07,Cash on Delivery
PUR_001075,CUST_00369,PROD_0203,Braided Hair Extension,87.38,2026-06-17,Mobile Money
PUR_001076,CUST_00369,PROD_0022,Denim Jacket,272.08,2026-07-09,Mobile Money
PUR_001077,CUST_00369,PROD_0003,Cotton Polo Shirt,209.79,2026-07-17,Mobile Money
PUR_001078,CUST_00369,PROD_0295,Canned Tuna,66.04,2026-07-20,Mobile Money
PUR_001079,CUST_00369,PROD_0005,Men's Casual Blazer,91.55,2026-07-21,Mobile Money
PUR_001080,CUST_00369,PROD_0015,Unisex Sneakers,81.03,2026-07-21,Mobile Money
PUR_001081,CUST_00369,PROD_0071,Bluetooth Headset,871.02,2026-07-22,Mobile Money
PUR_001082,CUST_00369,PROD_0043,Men's Formal Suit,267.44,2026-07-24,Card
PUR_001083,CUST_00369,PROD_0166,Gas Cooker (4-Burner),185.87,2026-07-28,Mobile Money
PUR_001084,CUST_00369,PROD_0123,Electric Iron,2294.78,2026-08-06,Cash on Delivery
PUR_001085,CUST_00369,PROD_0153,Rechargeable Fan,398.26,2026-08-08,Mobile Money
PUR_001086,CUST_00369,PROD_0171,Sofa Set,348.93,2026-08-09,Mobile Money
PUR_001087,CUST_00369,PROD_0145,Home Theater System,1065.72,2026-08-09,Mobile Money
PUR_001088,CUST_00369,PROD_0122,Electric Iron,639.07,2026-08-11,Mobile Money
PUR_001089,CUST_00369,PROD_0286,Hardcover Notebook,17.07,2026-08-13,Cash on Delivery
PUR_001090,CUST_00369,PROD_0203,Braided Hair Extension,44.82,2026-08-14,Mobile Money
PUR_001091,CUST_00369,PROD_0123,Electric Iron,1235.24,2026-08-16,Cash on Delivery
PUR_001092,CUST_00369,PROD_0133,Bluetooth Speaker,845.66,2026-08-18,Mobile Money
PUR_001093,CUST_00369,PROD_0002,Ladies Kaftan Gown,291.34,2026-08-18,Mobile Money
PUR_001094,CUST_00369,PROD_0295,Canned Tuna,69.84,2026-08-18,Mobile Money
PUR_001095,CUST_00369,PROD_0167,Bedsheet Set (Queen),205.87,2026-08-20,Card
PUR_001096,CUST_00369,PROD_0138,Microwave Oven,1742.75,2026-08-21,Mobile Money
PUR_001097,CUST_00369,PROD_0003,Cotton Polo Shirt,115.38,2026-08-22,Card
PUR_001098,CUST_00369,PROD_0090,Itel Vision 3,877.91,2026-08-25,Cash on Delivery
PUR_001099,CUST_00369,PROD_0260,Gym Gloves,61.53,2026-08-26,Cash on Delivery
PUR_001100,CUST_00369,PROD_0096,Bluetooth Headset,907.61,2026-08-27,Cash on Delivery
PUR_001101,CUST_00369,PROD_0153,Rechargeable Fan,1322.22,2026-08-28,Cash on Delivery
PUR_001102,CUST_00369,PROD_0202,Deodorant Roll-on,29.37,2026-08-28,Mobile Money
PUR_001103,CUST_00369,PROD_0289,Kids' Storybook,49.62,2026-08-31,Cash on Delivery
PUR_001104,CUST_00369,PROD_0230,Black Soap Bar,27.7,2026-08-31,Mobile Money
PUR_001105,CUST_00369,PROD_0206,Braided Hair Extension,50.46,2026-09-01,Cash on Delivery
PUR_001106,CUST_00369,PROD_0237,Multivitamin Tablets,65.99,2026-09-01,Cash on Delivery
PUR_001107,CUST_00369,PROD_0185,Wall Clock,205.68,2026-09-02,Mobile Money
PUR_001108,CUST_00369,PROD_0275,Kids' Bicycle,73.18,2026-09-02,Mobile Money
PUR_001109,CUST_00369,PROD_0084,Samsung Galaxy A14,2357.6,2026-09-03,Mobile Money
PUR_001110,CUST_00369,PROD_0121,Blender (4L),237.46,2026-09-04,Cash on Delivery
PUR_001111,CUST_00374,PROD_0001,Traditional Smock (Fugu),364.11,2025-12-01,Card
PUR_001112,CUST_00374,PROD_0291,Exercise Books Pack,38.48,2026-01-18,Bank Transfer
PUR_001113,CUST_00374,PROD_0225,Facial Cleanser,75.42,2026-06-25,Mobile Money
PUR_001114,CUST_00374,PROD_0047,Leather Sandals,267.65,2026-08-15,Mobile Money
PUR_001115,CUST_00377,PROD_0044,Women's Maxi Dress,98.46,2025-11-19,Card
PUR_001116,CUST_00377,PROD_0123,Electric Iron,571.8,2026-03-04,Mobile Money
PUR_001117,CUST_00377,PROD_0169,Bedsheet Set (Queen),88.84,2026-03-20,Mobile Money
PUR_001118,CUST_00377,PROD_0109,Phone Screen Protector,1481.19,2026-06-23,Mobile Money
PUR_001119,CUST_00377,PROD_0009,Ladies Kaftan Gown,154.64,2026-08-13,Mobile Money
PUR_001120,CUST_00379,PROD_0139,Digital Camera,1978.95,2026-03-30,Cash on Delivery
PUR_001121,CUST_00379,PROD_0253,Running Shoes,47.52,2026-06-14,Cash on Delivery
PUR_001122,CUST_00380,PROD_0123,Electric Iron,534.15,2026-06-03,Mobile Money
PUR_001123,CUST_00382,PROD_0002,Ladies Kaftan Gown,101.17,2026-06-22,Mobile Money
PUR_001124,CUST_00382,PROD_0247,Bathroom Weighing Scale,116.19,2026-07-02,Mobile Money
PUR_001125,CUST_00383,PROD_0185,Wall Clock,69.49,2026-05-02,Mobile Money
PUR_001126,CUST_00384,PROD_0165,Microwave Oven,1537.55,2025-06-16,Mobile Money
PUR_001127,CUST_00384,PROD_0272,Baby Carrier,77.74,2025-07-06,Mobile Money
PUR_001128,CUST_00384,PROD_0132,Electric Iron,749.08,2025-07-28,Bank Transfer
PUR_001129,CUST_00384,PROD_0291,Exercise Books Pack,22.68,2025-08-02,Mobile Money
PUR_001130,CUST_00384,PROD_0150,Extension Socket,766.1,2025-10-26,Cash on Delivery
PUR_001131,CUST_00384,PROD_0171,Sofa Set,109.95,2026-02-10,Cash on Delivery
PUR_001132,CUST_00384,PROD_0160,Rechargeable Fan,1250.2,2026-03-10,Mobile Money
PUR_001133,CUST_00384,PROD_0121,Blender (4L),1915.83,2026-03-26,Card
PUR_001134,CUST_00384,PROD_0197,Wall Clock,154.0,2026-04-15,Cash on Delivery
PUR_001135,CUST_00384,PROD_0200,Dining Table Set,261.81,2026-06-24,Card
PUR_001136,CUST_00384,PROD_0142,Gaming Console,670.01,2026-07-26,Cash on Delivery
PUR_001137,CUST_00384,PROD_0013,Ankara Print Dress,270.11,2026-08-23,Mobile Money
PUR_001138,CUST_00385,PROD_0280,Baby Diapers Pack,87.59,2026-03-21,Mobile Money
PUR_001139,CUST_00386,PROD_0071,Bluetooth Headset,1035.31,2025-01-27,Cash on Delivery
PUR_001140,CUST_00386,PROD_0125,LED Bulb Pack,1584.17,2025-07-31,Mobile Money
PUR_001141,CUST_00386,PROD_0129,43-inch LED TV,1672.72,2025-08-08,Mobile Money
PUR_001142,CUST_00386,PROD_0195,Kitchen Knife Set,399.08,2026-01-28,Bank Transfer
PUR_001143,CUST_00386,PROD_0289,Kids' Storybook,28.45,2026-02-16,Cash on Delivery
PUR_001144,CUST_00386,PROD_0202,Deodorant Roll-on,17.81,2026-07-10,Mobile Money
PUR_001145,CUST_00390,PROD_0224,Hair Dryer,76.7,2024-12-02,Mobile Money
PUR_001146,CUST_00390,PROD_0001,Traditional Smock (Fugu),46.83,2024-12-20,Cash on Delivery
PUR_001147,CUST_00390,PROD_0077,Bluetooth Headset,252.23,2025-02-15,Card
PUR_001148,CUST_00390,PROD_0239,Vitamin C Supplements,123.92,2025-03-08,Mobile Money
PUR_001149,CUST_00390,PROD_0157,Bluetooth Speaker,257.66,2025-03-21,Mobile Money
PUR_001150,CUST_00390,PROD_0011,Unisex Sneakers,96.47,2025-03-31,Mobile Money
PUR_001151,CUST_00390,PROD_0203,Braided Hair Extension,131.9,2025-05-11,Mobile Money
PUR_001152,CUST_00390,PROD_0031,Cotton Polo Shirt,60.77,2025-05-25,Mobile Money
PUR_001153,CUST_00390,PROD_0196,Bedsheet Set (Queen),127.01,2025-05-31,Cash on Delivery
PUR_001154,CUST_00390,PROD_0002,Ladies Kaftan Gown,92.19,2025-06-04,Mobile Money
PUR_001155,CUST_00390,PROD_0007,Kente Print Shirt,138.17,2025-06-12,Mobile Money
PUR_001156,CUST_00390,PROD_0043,Men's Formal Suit,131.72,2025-06-18,Mobile Money
PUR_001157,CUST_00390,PROD_0152,Laptop (Core i5),932.14,2025-06-19,Mobile Money
PUR_001158,CUST_00390,PROD_0069,Phone Charger (Type-C),367.21,2025-06-22,Mobile Money
PUR_001159,CUST_00390,PROD_0003,Cotton Polo Shirt,119.67,2025-07-07,Mobile Money
PUR_001160,CUST_00390,PROD_0122,Electric Iron,408.93,2025-07-07,Mobile Money
PUR_001161,CUST_00390,PROD_0131,Air Conditioner (1.5HP),2448.46,2025-07-16,Card
PUR_001162,CUST_00390,PROD_0138,Microwave Oven,168.03,2025-07-17,Mobile Money
PUR_001163,CUST_00390,PROD_0014,Men's Slim Fit Jeans,74.43,2025-07-19,Mobile Money
PUR_001164,CUST_00390,PROD_0207,Skin Toner,37.62,2025-08-26,Mobile Money
PUR_001165,CUST_00390,PROD_0272,Baby Carrier,74.98,2025-09-04,Cash on Delivery
PUR_001166,CUST_00390,PROD_0150,Extension Socket,664.11,2025-09-05,Cash on Delivery
PUR_001167,CUST_00390,PROD_0073,Redmi Note 12,327.26,2025-09-27,Mobile Money
PUR_001168,CUST_00390,PROD_0075,Redmi Note 12,707.8,2025-09-28,Mobile Money
PUR_001169,CUST_00390,PROD_0287,Highlighter Set,68.41,2025-09-30,Mobile Money
PUR_001170,CUST_00390,PROD_0002,Ladies Kaftan Gown,144.42,2025-09-30,Mobile Money
PUR_001171,CUST_00390,PROD_0127,Microwave Oven,1072.94,2025-10-04,Mobile Money
PUR_001172,CUST_00390,PROD_0235,Bathroom Weighing Scale,55.74,2025-10-04,Card
PUR_001173,CUST_00390,PROD_0045,Women's Maxi Dress,154.64,2025-10-12,Mobile Money
PUR_001174,CUST_00390,PROD_0048,Women's Maxi Dress,44.07,2025-10-15,Mobile Money
PUR_001175,CUST_00390,PROD_0166,Gas Cooker (4-Burner),100.92,2025-10-16,Cash on Delivery
PUR_001176,CUST_00390,PROD_0206,Braided Hair Extension,72.23,2025-10-29,Cash on Delivery
PUR_001177,CUST_00390,PROD_0232,Bathroom Weighing Scale,86.93,2025-11-01,Mobile Money
PUR_001178,CUST_00390,PROD_0254,Basketball,162.97,2025-11-03,Mobile Money
PUR_001179,CUST_00390,PROD_0265,Cycling Helmet,186.51,2025-11-12,Mobile Money
PUR_001180,CUST_00390,PROD_0019,Men's Casual Blazer,163.7,2025-12-03,Cash on Delivery
PUR_001181,CUST_00390,PROD_0112,Itel Vision 3,408.89,2025-12-03,Bank Transfer
PUR_001182,CUST_00390,PROD_0019,Men's Casual Blazer,191.56,2025-12-07,Mobile Money
PUR_001183,CUST_00390,PROD_0012,Children's T-Shirt Set,76.22,2025-12-09,Card
PUR_001184,CUST_00390,PROD_0166,Gas Cooker (4-Burner),123.96,2025-12-21,Mobile Money
PUR_001185,CUST_00390,PROD_0204,Beard Grooming Kit,39.55,2025-12-25,Mobile Money
PUR_001186,CUST_00390,PROD_0006,Men's Casual Blazer,71.96,2025-12-28,Mobile Money
PUR_001187,CUST_00390,PROD_0278,Kids' Bicycle,152.74,2026-01-01,Mobile Money
PUR_001188,CUST_00390,PROD_0006,Men's Casual Blazer,66.19,2026-01-02,Cash on Delivery
PUR_001189,CUST_00390,PROD_0019,Men's Casual Blazer,335.15,2026-01-08,Card
PUR_001190,CUST_00390,PROD_0069,Phone Charger (Type-C),1278.0,2026-01-14,Mobile Money
PUR_001191,CUST_00390,PROD_0074,Phone Screen Protector,3982.63,2026-01-16,Card
PUR_001192,CUST_00390,PROD_0121,Blender (4L),547.28,2026-01-17,Mobile Money
PUR_001193,CUST_00390,PROD_0074,Phone Screen Protector,989.77,2026-01-18,Cash on Delivery
PUR_001194,CUST_00390,PROD_0255,Water Bottle (1L),151.86,2026-01-26,Cash on Delivery
PUR_001195,CUST_00390,PROD_0273,Baby Diapers Pack,161.36,2026-02-01,Card
PUR_001196,CUST_00390,PROD_0128,Air Conditioner (1.5HP),622.75,2026-02-03,Cash on Delivery
PUR_001197,CUST_00390,PROD_0133,Bluetooth Speaker,500.85,2026-02-09,Card
PUR_001198,CUST_00390,PROD_0208,Perfume (100ml),151.47,2026-02-12,Mobile Money
PUR_001199,CUST_00390,PROD_0126,Gaming Console,1354.7,2026-02-15,Mobile Money
PUR_001200,CUST_00390,PROD_0172,Curtain Set,226.53,2026-02-17,Mobile Money
PUR_001201,CUST_00390,PROD_0036,Leather Sandals,217.81,2026-02-23,Mobile Money
PUR_001202,CUST_00390,PROD_0275,Kids' Bicycle,55.01,2026-03-15,Mobile Money
PUR_001203,CUST_00390,PROD_0073,Redmi Note 12,274.89,2026-03-23,Card
PUR_001204,CUST_00390,PROD_0067,iPhone 13,1409.72,2026-03-31,Cash on Delivery
PUR_001205,CUST_00390,PROD_0083,Redmi Note 12,998.78,2026-04-04,Mobile Money
PUR_001206,CUST_00390,PROD_0166,Gas Cooker (4-Burner),74.29,2026-04-05,Mobile Money
PUR_001207,CUST_00390,PROD_0132,Electric Iron,735.6,2026-04-07,Cash on Delivery
PUR_001208,CUST_00390,PROD_0065,Wax Print Skirt,198.15,2026-04-09,Card
PUR_001209,CUST_00390,PROD_0155,Bluetooth Speaker,228.81,2026-04-10,Mobile Money
PUR_001210,CUST_00390,PROD_0204,Beard Grooming Kit,31.52,2026-04-24,Mobile Money
PUR_001211,CUST_00390,PROD_0078,Phone Screen Protector,1450.08,2026-04-28,Card
PUR_001212,CUST_00390,PROD_0052,Ladies Kaftan Gown,207.96,2026-04-30,Mobile Money
PUR_001213,CUST_00390,PROD_0070,Phone Charger (Type-C),554.42,2026-05-09,Mobile Money
PUR_001214,CUST_00390,PROD_0183,Non-stick Cooking Pot Set,144.95,2026-05-09,Cash on Delivery
PUR_001215,CUST_00390,PROD_0071,Bluetooth Headset,2885.92,2026-05-18,Mobile Money
PUR_001216,CUST_00390,PROD_0234,Multivitamin Tablets,45.4,2026-05-21,Cash on Delivery
PUR_001217,CUST_00390,PROD_0279,Baby Wipes (80pcs),146.76,2026-05-25,Mobile Money
PUR_001218,CUST_00390,PROD_0151,Extension Socket,269.94,2026-05-31,Mobile Money
PUR_001219,CUST_00390,PROD_0122,Electric Iron,295.25,2026-06-07,Mobile Money
PUR_001220,CUST_00390,PROD_0003,Cotton Polo Shirt,117.82,2026-06-10,Cash on Delivery
PUR_001221,CUST_00390,PROD_0202,Deodorant Roll-on,86.75,2026-06-12,Mobile Money
PUR_001222,CUST_00390,PROD_0083,Redmi Note 12,1385.2,2026-06-14,Mobile Money
PUR_001223,CUST_00390,PROD_0166,Gas Cooker (4-Burner),241.96,2026-06-19,Card
PUR_001224,CUST_00390,PROD_0007,Kente Print Shirt,220.27,2026-06-21,Mobile Money
PUR_001225,CUST_00390,PROD_0067,iPhone 13,1133.93,2026-06-29,Mobile Money
PUR_001226,CUST_00390,PROD_0235,Bathroom Weighing Scale,118.52,2026-07-01,Cash on Delivery
PUR_001227,CUST_00390,PROD_0184,Wall Clock,147.78,2026-07-02,Bank Transfer
PUR_001228,CUST_00390,PROD_0206,Braided Hair Extension,95.78,2026-07-06,Mobile Money
PUR_001229,CUST_00390,PROD_0301,Sugar (2kg),26.4,2026-07-18,Bank Transfer
PUR_001230,CUST_00390,PROD_0151,Extension Socket,709.0,2026-07-24,Mobile Money
PUR_001231,CUST_00390,PROD_0051,Unisex Sneakers,496.35,2026-07-26,Mobile Money
PUR_001232,CUST_00390,PROD_0262,Hiking Backpack,93.63,2026-07-28,Cash on Delivery
PUR_001233,CUST_00390,PROD_0123,Electric Iron,124.24,2026-08-05,Mobile Money
PUR_001234,CUST_00390,PROD_0238,Digital Blood Pressure Monitor,98.66,2026-08-05,Mobile Money
PUR_001235,CUST_00390,PROD_0241,Digital Thermometer,94.12,2026-08-07,Card
PUR_001236,CUST_00390,PROD_0196,Bedsheet Set (Queen),229.88,2026-08-14,Mobile Money
PUR_001237,CUST_00390,PROD_0133,Bluetooth Speaker,392.13,2026-08-18,Mobile Money
PUR_001238,CUST_00390,PROD_0259,Basketball,337.76,2026-08-19,Mobile Money
PUR_001239,CUST_00390,PROD_0253,Running Shoes,68.83,2026-08-21,Cash on Delivery
PUR_001240,CUST_00390,PROD_0216,Skin Toner,96.84,2026-08-22,Cash on Delivery
PUR_001241,CUST_00390,PROD_0119,iPhone 13,160.39,2026-08-25,Cash on Delivery
PUR_001242,CUST_00390,PROD_0160,Rechargeable Fan,221.64,2026-08-26,Cash on Delivery
PUR_001243,CUST_00390,PROD_0122,Electric Iron,500.34,2026-08-29,Mobile Money
PUR_001244,CUST_00390,PROD_0198,Wall Clock,87.02,2026-08-30,Mobile Money
PUR_001245,CUST_00390,PROD_0069,Phone Charger (Type-C),1043.38,2026-08-30,Cash on Delivery
PUR_001246,CUST_00390,PROD_0080,Infinix Hot 30,470.63,2026-09-03,Cash on Delivery
PUR_001247,CUST_00391,PROD_0224,Hair Dryer,36.74,2026-05-20,Mobile Money
PUR_001248,CUST_00394,PROD_0167,Bedsheet Set (Queen),166.77,2026-03-14,Mobile Money
PUR_001249,CUST_00394,PROD_0020,Kente Print Shirt,125.91,2026-05-13,Bank Transfer
PUR_001250,CUST_00395,PROD_0123,Electric Iron,591.43,2026-06-23,Cash on Delivery
PUR_001251,CUST_00396,PROD_0008,Kente Print Shirt,83.45,2025-12-31,Cash on Delivery
PUR_001252,CUST_00397,PROD_0121,Blender (4L),554.31,2025-08-25,Mobile Money
PUR_001253,CUST_00397,PROD_0005,Men's Casual Blazer,54.96,2026-04-21,Cash on Delivery
PUR_001254,CUST_00397,PROD_0286,Hardcover Notebook,25.91,2026-05-04,Cash on Delivery
PUR_001255,CUST_00397,PROD_0072,Phone Screen Protector,1267.15,2026-06-12,Cash on Delivery
PUR_001256,CUST_00398,PROD_0021,Leather Sandals,76.23,2026-02-15,Mobile Money
PUR_001257,CUST_00398,PROD_0194,Rice Cooker,543.73,2026-03-11,Bank Transfer
PUR_001258,CUST_00398,PROD_0121,Blender (4L),258.07,2026-03-23,Card
PUR_001259,CUST_00398,PROD_0002,Ladies Kaftan Gown,228.66,2026-05-01,Mobile Money
PUR_001260,CUST_00398,PROD_0029,Women's Maxi Dress,135.93,2026-05-06,Mobile Money
PUR_001261,CUST_00398,PROD_0203,Braided Hair Extension,18.41,2026-05-16,Mobile Money
PUR_001262,CUST_00398,PROD_0278,Kids' Bicycle,63.9,2026-06-16,Cash on Delivery
PUR_001263,CUST_00398,PROD_0202,Deodorant Roll-on,44.98,2026-06-25,Mobile Money
PUR_001264,CUST_00398,PROD_0122,Electric Iron,543.41,2026-08-23,Mobile Money
PUR_001265,CUST_00399,PROD_0003,Cotton Polo Shirt,110.46,2025-04-30,Mobile Money
PUR_001266,CUST_00399,PROD_0128,Air Conditioner (1.5HP),1257.87,2026-02-21,Mobile Money
PUR_001267,CUST_00399,PROD_0075,Redmi Note 12,441.2,2026-05-23,Mobile Money
PUR_001268,CUST_00399,PROD_0205,Deodorant Roll-on,79.68,2026-07-23,Mobile Money
PUR_001269,CUST_00400,PROD_0027,Ladies Kaftan Gown,40.5,2025-10-23,Mobile Money
PUR_001270,CUST_00400,PROD_0257,Running Shoes,197.45,2025-11-05,Card
PUR_001271,CUST_00400,PROD_0126,Gaming Console,454.92,2025-11-09,Cash on Delivery
PUR_001272,CUST_00400,PROD_0166,Gas Cooker (4-Burner),339.64,2025-11-27,Mobile Money
PUR_001273,CUST_00400,PROD_0105,Samsung Galaxy A14,1462.91,2026-02-08,Mobile Money
PUR_001274,CUST_00400,PROD_0114,Phone Charger (Type-C),231.7,2026-02-18,Cash on Delivery
PUR_001275,CUST_00400,PROD_0012,Children's T-Shirt Set,89.18,2026-03-04,Cash on Delivery
PUR_001276,CUST_00400,PROD_0202,Deodorant Roll-on,76.09,2026-04-09,Mobile Money
PUR_001277,CUST_00400,PROD_0015,Unisex Sneakers,124.71,2026-04-27,Cash on Delivery
PUR_001278,CUST_00400,PROD_0237,Multivitamin Tablets,80.06,2026-05-26,Mobile Money
PUR_001279,CUST_00400,PROD_0203,Braided Hair Extension,45.05,2026-05-31,Mobile Money
PUR_001280,CUST_00400,PROD_0264,Camping Tent,120.27,2026-07-23,Mobile Money
PUR_001281,CUST_00400,PROD_0007,Kente Print Shirt,109.11,2026-09-02,Cash on Delivery
PUR_001282,CUST_00400,PROD_0289,Kids' Storybook,55.12,2026-09-03,Mobile Money
PUR_001283,CUST_00401,PROD_0001,Traditional Smock (Fugu),88.37,2026-09-04,Card
PUR_001284,CUST_00402,PROD_0174,Bedsheet Set (Queen),62.65,2026-03-03,Mobile Money
PUR_001285,CUST_00402,PROD_0137,43-inch LED TV,433.52,2026-03-09,Cash on Delivery
PUR_001286,CUST_00402,PROD_0080,Infinix Hot 30,1287.92,2026-04-25,Mobile Money
PUR_001287,CUST_00402,PROD_0024,Women's Maxi Dress,39.1,2026-05-26,Cash on Delivery
PUR_001288,CUST_00402,PROD_0194,Rice Cooker,199.84,2026-06-06,Card
PUR_001289,CUST_00403,PROD_0234,Multivitamin Tablets,37.06,2026-02-24,Mobile Money
PUR_001290,CUST_00403,PROD_0123,Electric Iron,545.01,2026-05-17,Mobile Money
PUR_001291,CUST_00403,PROD_0253,Running Shoes,96.71,2026-05-27,Card
PUR_001292,CUST_00403,PROD_0068,Redmi Note 12,206.28,2026-06-20,Mobile Money
PUR_001293,CUST_00404,PROD_0212,Perfume (100ml),36.33,2025-08-19,Cash on Delivery
PUR_001294,CUST_00405,PROD_0255,Water Bottle (1L),54.94,2026-06-17,Mobile Money
PUR_001295,CUST_00406,PROD_0192,Dining Table Set,249.91,2024-05-08,Cash on Delivery
PUR_001296,CUST_00406,PROD_0271,Kids' Bicycle,126.89,2024-07-16,Mobile Money
PUR_001297,CUST_00406,PROD_0122,Electric Iron,883.02,2024-07-20,Card
PUR_001298,CUST_00406,PROD_0242,Protein Powder,124.34,2024-09-07,Cash on Delivery
PUR_001299,CUST_00406,PROD_0272,Baby Carrier,118.52,2025-01-02,Bank Transfer
PUR_001300,CUST_00406,PROD_0302,Milk Powder (400g),301.16,2025-05-27,Mobile Money
PUR_001301,CUST_00406,PROD_0018,Men's Formal Suit,103.5,2025-09-02,Mobile Money
PUR_001302,CUST_00406,PROD_0251,Protein Powder,38.67,2025-10-24,Bank Transfer
PUR_001303,CUST_00406,PROD_0061,Women's Maxi Dress,142.87,2025-11-14,Cash on Delivery
PUR_001304,CUST_00406,PROD_0228,Sunscreen SPF50,174.2,2026-02-13,Card
PUR_001305,CUST_00406,PROD_0032,Men's Formal Suit,80.44,2026-04-22,Card
PUR_001306,CUST_00406,PROD_0052,Ladies Kaftan Gown,61.87,2026-05-08,Card
PUR_001307,CUST_00406,PROD_0004,Men's Slim Fit Jeans,296.74,2026-05-09,Cash on Delivery
PUR_001308,CUST_00407,PROD_0024,Women's Maxi Dress,115.65,2026-08-05,Mobile Money
PUR_001309,CUST_00409,PROD_0067,iPhone 13,349.64,2025-11-05,Mobile Money
PUR_001310,CUST_00409,PROD_0188,Water Dispenser,86.14,2026-02-07,Mobile Money
PUR_001311,CUST_00409,PROD_0104,Tecno Spark 10,3258.76,2026-05-17,Mobile Money
PUR_001312,CUST_00409,PROD_0260,Gym Gloves,235.75,2026-08-10,Mobile Money
PUR_001313,CUST_00409,PROD_0035,Children's T-Shirt Set,77.8,2026-09-04,Mobile Money
PUR_001314,CUST_00412,PROD_0295,Canned Tuna,198.18,2025-07-08,Cash on Delivery
PUR_001315,CUST_00412,PROD_0217,Sunscreen SPF50,70.03,2025-12-13,Card
PUR_001316,CUST_00412,PROD_0166,Gas Cooker (4-Burner),272.13,2026-02-11,Cash on Delivery
PUR_001317,CUST_00413,PROD_0179,Wall Clock,406.21,2023-08-15,Card
PUR_001318,CUST_00413,PROD_0258,Yoga Mat,121.8,2025-04-17,Card
PUR_001319,CUST_00414,PROD_0190,Wall Clock,96.32,2026-01-17,Cash on Delivery
PUR_001320,CUST_00414,PROD_0127,Microwave Oven,5447.75,2026-03-31,Mobile Money
PUR_001321,CUST_00415,PROD_0211,Shea Butter Body Lotion,52.57,2025-11-20,Mobile Money
PUR_001322,CUST_00415,PROD_0277,Feeding Bottle Set,50.84,2025-12-21,Mobile Money
PUR_001323,CUST_00415,PROD_0144,Bluetooth Speaker,811.72,2026-01-10,Mobile Money
PUR_001324,CUST_00415,PROD_0088,Universal Phone Case,252.32,2026-04-08,Mobile Money
PUR_001325,CUST_00415,PROD_0142,Gaming Console,225.79,2026-07-11,Card
PUR_001326,CUST_00415,PROD_0202,Deodorant Roll-on,56.05,2026-08-03,Card
PUR_001327,CUST_00415,PROD_0232,Bathroom Weighing Scale,86.41,2026-08-25,Mobile Money
PUR_001328,CUST_00415,PROD_0235,Bathroom Weighing Scale,78.41,2026-08-25,Card
PUR_001329,CUST_00415,PROD_0166,Gas Cooker (4-Burner),28.55,2026-08-25,Bank Transfer
PUR_001330,CUST_00416,PROD_0277,Feeding Bottle Set,73.88,2026-05-23,Mobile Money
PUR_001331,CUST_00416,PROD_0134,Gaming Console,2798.12,2026-08-01,Mobile Money
PUR_001332,CUST_00417,PROD_0133,Bluetooth Speaker,1186.5,2026-06-05,Mobile Money
PUR_001333,CUST_00419,PROD_0001,Traditional Smock (Fugu),337.69,2026-04-01,Mobile Money
PUR_001334,CUST_00419,PROD_0123,Electric Iron,1726.99,2026-05-21,Card
PUR_001335,CUST_00420,PROD_0068,Redmi Note 12,506.02,2025-06-17,Cash on Delivery
PUR_001336,CUST_00420,PROD_0005,Men's Casual Blazer,41.52,2025-07-26,Mobile Money
PUR_001337,CUST_00420,PROD_0081,Phone Charger (Type-C),679.17,2025-08-17,Mobile Money
PUR_001338,CUST_00420,PROD_0066,Men's Slim Fit Jeans,311.57,2025-09-28,Mobile Money
PUR_001339,CUST_00420,PROD_0001,Traditional Smock (Fugu),129.14,2025-10-12,Mobile Money
PUR_001340,CUST_00420,PROD_0057,Ladies Handbag,84.0,2025-11-29,Mobile Money
PUR_001341,CUST_00420,PROD_0166,Gas Cooker (4-Burner),147.04,2025-12-29,Bank Transfer
PUR_001342,CUST_00420,PROD_0283,Toddler Shoes,50.64,2026-01-13,Cash on Delivery
PUR_001343,CUST_00420,PROD_0126,Gaming Console,749.51,2026-01-25,Card
PUR_001344,CUST_00420,PROD_0238,Digital Blood Pressure Monitor,87.17,2026-02-13,Cash on Delivery
PUR_001345,CUST_00420,PROD_0204,Beard Grooming Kit,61.69,2026-02-21,Cash on Delivery
PUR_001346,CUST_00420,PROD_0232,Bathroom Weighing Scale,112.31,2026-02-23,Mobile Money
PUR_001347,CUST_00420,PROD_0009,Ladies Kaftan Gown,279.01,2026-02-25,Mobile Money
PUR_001348,CUST_00420,PROD_0166,Gas Cooker (4-Burner),274.8,2026-02-27,Cash on Delivery
PUR_001349,CUST_00420,PROD_0232,Bathroom Weighing Scale,88.19,2026-02-27,Cash on Delivery
PUR_001350,CUST_00420,PROD_0174,Bedsheet Set (Queen),215.91,2026-03-06,Mobile Money
PUR_001351,CUST_00420,PROD_0002,Ladies Kaftan Gown,83.29,2026-03-18,Cash on Delivery
PUR_001352,CUST_00420,PROD_0232,Bathroom Weighing Scale,49.11,2026-03-24,Card
PUR_001353,CUST_00420,PROD_0261,Camping Tent,204.65,2026-03-27,Card
PUR_001354,CUST_00420,PROD_0002,Ladies Kaftan Gown,137.87,2026-03-30,Cash on Delivery
PUR_001355,CUST_00420,PROD_0059,Men's Casual Blazer,94.64,2026-03-30,Mobile Money
PUR_001356,CUST_00420,PROD_0165,Microwave Oven,777.79,2026-04-17,Mobile Money
PUR_001357,CUST_00420,PROD_0069,Phone Charger (Type-C),378.69,2026-04-23,Cash on Delivery
PUR_001358,CUST_00420,PROD_0249,First Aid Kit,64.28,2026-04-27,Mobile Money
PUR_001359,CUST_00420,PROD_0295,Canned Tuna,80.56,2026-04-28,Cash on Delivery
PUR_001360,CUST_00420,PROD_0227,Shea Butter Body Lotion,75.4,2026-05-09,Mobile Money
PUR_001361,CUST_00420,PROD_0256,Camping Tent,210.43,2026-05-14,Cash on Delivery
PUR_001362,CUST_00420,PROD_0281,Educational Toy Set,51.74,2026-05-25,Mobile Money
PUR_001363,CUST_00420,PROD_0070,Phone Charger (Type-C),278.16,2026-06-02,Mobile Money
PUR_001364,CUST_00420,PROD_0067,iPhone 13,612.29,2026-06-06,Mobile Money
PUR_001365,CUST_00420,PROD_0205,Deodorant Roll-on,31.32,2026-06-07,Cash on Delivery
PUR_001366,CUST_00420,PROD_0151,Extension Socket,389.87,2026-06-09,Card
PUR_001367,CUST_00420,PROD_0121,Blender (4L),1121.28,2026-06-10,Card
PUR_001368,CUST_00420,PROD_0166,Gas Cooker (4-Burner),170.45,2026-06-25,Cash on Delivery
PUR_001369,CUST_00420,PROD_0087,Huawei MatePad,661.71,2026-07-02,Mobile Money
PUR_001370,CUST_00420,PROD_0203,Braided Hair Extension,67.29,2026-07-13,Cash on Delivery
PUR_001371,CUST_00420,PROD_0068,Redmi Note 12,5065.05,2026-08-02,Mobile Money
PUR_001372,CUST_00420,PROD_0071,Bluetooth Headset,759.25,2026-08-06,Cash on Delivery
PUR_001373,CUST_00420,PROD_0272,Baby Carrier,79.15,2026-08-13,Cash on Delivery
PUR_001374,CUST_00420,PROD_0035,Children's T-Shirt Set,105.48,2026-08-14,Mobile Money
PUR_001375,CUST_00420,PROD_0126,Gaming Console,547.16,2026-08-31,Mobile Money
PUR_001376,CUST_00420,PROD_0232,Bathroom Weighing Scale,223.32,2026-09-02,Mobile Money
PUR_001377,CUST_00421,PROD_0254,Basketball,196.62,2025-02-13,Cash on Delivery
PUR_001378,CUST_00421,PROD_0067,iPhone 13,1256.57,2025-05-27,Mobile Money
PUR_001379,CUST_00421,PROD_0030,Men's Casual Blazer,266.96,2025-07-04,Card
PUR_001380,CUST_00421,PROD_0267,Cycling Helmet,121.9,2025-08-03,Card
PUR_001381,CUST_00421,PROD_0293,A4 Printing Paper Ream,58.53,2025-08-23,Bank Transfer
PUR_001382,CUST_00421,PROD_0176,Curtain Set,64.96,2025-08-24,Card
PUR_001383,CUST_00421,PROD_0253,Running Shoes,313.27,2025-08-24,Cash on Delivery
PUR_001384,CUST_00421,PROD_0132,Electric Iron,1184.51,2025-09-12,Card
PUR_001385,CUST_00421,PROD_0169,Bedsheet Set (Queen),84.79,2026-01-03,Mobile Money
PUR_001386,CUST_00421,PROD_0178,Gas Cooker (4-Burner),57.26,2026-01-05,Cash on Delivery
PUR_001387,CUST_00421,PROD_0109,Phone Screen Protector,1969.76,2026-01-06,Mobile Money
PUR_001388,CUST_00421,PROD_0204,Beard Grooming Kit,23.56,2026-02-07,Mobile Money
PUR_001389,CUST_00421,PROD_0172,Curtain Set,254.93,2026-04-25,Mobile Money
PUR_001390,CUST_00421,PROD_0105,Samsung Galaxy A14,1567.37,2026-06-01,Cash on Delivery
PUR_001391,CUST_00421,PROD_0121,Blender (4L),177.93,2026-07-14,Card
PUR_001392,CUST_00422,PROD_0067,iPhone 13,360.95,2025-05-02,Mobile Money
PUR_001393,CUST_00422,PROD_0204,Beard Grooming Kit,59.81,2025-08-10,Card
PUR_001394,CUST_00422,PROD_0167,Bedsheet Set (Queen),46.4,2025-10-24,Mobile Money
PUR_001395,CUST_00422,PROD_0271,Kids' Bicycle,65.27,2025-11-30,Mobile Money
PUR_001396,CUST_00422,PROD_0082,Samsung Galaxy A14,493.76,2025-12-23,Card
PUR_001397,CUST_00422,PROD_0265,Cycling Helmet,209.7,2026-02-13,Mobile Money
PUR_001398,CUST_00422,PROD_0214,Deodorant Roll-on,94.45,2026-04-07,Card
PUR_001399,CUST_00422,PROD_0161,Microwave Oven,1338.4,2026-04-19,Mobile Money
PUR_001400,CUST_00422,PROD_0013,Ankara Print Dress,142.89,2026-08-13,Mobile Money
PUR_001401,CUST_00422,PROD_0139,Digital Camera,940.81,2026-08-28,Mobile Money
PUR_001402,CUST_00422,PROD_0004,Men's Slim Fit Jeans,190.36,2026-09-04,Cash on Delivery
PUR_001403,CUST_00422,PROD_0203,Braided Hair Extension,66.83,2026-09-04,Card
PUR_001404,CUST_00426,PROD_0071,Bluetooth Headset,370.49,2026-03-23,Card
PUR_001405,CUST_00426,PROD_0112,Itel Vision 3,3503.54,2026-05-01,Mobile Money
PUR_001406,CUST_00426,PROD_0202,Deodorant Roll-on,82.08,2026-06-07,Cash on Delivery
PUR_001407,CUST_00426,PROD_0035,Children's T-Shirt Set,310.29,2026-07-08,Cash on Delivery
PUR_001408,CUST_00426,PROD_0032,Men's Formal Suit,208.77,2026-07-24,Mobile Money
PUR_001409,CUST_00426,PROD_0273,Baby Diapers Pack,91.52,2026-08-27,Mobile Money
PUR_001410,CUST_00428,PROD_0148,Electric Iron,659.76,2025-07-14,Cash on Delivery
PUR_001411,CUST_00428,PROD_0286,Hardcover Notebook,26.22,2025-11-23,Card
PUR_001412,CUST_00428,PROD_0255,Water Bottle (1L),169.78,2026-04-27,Mobile Money
PUR_001413,CUST_00430,PROD_0289,Kids' Storybook,54.28,2026-09-04,Mobile Money
PUR_001414,CUST_00433,PROD_0268,Dumbbell Set,133.87,2026-07-13,Mobile Money
PUR_001415,CUST_00434,PROD_0167,Bedsheet Set (Queen),93.64,2026-07-31,Mobile Money
PUR_001416,CUST_00435,PROD_0136,Laptop (Core i5),4530.13,2026-08-15,Card
PUR_001417,CUST_00435,PROD_0287,Highlighter Set,36.12,2026-08-21,Card
PUR_001418,CUST_00436,PROD_0249,First Aid Kit,41.64,2025-09-16,Card
PUR_001419,CUST_00436,PROD_0277,Feeding Bottle Set,128.54,2025-10-30,Cash on Delivery
PUR_001420,CUST_00437,PROD_0256,Camping Tent,66.56,2026-08-24,Card
PUR_001421,CUST_00438,PROD_0002,Ladies Kaftan Gown,89.09,2026-03-20,Bank Transfer
PUR_001422,CUST_00438,PROD_0289,Kids' Storybook,91.47,2026-07-07,Card
PUR_001423,CUST_00439,PROD_0105,Samsung Galaxy A14,923.68,2026-05-19,Mobile Money
PUR_001424,CUST_00439,PROD_0181,Storage Containers Set,174.45,2026-06-19,Cash on Delivery
PUR_001425,CUST_00439,PROD_0239,Vitamin C Supplements,17.84,2026-07-12,Mobile Money
PUR_001426,CUST_00441,PROD_0050,Leather Sandals,61.11,2026-08-16,Mobile Money
PUR_001427,CUST_00442,PROD_0143,LED Bulb Pack,1086.37,2025-05-24,Mobile Money
PUR_001428,CUST_00443,PROD_0067,iPhone 13,1326.73,2026-05-22,Mobile Money
PUR_001429,CUST_00443,PROD_0070,Phone Charger (Type-C),265.81,2026-05-24,Mobile Money
PUR_001430,CUST_00443,PROD_0125,LED Bulb Pack,1408.04,2026-06-27,Mobile Money
PUR_001431,CUST_00443,PROD_0114,Phone Charger (Type-C),460.06,2026-07-03,Cash on Delivery
PUR_001432,CUST_00443,PROD_0274,Baby Carrier,101.01,2026-07-06,Mobile Money
PUR_001433,CUST_00445,PROD_0257,Running Shoes,199.85,2025-10-16,Mobile Money
PUR_001434,CUST_00445,PROD_0297,Rice (5kg Bag),44.49,2025-10-31,Mobile Money
PUR_001435,CUST_00445,PROD_0121,Blender (4L),262.12,2026-02-04,Cash on Delivery
PUR_001436,CUST_00445,PROD_0068,Redmi Note 12,1595.66,2026-05-13,Mobile Money
PUR_001437,CUST_00446,PROD_0170,Rice Cooker,135.23,2024-01-16,Cash on Delivery
PUR_001438,CUST_00446,PROD_0179,Wall Clock,265.38,2024-03-07,Card
PUR_001439,CUST_00446,PROD_0299,Garri (2kg),93.65,2024-04-21,Mobile Money
PUR_001440,CUST_00446,PROD_0137,43-inch LED TV,1119.72,2024-05-26,Cash on Delivery
PUR_001441,CUST_00446,PROD_0006,Men's Casual Blazer,188.3,2024-08-03,Mobile Money
PUR_001442,CUST_00446,PROD_0002,Ladies Kaftan Gown,139.49,2024-12-02,Mobile Money
PUR_001443,CUST_00446,PROD_0221,Nail Polish Set,86.1,2025-02-17,Cash on Delivery
PUR_001444,CUST_00446,PROD_0034,Men's Casual Blazer,93.09,2025-03-07,Bank Transfer
PUR_001445,CUST_00446,PROD_0003,Cotton Polo Shirt,89.3,2025-05-08,Mobile Money
PUR_001446,CUST_00446,PROD_0203,Braided Hair Extension,51.37,2025-05-29,Mobile Money
PUR_001447,CUST_00446,PROD_0024,Women's Maxi Dress,73.36,2025-06-04,Mobile Money
PUR_001448,CUST_00446,PROD_0287,Highlighter Set,48.74,2025-07-11,Card
PUR_001449,CUST_00446,PROD_0218,Skin Toner,94.84,2025-07-13,Cash on Delivery
PUR_001450,CUST_00446,PROD_0079,iPhone 13,1139.72,2025-08-13,Mobile Money
PUR_001451,CUST_00446,PROD_0166,Gas Cooker (4-Burner),162.31,2025-08-17,Mobile Money
PUR_001452,CUST_00446,PROD_0106,Samsung Galaxy Tab A8,648.14,2025-09-05,Card
PUR_001453,CUST_00446,PROD_0302,Milk Powder (400g),56.1,2025-10-18,Cash on Delivery
PUR_001454,CUST_00446,PROD_0140,Electric Iron,336.27,2025-11-23,Card
PUR_001455,CUST_00446,PROD_0002,Ladies Kaftan Gown,136.69,2025-12-24,Cash on Delivery
PUR_001456,CUST_00446,PROD_0126,Gaming Console,48.4,2025-12-30,Mobile Money
PUR_001457,CUST_00446,PROD_0220,Beard Grooming Kit,52.45,2026-01-03,Mobile Money
PUR_001458,CUST_00446,PROD_0111,Infinix Hot 30,827.87,2026-01-18,Mobile Money
PUR_001459,CUST_00446,PROD_0009,Ladies Kaftan Gown,71.42,2026-01-24,Mobile Money
PUR_001460,CUST_00446,PROD_0086,Tecno Spark 10,789.54,2026-01-29,Mobile Money
PUR_001461,CUST_00446,PROD_0001,Traditional Smock (Fugu),198.97,2026-02-07,Bank Transfer
PUR_001462,CUST_00446,PROD_0025,Ladies Handbag,75.42,2026-02-07,Mobile Money
PUR_001463,CUST_00446,PROD_0276,Baby Bath Tub,107.69,2026-02-26,Card
PUR_001464,CUST_00446,PROD_0104,Tecno Spark 10,2039.44,2026-03-27,Mobile Money
PUR_001465,CUST_00446,PROD_0123,Electric Iron,1123.51,2026-03-31,Cash on Delivery
PUR_001466,CUST_00446,PROD_0085,Samsung Galaxy Tab A8,731.19,2026-04-05,Mobile Money
PUR_001467,CUST_00446,PROD_0047,Leather Sandals,173.6,2026-04-29,Cash on Delivery
PUR_001468,CUST_00446,PROD_0066,Men's Slim Fit Jeans,83.52,2026-05-18,Mobile Money
PUR_001469,CUST_00446,PROD_0259,Basketball,147.77,2026-05-19,Mobile Money
PUR_001470,CUST_00446,PROD_0024,Women's Maxi Dress,181.22,2026-06-30,Cash on Delivery
PUR_001471,CUST_00446,PROD_0176,Curtain Set,278.37,2026-07-31,Mobile Money
PUR_001472,CUST_00446,PROD_0232,Bathroom Weighing Scale,61.47,2026-08-12,Cash on Delivery
PUR_001473,CUST_00446,PROD_0095,Phone Charger (Type-C),2089.47,2026-08-13,Card
PUR_001474,CUST_00446,PROD_0016,Women's Maxi Dress,146.94,2026-08-18,Mobile Money
PUR_001475,CUST_00447,PROD_0175,Kitchen Knife Set,346.24,2025-08-14,Mobile Money
PUR_001476,CUST_00447,PROD_0004,Men's Slim Fit Jeans,146.97,2026-04-18,Cash on Delivery
PUR_001477,CUST_00447,PROD_0127,Microwave Oven,769.04,2026-05-16,Mobile Money
PUR_001478,CUST_00448,PROD_0294,A4 Printing Paper Ream,24.62,2025-11-28,Mobile Money
PUR_001479,CUST_00448,PROD_0258,Yoga Mat,86.03,2026-01-11,Mobile Money
PUR_001480,CUST_00448,PROD_0002,Ladies Kaftan Gown,272.45,2026-02-05,Card
PUR_001481,CUST_00448,PROD_0247,Bathroom Weighing Scale,86.38,2026-02-28,Mobile Money
PUR_001482,CUST_00448,PROD_0096,Bluetooth Headset,838.88,2026-03-04,Card
PUR_001483,CUST_00448,PROD_0248,Reading Glasses,119.69,2026-03-13,Bank Transfer
PUR_001484,CUST_00448,PROD_0093,Samsung Galaxy A14,346.03,2026-03-27,Mobile Money
PUR_001485,CUST_00448,PROD_0138,Microwave Oven,912.32,2026-04-05,Cash on Delivery
PUR_001486,CUST_00448,PROD_0208,Perfume (100ml),120.6,2026-04-22,Card
PUR_001487,CUST_00448,PROD_0295,Canned Tuna,46.28,2026-05-03,Cash on Delivery
PUR_001488,CUST_00448,PROD_0232,Bathroom Weighing Scale,183.3,2026-05-12,Mobile Money
PUR_001489,CUST_00448,PROD_0078,Phone Screen Protector,597.19,2026-05-15,Bank Transfer
PUR_001490,CUST_00448,PROD_0290,Exercise Books Pack,73.0,2026-05-26,Card
PUR_001491,CUST_00448,PROD_0003,Cotton Polo Shirt,97.48,2026-06-03,Card
PUR_001492,CUST_00448,PROD_0205,Deodorant Roll-on,55.9,2026-08-02,Mobile Money
PUR_001493,CUST_00448,PROD_0079,iPhone 13,294.51,2026-08-14,Mobile Money
PUR_001494,CUST_00451,PROD_0069,Phone Charger (Type-C),2457.48,2025-08-25,Mobile Money
PUR_001495,CUST_00451,PROD_0008,Kente Print Shirt,105.5,2026-03-05,Mobile Money
PUR_001496,CUST_00453,PROD_0194,Rice Cooker,224.73,2026-07-22,Mobile Money
PUR_001497,CUST_00454,PROD_0002,Ladies Kaftan Gown,84.25,2024-09-28,Cash on Delivery
PUR_001498,CUST_00454,PROD_0277,Feeding Bottle Set,125.27,2025-04-23,Cash on Delivery
PUR_001499,CUST_00454,PROD_0049,Ladies Handbag,339.92,2025-06-14,Cash on Delivery
PUR_001500,CUST_00454,PROD_0268,Dumbbell Set,35.22,2025-06-19,Mobile Money
PUR_001501,CUST_00454,PROD_0020,Kente Print Shirt,210.27,2025-09-04,Mobile Money
PUR_001502,CUST_00454,PROD_0295,Canned Tuna,47.94,2025-09-24,Mobile Money
PUR_001503,CUST_00454,PROD_0271,Kids' Bicycle,84.86,2025-12-24,Cash on Delivery
PUR_001504,CUST_00456,PROD_0195,Kitchen Knife Set,107.77,2026-06-10,Card
PUR_001505,CUST_00456,PROD_0190,Wall Clock,646.04,2026-06-27,Mobile Money
PUR_001506,CUST_00458,PROD_0171,Sofa Set,316.92,2026-02-05,Mobile Money
PUR_001507,CUST_00459,PROD_0235,Bathroom Weighing Scale,35.33,2026-08-30,Mobile Money
PUR_001508,CUST_00462,PROD_0063,Men's Slim Fit Jeans,251.95,2025-12-15,Mobile Money
PUR_001509,CUST_00463,PROD_0068,Redmi Note 12,1345.63,2025-10-30,Card
PUR_001510,CUST_00463,PROD_0287,Highlighter Set,43.32,2026-03-15,Cash on Delivery
PUR_001511,CUST_00463,PROD_0068,Redmi Note 12,807.94,2026-03-30,Mobile Money
PUR_001512,CUST_00463,PROD_0241,Digital Thermometer,129.28,2026-04-21,Cash on Delivery
PUR_001513,CUST_00463,PROD_0121,Blender (4L),868.7,2026-05-28,Cash on Delivery
PUR_001514,CUST_00463,PROD_0009,Ladies Kaftan Gown,180.73,2026-05-30,Cash on Delivery
PUR_001515,CUST_00463,PROD_0272,Baby Carrier,35.62,2026-06-01,Mobile Money
PUR_001516,CUST_00463,PROD_0033,Ankara Print Dress,197.09,2026-06-06,Cash on Delivery
PUR_001517,CUST_00463,PROD_0006,Men's Casual Blazer,169.7,2026-07-20,Mobile Money
PUR_001518,CUST_00464,PROD_0068,Redmi Note 12,397.28,2026-04-13,Cash on Delivery
PUR_001519,CUST_00465,PROD_0124,LED Bulb Pack,530.81,2024-01-12,Cash on Delivery
PUR_001520,CUST_00465,PROD_0262,Hiking Backpack,40.23,2025-10-21,Mobile Money
PUR_001521,CUST_00465,PROD_0122,Electric Iron,488.35,2026-07-26,Cash on Delivery
PUR_001522,CUST_00466,PROD_0277,Feeding Bottle Set,48.21,2026-06-15,Card
PUR_001523,CUST_00466,PROD_0001,Traditional Smock (Fugu),109.91,2026-06-25,Mobile Money
PUR_001524,CUST_00466,PROD_0187,Bedsheet Set (Queen),343.53,2026-07-14,Mobile Money
PUR_001525,CUST_00466,PROD_0002,Ladies Kaftan Gown,38.04,2026-07-14,Card
PUR_001526,CUST_00466,PROD_0077,Bluetooth Headset,681.04,2026-08-03,Cash on Delivery
PUR_001527,CUST_00468,PROD_0146,Home Theater System,125.75,2024-09-20,Mobile Money
PUR_001528,CUST_00468,PROD_0038,Ladies Handbag,131.01,2024-11-30,Card
PUR_001529,CUST_00468,PROD_0239,Vitamin C Supplements,58.17,2025-04-13,Mobile Money
PUR_001530,CUST_00468,PROD_0152,Laptop (Core i5),722.98,2025-11-12,Mobile Money
PUR_001531,CUST_00468,PROD_0127,Microwave Oven,811.02,2025-12-10,Mobile Money
PUR_001532,CUST_00468,PROD_0253,Running Shoes,155.67,2026-03-02,Card
PUR_001533,CUST_00468,PROD_0001,Traditional Smock (Fugu),228.22,2026-05-08,Cash on Delivery
PUR_001534,CUST_00470,PROD_0083,Redmi Note 12,568.22,2025-06-08,Cash on Delivery
PUR_001535,CUST_00470,PROD_0017,Men's Formal Suit,256.87,2025-12-17,Mobile Money
PUR_001536,CUST_00470,PROD_0237,Multivitamin Tablets,33.8,2026-01-13,Mobile Money
PUR_001537,CUST_00470,PROD_0296,Garri (2kg),70.17,2026-07-13,Mobile Money
PUR_001538,CUST_00474,PROD_0202,Deodorant Roll-on,44.16,2025-01-02,Cash on Delivery
PUR_001539,CUST_00474,PROD_0208,Perfume (100ml),88.22,2025-08-10,Mobile Money
PUR_001540,CUST_00474,PROD_0071,Bluetooth Headset,1019.87,2025-12-20,Mobile Money
PUR_001541,CUST_00474,PROD_0127,Microwave Oven,482.42,2026-05-18,Mobile Money
PUR_001542,CUST_00475,PROD_0001,Traditional Smock (Fugu),91.64,2026-05-10,Mobile Money
PUR_001543,CUST_00475,PROD_0262,Hiking Backpack,49.04,2026-05-31,Mobile Money
PUR_001544,CUST_00475,PROD_0027,Ladies Kaftan Gown,92.28,2026-06-11,Mobile Money
PUR_001545,CUST_00475,PROD_0196,Bedsheet Set (Queen),107.79,2026-07-19,Mobile Money
PUR_001546,CUST_00475,PROD_0232,Bathroom Weighing Scale,69.81,2026-07-28,Card
PUR_001547,CUST_00475,PROD_0090,Itel Vision 3,1128.98,2026-08-06,Mobile Money
PUR_001548,CUST_00476,PROD_0007,Kente Print Shirt,137.61,2023-12-22,Card
PUR_001549,CUST_00476,PROD_0193,Cutlery Set,79.31,2026-06-10,Cash on Delivery
PUR_001550,CUST_00478,PROD_0218,Skin Toner,86.94,2026-02-04,Mobile Money
PUR_001551,CUST_00478,PROD_0098,Power Bank 20000mAh,975.38,2026-02-19,Mobile Money
PUR_001552,CUST_00478,PROD_0016,Women's Maxi Dress,116.82,2026-03-19,Card
PUR_001553,CUST_00478,PROD_0254,Basketball,138.59,2026-03-24,Mobile Money
PUR_001554,CUST_00478,PROD_0168,Rice Cooker,136.92,2026-06-01,Cash on Delivery
PUR_001555,CUST_00478,PROD_0119,iPhone 13,1671.85,2026-08-08,Cash on Delivery
PUR_001556,CUST_00479,PROD_0151,Extension Socket,426.46,2023-02-23,Mobile Money
PUR_001557,CUST_00479,PROD_0002,Ladies Kaftan Gown,191.01,2024-06-03,Card
PUR_001558,CUST_00479,PROD_0077,Bluetooth Headset,2696.99,2025-05-01,Mobile Money
PUR_001559,CUST_00479,PROD_0167,Bedsheet Set (Queen),1006.68,2025-11-13,Mobile Money
PUR_001560,CUST_00479,PROD_0232,Bathroom Weighing Scale,72.23,2025-12-19,Cash on Delivery
PUR_001561,CUST_00479,PROD_0128,Air Conditioner (1.5HP),627.35,2026-03-16,Card
PUR_001562,CUST_00479,PROD_0121,Blender (4L),842.46,2026-04-24,Mobile Money
PUR_001563,CUST_00479,PROD_0069,Phone Charger (Type-C),2311.37,2026-07-27,Mobile Money
PUR_001564,CUST_00480,PROD_0086,Tecno Spark 10,1037.71,2026-02-06,Mobile Money
PUR_001565,CUST_00480,PROD_0241,Digital Thermometer,100.09,2026-05-13,Cash on Delivery
PUR_001566,CUST_00480,PROD_0070,Phone Charger (Type-C),447.21,2026-08-02,Cash on Delivery
PUR_001567,CUST_00480,PROD_0020,Kente Print Shirt,222.13,2026-08-27,Bank Transfer
PUR_001568,CUST_00482,PROD_0089,Samsung Galaxy A14,1645.67,2025-08-25,Mobile Money
PUR_001569,CUST_00484,PROD_0130,Rechargeable Fan,500.06,2026-01-10,Mobile Money
PUR_001570,CUST_00484,PROD_0215,Skin Toner,39.64,2026-05-11,Mobile Money
PUR_001571,CUST_00484,PROD_0003,Cotton Polo Shirt,92.48,2026-07-06,Mobile Money
PUR_001572,CUST_00484,PROD_0077,Bluetooth Headset,635.27,2026-07-13,Mobile Money
PUR_001573,CUST_00484,PROD_0069,Phone Charger (Type-C),1237.8,2026-08-02,Mobile Money
PUR_001574,CUST_00484,PROD_0169,Bedsheet Set (Queen),95.35,2026-08-04,Mobile Money
PUR_001575,CUST_00485,PROD_0154,Gaming Console,279.74,2026-02-20,Card
PUR_001576,CUST_00485,PROD_0011,Unisex Sneakers,144.45,2026-04-02,Card
PUR_001577,CUST_00486,PROD_0179,Wall Clock,180.87,2026-02-09,Cash on Delivery
PUR_001578,CUST_00486,PROD_0074,Phone Screen Protector,1841.88,2026-03-21,Mobile Money
PUR_001579,CUST_00488,PROD_0291,Exercise Books Pack,68.58,2026-06-08,Cash on Delivery
PUR_001580,CUST_00489,PROD_0166,Gas Cooker (4-Burner),270.99,2025-03-20,Mobile Money
PUR_001581,CUST_00489,PROD_0166,Gas Cooker (4-Burner),136.15,2025-06-08,Cash on Delivery
PUR_001582,CUST_00489,PROD_0244,Bathroom Weighing Scale,23.87,2025-06-09,Mobile Money
PUR_001583,CUST_00489,PROD_0002,Ladies Kaftan Gown,64.88,2025-06-18,Cash on Delivery
PUR_001584,CUST_00489,PROD_0007,Kente Print Shirt,149.05,2025-09-03,Cash on Delivery
PUR_001585,CUST_00489,PROD_0192,Dining Table Set,186.84,2025-09-10,Cash on Delivery
PUR_001586,CUST_00491,PROD_0001,Traditional Smock (Fugu),159.68,2026-05-11,Cash on Delivery
PUR_001587,CUST_00493,PROD_0078,Phone Screen Protector,842.91,2026-08-08,Cash on Delivery
PUR_001588,CUST_00495,PROD_0233,Multivitamin Tablets,63.58,2026-08-28,Mobile Money
PUR_001589,CUST_00495,PROD_0166,Gas Cooker (4-Burner),106.07,2026-09-04,Card
PUR_001590,CUST_00496,PROD_0063,Men's Slim Fit Jeans,46.05,2026-04-27,Mobile Money
PUR_001591,CUST_00496,PROD_0247,Bathroom Weighing Scale,26.95,2026-06-03,Cash on Delivery
PUR_001592,CUST_00499,PROD_0001,Traditional Smock (Fugu),285.4,2024-10-19,Bank Transfer
PUR_001593,CUST_00499,PROD_0124,LED Bulb Pack,355.12,2025-05-04,Mobile Money
PUR_001594,CUST_00499,PROD_0166,Gas Cooker (4-Burner),67.67,2025-12-23,Cash on Delivery
PUR_001595,CUST_00499,PROD_0121,Blender (4L),2540.77,2026-05-13,Mobile Money
PUR_001596,CUST_00499,PROD_0202,Deodorant Roll-on,53.6,2026-05-19,Mobile Money
PUR_001597,CUST_00499,PROD_0175,Kitchen Knife Set,407.57,2026-05-29,Cash on Delivery
PUR_001598,CUST_00499,PROD_0192,Dining Table Set,184.23,2026-05-31,Mobile Money
PUR_001599,CUST_00499,PROD_0074,Phone Screen Protector,1133.22,2026-06-25,Mobile Money
PUR_001600,CUST_00499,PROD_0082,Samsung Galaxy A14,430.53,2026-08-11,Mobile Money
PUR_001601,CUST_00500,PROD_0025,Ladies Handbag,106.9,2024-11-01,Mobile Money
PUR_001602,CUST_00500,PROD_0025,Ladies Handbag,218.2,2025-04-17,Mobile Money
PUR_001603,CUST_00500,PROD_0243,Protein Powder,73.5,2025-10-03,Mobile Money
PUR_001604,CUST_00500,PROD_0075,Redmi Note 12,1329.03,2026-02-02,Mobile Money
PUR_001605,CUST_00500,PROD_0204,Beard Grooming Kit,22.02,2026-07-04,Cash on Delivery
PUR_001606,CUST_00501,PROD_0272,Baby Carrier,103.22,2025-08-28,Mobile Money
PUR_001607,CUST_00501,PROD_0286,Hardcover Notebook,29.87,2025-12-12,Mobile Money
PUR_001608,CUST_00501,PROD_0230,Black Soap Bar,34.48,2026-01-08,Mobile Money
PUR_001609,CUST_00501,PROD_0132,Electric Iron,426.87,2026-02-12,Mobile Money
PUR_001610,CUST_00501,PROD_0171,Sofa Set,433.96,2026-04-19,Card
PUR_001611,CUST_00501,PROD_0008,Kente Print Shirt,93.83,2026-07-04,Mobile Money
PUR_001612,CUST_00504,PROD_0026,Men's Casual Blazer,170.71,2025-07-16,Mobile Money
PUR_001613,CUST_00504,PROD_0104,Tecno Spark 10,691.86,2025-08-29,Mobile Money
PUR_001614,CUST_00504,PROD_0051,Unisex Sneakers,117.57,2025-12-11,Mobile Money
PUR_001615,CUST_00504,PROD_0202,Deodorant Roll-on,33.23,2026-01-02,Mobile Money
PUR_001616,CUST_00504,PROD_0232,Bathroom Weighing Scale,54.83,2026-02-03,Card
PUR_001617,CUST_00504,PROD_0202,Deodorant Roll-on,51.75,2026-02-21,Mobile Money
PUR_001618,CUST_00504,PROD_0008,Kente Print Shirt,122.98,2026-03-05,Mobile Money
PUR_001619,CUST_00504,PROD_0171,Sofa Set,137.63,2026-05-03,Mobile Money
PUR_001620,CUST_00504,PROD_0166,Gas Cooker (4-Burner),274.3,2026-07-04,Cash on Delivery
PUR_001621,CUST_00504,PROD_0135,LED Bulb Pack,670.88,2026-07-12,Mobile Money
PUR_001622,CUST_00504,PROD_0295,Canned Tuna,87.3,2026-09-02,Cash on Delivery
PUR_001623,CUST_00506,PROD_0079,iPhone 13,1389.99,2026-08-16,Cash on Delivery
PUR_001624,CUST_00507,PROD_0299,Garri (2kg),105.0,2025-02-06,Cash on Delivery
PUR_001625,CUST_00507,PROD_0226,Hair Dryer,83.74,2025-04-13,Mobile Money
PUR_001626,CUST_00507,PROD_0019,Men's Casual Blazer,97.43,2025-09-25,Mobile Money
PUR_001627,CUST_00507,PROD_0126,Gaming Console,543.96,2025-10-03,Mobile Money
PUR_001628,CUST_00507,PROD_0127,Microwave Oven,353.18,2026-04-21,Mobile Money
PUR_001629,CUST_00508,PROD_0034,Men's Casual Blazer,70.27,2025-05-16,Mobile Money
PUR_001630,CUST_00508,PROD_0255,Water Bottle (1L),159.11,2025-06-03,Cash on Delivery
PUR_001631,CUST_00508,PROD_0001,Traditional Smock (Fugu),58.7,2026-01-19,Mobile Money
PUR_001632,CUST_00508,PROD_0168,Rice Cooker,178.19,2026-04-17,Mobile Money
PUR_001633,CUST_00508,PROD_0067,iPhone 13,1422.49,2026-08-04,Cash on Delivery
PUR_001634,CUST_00510,PROD_0127,Microwave Oven,1775.5,2025-12-09,Mobile Money
PUR_001635,CUST_00511,PROD_0136,Laptop (Core i5),2900.58,2026-09-04,Mobile Money
PUR_001636,CUST_00512,PROD_0012,Children's T-Shirt Set,113.07,2026-06-15,Mobile Money
PUR_001637,CUST_00512,PROD_0073,Redmi Note 12,4142.16,2026-08-21,Cash on Delivery
PUR_001638,CUST_00513,PROD_0067,iPhone 13,2147.79,2025-07-27,Cash on Delivery
PUR_001639,CUST_00513,PROD_0121,Blender (4L),1354.8,2025-11-03,Mobile Money
PUR_001640,CUST_00513,PROD_0003,Cotton Polo Shirt,183.61,2026-03-14,Card
PUR_001641,CUST_00513,PROD_0261,Camping Tent,179.74,2026-03-15,Mobile Money
PUR_001642,CUST_00513,PROD_0196,Bedsheet Set (Queen),138.89,2026-03-18,Cash on Delivery
PUR_001643,CUST_00513,PROD_0122,Electric Iron,471.79,2026-05-24,Mobile Money
PUR_001644,CUST_00514,PROD_0048,Women's Maxi Dress,66.89,2026-01-08,Cash on Delivery
PUR_001645,CUST_00514,PROD_0292,A4 Printing Paper Ream,53.36,2026-04-17,Bank Transfer
PUR_001646,CUST_00514,PROD_0169,Bedsheet Set (Queen),278.09,2026-07-04,Cash on Delivery
PUR_001647,CUST_00514,PROD_0002,Ladies Kaftan Gown,91.52,2026-07-25,Mobile Money
PUR_001648,CUST_00516,PROD_0121,Blender (4L),332.37,2026-09-04,Card
PUR_001649,CUST_00518,PROD_0001,Traditional Smock (Fugu),49.0,2025-06-21,Cash on Delivery
PUR_001650,CUST_00518,PROD_0258,Yoga Mat,237.33,2025-07-15,Mobile Money
PUR_001651,CUST_00518,PROD_0085,Samsung Galaxy Tab A8,4794.45,2025-07-22,Card
PUR_001652,CUST_00518,PROD_0011,Unisex Sneakers,147.72,2026-05-06,Cash on Delivery
PUR_001653,CUST_00518,PROD_0114,Phone Charger (Type-C),644.88,2026-07-15,Cash on Delivery
PUR_001654,CUST_00519,PROD_0077,Bluetooth Headset,352.0,2025-10-12,Cash on Delivery
PUR_001655,CUST_00519,PROD_0168,Rice Cooker,135.95,2026-01-06,Mobile Money
PUR_001656,CUST_00519,PROD_0122,Electric Iron,499.67,2026-06-01,Mobile Money
PUR_001657,CUST_00521,PROD_0183,Non-stick Cooking Pot Set,257.03,2025-11-26,Mobile Money
PUR_001658,CUST_00521,PROD_0271,Kids' Bicycle,153.91,2025-12-07,Cash on Delivery
PUR_001659,CUST_00521,PROD_0035,Children's T-Shirt Set,96.63,2025-12-11,Cash on Delivery
PUR_001660,CUST_00521,PROD_0286,Hardcover Notebook,26.21,2025-12-14,Mobile Money
PUR_001661,CUST_00521,PROD_0067,iPhone 13,3352.01,2025-12-16,Mobile Money
PUR_001662,CUST_00521,PROD_0287,Highlighter Set,46.07,2025-12-29,Cash on Delivery
PUR_001663,CUST_00521,PROD_0286,Hardcover Notebook,31.96,2026-01-12,Mobile Money
PUR_001664,CUST_00521,PROD_0105,Samsung Galaxy A14,262.98,2026-01-24,Cash on Delivery
PUR_001665,CUST_00521,PROD_0073,Redmi Note 12,3242.4,2026-01-29,Mobile Money
PUR_001666,CUST_00521,PROD_0123,Electric Iron,99.37,2026-02-26,Mobile Money
PUR_001667,CUST_00521,PROD_0035,Children's T-Shirt Set,226.06,2026-03-07,Bank Transfer
PUR_001668,CUST_00521,PROD_0002,Ladies Kaftan Gown,110.95,2026-03-14,Mobile Money
PUR_001669,CUST_00521,PROD_0015,Unisex Sneakers,133.61,2026-03-16,Cash on Delivery
PUR_001670,CUST_00521,PROD_0121,Blender (4L),537.49,2026-03-19,Mobile Money
PUR_001671,CUST_00521,PROD_0004,Men's Slim Fit Jeans,64.17,2026-03-26,Cash on Delivery
PUR_001672,CUST_00521,PROD_0286,Hardcover Notebook,61.67,2026-03-30,Mobile Money
PUR_001673,CUST_00521,PROD_0163,Extension Socket,172.19,2026-03-30,Card
PUR_001674,CUST_00521,PROD_0287,Highlighter Set,37.78,2026-04-02,Cash on Delivery
PUR_001675,CUST_00521,PROD_0272,Baby Carrier,80.24,2026-04-10,Cash on Delivery
PUR_001676,CUST_00521,PROD_0271,Kids' Bicycle,127.19,2026-04-19,Mobile Money
PUR_001677,CUST_00521,PROD_0277,Feeding Bottle Set,89.86,2026-04-20,Mobile Money
PUR_001678,CUST_00521,PROD_0232,Bathroom Weighing Scale,66.07,2026-05-01,Cash on Delivery
PUR_001679,CUST_00521,PROD_0186,Storage Containers Set,264.21,2026-05-13,Mobile Money
PUR_001680,CUST_00521,PROD_0054,Men's Slim Fit Jeans,76.84,2026-05-20,Cash on Delivery
PUR_001681,CUST_00521,PROD_0287,Highlighter Set,22.13,2026-05-22,Mobile Money
PUR_001682,CUST_00521,PROD_0217,Sunscreen SPF50,71.94,2026-05-25,Card
PUR_001683,CUST_00521,PROD_0295,Canned Tuna,47.15,2026-05-28,Cash on Delivery
PUR_001684,CUST_00521,PROD_0232,Bathroom Weighing Scale,51.61,2026-05-30,Mobile Money
PUR_001685,CUST_00521,PROD_0001,Traditional Smock (Fugu),120.55,2026-05-31,Mobile Money
PUR_001686,CUST_00521,PROD_0036,Leather Sandals,71.46,2026-06-02,Mobile Money
PUR_001687,CUST_00521,PROD_0122,Electric Iron,178.74,2026-06-07,Bank Transfer
PUR_001688,CUST_00521,PROD_0006,Men's Casual Blazer,193.58,2026-06-07,Mobile Money
PUR_001689,CUST_00521,PROD_0002,Ladies Kaftan Gown,137.87,2026-06-08,Mobile Money
PUR_001690,CUST_00521,PROD_0096,Bluetooth Headset,4567.67,2026-06-14,Cash on Delivery
PUR_001691,CUST_00521,PROD_0004,Men's Slim Fit Jeans,232.48,2026-06-28,Cash on Delivery
PUR_001692,CUST_00521,PROD_0130,Rechargeable Fan,630.92,2026-06-29,Mobile Money
PUR_001693,CUST_00521,PROD_0006,Men's Casual Blazer,191.26,2026-07-11,Mobile Money
PUR_001694,CUST_00521,PROD_0122,Electric Iron,1190.48,2026-07-17,Mobile Money
PUR_001695,CUST_00521,PROD_0174,Bedsheet Set (Queen),310.68,2026-07-21,Cash on Delivery
PUR_001696,CUST_00521,PROD_0252,Reading Glasses,144.47,2026-07-27,Cash on Delivery
PUR_001697,CUST_00521,PROD_0014,Men's Slim Fit Jeans,113.64,2026-07-27,Card
PUR_001698,CUST_00521,PROD_0166,Gas Cooker (4-Burner),116.9,2026-07-28,Cash on Delivery
PUR_001699,CUST_00521,PROD_0235,Bathroom Weighing Scale,69.02,2026-07-29,Mobile Money
PUR_001700,CUST_00521,PROD_0172,Curtain Set,286.77,2026-08-01,Cash on Delivery
PUR_001701,CUST_00521,PROD_0121,Blender (4L),192.89,2026-08-04,Mobile Money
PUR_001702,CUST_00521,PROD_0213,Deodorant Roll-on,71.58,2026-08-15,Mobile Money
PUR_001703,CUST_00521,PROD_0014,Men's Slim Fit Jeans,90.12,2026-08-16,Cash on Delivery
PUR_001704,CUST_00521,PROD_0286,Hardcover Notebook,33.11,2026-08-18,Mobile Money
PUR_001705,CUST_00521,PROD_0252,Reading Glasses,31.66,2026-08-24,Mobile Money
PUR_001706,CUST_00521,PROD_0273,Baby Diapers Pack,94.11,2026-08-25,Bank Transfer
PUR_001707,CUST_00521,PROD_0071,Bluetooth Headset,455.74,2026-08-31,Mobile Money
PUR_001708,CUST_00521,PROD_0180,Bedsheet Set (Queen),195.55,2026-09-02,Mobile Money
PUR_001709,CUST_00521,PROD_0124,LED Bulb Pack,339.67,2026-09-04,Mobile Money
PUR_001710,CUST_00521,PROD_0134,Gaming Console,903.23,2026-09-04,Mobile Money
PUR_001711,CUST_00522,PROD_0209,Makeup Kit,67.94,2026-05-29,Mobile Money
PUR_001712,CUST_00523,PROD_0077,Bluetooth Headset,333.69,2025-03-03,Cash on Delivery
PUR_001713,CUST_00523,PROD_0092,Huawei MatePad,239.47,2025-06-11,Mobile Money
PUR_001714,CUST_00523,PROD_0286,Hardcover Notebook,77.47,2025-07-17,Card
PUR_001715,CUST_00523,PROD_0019,Men's Casual Blazer,140.35,2025-08-31,Bank Transfer
PUR_001716,CUST_00523,PROD_0254,Basketball,170.69,2025-10-12,Mobile Money
PUR_001717,CUST_00523,PROD_0286,Hardcover Notebook,62.29,2026-03-14,Bank Transfer
PUR_001718,CUST_00523,PROD_0145,Home Theater System,1299.81,2026-04-07,Bank Transfer
PUR_001719,CUST_00523,PROD_0123,Electric Iron,690.97,2026-04-29,Mobile Money
PUR_001720,CUST_00523,PROD_0125,LED Bulb Pack,1014.62,2026-05-13,Cash on Delivery
PUR_001721,CUST_00523,PROD_0271,Kids' Bicycle,85.46,2026-09-04,Card
PUR_001722,CUST_00524,PROD_0002,Ladies Kaftan Gown,152.96,2025-11-19,Mobile Money
PUR_001723,CUST_00524,PROD_0072,Phone Screen Protector,456.55,2026-04-03,Cash on Delivery
PUR_001724,CUST_00525,PROD_0231,Nail Polish Set,41.89,2025-11-25,Mobile Money
PUR_001725,CUST_00525,PROD_0121,Blender (4L),513.23,2026-01-06,Card
PUR_001726,CUST_00526,PROD_0019,Men's Casual Blazer,123.25,2026-07-06,Mobile Money
PUR_001727,CUST_00530,PROD_0004,Men's Slim Fit Jeans,172.1,2024-08-07,Cash on Delivery
PUR_001728,CUST_00530,PROD_0279,Baby Wipes (80pcs),58.24,2024-10-06,Cash on Delivery
PUR_001729,CUST_00530,PROD_0001,Traditional Smock (Fugu),287.02,2025-01-28,Mobile Money
PUR_001730,CUST_00530,PROD_0002,Ladies Kaftan Gown,69.59,2025-02-03,Mobile Money
PUR_001731,CUST_00530,PROD_0054,Men's Slim Fit Jeans,379.94,2025-02-11,Cash on Delivery
PUR_001732,CUST_00530,PROD_0166,Gas Cooker (4-Burner),196.66,2025-08-23,Cash on Delivery
PUR_001733,CUST_00530,PROD_0077,Bluetooth Headset,1609.69,2025-08-23,Cash on Delivery
PUR_001734,CUST_00530,PROD_0255,Water Bottle (1L),330.33,2025-09-11,Mobile Money
PUR_001735,CUST_00530,PROD_0167,Bedsheet Set (Queen),213.59,2025-12-04,Cash on Delivery
PUR_001736,CUST_00530,PROD_0177,Rice Cooker,65.95,2025-12-07,Card
PUR_001737,CUST_00530,PROD_0202,Deodorant Roll-on,82.36,2025-12-08,Mobile Money
PUR_001738,CUST_00530,PROD_0091,iPhone 13,628.19,2026-03-23,Mobile Money
PUR_001739,CUST_00530,PROD_0198,Wall Clock,255.97,2026-04-26,Mobile Money
PUR_001740,CUST_00530,PROD_0070,Phone Charger (Type-C),823.66,2026-05-06,Bank Transfer
PUR_001741,CUST_00530,PROD_0071,Bluetooth Headset,581.37,2026-08-22,Mobile Money
PUR_001742,CUST_00532,PROD_0002,Ladies Kaftan Gown,82.66,2023-11-13,Card
PUR_001743,CUST_00532,PROD_0282,Kids Building Blocks,52.75,2025-11-09,Cash on Delivery
PUR_001744,CUST_00533,PROD_0287,Highlighter Set,45.98,2025-06-30,Card
PUR_001745,CUST_00533,PROD_0282,Kids Building Blocks,60.64,2025-09-09,Bank Transfer
PUR_001746,CUST_00534,PROD_0272,Baby Carrier,72.29,2026-07-09,Mobile Money
PUR_001747,CUST_00535,PROD_0122,Electric Iron,180.22,2026-04-03,Mobile Money
PUR_001748,CUST_00535,PROD_0130,Rechargeable Fan,434.37,2026-07-19,Cash on Delivery
PUR_001749,CUST_00536,PROD_0076,Phone Charger (Type-C),2279.04,2025-01-06,Card
PUR_001750,CUST_00536,PROD_0033,Ankara Print Dress,111.8,2026-08-01,Cash on Delivery
PUR_001751,CUST_00537,PROD_0002,Ladies Kaftan Gown,79.02,2024-10-17,Cash on Delivery
PUR_001752,CUST_00537,PROD_0202,Deodorant Roll-on,31.11,2024-10-30,Card
PUR_001753,CUST_00537,PROD_0005,Men's Casual Blazer,71.09,2024-10-30,Cash on Delivery
PUR_001754,CUST_00537,PROD_0121,Blender (4L),1670.37,2024-11-17,Mobile Money
PUR_001755,CUST_00537,PROD_0015,Unisex Sneakers,125.26,2025-02-21,Cash on Delivery
PUR_001756,CUST_00537,PROD_0067,iPhone 13,1068.79,2025-03-09,Cash on Delivery
PUR_001757,CUST_00537,PROD_0001,Traditional Smock (Fugu),116.36,2025-04-21,Cash on Delivery
PUR_001758,CUST_00537,PROD_0065,Wax Print Skirt,110.45,2025-04-25,Card
PUR_001759,CUST_00537,PROD_0202,Deodorant Roll-on,37.63,2025-05-06,Mobile Money
PUR_001760,CUST_00537,PROD_0146,Home Theater System,224.08,2025-05-08,Mobile Money
PUR_001761,CUST_00537,PROD_0168,Rice Cooker,277.83,2025-05-16,Card
PUR_001762,CUST_00537,PROD_0067,iPhone 13,1272.81,2025-05-23,Card
PUR_001763,CUST_00537,PROD_0281,Educational Toy Set,95.43,2025-05-29,Card
PUR_001764,CUST_00537,PROD_0018,Men's Formal Suit,25.24,2025-06-05,Mobile Money
PUR_001765,CUST_00537,PROD_0003,Cotton Polo Shirt,156.58,2025-06-16,Mobile Money
PUR_001766,CUST_00537,PROD_0184,Wall Clock,138.17,2025-06-20,Mobile Money
PUR_001767,CUST_00537,PROD_0256,Camping Tent,130.09,2025-08-11,Cash on Delivery
PUR_001768,CUST_00537,PROD_0095,Phone Charger (Type-C),708.5,2025-09-11,Mobile Money
PUR_001769,CUST_00537,PROD_0255,Water Bottle (1L),169.97,2025-09-12,Mobile Money
PUR_001770,CUST_00537,PROD_0202,Deodorant Roll-on,12.71,2025-09-13,Mobile Money
PUR_001771,CUST_00537,PROD_0189,Non-stick Cooking Pot Set,151.16,2025-09-17,Cash on Delivery
PUR_001772,CUST_00537,PROD_0070,Phone Charger (Type-C),785.75,2025-10-02,Mobile Money
PUR_001773,CUST_00537,PROD_0173,Non-stick Cooking Pot Set,297.03,2025-10-02,Bank Transfer
PUR_001774,CUST_00537,PROD_0112,Itel Vision 3,1685.48,2025-10-03,Mobile Money
PUR_001775,CUST_00537,PROD_0067,iPhone 13,1938.6,2025-10-23,Mobile Money
PUR_001776,CUST_00537,PROD_0300,Canned Tuna,27.6,2025-11-07,Cash on Delivery
PUR_001777,CUST_00537,PROD_0235,Bathroom Weighing Scale,89.14,2025-11-12,Card
PUR_001778,CUST_00537,PROD_0092,Huawei MatePad,1523.79,2025-11-17,Cash on Delivery
PUR_001779,CUST_00537,PROD_0083,Redmi Note 12,927.32,2025-11-19,Card
PUR_001780,CUST_00537,PROD_0012,Children's T-Shirt Set,128.64,2025-12-26,Cash on Delivery
PUR_001781,CUST_00537,PROD_0298,Sugar (2kg),75.83,2025-12-26,Cash on Delivery
PUR_001782,CUST_00537,PROD_0204,Beard Grooming Kit,120.63,2025-12-30,Bank Transfer
PUR_001783,CUST_00537,PROD_0295,Canned Tuna,79.44,2026-01-03,Cash on Delivery
PUR_001784,CUST_00537,PROD_0281,Educational Toy Set,69.7,2026-01-06,Cash on Delivery
PUR_001785,CUST_00537,PROD_0108,Wireless Earbuds,1150.7,2026-01-16,Cash on Delivery
PUR_001786,CUST_00537,PROD_0067,iPhone 13,727.39,2026-01-23,Card
PUR_001787,CUST_00537,PROD_0255,Water Bottle (1L),206.86,2026-01-31,Card
PUR_001788,CUST_00537,PROD_0122,Electric Iron,835.69,2026-02-01,Mobile Money
PUR_001789,CUST_00537,PROD_0030,Men's Casual Blazer,116.1,2026-02-06,Card
PUR_001790,CUST_00537,PROD_0002,Ladies Kaftan Gown,67.21,2026-02-08,Mobile Money
PUR_001791,CUST_00537,PROD_0282,Kids Building Blocks,76.57,2026-02-09,Mobile Money
PUR_001792,CUST_00537,PROD_0001,Traditional Smock (Fugu),84.03,2026-03-08,Card
PUR_001793,CUST_00537,PROD_0237,Multivitamin Tablets,63.69,2026-03-14,Mobile Money
PUR_001794,CUST_00537,PROD_0001,Traditional Smock (Fugu),63.08,2026-03-19,Bank Transfer
PUR_001795,CUST_00537,PROD_0067,iPhone 13,599.74,2026-03-21,Bank Transfer
PUR_001796,CUST_00537,PROD_0187,Bedsheet Set (Queen),83.87,2026-03-26,Mobile Money
PUR_001797,CUST_00537,PROD_0003,Cotton Polo Shirt,61.07,2026-04-17,Card
PUR_001798,CUST_00537,PROD_0185,Wall Clock,651.76,2026-04-25,Mobile Money
PUR_001799,CUST_00537,PROD_0137,43-inch LED TV,516.03,2026-04-27,Cash on Delivery
PUR_001800,CUST_00537,PROD_0121,Blender (4L),545.35,2026-04-29,Card
PUR_001801,CUST_00537,PROD_0024,Women's Maxi Dress,298.74,2026-05-21,Card
PUR_001802,CUST_00537,PROD_0072,Phone Screen Protector,6447.77,2026-05-28,Mobile Money
PUR_001803,CUST_00537,PROD_0003,Cotton Polo Shirt,348.99,2026-05-29,Mobile Money
PUR_001804,CUST_00537,PROD_0048,Women's Maxi Dress,52.81,2026-06-13,Bank Transfer
PUR_001805,CUST_00537,PROD_0075,Redmi Note 12,843.7,2026-06-13,Mobile Money
PUR_001806,CUST_00537,PROD_0001,Traditional Smock (Fugu),358.23,2026-06-15,Mobile Money
PUR_001807,CUST_00537,PROD_0232,Bathroom Weighing Scale,50.23,2026-07-04,Mobile Money
PUR_001808,CUST_00537,PROD_0184,Wall Clock,142.7,2026-07-08,Mobile Money
PUR_001809,CUST_00537,PROD_0210,Braided Hair Extension,41.83,2026-07-11,Bank Transfer
PUR_001810,CUST_00537,PROD_0206,Braided Hair Extension,61.5,2026-07-20,Mobile Money
PUR_001811,CUST_00537,PROD_0233,Multivitamin Tablets,98.79,2026-07-30,Mobile Money
PUR_001812,CUST_00537,PROD_0092,Huawei MatePad,160.58,2026-08-03,Mobile Money
PUR_001813,CUST_00537,PROD_0167,Bedsheet Set (Queen),64.18,2026-08-06,Mobile Money
PUR_001814,CUST_00537,PROD_0041,Denim Jacket,74.18,2026-08-27,Card
PUR_001815,CUST_00537,PROD_0167,Bedsheet Set (Queen),90.57,2026-08-27,Bank Transfer
PUR_001816,CUST_00537,PROD_0074,Phone Screen Protector,1973.78,2026-08-30,Mobile Money
PUR_001817,CUST_00537,PROD_0299,Garri (2kg),68.16,2026-09-02,Mobile Money
PUR_001818,CUST_00541,PROD_0075,Redmi Note 12,2071.33,2023-11-03,Mobile Money
PUR_001819,CUST_00541,PROD_0202,Deodorant Roll-on,19.26,2026-06-21,Mobile Money
PUR_001820,CUST_00541,PROD_0242,Protein Powder,48.68,2026-06-28,Mobile Money
PUR_001821,CUST_00542,PROD_0001,Traditional Smock (Fugu),103.18,2026-02-09,Cash on Delivery
PUR_001822,CUST_00542,PROD_0084,Samsung Galaxy A14,329.04,2026-05-25,Bank Transfer
PUR_001823,CUST_00542,PROD_0166,Gas Cooker (4-Burner),82.18,2026-08-19,Cash on Delivery
PUR_001824,CUST_00545,PROD_0186,Storage Containers Set,116.28,2026-01-13,Cash on Delivery
PUR_001825,CUST_00545,PROD_0155,Bluetooth Speaker,564.23,2026-05-12,Mobile Money
PUR_001826,CUST_00548,PROD_0232,Bathroom Weighing Scale,107.46,2026-03-02,Cash on Delivery
PUR_001827,CUST_00548,PROD_0001,Traditional Smock (Fugu),145.66,2026-05-22,Mobile Money
PUR_001828,CUST_00549,PROD_0006,Men's Casual Blazer,104.24,2026-03-30,Cash on Delivery
PUR_001829,CUST_00549,PROD_0067,iPhone 13,180.89,2026-04-04,Mobile Money
PUR_001830,CUST_00549,PROD_0202,Deodorant Roll-on,47.52,2026-05-16,Cash on Delivery
PUR_001831,CUST_00550,PROD_0238,Digital Blood Pressure Monitor,33.41,2026-04-15,Cash on Delivery
PUR_001832,CUST_00550,PROD_0004,Men's Slim Fit Jeans,46.59,2026-08-13,Mobile Money
PUR_001833,CUST_00552,PROD_0171,Sofa Set,246.41,2025-05-31,Bank Transfer
PUR_001834,CUST_00552,PROD_0105,Samsung Galaxy A14,4045.63,2026-03-04,Cash on Delivery
PUR_001835,CUST_00552,PROD_0002,Ladies Kaftan Gown,91.67,2026-03-21,Mobile Money
PUR_001836,CUST_00552,PROD_0079,iPhone 13,1143.89,2026-06-11,Cash on Delivery
PUR_001837,CUST_00552,PROD_0172,Curtain Set,411.18,2026-08-22,Mobile Money
PUR_001838,CUST_00553,PROD_0121,Blender (4L),921.15,2026-04-25,Card
PUR_001839,CUST_00553,PROD_0256,Camping Tent,52.93,2026-05-19,Mobile Money
PUR_001840,CUST_00554,PROD_0053,Traditional Smock (Fugu),50.1,2026-08-17,Mobile Money
PUR_001841,CUST_00555,PROD_0258,Yoga Mat,235.27,2025-07-04,Cash on Delivery
PUR_001842,CUST_00555,PROD_0001,Traditional Smock (Fugu),112.85,2025-08-16,Card
PUR_001843,CUST_00555,PROD_0078,Phone Screen Protector,1030.21,2026-01-26,Mobile Money
PUR_001844,CUST_00555,PROD_0230,Black Soap Bar,45.63,2026-05-16,Mobile Money
PUR_001845,CUST_00555,PROD_0025,Ladies Handbag,56.06,2026-07-31,Mobile Money
PUR_001846,CUST_00555,PROD_0004,Men's Slim Fit Jeans,128.84,2026-08-29,Mobile Money
PUR_001847,CUST_00556,PROD_0100,Wireless Earbuds,533.47,2026-03-23,Cash on Delivery
PUR_001848,CUST_00556,PROD_0042,Wax Print Skirt,148.4,2026-04-05,Mobile Money
PUR_001849,CUST_00556,PROD_0204,Beard Grooming Kit,147.44,2026-05-31,Card
PUR_001850,CUST_00556,PROD_0010,Traditional Smock (Fugu),109.26,2026-07-10,Cash on Delivery
PUR_001851,CUST_00556,PROD_0121,Blender (4L),370.32,2026-09-04,Mobile Money
PUR_001852,CUST_00556,PROD_0102,Samsung Galaxy A14,391.78,2026-09-04,Cash on Delivery
PUR_001853,CUST_00559,PROD_0236,Glucometer Kit,111.22,2025-09-03,Mobile Money
PUR_001854,CUST_00559,PROD_0084,Samsung Galaxy A14,931.22,2026-07-12,Cash on Delivery
PUR_001855,CUST_00560,PROD_0143,LED Bulb Pack,7102.39,2026-06-07,Mobile Money
PUR_001856,CUST_00561,PROD_0010,Traditional Smock (Fugu),109.42,2026-07-25,Card
PUR_001857,CUST_00565,PROD_0067,iPhone 13,462.17,2026-05-16,Bank Transfer
PUR_001858,CUST_00566,PROD_0001,Traditional Smock (Fugu),96.63,2026-03-14,Mobile Money
PUR_001859,CUST_00566,PROD_0127,Microwave Oven,492.07,2026-03-25,Mobile Money
PUR_001860,CUST_00566,PROD_0147,LED Bulb Pack,582.63,2026-03-26,Mobile Money
PUR_001861,CUST_00566,PROD_0149,Gaming Console,615.62,2026-03-27,Mobile Money
PUR_001862,CUST_00566,PROD_0211,Shea Butter Body Lotion,40.68,2026-08-13,Mobile Money
PUR_001863,CUST_00566,PROD_0286,Hardcover Notebook,37.98,2026-09-03,Mobile Money
PUR_001864,CUST_00567,PROD_0253,Running Shoes,272.91,2026-07-14,Card
PUR_001865,CUST_00568,PROD_0290,Exercise Books Pack,41.93,2026-06-07,Card
PUR_001866,CUST_00568,PROD_0259,Basketball,517.94,2026-06-27,Mobile Money
PUR_001867,CUST_00568,PROD_0009,Ladies Kaftan Gown,208.34,2026-07-02,Mobile Money
PUR_001868,CUST_00568,PROD_0242,Protein Powder,31.09,2026-07-12,Mobile Money
PUR_001869,CUST_00569,PROD_0008,Kente Print Shirt,174.77,2024-07-11,Cash on Delivery
PUR_001870,CUST_00569,PROD_0126,Gaming Console,638.56,2025-07-23,Cash on Delivery
PUR_001871,CUST_00569,PROD_0168,Rice Cooker,67.03,2026-01-08,Bank Transfer
PUR_001872,CUST_00569,PROD_0105,Samsung Galaxy A14,289.31,2026-05-04,Card
PUR_001873,CUST_00569,PROD_0001,Traditional Smock (Fugu),174.98,2026-07-12,Cash on Delivery
PUR_001874,CUST_00571,PROD_0172,Curtain Set,200.22,2026-01-12,Mobile Money
PUR_001875,CUST_00571,PROD_0234,Multivitamin Tablets,94.72,2026-03-17,Cash on Delivery
PUR_001876,CUST_00571,PROD_0281,Educational Toy Set,112.54,2026-05-03,Mobile Money
PUR_001877,CUST_00571,PROD_0232,Bathroom Weighing Scale,111.8,2026-06-04,Mobile Money
PUR_001878,CUST_00571,PROD_0171,Sofa Set,104.58,2026-06-11,Mobile Money
PUR_001879,CUST_00571,PROD_0011,Unisex Sneakers,247.82,2026-06-16,Mobile Money
PUR_001880,CUST_00571,PROD_0239,Vitamin C Supplements,95.48,2026-06-21,Card
PUR_001881,CUST_00571,PROD_0018,Men's Formal Suit,78.15,2026-07-18,Mobile Money
PUR_001882,CUST_00571,PROD_0295,Canned Tuna,66.96,2026-07-19,Cash on Delivery
PUR_001883,CUST_00571,PROD_0172,Curtain Set,297.65,2026-07-31,Card
PUR_001884,CUST_00571,PROD_0216,Skin Toner,68.8,2026-08-01,Card
PUR_001885,CUST_00571,PROD_0082,Samsung Galaxy A14,1389.51,2026-08-12,Bank Transfer
PUR_001886,CUST_00571,PROD_0108,Wireless Earbuds,865.1,2026-08-20,Card
PUR_001887,CUST_00571,PROD_0233,Multivitamin Tablets,37.57,2026-08-20,Mobile Money
PUR_001888,CUST_00571,PROD_0176,Curtain Set,455.13,2026-08-28,Mobile Money
PUR_001889,CUST_00572,PROD_0287,Highlighter Set,19.31,2025-04-12,Card
PUR_001890,CUST_00572,PROD_0007,Kente Print Shirt,126.98,2025-07-06,Mobile Money
PUR_001891,CUST_00572,PROD_0266,Resistance Bands,222.53,2026-02-06,Cash on Delivery
PUR_001892,CUST_00573,PROD_0015,Unisex Sneakers,73.58,2026-05-12,Mobile Money
PUR_001893,CUST_00573,PROD_0187,Bedsheet Set (Queen),572.38,2026-07-03,Bank Transfer
PUR_001894,CUST_00573,PROD_0263,Dumbbell Set,244.61,2026-07-10,Card
PUR_001895,CUST_00573,PROD_0166,Gas Cooker (4-Burner),146.23,2026-07-13,Bank Transfer
PUR_001896,CUST_00573,PROD_0061,Women's Maxi Dress,84.52,2026-07-15,Mobile Money
PUR_001897,CUST_00573,PROD_0237,Multivitamin Tablets,143.24,2026-08-07,Cash on Delivery
PUR_001898,CUST_00573,PROD_0209,Makeup Kit,90.39,2026-08-18,Bank Transfer
PUR_001899,CUST_00573,PROD_0022,Denim Jacket,106.88,2026-08-31,Cash on Delivery
PUR_001900,CUST_00574,PROD_0141,LED Bulb Pack,1219.3,2026-04-17,Cash on Delivery
PUR_001901,CUST_00574,PROD_0071,Bluetooth Headset,535.53,2026-08-03,Mobile Money
PUR_001902,CUST_00575,PROD_0064,Leather Sandals,112.04,2025-05-22,Mobile Money
PUR_001903,CUST_00575,PROD_0122,Electric Iron,348.01,2025-08-21,Mobile Money
PUR_001904,CUST_00575,PROD_0166,Gas Cooker (4-Burner),508.37,2026-02-09,Mobile Money
PUR_001905,CUST_00575,PROD_0040,Men's Slim Fit Jeans,380.09,2026-05-24,Cash on Delivery
PUR_001906,CUST_00576,PROD_0181,Storage Containers Set,531.0,2024-04-17,Card
PUR_001907,CUST_00576,PROD_0171,Sofa Set,154.19,2024-05-09,Mobile Money
PUR_001908,CUST_00576,PROD_0013,Ankara Print Dress,189.21,2025-10-09,Mobile Money
PUR_001909,CUST_00576,PROD_0157,Bluetooth Speaker,552.26,2026-01-23,Mobile Money
PUR_001910,CUST_00576,PROD_0173,Non-stick Cooking Pot Set,129.62,2026-02-02,Cash on Delivery
PUR_001911,CUST_00576,PROD_0002,Ladies Kaftan Gown,206.24,2026-03-31,Mobile Money
PUR_001912,CUST_00576,PROD_0078,Phone Screen Protector,427.77,2026-05-20,Card
PUR_001913,CUST_00577,PROD_0069,Phone Charger (Type-C),202.89,2026-08-13,Mobile Money
PUR_001914,CUST_00577,PROD_0068,Redmi Note 12,516.15,2026-08-19,Mobile Money
PUR_001915,CUST_00578,PROD_0008,Kente Print Shirt,212.69,2025-12-25,Cash on Delivery
PUR_001916,CUST_00578,PROD_0024,Women's Maxi Dress,106.41,2026-05-29,Mobile Money
PUR_001917,CUST_00578,PROD_0290,Exercise Books Pack,40.04,2026-05-29,Mobile Money
PUR_001918,CUST_00579,PROD_0232,Bathroom Weighing Scale,79.8,2026-07-12,Mobile Money
PUR_001919,CUST_00580,PROD_0207,Skin Toner,77.02,2026-06-16,Card
PUR_001920,CUST_00581,PROD_0170,Rice Cooker,164.53,2026-08-14,Cash on Delivery
PUR_001921,CUST_00582,PROD_0083,Redmi Note 12,758.24,2023-07-12,Mobile Money
PUR_001922,CUST_00582,PROD_0152,Laptop (Core i5),206.21,2024-05-31,Bank Transfer
PUR_001923,CUST_00582,PROD_0062,Kente Print Shirt,123.55,2024-12-20,Mobile Money
PUR_001924,CUST_00584,PROD_0215,Skin Toner,80.03,2026-07-06,Card
PUR_001925,CUST_00584,PROD_0186,Storage Containers Set,215.84,2026-08-01,Card
PUR_001926,CUST_00585,PROD_0254,Basketball,254.79,2025-08-19,Mobile Money
PUR_001927,CUST_00585,PROD_0030,Men's Casual Blazer,218.23,2025-11-27,Cash on Delivery
PUR_001928,CUST_00585,PROD_0253,Running Shoes,285.14,2026-01-24,Cash on Delivery
PUR_001929,CUST_00585,PROD_0232,Bathroom Weighing Scale,108.84,2026-04-24,Mobile Money
PUR_001930,CUST_00585,PROD_0001,Traditional Smock (Fugu),168.66,2026-05-18,Bank Transfer
PUR_001931,CUST_00585,PROD_0014,Men's Slim Fit Jeans,59.32,2026-06-21,Mobile Money
PUR_001932,CUST_00585,PROD_0088,Universal Phone Case,1672.28,2026-06-23,Mobile Money
PUR_001933,CUST_00585,PROD_0125,LED Bulb Pack,789.39,2026-07-04,Mobile Money
PUR_001934,CUST_00585,PROD_0067,iPhone 13,1772.38,2026-07-17,Cash on Delivery
PUR_001935,CUST_00585,PROD_0071,Bluetooth Headset,243.49,2026-07-28,Mobile Money
PUR_001936,CUST_00585,PROD_0122,Electric Iron,1358.52,2026-07-30,Cash on Delivery
PUR_001937,CUST_00586,PROD_0199,Bedsheet Set (Queen),476.71,2026-07-21,Mobile Money
PUR_001938,CUST_00586,PROD_0254,Basketball,150.67,2026-08-25,Mobile Money
PUR_001939,CUST_00592,PROD_0138,Microwave Oven,1095.46,2026-07-11,Bank Transfer
PUR_001940,CUST_00594,PROD_0015,Unisex Sneakers,162.5,2026-06-02,Cash on Delivery
PUR_001941,CUST_00595,PROD_0125,LED Bulb Pack,2576.37,2024-06-08,Mobile Money
PUR_001942,CUST_00595,PROD_0033,Ankara Print Dress,104.32,2025-02-12,Mobile Money
PUR_001943,CUST_00595,PROD_0080,Infinix Hot 30,482.84,2025-04-03,Card
PUR_001944,CUST_00595,PROD_0203,Braided Hair Extension,141.41,2025-05-16,Card
PUR_001945,CUST_00595,PROD_0002,Ladies Kaftan Gown,39.83,2025-09-07,Mobile Money
PUR_001946,CUST_00595,PROD_0234,Multivitamin Tablets,85.01,2025-09-07,Card
PUR_001947,CUST_00595,PROD_0300,Canned Tuna,64.51,2025-12-28,Mobile Money
PUR_001948,CUST_00595,PROD_0273,Baby Diapers Pack,148.44,2026-02-07,Card
PUR_001949,CUST_00595,PROD_0067,iPhone 13,937.45,2026-03-06,Mobile Money
PUR_001950,CUST_00595,PROD_0144,Bluetooth Speaker,95.53,2026-03-27,Mobile Money
PUR_001951,CUST_00595,PROD_0001,Traditional Smock (Fugu),106.72,2026-04-04,Cash on Delivery
PUR_001952,CUST_00595,PROD_0254,Basketball,82.88,2026-05-07,Mobile Money
PUR_001953,CUST_00595,PROD_0168,Rice Cooker,1188.5,2026-06-04,Card
PUR_001954,CUST_00595,PROD_0017,Men's Formal Suit,449.47,2026-08-06,Cash on Delivery
PUR_001955,CUST_00596,PROD_0028,Men's Casual Blazer,174.28,2026-03-05,Mobile Money
PUR_001956,CUST_00596,PROD_0203,Braided Hair Extension,80.74,2026-05-07,Mobile Money
PUR_001957,CUST_00596,PROD_0274,Baby Carrier,254.21,2026-05-11,Card
PUR_001958,CUST_00597,PROD_0126,Gaming Console,1205.92,2025-10-10,Card
PUR_001959,CUST_00597,PROD_0253,Running Shoes,36.16,2025-12-10,Mobile Money
PUR_001960,CUST_00597,PROD_0233,Multivitamin Tablets,89.48,2026-02-13,Cash on Delivery
PUR_001961,CUST_00597,PROD_0078,Phone Screen Protector,222.41,2026-02-24,Mobile Money
PUR_001962,CUST_00597,PROD_0067,iPhone 13,136.92,2026-03-15,Cash on Delivery
PUR_001963,CUST_00597,PROD_0287,Highlighter Set,23.45,2026-03-19,Cash on Delivery
PUR_001964,CUST_00597,PROD_0189,Non-stick Cooking Pot Set,205.67,2026-05-11,Cash on Delivery
PUR_001965,CUST_00597,PROD_0271,Kids' Bicycle,80.58,2026-08-21,Card
PUR_001966,CUST_00598,PROD_0127,Microwave Oven,1556.51,2026-07-06,Cash on Delivery
PUR_001967,CUST_00598,PROD_0212,Perfume (100ml),63.44,2026-09-04,Cash on Delivery
PUR_001968,CUST_00598,PROD_0228,Sunscreen SPF50,53.62,2026-09-04,Mobile Money
PUR_001969,CUST_00602,PROD_0054,Men's Slim Fit Jeans,135.33,2026-07-01,Mobile Money
PUR_001970,CUST_00603,PROD_0089,Samsung Galaxy A14,1101.38,2026-08-16,Mobile Money
PUR_001971,CUST_00607,PROD_0251,Protein Powder,66.3,2026-08-17,Cash on Delivery
PUR_001972,CUST_00607,PROD_0001,Traditional Smock (Fugu),56.47,2026-09-03,Mobile Money
PUR_001973,CUST_00610,PROD_0142,Gaming Console,399.9,2025-11-11,Cash on Delivery
PUR_001974,CUST_00612,PROD_0271,Kids' Bicycle,98.05,2025-12-15,Mobile Money
PUR_001975,CUST_00613,PROD_0070,Phone Charger (Type-C),424.98,2026-02-14,Mobile Money
PUR_001976,CUST_00615,PROD_0204,Beard Grooming Kit,58.23,2026-07-09,Mobile Money
PUR_001977,CUST_00616,PROD_0068,Redmi Note 12,663.54,2025-10-15,Mobile Money
PUR_001978,CUST_00616,PROD_0036,Leather Sandals,66.63,2026-04-11,Cash on Delivery
PUR_001979,CUST_00616,PROD_0068,Redmi Note 12,1794.66,2026-06-02,Mobile Money
PUR_001980,CUST_00619,PROD_0300,Canned Tuna,48.67,2025-07-26,Mobile Money
PUR_001981,CUST_00619,PROD_0196,Bedsheet Set (Queen),340.54,2025-09-09,Bank Transfer
PUR_001982,CUST_00619,PROD_0026,Men's Casual Blazer,322.03,2026-02-16,Bank Transfer
PUR_001983,CUST_00619,PROD_0202,Deodorant Roll-on,63.22,2026-02-23,Mobile Money
PUR_001984,CUST_00619,PROD_0168,Rice Cooker,201.44,2026-05-26,Cash on Delivery
PUR_001985,CUST_00620,PROD_0120,Redmi Note 12,1600.88,2025-10-03,Mobile Money
PUR_001986,CUST_00621,PROD_0255,Water Bottle (1L),37.51,2026-07-26,Mobile Money
PUR_001987,CUST_00621,PROD_0068,Redmi Note 12,1324.12,2026-09-01,Mobile Money
PUR_001988,CUST_00625,PROD_0173,Non-stick Cooking Pot Set,157.45,2026-02-03,Mobile Money
PUR_001989,CUST_00625,PROD_0021,Leather Sandals,83.28,2026-04-27,Mobile Money
PUR_001990,CUST_00625,PROD_0171,Sofa Set,215.03,2026-05-07,Mobile Money
PUR_001991,CUST_00627,PROD_0092,Huawei MatePad,1268.8,2026-04-23,Mobile Money
PUR_001992,CUST_00627,PROD_0175,Kitchen Knife Set,296.41,2026-06-06,Mobile Money
PUR_001993,CUST_00627,PROD_0167,Bedsheet Set (Queen),119.65,2026-08-28,Cash on Delivery
PUR_001994,CUST_00628,PROD_0253,Running Shoes,186.03,2025-08-23,Mobile Money
PUR_001995,CUST_00628,PROD_0107,Samsung Galaxy Tab A8,552.67,2026-04-28,Bank Transfer
PUR_001996,CUST_00629,PROD_0285,Baby Bath Tub,214.98,2026-08-31,Cash on Delivery
PUR_001997,CUST_00629,PROD_0070,Phone Charger (Type-C),461.64,2026-09-04,Cash on Delivery
PUR_001998,CUST_00631,PROD_0166,Gas Cooker (4-Burner),232.73,2025-09-02,Bank Transfer
PUR_001999,CUST_00631,PROD_0261,Camping Tent,231.51,2025-10-18,Bank Transfer
PUR_002000,CUST_00631,PROD_0269,Yoga Mat,148.91,2026-04-19,Mobile Money
PUR_002001,CUST_00633,PROD_0298,Sugar (2kg),78.7,2026-07-13,Cash on Delivery
PUR_002002,CUST_00634,PROD_0001,Traditional Smock (Fugu),92.1,2026-06-04,Cash on Delivery
PUR_002003,CUST_00635,PROD_0247,Bathroom Weighing Scale,49.3,2026-08-22,Card
PUR_002004,CUST_00636,PROD_0097,Phone Screen Protector,1345.48,2026-02-16,Cash on Delivery
PUR_002005,CUST_00636,PROD_0256,Camping Tent,325.07,2026-03-13,Cash on Delivery
PUR_002006,CUST_00636,PROD_0286,Hardcover Notebook,21.51,2026-03-31,Bank Transfer
PUR_002007,CUST_00636,PROD_0213,Deodorant Roll-on,84.26,2026-04-06,Mobile Money
PUR_002008,CUST_00636,PROD_0220,Beard Grooming Kit,93.42,2026-04-19,Mobile Money
PUR_002009,CUST_00636,PROD_0255,Water Bottle (1L),139.99,2026-04-22,Cash on Delivery
PUR_002010,CUST_00636,PROD_0004,Men's Slim Fit Jeans,56.64,2026-04-22,Mobile Money
PUR_002011,CUST_00636,PROD_0214,Deodorant Roll-on,91.0,2026-05-07,Bank Transfer
PUR_002012,CUST_00636,PROD_0006,Men's Casual Blazer,102.08,2026-05-09,Cash on Delivery
PUR_002013,CUST_00636,PROD_0133,Bluetooth Speaker,1271.74,2026-05-12,Bank Transfer
PUR_002014,CUST_00636,PROD_0001,Traditional Smock (Fugu),144.5,2026-05-20,Mobile Money
PUR_002015,CUST_00636,PROD_0205,Deodorant Roll-on,85.69,2026-05-31,Mobile Money
PUR_002016,CUST_00636,PROD_0233,Multivitamin Tablets,39.25,2026-06-02,Mobile Money
PUR_002017,CUST_00636,PROD_0043,Men's Formal Suit,123.68,2026-06-04,Cash on Delivery
PUR_002018,CUST_00636,PROD_0007,Kente Print Shirt,149.08,2026-06-06,Mobile Money
PUR_002019,CUST_00636,PROD_0047,Leather Sandals,67.83,2026-06-07,Cash on Delivery
PUR_002020,CUST_00636,PROD_0253,Running Shoes,144.26,2026-06-11,Mobile Money
PUR_002021,CUST_00636,PROD_0074,Phone Screen Protector,2828.47,2026-06-11,Mobile Money
PUR_002022,CUST_00636,PROD_0215,Skin Toner,159.92,2026-06-14,Cash on Delivery
PUR_002023,CUST_00636,PROD_0167,Bedsheet Set (Queen),337.39,2026-06-19,Mobile Money
PUR_002024,CUST_00636,PROD_0208,Perfume (100ml),27.11,2026-06-30,Cash on Delivery
PUR_002025,CUST_00636,PROD_0116,Universal Phone Case,2604.81,2026-07-07,Cash on Delivery
PUR_002026,CUST_00636,PROD_0297,Rice (5kg Bag),45.85,2026-07-10,Card
PUR_002027,CUST_00636,PROD_0191,Rice Cooker,444.35,2026-07-10,Mobile Money
PUR_002028,CUST_00636,PROD_0103,Power Bank 20000mAh,1985.27,2026-07-20,Card
PUR_002029,CUST_00636,PROD_0213,Deodorant Roll-on,128.01,2026-07-22,Mobile Money
PUR_002030,CUST_00636,PROD_0001,Traditional Smock (Fugu),21.63,2026-07-23,Card
PUR_002031,CUST_00636,PROD_0289,Kids' Storybook,69.66,2026-08-16,Mobile Money
PUR_002032,CUST_00636,PROD_0121,Blender (4L),1381.11,2026-08-22,Mobile Money
PUR_002033,CUST_00636,PROD_0063,Men's Slim Fit Jeans,142.33,2026-08-23,Cash on Delivery
PUR_002034,CUST_00636,PROD_0119,iPhone 13,1486.08,2026-08-29,Cash on Delivery
PUR_002035,CUST_00636,PROD_0253,Running Shoes,124.74,2026-08-31,Mobile Money
PUR_002036,CUST_00636,PROD_0155,Bluetooth Speaker,1407.21,2026-09-04,Cash on Delivery
PUR_002037,CUST_00636,PROD_0031,Cotton Polo Shirt,104.73,2026-09-04,Mobile Money
PUR_002038,CUST_00637,PROD_0234,Multivitamin Tablets,48.32,2026-06-01,Mobile Money
PUR_002039,CUST_00637,PROD_0009,Ladies Kaftan Gown,166.39,2026-06-14,Card
PUR_002040,CUST_00637,PROD_0122,Electric Iron,729.07,2026-06-15,Card
PUR_002041,CUST_00637,PROD_0244,Bathroom Weighing Scale,56.91,2026-06-19,Cash on Delivery
PUR_002042,CUST_00637,PROD_0124,LED Bulb Pack,549.93,2026-06-26,Mobile Money
PUR_002043,CUST_00637,PROD_0007,Kente Print Shirt,103.01,2026-07-06,Mobile Money
PUR_002044,CUST_00640,PROD_0253,Running Shoes,711.43,2026-07-06,Card
PUR_002045,CUST_00640,PROD_0028,Men's Casual Blazer,155.39,2026-07-30,Cash on Delivery
PUR_002046,CUST_00640,PROD_0155,Bluetooth Speaker,1193.65,2026-09-01,Mobile Money
PUR_002047,CUST_00642,PROD_0015,Unisex Sneakers,77.84,2026-05-16,Card
PUR_002048,CUST_00642,PROD_0124,LED Bulb Pack,259.65,2026-05-27,Card
PUR_002049,CUST_00642,PROD_0282,Kids Building Blocks,45.98,2026-06-05,Mobile Money
PUR_002050,CUST_00642,PROD_0077,Bluetooth Headset,578.98,2026-06-17,Mobile Money
PUR_002051,CUST_00642,PROD_0131,Air Conditioner (1.5HP),286.63,2026-06-22,Mobile Money
PUR_002052,CUST_00642,PROD_0171,Sofa Set,234.76,2026-07-08,Cash on Delivery
PUR_002053,CUST_00642,PROD_0238,Digital Blood Pressure Monitor,46.09,2026-07-22,Bank Transfer
PUR_002054,CUST_00642,PROD_0300,Canned Tuna,98.1,2026-08-02,Card
PUR_002055,CUST_00642,PROD_0174,Bedsheet Set (Queen),113.26,2026-08-03,Cash on Delivery
PUR_002056,CUST_00642,PROD_0241,Digital Thermometer,45.92,2026-08-06,Cash on Delivery
PUR_002057,CUST_00642,PROD_0127,Microwave Oven,501.6,2026-08-10,Mobile Money
PUR_002058,CUST_00642,PROD_0125,LED Bulb Pack,449.01,2026-08-14,Card
PUR_002059,CUST_00642,PROD_0074,Phone Screen Protector,406.83,2026-08-17,Mobile Money
PUR_002060,CUST_00642,PROD_0145,Home Theater System,846.79,2026-08-22,Mobile Money
PUR_002061,CUST_00642,PROD_0087,Huawei MatePad,2651.96,2026-08-27,Mobile Money
PUR_002062,CUST_00642,PROD_0141,LED Bulb Pack,251.79,2026-09-03,Cash on Delivery
PUR_002063,CUST_00642,PROD_0069,Phone Charger (Type-C),795.33,2026-09-04,Mobile Money
PUR_002064,CUST_00642,PROD_0085,Samsung Galaxy Tab A8,2370.46,2026-09-04,Mobile Money
PUR_002065,CUST_00643,PROD_0223,Makeup Kit,103.57,2026-08-07,Mobile Money
PUR_002066,CUST_00646,PROD_0166,Gas Cooker (4-Burner),344.01,2024-10-23,Mobile Money
PUR_002067,CUST_00646,PROD_0140,Electric Iron,258.18,2024-12-05,Cash on Delivery
PUR_002068,CUST_00646,PROD_0169,Bedsheet Set (Queen),105.93,2025-02-02,Cash on Delivery
PUR_002069,CUST_00646,PROD_0211,Shea Butter Body Lotion,108.98,2025-05-06,Mobile Money
PUR_002070,CUST_00646,PROD_0126,Gaming Console,2339.67,2025-10-14,Card
PUR_002071,CUST_00646,PROD_0200,Dining Table Set,252.32,2025-10-21,Mobile Money
PUR_002072,CUST_00646,PROD_0265,Cycling Helmet,186.68,2025-11-21,Cash on Delivery
PUR_002073,CUST_00646,PROD_0216,Skin Toner,82.34,2025-12-15,Card
PUR_002074,CUST_00646,PROD_0177,Rice Cooker,272.06,2026-01-10,Mobile Money
PUR_002075,CUST_00646,PROD_0015,Unisex Sneakers,126.26,2026-01-13,Mobile Money
PUR_002076,CUST_00646,PROD_0009,Ladies Kaftan Gown,58.4,2026-02-04,Mobile Money
PUR_002077,CUST_00646,PROD_0029,Women's Maxi Dress,279.88,2026-03-21,Mobile Money
PUR_002078,CUST_00646,PROD_0142,Gaming Console,483.49,2026-05-07,Mobile Money
PUR_002079,CUST_00647,PROD_0232,Bathroom Weighing Scale,86.03,2026-05-16,Cash on Delivery
PUR_002080,CUST_00648,PROD_0180,Bedsheet Set (Queen),554.24,2026-01-29,Mobile Money
PUR_002081,CUST_00648,PROD_0270,Dumbbell Set,124.34,2026-02-05,Mobile Money
PUR_002082,CUST_00649,PROD_0209,Makeup Kit,85.4,2025-08-13,Mobile Money
PUR_002083,CUST_00650,PROD_0187,Bedsheet Set (Queen),36.96,2026-08-06,Mobile Money
PUR_002084,CUST_00650,PROD_0001,Traditional Smock (Fugu),193.12,2026-08-20,Mobile Money
PUR_002085,CUST_00651,PROD_0278,Kids' Bicycle,37.03,2026-08-29,Mobile Money
PUR_002086,CUST_00652,PROD_0254,Basketball,219.47,2025-11-11,Bank Transfer
PUR_002087,CUST_00652,PROD_0234,Multivitamin Tablets,47.1,2026-01-11,Mobile Money
PUR_002088,CUST_00652,PROD_0103,Power Bank 20000mAh,803.33,2026-02-05,Cash on Delivery
PUR_002089,CUST_00652,PROD_0072,Phone Screen Protector,169.94,2026-02-10,Mobile Money
PUR_002090,CUST_00652,PROD_0296,Garri (2kg),41.38,2026-03-14,Cash on Delivery
PUR_002091,CUST_00652,PROD_0236,Glucometer Kit,49.03,2026-05-30,Mobile Money
PUR_002092,CUST_00652,PROD_0068,Redmi Note 12,367.28,2026-06-06,Cash on Delivery
PUR_002093,CUST_00652,PROD_0172,Curtain Set,266.1,2026-06-07,Mobile Money
PUR_002094,CUST_00652,PROD_0208,Perfume (100ml),90.09,2026-06-11,Card
PUR_002095,CUST_00652,PROD_0081,Phone Charger (Type-C),852.42,2026-07-24,Mobile Money
PUR_002096,CUST_00652,PROD_0232,Bathroom Weighing Scale,91.15,2026-07-29,Mobile Money
PUR_002097,CUST_00652,PROD_0067,iPhone 13,1340.38,2026-08-02,Card
PUR_002098,CUST_00653,PROD_0233,Multivitamin Tablets,163.44,2026-08-01,Mobile Money
PUR_002099,CUST_00654,PROD_0002,Ladies Kaftan Gown,71.29,2025-11-13,Mobile Money
PUR_002100,CUST_00654,PROD_0091,iPhone 13,452.68,2025-11-17,Mobile Money
PUR_002101,CUST_00654,PROD_0228,Sunscreen SPF50,75.44,2026-01-11,Mobile Money
PUR_002102,CUST_00654,PROD_0123,Electric Iron,633.83,2026-01-21,Mobile Money
PUR_002103,CUST_00654,PROD_0071,Bluetooth Headset,575.23,2026-02-27,Bank Transfer
PUR_002104,CUST_00654,PROD_0067,iPhone 13,760.6,2026-07-04,Mobile Money
PUR_002105,CUST_00654,PROD_0251,Protein Powder,80.14,2026-07-05,Mobile Money
PUR_002106,CUST_00654,PROD_0203,Braided Hair Extension,74.35,2026-07-14,Bank Transfer
PUR_002107,CUST_00654,PROD_0086,Tecno Spark 10,1261.9,2026-08-14,Mobile Money
PUR_002108,CUST_00655,PROD_0121,Blender (4L),1446.53,2026-06-28,Mobile Money
PUR_002109,CUST_00658,PROD_0239,Vitamin C Supplements,98.14,2026-08-30,Cash on Delivery
PUR_002110,CUST_00659,PROD_0005,Men's Casual Blazer,94.24,2026-07-16,Mobile Money
PUR_002111,CUST_00660,PROD_0261,Camping Tent,90.78,2025-11-17,Mobile Money
PUR_002112,CUST_00660,PROD_0031,Cotton Polo Shirt,482.5,2025-11-29,Mobile Money
PUR_002113,CUST_00660,PROD_0280,Baby Diapers Pack,43.49,2025-12-15,Mobile Money
PUR_002114,CUST_00660,PROD_0088,Universal Phone Case,345.97,2025-12-18,Cash on Delivery
PUR_002115,CUST_00660,PROD_0125,LED Bulb Pack,3116.14,2025-12-19,Bank Transfer
PUR_002116,CUST_00660,PROD_0298,Sugar (2kg),221.24,2026-01-02,Mobile Money
PUR_002117,CUST_00660,PROD_0037,Wax Print Skirt,82.46,2026-01-29,Cash on Delivery
PUR_002118,CUST_00660,PROD_0023,Kente Print Shirt,62.7,2026-02-12,Cash on Delivery
PUR_002119,CUST_00660,PROD_0133,Bluetooth Speaker,593.6,2026-02-15,Mobile Money
PUR_002120,CUST_00660,PROD_0206,Braided Hair Extension,59.55,2026-03-13,Mobile Money
PUR_002121,CUST_00660,PROD_0140,Electric Iron,211.05,2026-03-14,Card
PUR_002122,CUST_00660,PROD_0232,Bathroom Weighing Scale,66.31,2026-03-17,Cash on Delivery
PUR_002123,CUST_00660,PROD_0167,Bedsheet Set (Queen),483.48,2026-03-27,Mobile Money
PUR_002124,CUST_00660,PROD_0202,Deodorant Roll-on,52.15,2026-04-06,Mobile Money
PUR_002125,CUST_00660,PROD_0074,Phone Screen Protector,1156.32,2026-04-22,Mobile Money
PUR_002126,CUST_00660,PROD_0239,Vitamin C Supplements,86.69,2026-04-23,Cash on Delivery
PUR_002127,CUST_00660,PROD_0269,Yoga Mat,46.34,2026-04-28,Cash on Delivery
PUR_002128,CUST_00660,PROD_0223,Makeup Kit,50.03,2026-05-05,Mobile Money
PUR_002129,CUST_00660,PROD_0075,Redmi Note 12,270.58,2026-05-19,Bank Transfer
PUR_002130,CUST_00660,PROD_0001,Traditional Smock (Fugu),351.02,2026-05-27,Mobile Money
PUR_002131,CUST_00660,PROD_0288,Scientific Calculator,41.24,2026-05-28,Mobile Money
PUR_002132,CUST_00660,PROD_0068,Redmi Note 12,857.17,2026-06-14,Mobile Money
PUR_002133,CUST_00660,PROD_0034,Men's Casual Blazer,178.43,2026-06-14,Mobile Money
PUR_002134,CUST_00660,PROD_0010,Traditional Smock (Fugu),122.93,2026-06-19,Mobile Money
PUR_002135,CUST_00660,PROD_0070,Phone Charger (Type-C),1206.35,2026-06-28,Bank Transfer
PUR_002136,CUST_00660,PROD_0263,Dumbbell Set,220.36,2026-07-06,Cash on Delivery
PUR_002137,CUST_00660,PROD_0163,Extension Socket,668.21,2026-07-18,Mobile Money
PUR_002138,CUST_00660,PROD_0121,Blender (4L),890.2,2026-07-20,Card
PUR_002139,CUST_00660,PROD_0067,iPhone 13,323.32,2026-07-23,Mobile Money
PUR_002140,CUST_00660,PROD_0236,Glucometer Kit,32.1,2026-07-25,Card
PUR_002141,CUST_00660,PROD_0067,iPhone 13,1305.32,2026-07-26,Cash on Delivery
PUR_002142,CUST_00660,PROD_0121,Blender (4L),1095.56,2026-07-31,Cash on Delivery
PUR_002143,CUST_00660,PROD_0007,Kente Print Shirt,41.96,2026-08-02,Mobile Money
PUR_002144,CUST_00660,PROD_0001,Traditional Smock (Fugu),185.12,2026-08-11,Mobile Money
PUR_002145,CUST_00660,PROD_0168,Rice Cooker,293.54,2026-08-16,Cash on Delivery
PUR_002146,CUST_00660,PROD_0004,Men's Slim Fit Jeans,174.43,2026-08-17,Cash on Delivery
PUR_002147,CUST_00660,PROD_0009,Ladies Kaftan Gown,120.85,2026-08-23,Mobile Money
PUR_002148,CUST_00660,PROD_0289,Kids' Storybook,37.66,2026-08-26,Mobile Money
PUR_002149,CUST_00660,PROD_0292,A4 Printing Paper Ream,45.81,2026-09-02,Cash on Delivery
PUR_002150,CUST_00660,PROD_0211,Shea Butter Body Lotion,71.62,2026-09-04,Cash on Delivery
PUR_002151,CUST_00661,PROD_0060,Ankara Print Dress,380.62,2026-06-17,Mobile Money
PUR_002152,CUST_00662,PROD_0070,Phone Charger (Type-C),2228.88,2025-05-12,Card
PUR_002153,CUST_00662,PROD_0067,iPhone 13,2258.14,2025-07-19,Cash on Delivery
PUR_002154,CUST_00662,PROD_0189,Non-stick Cooking Pot Set,94.07,2025-07-25,Mobile Money
PUR_002155,CUST_00663,PROD_0250,Herbal Tea Pack,80.8,2026-05-11,Mobile Money
PUR_002156,CUST_00663,PROD_0174,Bedsheet Set (Queen),297.3,2026-05-12,Mobile Money
PUR_002157,CUST_00663,PROD_0081,Phone Charger (Type-C),3813.54,2026-06-22,Cash on Delivery
PUR_002158,CUST_00663,PROD_0106,Samsung Galaxy Tab A8,1360.61,2026-07-06,Mobile Money
PUR_002159,CUST_00666,PROD_0248,Reading Glasses,97.93,2026-07-31,Bank Transfer
PUR_002160,CUST_00666,PROD_0048,Women's Maxi Dress,267.38,2026-08-03,Mobile Money
PUR_002161,CUST_00669,PROD_0135,LED Bulb Pack,688.46,2026-08-01,Card
PUR_002162,CUST_00669,PROD_0167,Bedsheet Set (Queen),155.41,2026-09-04,Mobile Money
PUR_002163,CUST_00672,PROD_0245,Protein Powder,54.5,2025-03-03,Mobile Money
PUR_002164,CUST_00672,PROD_0112,Itel Vision 3,372.77,2025-04-08,Cash on Delivery
PUR_002165,CUST_00672,PROD_0127,Microwave Oven,399.13,2025-07-14,Cash on Delivery
PUR_002166,CUST_00672,PROD_0069,Phone Charger (Type-C),288.06,2025-07-22,Cash on Delivery
PUR_002167,CUST_00672,PROD_0152,Laptop (Core i5),292.83,2026-01-08,Mobile Money
PUR_002168,CUST_00674,PROD_0011,Unisex Sneakers,73.44,2026-08-24,Cash on Delivery
PUR_002169,CUST_00674,PROD_0001,Traditional Smock (Fugu),78.39,2026-08-29,Card
PUR_002170,CUST_00675,PROD_0121,Blender (4L),1618.89,2026-05-22,Mobile Money
PUR_002171,CUST_00676,PROD_0097,Phone Screen Protector,1042.07,2024-07-24,Mobile Money
PUR_002172,CUST_00676,PROD_0166,Gas Cooker (4-Burner),141.81,2025-03-28,Mobile Money
PUR_002173,CUST_00676,PROD_0033,Ankara Print Dress,98.39,2025-04-30,Cash on Delivery
PUR_002174,CUST_00676,PROD_0138,Microwave Oven,211.83,2026-04-03,Card
PUR_002175,CUST_00676,PROD_0004,Men's Slim Fit Jeans,87.97,2026-06-28,Card
PUR_002176,CUST_00677,PROD_0067,iPhone 13,1830.11,2026-08-09,Mobile Money
PUR_002177,CUST_00677,PROD_0001,Traditional Smock (Fugu),90.43,2026-08-29,Card
PUR_002178,CUST_00677,PROD_0123,Electric Iron,1578.17,2026-09-03,Mobile Money
PUR_002179,CUST_00679,PROD_0073,Redmi Note 12,394.48,2023-11-28,Mobile Money
PUR_002180,CUST_00679,PROD_0243,Protein Powder,41.09,2024-09-10,Cash on Delivery
PUR_002181,CUST_00679,PROD_0073,Redmi Note 12,2594.77,2024-10-07,Cash on Delivery
PUR_002182,CUST_00679,PROD_0237,Multivitamin Tablets,71.79,2025-01-12,Cash on Delivery
PUR_002183,CUST_00679,PROD_0023,Kente Print Shirt,48.18,2025-03-09,Mobile Money
PUR_002184,CUST_00679,PROD_0232,Bathroom Weighing Scale,129.72,2025-10-25,Mobile Money
PUR_002185,CUST_00679,PROD_0039,Men's Slim Fit Jeans,166.53,2025-11-20,Cash on Delivery
PUR_002186,CUST_00679,PROD_0240,Digital Thermometer,192.6,2025-12-09,Mobile Money
PUR_002187,CUST_00679,PROD_0025,Ladies Handbag,141.11,2025-12-15,Card
PUR_002188,CUST_00679,PROD_0298,Sugar (2kg),74.9,2026-01-20,Cash on Delivery
PUR_002189,CUST_00679,PROD_0249,First Aid Kit,85.98,2026-01-29,Cash on Delivery
PUR_002190,CUST_00679,PROD_0030,Men's Casual Blazer,101.63,2026-02-24,Bank Transfer
PUR_002191,CUST_00679,PROD_0009,Ladies Kaftan Gown,229.0,2026-04-15,Mobile Money
PUR_002192,CUST_00679,PROD_0132,Electric Iron,1645.2,2026-04-20,Mobile Money
PUR_002193,CUST_00679,PROD_0092,Huawei MatePad,883.1,2026-05-13,Card
PUR_002194,CUST_00679,PROD_0074,Phone Screen Protector,1488.82,2026-05-26,Cash on Delivery
PUR_002195,CUST_00679,PROD_0073,Redmi Note 12,607.02,2026-08-10,Mobile Money
PUR_002196,CUST_00679,PROD_0070,Phone Charger (Type-C),2746.06,2026-08-19,Mobile Money
PUR_002197,CUST_00681,PROD_0145,Home Theater System,2564.62,2025-05-10,Mobile Money
PUR_002198,CUST_00681,PROD_0039,Men's Slim Fit Jeans,81.71,2025-08-17,Mobile Money
PUR_002199,CUST_00681,PROD_0068,Redmi Note 12,705.01,2026-02-26,Mobile Money
PUR_002200,CUST_00681,PROD_0072,Phone Screen Protector,271.84,2026-03-20,Mobile Money
PUR_002201,CUST_00681,PROD_0096,Bluetooth Headset,1798.58,2026-04-07,Cash on Delivery
PUR_002202,CUST_00681,PROD_0209,Makeup Kit,35.57,2026-05-04,Cash on Delivery
PUR_002203,CUST_00681,PROD_0178,Gas Cooker (4-Burner),173.24,2026-05-15,Mobile Money
PUR_002204,CUST_00681,PROD_0196,Bedsheet Set (Queen),153.76,2026-05-17,Mobile Money
PUR_002205,CUST_00681,PROD_0019,Men's Casual Blazer,211.99,2026-07-11,Mobile Money
PUR_002206,CUST_00681,PROD_0252,Reading Glasses,140.99,2026-08-17,Cash on Delivery
PUR_002207,CUST_00684,PROD_0002,Ladies Kaftan Gown,103.72,2026-02-10,Mobile Money
PUR_002208,CUST_00685,PROD_0177,Rice Cooker,255.24,2025-06-25,Mobile Money
PUR_002209,CUST_00685,PROD_0170,Rice Cooker,171.16,2026-05-23,Cash on Delivery
PUR_002210,CUST_00686,PROD_0136,Laptop (Core i5),657.53,2025-12-18,Card
PUR_002211,CUST_00686,PROD_0068,Redmi Note 12,164.02,2026-01-16,Card
PUR_002212,CUST_00686,PROD_0105,Samsung Galaxy A14,3941.25,2026-01-18,Card
PUR_002213,CUST_00686,PROD_0062,Kente Print Shirt,127.29,2026-02-22,Card
PUR_002214,CUST_00686,PROD_0299,Garri (2kg),304.16,2026-02-28,Mobile Money
PUR_002215,CUST_00686,PROD_0188,Water Dispenser,153.82,2026-03-29,Mobile Money
PUR_002216,CUST_00686,PROD_0023,Kente Print Shirt,122.81,2026-04-02,Card
PUR_002217,CUST_00686,PROD_0080,Infinix Hot 30,567.22,2026-04-09,Cash on Delivery
PUR_002218,CUST_00686,PROD_0130,Rechargeable Fan,859.15,2026-04-22,Mobile Money
PUR_002219,CUST_00686,PROD_0166,Gas Cooker (4-Burner),105.62,2026-04-26,Cash on Delivery
PUR_002220,CUST_00686,PROD_0202,Deodorant Roll-on,55.64,2026-05-06,Mobile Money
PUR_002221,CUST_00686,PROD_0207,Skin Toner,56.83,2026-06-04,Card
PUR_002222,CUST_00686,PROD_0013,Ankara Print Dress,65.6,2026-07-03,Card
PUR_002223,CUST_00686,PROD_0133,Bluetooth Speaker,606.03,2026-07-09,Mobile Money
PUR_002224,CUST_00686,PROD_0290,Exercise Books Pack,26.12,2026-07-13,Mobile Money
PUR_002225,CUST_00686,PROD_0287,Highlighter Set,42.91,2026-07-15,Mobile Money
PUR_002226,CUST_00686,PROD_0168,Rice Cooker,151.56,2026-07-26,Cash on Delivery
PUR_002227,CUST_00686,PROD_0290,Exercise Books Pack,26.4,2026-08-06,Card
PUR_002228,CUST_00686,PROD_0209,Makeup Kit,32.62,2026-08-09,Mobile Money
PUR_002229,CUST_00686,PROD_0123,Electric Iron,482.48,2026-08-13,Cash on Delivery
PUR_002230,CUST_00686,PROD_0169,Bedsheet Set (Queen),364.78,2026-08-19,Cash on Delivery
PUR_002231,CUST_00686,PROD_0001,Traditional Smock (Fugu),203.85,2026-08-26,Cash on Delivery
PUR_002232,CUST_00686,PROD_0194,Rice Cooker,276.69,2026-08-26,Cash on Delivery
PUR_002233,CUST_00686,PROD_0129,43-inch LED TV,4373.31,2026-08-28,Mobile Money
PUR_002234,CUST_00689,PROD_0092,Huawei MatePad,2268.29,2025-06-21,Cash on Delivery
PUR_002235,CUST_00689,PROD_0067,iPhone 13,546.89,2025-10-10,Mobile Money
PUR_002236,CUST_00689,PROD_0205,Deodorant Roll-on,121.51,2025-10-22,Cash on Delivery
PUR_002237,CUST_00689,PROD_0271,Kids' Bicycle,126.42,2026-03-12,Mobile Money
PUR_002238,CUST_00689,PROD_0097,Phone Screen Protector,1045.13,2026-03-29,Card
PUR_002239,CUST_00689,PROD_0121,Blender (4L),727.42,2026-05-10,Card
PUR_002240,CUST_00689,PROD_0001,Traditional Smock (Fugu),39.64,2026-06-15,Card
PUR_002241,CUST_00689,PROD_0239,Vitamin C Supplements,47.33,2026-07-01,Mobile Money
PUR_002242,CUST_00690,PROD_0255,Water Bottle (1L),147.87,2026-08-06,Card
PUR_002243,CUST_00691,PROD_0023,Kente Print Shirt,34.78,2026-07-19,Mobile Money
PUR_002244,CUST_00693,PROD_0282,Kids Building Blocks,66.41,2026-06-03,Mobile Money
PUR_002245,CUST_00695,PROD_0260,Gym Gloves,72.5,2026-07-29,Cash on Delivery
PUR_002246,CUST_00698,PROD_0192,Dining Table Set,65.47,2026-01-27,Mobile Money
PUR_002247,CUST_00698,PROD_0256,Camping Tent,229.69,2026-07-07,Cash on Delivery
PUR_002248,CUST_00700,PROD_0230,Black Soap Bar,92.86,2026-03-31,Cash on Delivery
PUR_002249,CUST_00700,PROD_0161,Microwave Oven,4927.42,2026-05-23,Cash on Delivery
PUR_002250,CUST_00700,PROD_0229,Hair Dryer,34.11,2026-05-25,Mobile Money
PUR_002251,CUST_00700,PROD_0067,iPhone 13,671.39,2026-06-05,Mobile Money
PUR_002252,CUST_00700,PROD_0017,Men's Formal Suit,93.92,2026-06-27,Cash on Delivery
PUR_002253,CUST_00700,PROD_0121,Blender (4L),576.14,2026-07-25,Cash on Delivery
PUR_002254,CUST_00700,PROD_0217,Sunscreen SPF50,54.47,2026-07-29,Card
PUR_002255,CUST_00700,PROD_0166,Gas Cooker (4-Burner),247.72,2026-08-25,Mobile Money
PUR_002256,CUST_00702,PROD_0034,Men's Casual Blazer,80.13,2026-08-24,Mobile Money
PUR_002257,CUST_00702,PROD_0118,Power Bank 20000mAh,481.28,2026-08-26,Bank Transfer
PUR_002258,CUST_00705,PROD_0001,Traditional Smock (Fugu),107.66,2026-08-20,Cash on Delivery
PUR_002259,CUST_00705,PROD_0121,Blender (4L),453.69,2026-08-27,Mobile Money
PUR_002260,CUST_00706,PROD_0022,Denim Jacket,230.14,2024-03-04,Mobile Money
PUR_002261,CUST_00706,PROD_0202,Deodorant Roll-on,83.95,2026-05-31,Mobile Money
PUR_002262,CUST_00708,PROD_0168,Rice Cooker,77.89,2025-06-21,Mobile Money
PUR_002263,CUST_00708,PROD_0190,Wall Clock,230.3,2025-10-25,Cash on Delivery
PUR_002264,CUST_00708,PROD_0271,Kids' Bicycle,161.65,2025-10-27,Card
PUR_002265,CUST_00708,PROD_0162,Blender (4L),218.49,2026-01-19,Mobile Money
PUR_002266,CUST_00708,PROD_0092,Huawei MatePad,424.06,2026-07-22,Card
PUR_002267,CUST_00710,PROD_0215,Skin Toner,54.38,2025-09-17,Card
PUR_002268,CUST_00710,PROD_0072,Phone Screen Protector,873.36,2025-11-26,Card
PUR_002269,CUST_00710,PROD_0129,43-inch LED TV,879.02,2025-12-14,Bank Transfer
PUR_002270,CUST_00710,PROD_0291,Exercise Books Pack,31.75,2026-01-08,Card
PUR_002271,CUST_00710,PROD_0013,Ankara Print Dress,187.39,2026-01-27,Mobile Money
PUR_002272,CUST_00710,PROD_0254,Basketball,72.03,2026-03-13,Mobile Money
PUR_002273,CUST_00710,PROD_0300,Canned Tuna,35.01,2026-03-26,Mobile Money
PUR_002274,CUST_00710,PROD_0255,Water Bottle (1L),216.1,2026-04-04,Mobile Money
PUR_002275,CUST_00710,PROD_0287,Highlighter Set,48.26,2026-07-29,Mobile Money
PUR_002276,CUST_00711,PROD_0203,Braided Hair Extension,33.14,2025-07-06,Mobile Money
PUR_002277,CUST_00711,PROD_0275,Kids' Bicycle,124.05,2025-07-24,Mobile Money
PUR_002278,CUST_00711,PROD_0007,Kente Print Shirt,71.14,2025-10-07,Card
PUR_002279,CUST_00711,PROD_0123,Electric Iron,731.14,2026-02-12,Cash on Delivery
PUR_002280,CUST_00711,PROD_0107,Samsung Galaxy Tab A8,1995.26,2026-03-06,Card
PUR_002281,CUST_00711,PROD_0010,Traditional Smock (Fugu),93.89,2026-04-03,Cash on Delivery
PUR_002282,CUST_00711,PROD_0152,Laptop (Core i5),518.44,2026-06-26,Mobile Money
PUR_002283,CUST_00711,PROD_0037,Wax Print Skirt,84.41,2026-07-06,Mobile Money
PUR_002284,CUST_00711,PROD_0002,Ladies Kaftan Gown,72.95,2026-07-12,Mobile Money
PUR_002285,CUST_00712,PROD_0070,Phone Charger (Type-C),816.61,2025-10-17,Mobile Money
PUR_002286,CUST_00712,PROD_0107,Samsung Galaxy Tab A8,460.35,2025-12-13,Cash on Delivery
PUR_002287,CUST_00712,PROD_0232,Bathroom Weighing Scale,112.98,2025-12-27,Mobile Money
PUR_002288,CUST_00712,PROD_0170,Rice Cooker,78.27,2026-01-04,Card
PUR_002289,CUST_00712,PROD_0002,Ladies Kaftan Gown,49.72,2026-01-05,Card
PUR_002290,CUST_00712,PROD_0166,Gas Cooker (4-Burner),258.16,2026-01-16,Mobile Money
PUR_002291,CUST_00712,PROD_0068,Redmi Note 12,2079.46,2026-02-05,Cash on Delivery
PUR_002292,CUST_00712,PROD_0088,Universal Phone Case,378.51,2026-02-11,Cash on Delivery
PUR_002293,CUST_00712,PROD_0289,Kids' Storybook,35.58,2026-02-21,Mobile Money
PUR_002294,CUST_00712,PROD_0166,Gas Cooker (4-Burner),161.64,2026-03-08,Cash on Delivery
PUR_002295,CUST_00712,PROD_0133,Bluetooth Speaker,434.22,2026-03-13,Cash on Delivery
PUR_002296,CUST_00712,PROD_0017,Men's Formal Suit,102.84,2026-03-24,Mobile Money
PUR_002297,CUST_00712,PROD_0166,Gas Cooker (4-Burner),120.28,2026-04-09,Mobile Money
PUR_002298,CUST_00712,PROD_0071,Bluetooth Headset,1522.94,2026-04-10,Card
PUR_002299,CUST_00712,PROD_0125,LED Bulb Pack,659.47,2026-04-11,Card
PUR_002300,CUST_00712,PROD_0090,Itel Vision 3,1445.01,2026-04-12,Mobile Money
PUR_002301,CUST_00712,PROD_0078,Phone Screen Protector,861.17,2026-04-16,Card
PUR_002302,CUST_00712,PROD_0165,Microwave Oven,260.45,2026-04-24,Mobile Money
PUR_002303,CUST_00712,PROD_0121,Blender (4L),589.01,2026-04-28,Cash on Delivery
PUR_002304,CUST_00712,PROD_0296,Garri (2kg),275.33,2026-04-30,Cash on Delivery
PUR_002305,CUST_00712,PROD_0015,Unisex Sneakers,72.58,2026-05-09,Mobile Money
PUR_002306,CUST_00712,PROD_0090,Itel Vision 3,586.37,2026-05-12,Mobile Money
PUR_002307,CUST_00712,PROD_0138,Microwave Oven,1499.17,2026-05-21,Mobile Money
PUR_002308,CUST_00712,PROD_0067,iPhone 13,171.38,2026-05-24,Cash on Delivery
PUR_002309,CUST_00712,PROD_0069,Phone Charger (Type-C),275.37,2026-05-26,Mobile Money
PUR_002310,CUST_00712,PROD_0199,Bedsheet Set (Queen),72.94,2026-06-21,Mobile Money
PUR_002311,CUST_00712,PROD_0134,Gaming Console,628.93,2026-06-28,Card
PUR_002312,CUST_00712,PROD_0121,Blender (4L),2095.82,2026-07-04,Cash on Delivery
PUR_002313,CUST_00712,PROD_0068,Redmi Note 12,1863.53,2026-07-09,Mobile Money
PUR_002314,CUST_00712,PROD_0242,Protein Powder,52.7,2026-07-12,Mobile Money
PUR_002315,CUST_00712,PROD_0244,Bathroom Weighing Scale,98.8,2026-07-12,Card
PUR_002316,CUST_00712,PROD_0126,Gaming Console,272.82,2026-07-12,Cash on Delivery
PUR_002317,CUST_00712,PROD_0216,Skin Toner,58.95,2026-07-15,Card
PUR_002318,CUST_00712,PROD_0166,Gas Cooker (4-Burner),256.8,2026-07-16,Bank Transfer
PUR_002319,CUST_00712,PROD_0286,Hardcover Notebook,20.17,2026-07-24,Mobile Money
PUR_002320,CUST_00712,PROD_0104,Tecno Spark 10,336.91,2026-07-26,Mobile Money
PUR_002321,CUST_00712,PROD_0230,Black Soap Bar,133.23,2026-08-10,Mobile Money
PUR_002322,CUST_00712,PROD_0121,Blender (4L),824.62,2026-08-10,Mobile Money
PUR_002323,CUST_00712,PROD_0017,Men's Formal Suit,245.22,2026-08-13,Mobile Money
PUR_002324,CUST_00712,PROD_0097,Phone Screen Protector,1879.2,2026-08-16,Mobile Money
PUR_002325,CUST_00712,PROD_0175,Kitchen Knife Set,235.98,2026-08-17,Card
PUR_002326,CUST_00712,PROD_0287,Highlighter Set,39.43,2026-08-20,Mobile Money
PUR_002327,CUST_00712,PROD_0182,Curtain Set,199.69,2026-08-24,Mobile Money
PUR_002328,CUST_00712,PROD_0205,Deodorant Roll-on,66.2,2026-08-25,Cash on Delivery
PUR_002329,CUST_00712,PROD_0004,Men's Slim Fit Jeans,92.36,2026-08-28,Mobile Money
PUR_002330,CUST_00712,PROD_0204,Beard Grooming Kit,53.68,2026-09-02,Mobile Money
PUR_002331,CUST_00713,PROD_0258,Yoga Mat,145.55,2026-08-02,Bank Transfer
PUR_002332,CUST_00714,PROD_0134,Gaming Console,574.29,2026-08-23,Cash on Delivery
PUR_002333,CUST_00715,PROD_0073,Redmi Note 12,2744.02,2026-05-08,Mobile Money
PUR_002334,CUST_00716,PROD_0030,Men's Casual Blazer,181.94,2025-01-12,Mobile Money
PUR_002335,CUST_00716,PROD_0270,Dumbbell Set,226.41,2025-01-15,Mobile Money
PUR_002336,CUST_00718,PROD_0172,Curtain Set,235.44,2026-05-06,Mobile Money
PUR_002337,CUST_00719,PROD_0167,Bedsheet Set (Queen),213.82,2026-07-30,Card
PUR_002338,CUST_00720,PROD_0233,Multivitamin Tablets,58.56,2026-02-08,Cash on Delivery
PUR_002339,CUST_00720,PROD_0206,Braided Hair Extension,34.75,2026-04-20,Card
PUR_002340,CUST_00720,PROD_0004,Men's Slim Fit Jeans,192.08,2026-08-12,Mobile Money
PUR_002341,CUST_00720,PROD_0180,Bedsheet Set (Queen),175.37,2026-08-31,Mobile Money
PUR_002342,CUST_00721,PROD_0075,Redmi Note 12,1269.3,2025-10-02,Card
PUR_002343,CUST_00723,PROD_0273,Baby Diapers Pack,182.98,2026-09-01,Mobile Money
PUR_002344,CUST_00724,PROD_0205,Deodorant Roll-on,68.39,2026-07-29,Bank Transfer
PUR_002345,CUST_00724,PROD_0001,Traditional Smock (Fugu),74.46,2026-08-06,Mobile Money
PUR_002346,CUST_00725,PROD_0275,Kids' Bicycle,101.64,2026-08-22,Card
PUR_002347,CUST_00726,PROD_0009,Ladies Kaftan Gown,72.21,2025-08-16,Mobile Money
PUR_002348,CUST_00726,PROD_0001,Traditional Smock (Fugu),167.78,2026-03-01,Mobile Money
PUR_002349,CUST_00732,PROD_0185,Wall Clock,602.49,2025-05-16,Cash on Delivery
PUR_002350,CUST_00732,PROD_0125,LED Bulb Pack,220.72,2025-12-28,Cash on Delivery
PUR_002351,CUST_00732,PROD_0070,Phone Charger (Type-C),473.66,2026-04-20,Mobile Money
PUR_002352,CUST_00732,PROD_0287,Highlighter Set,48.58,2026-06-05,Cash on Delivery
PUR_002353,CUST_00732,PROD_0273,Baby Diapers Pack,268.87,2026-08-20,Card
PUR_002354,CUST_00734,PROD_0127,Microwave Oven,459.56,2026-01-16,Card
PUR_002355,CUST_00734,PROD_0001,Traditional Smock (Fugu),113.88,2026-06-08,Cash on Delivery
PUR_002356,CUST_00734,PROD_0121,Blender (4L),1461.63,2026-08-28,Mobile Money
PUR_002357,CUST_00735,PROD_0071,Bluetooth Headset,2343.89,2026-05-05,Mobile Money
PUR_002358,CUST_00736,PROD_0091,iPhone 13,1649.96,2026-07-03,Mobile Money
PUR_002359,CUST_00737,PROD_0273,Baby Diapers Pack,103.68,2026-03-21,Mobile Money
PUR_002360,CUST_00737,PROD_0150,Extension Socket,1457.32,2026-05-15,Cash on Delivery
PUR_002361,CUST_00739,PROD_0067,iPhone 13,1003.98,2026-07-15,Card
PUR_002362,CUST_00740,PROD_0160,Rechargeable Fan,686.71,2026-05-01,Mobile Money
PUR_002363,CUST_00740,PROD_0007,Kente Print Shirt,113.98,2026-05-05,Card
PUR_002364,CUST_00740,PROD_0203,Braided Hair Extension,74.2,2026-06-12,Mobile Money
PUR_002365,CUST_00740,PROD_0242,Protein Powder,17.7,2026-06-15,Mobile Money
PUR_002366,CUST_00740,PROD_0210,Braided Hair Extension,34.53,2026-07-03,Mobile Money
PUR_002367,CUST_00740,PROD_0217,Sunscreen SPF50,22.92,2026-07-25,Cash on Delivery
PUR_002368,CUST_00740,PROD_0080,Infinix Hot 30,549.58,2026-08-10,Mobile Money
PUR_002369,CUST_00740,PROD_0078,Phone Screen Protector,1158.38,2026-08-22,Card
PUR_002370,CUST_00740,PROD_0239,Vitamin C Supplements,112.03,2026-08-22,Mobile Money
PUR_002371,CUST_00740,PROD_0001,Traditional Smock (Fugu),123.76,2026-09-02,Cash on Delivery
PUR_002372,CUST_00741,PROD_0203,Braided Hair Extension,94.24,2026-05-06,Cash on Delivery
PUR_002373,CUST_00741,PROD_0005,Men's Casual Blazer,82.13,2026-06-13,Card
PUR_002374,CUST_00741,PROD_0214,Deodorant Roll-on,112.87,2026-09-04,Mobile Money
PUR_002375,CUST_00743,PROD_0015,Unisex Sneakers,59.75,2025-08-17,Card
PUR_002376,CUST_00743,PROD_0100,Wireless Earbuds,2908.43,2025-10-06,Mobile Money
PUR_002377,CUST_00743,PROD_0122,Electric Iron,240.59,2026-01-23,Card
PUR_002378,CUST_00743,PROD_0239,Vitamin C Supplements,105.56,2026-03-18,Card
PUR_002379,CUST_00743,PROD_0003,Cotton Polo Shirt,93.35,2026-05-15,Card
PUR_002380,CUST_00743,PROD_0088,Universal Phone Case,712.06,2026-06-01,Card
PUR_002381,CUST_00744,PROD_0232,Bathroom Weighing Scale,163.12,2026-06-03,Cash on Delivery
PUR_002382,CUST_00744,PROD_0073,Redmi Note 12,349.54,2026-06-14,Card
PUR_002383,CUST_00744,PROD_0074,Phone Screen Protector,302.12,2026-08-25,Cash on Delivery
PUR_002384,CUST_00745,PROD_0085,Samsung Galaxy Tab A8,930.8,2026-07-30,Card
PUR_002385,CUST_00746,PROD_0250,Herbal Tea Pack,64.67,2024-08-17,Card
PUR_002386,CUST_00746,PROD_0125,LED Bulb Pack,147.97,2025-12-25,Mobile Money
PUR_002387,CUST_00746,PROD_0089,Samsung Galaxy A14,232.96,2026-07-15,Cash on Delivery
PUR_002388,CUST_00747,PROD_0288,Scientific Calculator,40.8,2026-04-12,Mobile Money
PUR_002389,CUST_00747,PROD_0094,Power Bank 20000mAh,270.57,2026-05-22,Cash on Delivery
PUR_002390,CUST_00747,PROD_0206,Braided Hair Extension,31.8,2026-07-19,Cash on Delivery
PUR_002391,CUST_00748,PROD_0202,Deodorant Roll-on,126.72,2026-07-12,Mobile Money
PUR_002392,CUST_00749,PROD_0042,Wax Print Skirt,129.92,2024-03-13,Mobile Money
PUR_002393,CUST_00749,PROD_0009,Ladies Kaftan Gown,186.99,2024-04-06,Mobile Money
PUR_002394,CUST_00749,PROD_0283,Toddler Shoes,128.85,2024-10-25,Mobile Money
PUR_002395,CUST_00749,PROD_0256,Camping Tent,103.11,2025-02-25,Card
PUR_002396,CUST_00749,PROD_0038,Ladies Handbag,118.95,2025-09-02,Mobile Money
PUR_002397,CUST_00749,PROD_0003,Cotton Polo Shirt,162.61,2025-11-29,Card
PUR_002398,CUST_00749,PROD_0179,Wall Clock,375.9,2025-12-12,Cash on Delivery
PUR_002399,CUST_00749,PROD_0122,Electric Iron,1101.99,2025-12-29,Card
PUR_002400,CUST_00749,PROD_0001,Traditional Smock (Fugu),123.73,2026-01-19,Card
PUR_002401,CUST_00749,PROD_0121,Blender (4L),2573.07,2026-04-26,Mobile Money
PUR_002402,CUST_00749,PROD_0174,Bedsheet Set (Queen),135.15,2026-05-10,Mobile Money
PUR_002403,CUST_00749,PROD_0058,Men's Slim Fit Jeans,165.73,2026-06-03,Card
PUR_002404,CUST_00749,PROD_0154,Gaming Console,410.89,2026-07-02,Card
PUR_002405,CUST_00749,PROD_0166,Gas Cooker (4-Burner),198.24,2026-07-03,Cash on Delivery
PUR_002406,CUST_00749,PROD_0247,Bathroom Weighing Scale,64.05,2026-07-07,Cash on Delivery
PUR_002407,CUST_00750,PROD_0170,Rice Cooker,197.09,2026-04-13,Mobile Money
PUR_002408,CUST_00750,PROD_0044,Women's Maxi Dress,633.75,2026-06-24,Mobile Money
PUR_002409,CUST_00752,PROD_0288,Scientific Calculator,46.83,2025-03-28,Cash on Delivery
PUR_002410,CUST_00752,PROD_0121,Blender (4L),122.88,2025-04-03,Mobile Money
PUR_002411,CUST_00752,PROD_0271,Kids' Bicycle,115.18,2025-10-09,Mobile Money
PUR_002412,CUST_00752,PROD_0167,Bedsheet Set (Queen),313.66,2025-12-08,Cash on Delivery
PUR_002413,CUST_00752,PROD_0002,Ladies Kaftan Gown,27.38,2026-04-22,Mobile Money
PUR_002414,CUST_00752,PROD_0002,Ladies Kaftan Gown,287.46,2026-05-19,Mobile Money
PUR_002415,CUST_00753,PROD_0121,Blender (4L),421.31,2025-12-22,Mobile Money
PUR_002416,CUST_00753,PROD_0227,Shea Butter Body Lotion,34.44,2026-01-04,Mobile Money
PUR_002417,CUST_00753,PROD_0006,Men's Casual Blazer,321.27,2026-03-16,Mobile Money
PUR_002418,CUST_00753,PROD_0212,Perfume (100ml),75.28,2026-04-25,Mobile Money
PUR_002419,CUST_00753,PROD_0180,Bedsheet Set (Queen),89.35,2026-04-28,Mobile Money
PUR_002420,CUST_00753,PROD_0075,Redmi Note 12,259.53,2026-05-17,Cash on Delivery
PUR_002421,CUST_00753,PROD_0236,Glucometer Kit,85.14,2026-05-28,Mobile Money
PUR_002422,CUST_00753,PROD_0001,Traditional Smock (Fugu),712.09,2026-06-24,Mobile Money
PUR_002423,CUST_00753,PROD_0254,Basketball,102.09,2026-06-26,Mobile Money
PUR_002424,CUST_00753,PROD_0138,Microwave Oven,978.64,2026-06-26,Cash on Delivery
PUR_002425,CUST_00753,PROD_0067,iPhone 13,792.91,2026-06-27,Mobile Money
PUR_002426,CUST_00753,PROD_0248,Reading Glasses,136.8,2026-07-20,Card
PUR_002427,CUST_00753,PROD_0166,Gas Cooker (4-Burner),160.7,2026-08-07,Mobile Money
PUR_002428,CUST_00753,PROD_0121,Blender (4L),167.0,2026-08-07,Card
PUR_002429,CUST_00753,PROD_0279,Baby Wipes (80pcs),121.73,2026-08-09,Mobile Money
PUR_002430,CUST_00753,PROD_0043,Men's Formal Suit,29.02,2026-08-10,Cash on Delivery
PUR_002431,CUST_00753,PROD_0271,Kids' Bicycle,132.07,2026-08-13,Mobile Money
PUR_002432,CUST_00753,PROD_0054,Men's Slim Fit Jeans,91.33,2026-08-28,Mobile Money
PUR_002433,CUST_00757,PROD_0271,Kids' Bicycle,118.56,2025-11-27,Cash on Delivery
PUR_002434,CUST_00757,PROD_0002,Ladies Kaftan Gown,84.87,2026-03-14,Cash on Delivery
PUR_002435,CUST_00757,PROD_0126,Gaming Console,189.83,2026-03-21,Bank Transfer
PUR_002436,CUST_00757,PROD_0129,43-inch LED TV,635.56,2026-05-07,Mobile Money
PUR_002437,CUST_00758,PROD_0232,Bathroom Weighing Scale,41.49,2026-04-03,Cash on Delivery
PUR_002438,CUST_00759,PROD_0069,Phone Charger (Type-C),1258.89,2024-05-19,Cash on Delivery
PUR_002439,CUST_00759,PROD_0121,Blender (4L),490.07,2024-06-09,Cash on Delivery
PUR_002440,CUST_00759,PROD_0169,Bedsheet Set (Queen),199.09,2024-08-10,Mobile Money
PUR_002441,CUST_00759,PROD_0011,Unisex Sneakers,105.79,2024-08-16,Bank Transfer
PUR_002442,CUST_00759,PROD_0012,Children's T-Shirt Set,169.95,2024-08-24,Mobile Money
PUR_002443,CUST_00759,PROD_0126,Gaming Console,603.68,2024-09-04,Mobile Money
PUR_002444,CUST_00759,PROD_0233,Multivitamin Tablets,29.87,2024-09-10,Card
PUR_002445,CUST_00759,PROD_0071,Bluetooth Headset,839.32,2024-09-18,Mobile Money
PUR_002446,CUST_00759,PROD_0001,Traditional Smock (Fugu),524.24,2024-09-28,Mobile Money
PUR_002447,CUST_00759,PROD_0286,Hardcover Notebook,43.22,2024-10-09,Cash on Delivery
PUR_002448,CUST_00759,PROD_0234,Multivitamin Tablets,55.36,2024-10-21,Cash on Delivery
PUR_002449,CUST_00759,PROD_0167,Bedsheet Set (Queen),135.39,2024-11-03,Mobile Money
PUR_002450,CUST_00759,PROD_0287,Highlighter Set,67.18,2024-11-12,Cash on Delivery
PUR_002451,CUST_00759,PROD_0085,Samsung Galaxy Tab A8,503.88,2024-11-14,Mobile Money
PUR_002452,CUST_00759,PROD_0004,Men's Slim Fit Jeans,42.91,2024-11-19,Mobile Money
PUR_002453,CUST_00759,PROD_0003,Cotton Polo Shirt,69.42,2024-12-13,Cash on Delivery
PUR_002454,CUST_00759,PROD_0203,Braided Hair Extension,84.4,2024-12-22,Mobile Money
PUR_002455,CUST_00759,PROD_0126,Gaming Console,781.47,2024-12-23,Mobile Money
PUR_002456,CUST_00759,PROD_0168,Rice Cooker,253.98,2025-01-02,Mobile Money
PUR_002457,CUST_00759,PROD_0002,Ladies Kaftan Gown,75.16,2025-01-26,Cash on Delivery
PUR_002458,CUST_00759,PROD_0194,Rice Cooker,377.12,2025-02-03,Card
PUR_002459,CUST_00759,PROD_0286,Hardcover Notebook,57.33,2025-02-18,Cash on Delivery
PUR_002460,CUST_00759,PROD_0038,Ladies Handbag,213.2,2025-02-27,Mobile Money
PUR_002461,CUST_00759,PROD_0001,Traditional Smock (Fugu),66.46,2025-02-27,Mobile Money
PUR_002462,CUST_00759,PROD_0253,Running Shoes,124.46,2025-03-02,Card
PUR_002463,CUST_00759,PROD_0210,Braided Hair Extension,92.68,2025-03-05,Cash on Delivery
PUR_002464,CUST_00759,PROD_0166,Gas Cooker (4-Burner),279.76,2025-03-07,Bank Transfer
PUR_002465,CUST_00759,PROD_0090,Itel Vision 3,1217.24,2025-03-09,Cash on Delivery
PUR_002466,CUST_00759,PROD_0257,Running Shoes,82.13,2025-03-13,Card
PUR_002467,CUST_00759,PROD_0264,Camping Tent,331.06,2025-03-14,Mobile Money
PUR_002468,CUST_00759,PROD_0091,iPhone 13,1066.14,2025-03-20,Bank Transfer
PUR_002469,CUST_00759,PROD_0190,Wall Clock,832.75,2025-03-21,Mobile Money
PUR_002470,CUST_00759,PROD_0268,Dumbbell Set,124.06,2025-03-21,Mobile Money
PUR_002471,CUST_00759,PROD_0209,Makeup Kit,66.82,2025-03-23,Mobile Money
PUR_002472,CUST_00759,PROD_0019,Men's Casual Blazer,71.29,2025-03-25,Mobile Money
PUR_002473,CUST_00759,PROD_0212,Perfume (100ml),64.48,2025-03-29,Cash on Delivery
PUR_002474,CUST_00759,PROD_0287,Highlighter Set,57.06,2025-04-06,Mobile Money
PUR_002475,CUST_00759,PROD_0096,Bluetooth Headset,15000.0,2025-04-14,Mobile Money
PUR_002476,CUST_00759,PROD_0270,Dumbbell Set,62.64,2025-04-16,Mobile Money
PUR_002477,CUST_00759,PROD_0179,Wall Clock,207.92,2025-04-19,Card
PUR_002478,CUST_00759,PROD_0252,Reading Glasses,122.82,2025-05-12,Card
PUR_002479,CUST_00759,PROD_0301,Sugar (2kg),87.13,2025-05-19,Mobile Money
PUR_002480,CUST_00759,PROD_0001,Traditional Smock (Fugu),117.33,2025-05-20,Mobile Money
PUR_002481,CUST_00759,PROD_0002,Ladies Kaftan Gown,181.51,2025-05-28,Cash on Delivery
PUR_002482,CUST_00759,PROD_0069,Phone Charger (Type-C),2418.08,2025-05-29,Cash on Delivery
PUR_002483,CUST_00759,PROD_0122,Electric Iron,889.7,2025-06-01,Mobile Money
PUR_002484,CUST_00759,PROD_0021,Leather Sandals,54.38,2025-06-05,Bank Transfer
PUR_002485,CUST_00759,PROD_0074,Phone Screen Protector,326.7,2025-06-11,Card
PUR_002486,CUST_00759,PROD_0001,Traditional Smock (Fugu),41.81,2025-06-12,Cash on Delivery
PUR_002487,CUST_00759,PROD_0273,Baby Diapers Pack,64.76,2025-06-19,Card
PUR_002488,CUST_00759,PROD_0012,Children's T-Shirt Set,131.53,2025-06-26,Cash on Delivery
PUR_002489,CUST_00759,PROD_0027,Ladies Kaftan Gown,137.78,2025-07-09,Card
PUR_002490,CUST_00759,PROD_0070,Phone Charger (Type-C),554.84,2025-07-11,Mobile Money
PUR_002491,CUST_00759,PROD_0203,Braided Hair Extension,60.06,2025-07-17,Cash on Delivery
PUR_002492,CUST_00759,PROD_0171,Sofa Set,186.38,2025-08-14,Cash on Delivery
PUR_002493,CUST_00759,PROD_0060,Ankara Print Dress,89.67,2025-08-15,Card
PUR_002494,CUST_00759,PROD_0202,Deodorant Roll-on,91.31,2025-08-21,Mobile Money
PUR_002495,CUST_00759,PROD_0271,Kids' Bicycle,86.34,2025-08-22,Mobile Money
PUR_002496,CUST_00759,PROD_0097,Phone Screen Protector,850.19,2025-08-22,Card
PUR_002497,CUST_00759,PROD_0091,iPhone 13,1349.21,2025-08-25,Cash on Delivery
PUR_002498,CUST_00759,PROD_0264,Camping Tent,163.63,2025-09-03,Cash on Delivery
PUR_002499,CUST_00759,PROD_0004,Men's Slim Fit Jeans,142.91,2025-09-04,Mobile Money
PUR_002500,CUST_00759,PROD_0166,Gas Cooker (4-Burner),44.39,2025-09-05,Mobile Money
PUR_002501,CUST_00759,PROD_0085,Samsung Galaxy Tab A8,190.89,2025-09-07,Mobile Money
PUR_002502,CUST_00759,PROD_0263,Dumbbell Set,100.42,2025-09-09,Cash on Delivery
PUR_002503,CUST_00759,PROD_0267,Cycling Helmet,139.94,2025-09-09,Card
PUR_002504,CUST_00759,PROD_0166,Gas Cooker (4-Burner),141.87,2025-09-11,Mobile Money
PUR_002505,CUST_00759,PROD_0166,Gas Cooker (4-Burner),403.95,2025-09-15,Mobile Money
PUR_002506,CUST_00759,PROD_0295,Canned Tuna,52.8,2025-09-15,Mobile Money
PUR_002507,CUST_00759,PROD_0100,Wireless Earbuds,2197.36,2025-09-18,Cash on Delivery
PUR_002508,CUST_00759,PROD_0253,Running Shoes,116.6,2025-09-20,Card
PUR_002509,CUST_00759,PROD_0067,iPhone 13,468.77,2025-09-21,Bank Transfer
PUR_002510,CUST_00759,PROD_0221,Nail Polish Set,90.38,2025-09-27,Mobile Money
PUR_002511,CUST_00759,PROD_0253,Running Shoes,218.77,2025-09-28,Card
PUR_002512,CUST_00759,PROD_0125,LED Bulb Pack,203.98,2025-10-02,Bank Transfer
PUR_002513,CUST_00759,PROD_0126,Gaming Console,439.0,2025-10-05,Mobile Money
PUR_002514,CUST_00759,PROD_0286,Hardcover Notebook,26.09,2025-10-06,Cash on Delivery
PUR_002515,CUST_00759,PROD_0232,Bathroom Weighing Scale,56.32,2025-10-07,Mobile Money
PUR_002516,CUST_00759,PROD_0068,Redmi Note 12,1388.79,2025-10-07,Mobile Money
PUR_002517,CUST_00759,PROD_0235,Bathroom Weighing Scale,40.53,2025-10-09,Mobile Money
PUR_002518,CUST_00759,PROD_0232,Bathroom Weighing Scale,52.5,2025-10-10,Cash on Delivery
PUR_002519,CUST_00759,PROD_0121,Blender (4L),711.83,2025-10-14,Mobile Money
PUR_002520,CUST_00759,PROD_0090,Itel Vision 3,739.45,2025-10-15,Mobile Money
PUR_002521,CUST_00759,PROD_0269,Yoga Mat,147.66,2025-10-16,Cash on Delivery
PUR_002522,CUST_00759,PROD_0127,Microwave Oven,160.46,2025-10-29,Mobile Money
PUR_002523,CUST_00759,PROD_0066,Men's Slim Fit Jeans,70.38,2025-11-01,Mobile Money
PUR_002524,CUST_00759,PROD_0207,Skin Toner,54.21,2025-11-04,Mobile Money
PUR_002525,CUST_00759,PROD_0067,iPhone 13,216.98,2025-11-05,Mobile Money
PUR_002526,CUST_00759,PROD_0081,Phone Charger (Type-C),681.24,2025-11-06,Mobile Money
PUR_002527,CUST_00759,PROD_0154,Gaming Console,502.61,2025-11-07,Cash on Delivery
PUR_002528,CUST_00759,PROD_0262,Hiking Backpack,79.14,2025-11-12,Card
PUR_002529,CUST_00759,PROD_0113,iPhone 13,3296.8,2025-11-24,Mobile Money
PUR_002530,CUST_00759,PROD_0071,Bluetooth Headset,1147.41,2025-12-01,Mobile Money
PUR_002531,CUST_00759,PROD_0085,Samsung Galaxy Tab A8,282.2,2025-12-06,Mobile Money
PUR_002532,CUST_00759,PROD_0003,Cotton Polo Shirt,303.93,2025-12-11,Card
PUR_002533,CUST_00759,PROD_0076,Phone Charger (Type-C),339.56,2025-12-17,Mobile Money
PUR_002534,CUST_00759,PROD_0002,Ladies Kaftan Gown,206.36,2025-12-20,Mobile Money
PUR_002535,CUST_00759,PROD_0067,iPhone 13,1076.66,2025-12-28,Mobile Money
PUR_002536,CUST_00759,PROD_0121,Blender (4L),160.39,2026-01-01,Mobile Money
PUR_002537,CUST_00759,PROD_0017,Men's Formal Suit,113.53,2026-01-04,Card
PUR_002538,CUST_00759,PROD_0010,Traditional Smock (Fugu),51.95,2026-01-09,Mobile Money
PUR_002539,CUST_00759,PROD_0290,Exercise Books Pack,30.77,2026-01-09,Mobile Money
PUR_002540,CUST_00759,PROD_0151,Extension Socket,896.08,2026-01-11,Mobile Money
PUR_002541,CUST_00759,PROD_0202,Deodorant Roll-on,16.58,2026-01-12,Mobile Money
PUR_002542,CUST_00759,PROD_0008,Kente Print Shirt,193.02,2026-01-13,Mobile Money
PUR_002543,CUST_00759,PROD_0005,Men's Casual Blazer,223.39,2026-01-19,Mobile Money
PUR_002544,CUST_00759,PROD_0146,Home Theater System,346.66,2026-01-19,Cash on Delivery
PUR_002545,CUST_00759,PROD_0001,Traditional Smock (Fugu),217.72,2026-01-23,Mobile Money
PUR_002546,CUST_00759,PROD_0045,Women's Maxi Dress,109.49,2026-01-30,Mobile Money
PUR_002547,CUST_00759,PROD_0074,Phone Screen Protector,651.54,2026-02-01,Mobile Money
PUR_002548,CUST_00759,PROD_0115,Phone Charger (Type-C),203.97,2026-02-07,Mobile Money
PUR_002549,CUST_00759,PROD_0068,Redmi Note 12,636.35,2026-02-07,Card
PUR_002550,CUST_00759,PROD_0193,Cutlery Set,202.53,2026-02-08,Cash on Delivery
PUR_002551,CUST_00759,PROD_0025,Ladies Handbag,72.76,2026-02-11,Card
PUR_002552,CUST_00759,PROD_0122,Electric Iron,174.53,2026-02-12,Cash on Delivery
PUR_002553,CUST_00759,PROD_0212,Perfume (100ml),138.54,2026-02-14,Cash on Delivery
PUR_002554,CUST_00759,PROD_0055,Kente Print Shirt,84.35,2026-02-17,Mobile Money
PUR_002555,CUST_00759,PROD_0083,Redmi Note 12,602.12,2026-02-17,Mobile Money
PUR_002556,CUST_00759,PROD_0295,Canned Tuna,172.45,2026-02-22,Mobile Money
PUR_002557,CUST_00759,PROD_0124,LED Bulb Pack,203.37,2026-02-26,Mobile Money
PUR_002558,CUST_00759,PROD_0148,Electric Iron,345.68,2026-02-27,Mobile Money
PUR_002559,CUST_00759,PROD_0001,Traditional Smock (Fugu),50.15,2026-03-04,Mobile Money
PUR_002560,CUST_00759,PROD_0286,Hardcover Notebook,28.38,2026-03-06,Cash on Delivery
PUR_002561,CUST_00759,PROD_0121,Blender (4L),2419.56,2026-03-19,Mobile Money
PUR_002562,CUST_00759,PROD_0209,Makeup Kit,97.53,2026-03-20,Mobile Money
PUR_002563,CUST_00759,PROD_0188,Water Dispenser,112.49,2026-03-21,Card
PUR_002564,CUST_00759,PROD_0276,Baby Bath Tub,131.37,2026-03-29,Mobile Money
PUR_002565,CUST_00759,PROD_0005,Men's Casual Blazer,226.01,2026-04-01,Mobile Money
PUR_002566,CUST_00759,PROD_0104,Tecno Spark 10,1042.2,2026-04-03,Card
PUR_002567,CUST_00759,PROD_0070,Phone Charger (Type-C),580.93,2026-04-05,Mobile Money
PUR_002568,CUST_00759,PROD_0082,Samsung Galaxy A14,460.96,2026-04-09,Mobile Money
PUR_002569,CUST_00759,PROD_0089,Samsung Galaxy A14,672.77,2026-04-14,Mobile Money
PUR_002570,CUST_00759,PROD_0169,Bedsheet Set (Queen),342.97,2026-04-15,Mobile Money
PUR_002571,CUST_00759,PROD_0001,Traditional Smock (Fugu),116.5,2026-04-17,Mobile Money
PUR_002572,CUST_00759,PROD_0047,Leather Sandals,243.05,2026-04-17,Mobile Money
PUR_002573,CUST_00759,PROD_0094,Power Bank 20000mAh,5748.47,2026-04-20,Cash on Delivery
PUR_002574,CUST_00759,PROD_0211,Shea Butter Body Lotion,63.09,2026-04-20,Mobile Money
PUR_002575,CUST_00759,PROD_0291,Exercise Books Pack,18.65,2026-05-02,Cash on Delivery
PUR_002576,CUST_00759,PROD_0062,Kente Print Shirt,116.58,2026-05-02,Mobile Money
PUR_002577,CUST_00759,PROD_0166,Gas Cooker (4-Burner),327.46,2026-05-06,Mobile Money
PUR_002578,CUST_00759,PROD_0232,Bathroom Weighing Scale,56.66,2026-05-06,Mobile Money
PUR_002579,CUST_00759,PROD_0001,Traditional Smock (Fugu),98.41,2026-05-07,Cash on Delivery
PUR_002580,CUST_00759,PROD_0121,Blender (4L),278.0,2026-05-12,Bank Transfer
PUR_002581,CUST_00759,PROD_0004,Men's Slim Fit Jeans,91.19,2026-05-13,Mobile Money
PUR_002582,CUST_00759,PROD_0211,Shea Butter Body Lotion,55.86,2026-05-19,Bank Transfer
PUR_002583,CUST_00759,PROD_0121,Blender (4L),149.71,2026-05-24,Mobile Money
PUR_002584,CUST_00759,PROD_0121,Blender (4L),429.79,2026-05-28,Card
PUR_002585,CUST_00759,PROD_0121,Blender (4L),772.95,2026-06-01,Cash on Delivery
PUR_002586,CUST_00759,PROD_0128,Air Conditioner (1.5HP),1226.49,2026-06-02,Mobile Money
PUR_002587,CUST_00759,PROD_0166,Gas Cooker (4-Burner),239.89,2026-06-07,Card
PUR_002588,CUST_00759,PROD_0018,Men's Formal Suit,63.56,2026-06-08,Card
PUR_002589,CUST_00759,PROD_0253,Running Shoes,47.0,2026-06-09,Mobile Money
PUR_002590,CUST_00759,PROD_0279,Baby Wipes (80pcs),57.31,2026-06-09,Card
PUR_002591,CUST_00759,PROD_0271,Kids' Bicycle,123.01,2026-06-10,Mobile Money
PUR_002592,CUST_00759,PROD_0168,Rice Cooker,136.12,2026-06-10,Cash on Delivery
PUR_002593,CUST_00759,PROD_0165,Microwave Oven,445.24,2026-06-18,Mobile Money
PUR_002594,CUST_00759,PROD_0002,Ladies Kaftan Gown,79.76,2026-06-22,Card
PUR_002595,CUST_00759,PROD_0167,Bedsheet Set (Queen),112.59,2026-06-30,Mobile Money
PUR_002596,CUST_00759,PROD_0077,Bluetooth Headset,2486.3,2026-07-05,Card
PUR_002597,CUST_00759,PROD_0131,Air Conditioner (1.5HP),2246.43,2026-07-07,Mobile Money
PUR_002598,CUST_00759,PROD_0067,iPhone 13,2073.85,2026-07-07,Card
PUR_002599,CUST_00759,PROD_0133,Bluetooth Speaker,531.09,2026-07-10,Mobile Money
PUR_002600,CUST_00759,PROD_0047,Leather Sandals,171.94,2026-07-12,Mobile Money
PUR_002601,CUST_00759,PROD_0232,Bathroom Weighing Scale,48.71,2026-07-16,Card
PUR_002602,CUST_00759,PROD_0264,Camping Tent,312.53,2026-07-22,Mobile Money
PUR_002603,CUST_00759,PROD_0101,Phone Charger (Type-C),357.83,2026-07-23,Card
PUR_002604,CUST_00759,PROD_0077,Bluetooth Headset,592.85,2026-07-23,Mobile Money
PUR_002605,CUST_00759,PROD_0239,Vitamin C Supplements,134.25,2026-07-30,Mobile Money
PUR_002606,CUST_00759,PROD_0132,Electric Iron,193.41,2026-07-31,Mobile Money
PUR_002607,CUST_00759,PROD_0073,Redmi Note 12,413.36,2026-08-01,Cash on Delivery
PUR_002608,CUST_00759,PROD_0271,Kids' Bicycle,53.17,2026-08-01,Mobile Money
PUR_002609,CUST_00759,PROD_0202,Deodorant Roll-on,45.51,2026-08-02,Card
PUR_002610,CUST_00759,PROD_0187,Bedsheet Set (Queen),203.15,2026-08-10,Mobile Money
PUR_002611,CUST_00759,PROD_0004,Men's Slim Fit Jeans,103.8,2026-08-20,Mobile Money
PUR_002612,CUST_00759,PROD_0006,Men's Casual Blazer,169.63,2026-08-23,Mobile Money
PUR_002613,CUST_00759,PROD_0251,Protein Powder,119.94,2026-08-23,Mobile Money
PUR_002614,CUST_00759,PROD_0167,Bedsheet Set (Queen),423.57,2026-08-30,Card
PUR_002615,CUST_00759,PROD_0014,Men's Slim Fit Jeans,87.22,2026-08-30,Card
PUR_002616,CUST_00759,PROD_0224,Hair Dryer,66.84,2026-09-04,Mobile Money
PUR_002617,CUST_00760,PROD_0067,iPhone 13,450.42,2025-08-25,Cash on Delivery
PUR_002618,CUST_00760,PROD_0120,Redmi Note 12,357.59,2025-09-04,Mobile Money
PUR_002619,CUST_00760,PROD_0161,Microwave Oven,1816.61,2025-12-28,Mobile Money
PUR_002620,CUST_00760,PROD_0160,Rechargeable Fan,1693.27,2026-02-05,Mobile Money
PUR_002621,CUST_00760,PROD_0070,Phone Charger (Type-C),270.11,2026-05-06,Mobile Money
PUR_002622,CUST_00760,PROD_0284,Baby Bath Tub,90.61,2026-05-06,Card
PUR_002623,CUST_00761,PROD_0209,Makeup Kit,89.54,2026-08-18,Cash on Delivery
PUR_002624,CUST_00761,PROD_0134,Gaming Console,513.69,2026-08-22,Mobile Money
PUR_002625,CUST_00761,PROD_0040,Men's Slim Fit Jeans,111.51,2026-08-26,Cash on Delivery
PUR_002626,CUST_00761,PROD_0191,Rice Cooker,252.08,2026-09-03,Cash on Delivery
PUR_002627,CUST_00762,PROD_0139,Digital Camera,127.34,2026-05-12,Cash on Delivery
PUR_002628,CUST_00763,PROD_0295,Canned Tuna,65.99,2026-06-26,Mobile Money
PUR_002629,CUST_00763,PROD_0233,Multivitamin Tablets,105.27,2026-07-17,Cash on Delivery
PUR_002630,CUST_00763,PROD_0131,Air Conditioner (1.5HP),716.39,2026-08-17,Mobile Money
PUR_002631,CUST_00763,PROD_0067,iPhone 13,1286.33,2026-08-29,Cash on Delivery
PUR_002632,CUST_00763,PROD_0159,Bluetooth Speaker,2122.49,2026-09-01,Card
PUR_002633,CUST_00764,PROD_0169,Bedsheet Set (Queen),111.82,2025-05-05,Bank Transfer
PUR_002634,CUST_00764,PROD_0168,Rice Cooker,170.89,2025-05-19,Mobile Money
PUR_002635,CUST_00764,PROD_0290,Exercise Books Pack,63.79,2025-08-08,Cash on Delivery
PUR_002636,CUST_00764,PROD_0002,Ladies Kaftan Gown,237.31,2025-11-29,Mobile Money
PUR_002637,CUST_00764,PROD_0197,Wall Clock,192.85,2026-01-01,Cash on Delivery
PUR_002638,CUST_00764,PROD_0166,Gas Cooker (4-Burner),222.01,2026-02-19,Cash on Delivery
PUR_002639,CUST_00764,PROD_0229,Hair Dryer,123.79,2026-04-18,Card
PUR_002640,CUST_00764,PROD_0275,Kids' Bicycle,61.66,2026-06-08,Card
PUR_002641,CUST_00764,PROD_0269,Yoga Mat,291.59,2026-06-10,Mobile Money
PUR_002642,CUST_00764,PROD_0183,Non-stick Cooking Pot Set,142.24,2026-06-13,Mobile Money
PUR_002643,CUST_00764,PROD_0008,Kente Print Shirt,153.36,2026-06-19,Mobile Money
PUR_002644,CUST_00764,PROD_0253,Running Shoes,214.19,2026-07-15,Mobile Money
PUR_002645,CUST_00764,PROD_0067,iPhone 13,666.23,2026-08-21,Mobile Money
PUR_002646,CUST_00766,PROD_0129,43-inch LED TV,771.26,2026-03-29,Mobile Money
PUR_002647,CUST_00766,PROD_0155,Bluetooth Speaker,196.66,2026-04-24,Mobile Money
PUR_002648,CUST_00766,PROD_0033,Ankara Print Dress,73.94,2026-07-13,Mobile Money
PUR_002649,CUST_00767,PROD_0122,Electric Iron,329.47,2025-11-01,Mobile Money
PUR_002650,CUST_00767,PROD_0013,Ankara Print Dress,158.88,2026-01-01,Mobile Money
PUR_002651,CUST_00767,PROD_0067,iPhone 13,895.4,2026-03-09,Cash on Delivery
PUR_002652,CUST_00767,PROD_0237,Multivitamin Tablets,48.4,2026-05-21,Mobile Money
PUR_002653,CUST_00767,PROD_0121,Blender (4L),379.15,2026-08-04,Mobile Money
PUR_002654,CUST_00768,PROD_0178,Gas Cooker (4-Burner),409.57,2024-10-28,Card
PUR_002655,CUST_00768,PROD_0128,Air Conditioner (1.5HP),893.83,2025-10-29,Mobile Money
PUR_002656,CUST_00768,PROD_0243,Protein Powder,69.41,2025-11-02,Card
PUR_002657,CUST_00768,PROD_0232,Bathroom Weighing Scale,69.14,2025-11-14,Card
PUR_002658,CUST_00768,PROD_0069,Phone Charger (Type-C),2009.59,2025-11-23,Cash on Delivery
PUR_002659,CUST_00768,PROD_0204,Beard Grooming Kit,92.12,2025-12-02,Mobile Money
PUR_002660,CUST_00768,PROD_0220,Beard Grooming Kit,111.14,2026-03-09,Cash on Delivery
PUR_002661,CUST_00768,PROD_0092,Huawei MatePad,345.77,2026-03-28,Mobile Money
PUR_002662,CUST_00768,PROD_0007,Kente Print Shirt,157.51,2026-04-05,Cash on Delivery
PUR_002663,CUST_00768,PROD_0246,Face Mask Pack (50pcs),58.76,2026-06-30,Cash on Delivery
PUR_002664,CUST_00768,PROD_0263,Dumbbell Set,129.45,2026-07-21,Mobile Money
PUR_002665,CUST_00768,PROD_0119,iPhone 13,899.24,2026-09-04,Cash on Delivery
PUR_002666,CUST_00769,PROD_0137,43-inch LED TV,1245.84,2026-05-22,Mobile Money
PUR_002667,CUST_00769,PROD_0071,Bluetooth Headset,511.51,2026-06-29,Mobile Money
PUR_002668,CUST_00769,PROD_0010,Traditional Smock (Fugu),84.76,2026-09-04,Card
PUR_002669,CUST_00770,PROD_0155,Bluetooth Speaker,238.35,2026-03-18,Mobile Money
PUR_002670,CUST_00772,PROD_0095,Phone Charger (Type-C),2919.93,2025-11-16,Mobile Money
PUR_002671,CUST_00772,PROD_0001,Traditional Smock (Fugu),76.25,2025-11-28,Mobile Money
PUR_002672,CUST_00772,PROD_0164,43-inch LED TV,675.18,2025-12-29,Mobile Money
PUR_002673,CUST_00772,PROD_0002,Ladies Kaftan Gown,79.51,2026-03-08,Cash on Delivery
PUR_002674,CUST_00772,PROD_0025,Ladies Handbag,145.65,2026-05-07,Mobile Money
PUR_002675,CUST_00772,PROD_0121,Blender (4L),392.54,2026-06-19,Mobile Money
PUR_002676,CUST_00772,PROD_0002,Ladies Kaftan Gown,114.52,2026-06-21,Cash on Delivery
PUR_002677,CUST_00772,PROD_0276,Baby Bath Tub,109.43,2026-06-22,Mobile Money
PUR_002678,CUST_00775,PROD_0064,Leather Sandals,186.78,2025-12-22,Mobile Money
PUR_002679,CUST_00775,PROD_0123,Electric Iron,1111.06,2026-02-18,Mobile Money
PUR_002680,CUST_00777,PROD_0263,Dumbbell Set,161.62,2026-08-12,Mobile Money
PUR_002681,CUST_00777,PROD_0290,Exercise Books Pack,32.52,2026-08-18,Mobile Money
PUR_002682,CUST_00778,PROD_0215,Skin Toner,39.58,2025-11-13,Card
PUR_002683,CUST_00778,PROD_0065,Wax Print Skirt,251.82,2025-12-21,Mobile Money
PUR_002684,CUST_00778,PROD_0121,Blender (4L),929.75,2026-01-26,Mobile Money
PUR_002685,CUST_00778,PROD_0287,Highlighter Set,39.57,2026-03-14,Mobile Money
PUR_002686,CUST_00778,PROD_0070,Phone Charger (Type-C),697.84,2026-04-14,Bank Transfer
PUR_002687,CUST_00778,PROD_0079,iPhone 13,611.56,2026-04-16,Card
PUR_002688,CUST_00778,PROD_0009,Ladies Kaftan Gown,623.51,2026-04-26,Cash on Delivery
PUR_002689,CUST_00778,PROD_0067,iPhone 13,345.89,2026-05-03,Mobile Money
PUR_002690,CUST_00778,PROD_0286,Hardcover Notebook,42.73,2026-05-19,Mobile Money
PUR_002691,CUST_00778,PROD_0069,Phone Charger (Type-C),2507.35,2026-06-09,Mobile Money
PUR_002692,CUST_00778,PROD_0219,Braided Hair Extension,28.15,2026-06-17,Mobile Money
PUR_002693,CUST_00778,PROD_0080,Infinix Hot 30,12522.89,2026-06-24,Mobile Money
PUR_002694,CUST_00778,PROD_0232,Bathroom Weighing Scale,34.76,2026-06-30,Mobile Money
PUR_002695,CUST_00778,PROD_0077,Bluetooth Headset,292.27,2026-07-11,Mobile Money
PUR_002696,CUST_00778,PROD_0276,Baby Bath Tub,62.68,2026-07-11,Cash on Delivery
PUR_002697,CUST_00779,PROD_0287,Highlighter Set,73.9,2025-09-02,Cash on Delivery
PUR_002698,CUST_00779,PROD_0077,Bluetooth Headset,721.19,2025-10-16,Mobile Money
PUR_002699,CUST_00779,PROD_0246,Face Mask Pack (50pcs),64.35,2026-05-16,Mobile Money
PUR_002700,CUST_00779,PROD_0273,Baby Diapers Pack,101.68,2026-06-27,Mobile Money
PUR_002701,CUST_00781,PROD_0024,Women's Maxi Dress,50.28,2025-09-29,Mobile Money
PUR_002702,CUST_00781,PROD_0124,LED Bulb Pack,859.67,2026-05-23,Mobile Money
PUR_002703,CUST_00782,PROD_0172,Curtain Set,217.82,2025-12-30,Cash on Delivery
PUR_002704,CUST_00782,PROD_0056,Leather Sandals,116.57,2026-04-28,Mobile Money
PUR_002705,CUST_00782,PROD_0071,Bluetooth Headset,398.4,2026-06-18,Mobile Money
PUR_002706,CUST_00782,PROD_0203,Braided Hair Extension,65.52,2026-06-21,Card
PUR_002707,CUST_00782,PROD_0177,Rice Cooker,365.54,2026-06-22,Mobile Money
PUR_002708,CUST_00783,PROD_0055,Kente Print Shirt,75.11,2026-07-26,Cash on Delivery
PUR_002709,CUST_00784,PROD_0271,Kids' Bicycle,130.87,2026-05-08,Card
PUR_002710,CUST_00784,PROD_0115,Phone Charger (Type-C),558.54,2026-08-17,Mobile Money
PUR_002711,CUST_00785,PROD_0006,Men's Casual Blazer,77.85,2026-07-31,Mobile Money
PUR_002712,CUST_00785,PROD_0267,Cycling Helmet,271.49,2026-08-25,Mobile Money
PUR_002713,CUST_00787,PROD_0094,Power Bank 20000mAh,1189.22,2026-02-08,Mobile Money
PUR_002714,CUST_00787,PROD_0189,Non-stick Cooking Pot Set,237.82,2026-04-12,Mobile Money
PUR_002715,CUST_00787,PROD_0287,Highlighter Set,47.12,2026-06-06,Mobile Money
PUR_002716,CUST_00787,PROD_0210,Braided Hair Extension,79.35,2026-06-18,Cash on Delivery
PUR_002717,CUST_00787,PROD_0211,Shea Butter Body Lotion,83.07,2026-09-01,Cash on Delivery
PUR_002718,CUST_00788,PROD_0263,Dumbbell Set,121.03,2026-04-14,Mobile Money
PUR_002719,CUST_00789,PROD_0287,Highlighter Set,63.38,2026-03-08,Mobile Money
PUR_002720,CUST_00789,PROD_0123,Electric Iron,992.92,2026-03-31,Mobile Money
PUR_002721,CUST_00789,PROD_0093,Samsung Galaxy A14,1218.15,2026-04-15,Bank Transfer
PUR_002722,CUST_00789,PROD_0278,Kids' Bicycle,198.75,2026-05-04,Cash on Delivery
PUR_002723,CUST_00789,PROD_0295,Canned Tuna,66.62,2026-05-22,Mobile Money
PUR_002724,CUST_00789,PROD_0280,Baby Diapers Pack,87.35,2026-05-26,Mobile Money
PUR_002725,CUST_00789,PROD_0255,Water Bottle (1L),186.84,2026-06-10,Cash on Delivery
PUR_002726,CUST_00789,PROD_0058,Men's Slim Fit Jeans,50.43,2026-06-11,Mobile Money
PUR_002727,CUST_00789,PROD_0086,Tecno Spark 10,1714.55,2026-06-30,Cash on Delivery
PUR_002728,CUST_00789,PROD_0255,Water Bottle (1L),199.91,2026-07-04,Cash on Delivery
PUR_002729,CUST_00789,PROD_0016,Women's Maxi Dress,286.2,2026-07-09,Mobile Money
PUR_002730,CUST_00789,PROD_0272,Baby Carrier,118.83,2026-07-15,Mobile Money
PUR_002731,CUST_00789,PROD_0068,Redmi Note 12,1132.34,2026-07-16,Mobile Money
PUR_002732,CUST_00789,PROD_0003,Cotton Polo Shirt,93.66,2026-08-05,Mobile Money
PUR_002733,CUST_00789,PROD_0172,Curtain Set,85.79,2026-08-17,Mobile Money
PUR_002734,CUST_00789,PROD_0078,Phone Screen Protector,206.39,2026-08-24,Cash on Delivery
PUR_002735,CUST_00790,PROD_0271,Kids' Bicycle,59.9,2025-09-26,Card
PUR_002736,CUST_00790,PROD_0123,Electric Iron,146.21,2025-11-29,Cash on Delivery
PUR_002737,CUST_00790,PROD_0253,Running Shoes,100.5,2026-01-03,Mobile Money
PUR_002738,CUST_00790,PROD_0086,Tecno Spark 10,528.68,2026-04-11,Mobile Money
PUR_002739,CUST_00792,PROD_0139,Digital Camera,119.7,2025-11-09,Mobile Money
PUR_002740,CUST_00792,PROD_0299,Garri (2kg),50.86,2026-05-23,Cash on Delivery
PUR_002741,CUST_00794,PROD_0126,Gaming Console,577.45,2026-04-27,Mobile Money
PUR_002742,CUST_00794,PROD_0022,Denim Jacket,105.4,2026-08-24,Cash on Delivery
PUR_002743,CUST_00796,PROD_0142,Gaming Console,994.85,2025-12-13,Cash on Delivery
PUR_002744,CUST_00797,PROD_0123,Electric Iron,245.34,2025-08-05,Mobile Money
PUR_002745,CUST_00797,PROD_0053,Traditional Smock (Fugu),87.6,2026-02-07,Mobile Money
PUR_002746,CUST_00797,PROD_0002,Ladies Kaftan Gown,195.94,2026-02-22,Mobile Money
PUR_002747,CUST_00797,PROD_0167,Bedsheet Set (Queen),243.38,2026-08-21,Card
PUR_002748,CUST_00799,PROD_0214,Deodorant Roll-on,54.33,2026-07-24,Card
PUR_002749,CUST_00803,PROD_0156,Desktop Computer,743.51,2026-07-05,Card
PUR_002750,CUST_00804,PROD_0140,Electric Iron,863.96,2026-01-23,Cash on Delivery
PUR_002751,CUST_00805,PROD_0234,Multivitamin Tablets,57.02,2026-03-29,Bank Transfer
PUR_002752,CUST_00805,PROD_0073,Redmi Note 12,3845.54,2026-04-09,Cash on Delivery
PUR_002753,CUST_00805,PROD_0172,Curtain Set,719.61,2026-04-19,Mobile Money
PUR_002754,CUST_00805,PROD_0036,Leather Sandals,181.57,2026-04-26,Cash on Delivery
PUR_002755,CUST_00805,PROD_0212,Perfume (100ml),43.8,2026-06-07,Mobile Money
PUR_002756,CUST_00805,PROD_0234,Multivitamin Tablets,50.08,2026-06-13,Card
PUR_002757,CUST_00805,PROD_0038,Ladies Handbag,43.8,2026-06-14,Card
PUR_002758,CUST_00805,PROD_0069,Phone Charger (Type-C),1832.53,2026-06-25,Card
PUR_002759,CUST_00805,PROD_0302,Milk Powder (400g),198.34,2026-07-02,Mobile Money
PUR_002760,CUST_00805,PROD_0187,Bedsheet Set (Queen),232.74,2026-08-07,Cash on Delivery
PUR_002761,CUST_00805,PROD_0179,Wall Clock,276.9,2026-08-30,Mobile Money
PUR_002762,CUST_00806,PROD_0001,Traditional Smock (Fugu),44.84,2025-10-14,Mobile Money
PUR_002763,CUST_00806,PROD_0206,Braided Hair Extension,62.25,2026-07-19,Mobile Money
PUR_002764,CUST_00807,PROD_0274,Baby Carrier,57.18,2025-01-26,Mobile Money
PUR_002765,CUST_00809,PROD_0253,Running Shoes,127.87,2026-02-08,Cash on Delivery
PUR_002766,CUST_00809,PROD_0002,Ladies Kaftan Gown,144.56,2026-02-27,Bank Transfer
PUR_002767,CUST_00809,PROD_0174,Bedsheet Set (Queen),379.35,2026-05-02,Card
PUR_002768,CUST_00809,PROD_0168,Rice Cooker,201.99,2026-06-16,Card
PUR_002769,CUST_00809,PROD_0224,Hair Dryer,46.85,2026-06-16,Card
PUR_002770,CUST_00810,PROD_0182,Curtain Set,201.03,2026-08-08,Cash on Delivery
PUR_002771,CUST_00811,PROD_0014,Men's Slim Fit Jeans,170.29,2024-10-20,Mobile Money
PUR_002772,CUST_00811,PROD_0232,Bathroom Weighing Scale,70.4,2026-03-01,Mobile Money
PUR_002773,CUST_00812,PROD_0121,Blender (4L),1023.31,2026-01-08,Card
PUR_002774,CUST_00812,PROD_0254,Basketball,238.7,2026-02-27,Cash on Delivery
PUR_002775,CUST_00812,PROD_0216,Skin Toner,68.65,2026-05-17,Cash on Delivery
PUR_002776,CUST_00814,PROD_0204,Beard Grooming Kit,91.31,2024-08-03,Mobile Money
PUR_002777,CUST_00814,PROD_0281,Educational Toy Set,135.32,2025-05-26,Mobile Money
PUR_002778,CUST_00814,PROD_0132,Electric Iron,651.2,2026-02-15,Cash on Delivery
PUR_002779,CUST_00814,PROD_0258,Yoga Mat,212.85,2026-05-27,Mobile Money
PUR_002780,CUST_00815,PROD_0091,iPhone 13,648.93,2025-01-16,Card
PUR_002781,CUST_00815,PROD_0120,Redmi Note 12,2427.34,2025-05-16,Mobile Money
PUR_002782,CUST_00815,PROD_0002,Ladies Kaftan Gown,186.94,2026-05-30,Mobile Money
PUR_002783,CUST_00816,PROD_0073,Redmi Note 12,358.51,2026-06-04,Mobile Money
PUR_002784,CUST_00816,PROD_0294,A4 Printing Paper Ream,64.72,2026-06-08,Mobile Money
PUR_002785,CUST_00816,PROD_0002,Ladies Kaftan Gown,361.94,2026-06-09,Mobile Money
PUR_002786,CUST_00816,PROD_0113,iPhone 13,1917.37,2026-07-18,Mobile Money
PUR_002787,CUST_00816,PROD_0050,Leather Sandals,60.43,2026-07-22,Mobile Money
PUR_002788,CUST_00816,PROD_0097,Phone Screen Protector,2053.49,2026-07-26,Cash on Delivery
PUR_002789,CUST_00818,PROD_0259,Basketball,187.94,2026-08-20,Cash on Delivery
PUR_002790,CUST_00820,PROD_0028,Men's Casual Blazer,52.32,2026-06-15,Cash on Delivery
PUR_002791,CUST_00823,PROD_0254,Basketball,494.57,2026-05-05,Card
PUR_002792,CUST_00823,PROD_0123,Electric Iron,328.73,2026-07-14,Mobile Money
PUR_002793,CUST_00823,PROD_0003,Cotton Polo Shirt,179.3,2026-07-27,Cash on Delivery
PUR_002794,CUST_00824,PROD_0014,Men's Slim Fit Jeans,326.56,2026-06-21,Card
PUR_002795,CUST_00824,PROD_0121,Blender (4L),385.93,2026-07-30,Mobile Money
PUR_002796,CUST_00825,PROD_0023,Kente Print Shirt,236.73,2026-01-21,Cash on Delivery
PUR_002797,CUST_00825,PROD_0001,Traditional Smock (Fugu),174.0,2026-02-18,Mobile Money
PUR_002798,CUST_00825,PROD_0081,Phone Charger (Type-C),752.57,2026-02-24,Cash on Delivery
PUR_002799,CUST_00825,PROD_0005,Men's Casual Blazer,42.78,2026-04-06,Cash on Delivery
PUR_002800,CUST_00825,PROD_0217,Sunscreen SPF50,107.04,2026-05-26,Mobile Money
PUR_002801,CUST_00825,PROD_0125,LED Bulb Pack,1288.66,2026-06-06,Mobile Money
PUR_002802,CUST_00826,PROD_0286,Hardcover Notebook,34.54,2025-08-02,Cash on Delivery
PUR_002803,CUST_00826,PROD_0234,Multivitamin Tablets,65.71,2026-02-03,Mobile Money
PUR_002804,CUST_00826,PROD_0070,Phone Charger (Type-C),2047.39,2026-05-14,Cash on Delivery
PUR_002805,CUST_00832,PROD_0232,Bathroom Weighing Scale,73.45,2026-01-30,Card
PUR_002806,CUST_00832,PROD_0071,Bluetooth Headset,2216.55,2026-02-12,Card
PUR_002807,CUST_00835,PROD_0169,Bedsheet Set (Queen),201.31,2026-03-02,Cash on Delivery
PUR_002808,CUST_00835,PROD_0207,Skin Toner,146.42,2026-05-07,Mobile Money
PUR_002809,CUST_00835,PROD_0281,Educational Toy Set,147.54,2026-05-20,Card
PUR_002810,CUST_00839,PROD_0104,Tecno Spark 10,656.71,2026-02-07,Mobile Money
PUR_002811,CUST_00839,PROD_0257,Running Shoes,53.08,2026-02-16,Mobile Money
PUR_002812,CUST_00839,PROD_0064,Leather Sandals,66.13,2026-02-18,Mobile Money
PUR_002813,CUST_00839,PROD_0252,Reading Glasses,80.16,2026-03-15,Mobile Money
PUR_002814,CUST_00839,PROD_0140,Electric Iron,3385.77,2026-04-06,Card
PUR_002815,CUST_00839,PROD_0277,Feeding Bottle Set,95.08,2026-04-14,Card
PUR_002816,CUST_00839,PROD_0004,Men's Slim Fit Jeans,94.8,2026-04-27,Cash on Delivery
PUR_002817,CUST_00839,PROD_0238,Digital Blood Pressure Monitor,47.26,2026-05-19,Card
PUR_002818,CUST_00839,PROD_0074,Phone Screen Protector,3142.7,2026-06-05,Cash on Delivery
PUR_002819,CUST_00839,PROD_0060,Ankara Print Dress,43.44,2026-06-23,Card
PUR_002820,CUST_00839,PROD_0219,Braided Hair Extension,52.51,2026-07-13,Cash on Delivery
PUR_002821,CUST_00839,PROD_0166,Gas Cooker (4-Burner),686.63,2026-07-18,Mobile Money
PUR_002822,CUST_00839,PROD_0232,Bathroom Weighing Scale,44.09,2026-08-16,Card
PUR_002823,CUST_00840,PROD_0144,Bluetooth Speaker,151.57,2025-12-22,Cash on Delivery
PUR_002824,CUST_00842,PROD_0191,Rice Cooker,272.18,2026-01-22,Cash on Delivery
PUR_002825,CUST_00842,PROD_0196,Bedsheet Set (Queen),406.35,2026-08-02,Cash on Delivery
PUR_002826,CUST_00844,PROD_0114,Phone Charger (Type-C),887.22,2025-05-19,Cash on Delivery
PUR_002827,CUST_00844,PROD_0005,Men's Casual Blazer,164.79,2026-07-06,Card
PUR_002828,CUST_00846,PROD_0121,Blender (4L),181.09,2026-06-25,Mobile Money
PUR_002829,CUST_00846,PROD_0122,Electric Iron,901.15,2026-07-04,Card
PUR_002830,CUST_00852,PROD_0213,Deodorant Roll-on,53.74,2025-07-07,Mobile Money
PUR_002831,CUST_00852,PROD_0002,Ladies Kaftan Gown,35.52,2025-09-05,Card
PUR_002832,CUST_00852,PROD_0126,Gaming Console,482.65,2025-11-04,Mobile Money
PUR_002833,CUST_00852,PROD_0006,Men's Casual Blazer,94.44,2025-12-14,Cash on Delivery
PUR_002834,CUST_00852,PROD_0159,Bluetooth Speaker,1030.61,2026-04-08,Card
PUR_002835,CUST_00852,PROD_0042,Wax Print Skirt,84.16,2026-08-03,Mobile Money
PUR_002836,CUST_00853,PROD_0049,Ladies Handbag,188.25,2026-08-20,Bank Transfer
PUR_002837,CUST_00854,PROD_0218,Skin Toner,121.19,2025-03-08,Mobile Money
PUR_002838,CUST_00855,PROD_0067,iPhone 13,325.23,2026-07-11,Card
PUR_002839,CUST_00855,PROD_0168,Rice Cooker,206.12,2026-07-17,Card
PUR_002840,CUST_00855,PROD_0071,Bluetooth Headset,1208.08,2026-07-18,Bank Transfer
PUR_002841,CUST_00855,PROD_0124,LED Bulb Pack,270.34,2026-07-21,Card
PUR_002842,CUST_00855,PROD_0171,Sofa Set,331.56,2026-07-22,Mobile Money
PUR_002843,CUST_00855,PROD_0267,Cycling Helmet,110.73,2026-07-23,Cash on Delivery
PUR_002844,CUST_00855,PROD_0147,LED Bulb Pack,536.6,2026-07-26,Mobile Money
PUR_002845,CUST_00855,PROD_0001,Traditional Smock (Fugu),137.57,2026-07-30,Mobile Money
PUR_002846,CUST_00855,PROD_0166,Gas Cooker (4-Burner),277.25,2026-08-07,Mobile Money
PUR_002847,CUST_00855,PROD_0182,Curtain Set,171.88,2026-08-18,Cash on Delivery
PUR_002848,CUST_00855,PROD_0203,Braided Hair Extension,57.07,2026-08-21,Mobile Money
PUR_002849,CUST_00855,PROD_0069,Phone Charger (Type-C),759.67,2026-08-24,Card
PUR_002850,CUST_00856,PROD_0181,Storage Containers Set,134.99,2026-08-11,Cash on Delivery
PUR_002851,CUST_00858,PROD_0254,Basketball,114.51,2026-01-29,Cash on Delivery
PUR_002852,CUST_00858,PROD_0247,Bathroom Weighing Scale,58.5,2026-02-04,Bank Transfer
PUR_002853,CUST_00858,PROD_0235,Bathroom Weighing Scale,94.71,2026-03-07,Mobile Money
PUR_002854,CUST_00858,PROD_0004,Men's Slim Fit Jeans,314.43,2026-04-28,Cash on Delivery
PUR_002855,CUST_00858,PROD_0271,Kids' Bicycle,306.45,2026-05-02,Mobile Money
PUR_002856,CUST_00858,PROD_0054,Men's Slim Fit Jeans,38.69,2026-05-30,Mobile Money
PUR_002857,CUST_00858,PROD_0179,Wall Clock,207.37,2026-06-18,Mobile Money
PUR_002858,CUST_00858,PROD_0110,Samsung Galaxy Tab A8,465.67,2026-07-13,Mobile Money
PUR_002859,CUST_00858,PROD_0257,Running Shoes,173.82,2026-08-06,Mobile Money
PUR_002860,CUST_00858,PROD_0067,iPhone 13,517.38,2026-08-28,Mobile Money
PUR_002861,CUST_00859,PROD_0067,iPhone 13,718.67,2026-07-03,Mobile Money
PUR_002862,CUST_00861,PROD_0274,Baby Carrier,149.75,2026-03-07,Card
PUR_002863,CUST_00862,PROD_0271,Kids' Bicycle,161.87,2026-02-15,Card
PUR_002864,CUST_00862,PROD_0004,Men's Slim Fit Jeans,71.61,2026-06-02,Cash on Delivery
PUR_002865,CUST_00862,PROD_0012,Children's T-Shirt Set,131.96,2026-06-23,Mobile Money
PUR_002866,CUST_00862,PROD_0280,Baby Diapers Pack,112.18,2026-08-28,Mobile Money
PUR_002867,CUST_00863,PROD_0161,Microwave Oven,1148.83,2026-07-08,Mobile Money
PUR_002868,CUST_00863,PROD_0169,Bedsheet Set (Queen),360.81,2026-07-12,Mobile Money
PUR_002869,CUST_00864,PROD_0202,Deodorant Roll-on,65.12,2026-07-17,Bank Transfer
PUR_002870,CUST_00865,PROD_0253,Running Shoes,136.55,2026-07-02,Cash on Delivery
PUR_002871,CUST_00866,PROD_0002,Ladies Kaftan Gown,44.33,2026-01-08,Mobile Money
PUR_002872,CUST_00866,PROD_0206,Braided Hair Extension,56.3,2026-01-27,Card
PUR_002873,CUST_00866,PROD_0069,Phone Charger (Type-C),347.93,2026-03-09,Mobile Money
PUR_002874,CUST_00866,PROD_0002,Ladies Kaftan Gown,184.39,2026-03-27,Mobile Money
PUR_002875,CUST_00866,PROD_0178,Gas Cooker (4-Burner),191.56,2026-04-01,Card
PUR_002876,CUST_00866,PROD_0236,Glucometer Kit,65.47,2026-04-15,Mobile Money
PUR_002877,CUST_00866,PROD_0002,Ladies Kaftan Gown,98.23,2026-04-25,Mobile Money
PUR_002878,CUST_00866,PROD_0119,iPhone 13,400.16,2026-04-27,Mobile Money
PUR_002879,CUST_00866,PROD_0005,Men's Casual Blazer,227.93,2026-05-15,Mobile Money
PUR_002880,CUST_00866,PROD_0010,Traditional Smock (Fugu),68.95,2026-05-20,Mobile Money
PUR_002881,CUST_00866,PROD_0155,Bluetooth Speaker,127.1,2026-05-24,Cash on Delivery
PUR_002882,CUST_00866,PROD_0006,Men's Casual Blazer,137.72,2026-05-24,Mobile Money
PUR_002883,CUST_00866,PROD_0005,Men's Casual Blazer,99.16,2026-06-02,Card
PUR_002884,CUST_00866,PROD_0067,iPhone 13,1824.98,2026-06-06,Mobile Money
PUR_002885,CUST_00866,PROD_0067,iPhone 13,563.5,2026-06-18,Mobile Money
PUR_002886,CUST_00866,PROD_0070,Phone Charger (Type-C),1128.23,2026-06-19,Cash on Delivery
PUR_002887,CUST_00866,PROD_0184,Wall Clock,297.66,2026-06-25,Mobile Money
PUR_002888,CUST_00866,PROD_0102,Samsung Galaxy A14,1304.24,2026-06-28,Cash on Delivery
PUR_002889,CUST_00866,PROD_0272,Baby Carrier,91.83,2026-07-02,Mobile Money
PUR_002890,CUST_00866,PROD_0291,Exercise Books Pack,49.28,2026-07-07,Mobile Money
PUR_002891,CUST_00866,PROD_0257,Running Shoes,118.78,2026-08-04,Mobile Money
PUR_002892,CUST_00866,PROD_0109,Phone Screen Protector,919.42,2026-08-18,Mobile Money
PUR_002893,CUST_00866,PROD_0210,Braided Hair Extension,62.04,2026-09-04,Mobile Money
PUR_002894,CUST_00869,PROD_0203,Braided Hair Extension,81.38,2024-09-16,Cash on Delivery
PUR_002895,CUST_00869,PROD_0288,Scientific Calculator,72.14,2025-08-31,Card
PUR_002896,CUST_00869,PROD_0204,Beard Grooming Kit,93.77,2025-11-09,Cash on Delivery
PUR_002897,CUST_00870,PROD_0232,Bathroom Weighing Scale,52.12,2023-12-25,Card
PUR_002898,CUST_00870,PROD_0031,Cotton Polo Shirt,97.94,2025-01-27,Mobile Money
PUR_002899,CUST_00870,PROD_0203,Braided Hair Extension,92.57,2025-09-30,Mobile Money
PUR_002900,CUST_00870,PROD_0022,Denim Jacket,55.24,2025-10-09,Bank Transfer
PUR_002901,CUST_00870,PROD_0286,Hardcover Notebook,37.25,2026-02-06,Cash on Delivery
PUR_002902,CUST_00872,PROD_0297,Rice (5kg Bag),154.36,2026-07-16,Card
PUR_002903,CUST_00873,PROD_0168,Rice Cooker,419.65,2025-10-08,Mobile Money
PUR_002904,CUST_00873,PROD_0257,Running Shoes,197.44,2026-02-01,Card
PUR_002905,CUST_00873,PROD_0079,iPhone 13,544.17,2026-03-27,Cash on Delivery
PUR_002906,CUST_00873,PROD_0025,Ladies Handbag,144.13,2026-04-19,Cash on Delivery
PUR_002907,CUST_00873,PROD_0069,Phone Charger (Type-C),487.87,2026-04-25,Cash on Delivery
PUR_002908,CUST_00873,PROD_0005,Men's Casual Blazer,139.73,2026-05-30,Cash on Delivery
PUR_002909,CUST_00874,PROD_0167,Bedsheet Set (Queen),149.72,2026-06-10,Cash on Delivery
PUR_002910,CUST_00874,PROD_0252,Reading Glasses,158.36,2026-09-04,Mobile Money
PUR_002911,CUST_00877,PROD_0121,Blender (4L),690.95,2025-11-05,Mobile Money
PUR_002912,CUST_00877,PROD_0198,Wall Clock,375.35,2026-05-03,Cash on Delivery
PUR_002913,CUST_00877,PROD_0121,Blender (4L),312.89,2026-05-24,Mobile Money
PUR_002914,CUST_00877,PROD_0281,Educational Toy Set,26.42,2026-06-25,Mobile Money
PUR_002915,CUST_00879,PROD_0121,Blender (4L),1052.04,2026-09-03,Cash on Delivery
PUR_002916,CUST_00879,PROD_0204,Beard Grooming Kit,131.14,2026-09-04,Cash on Delivery
PUR_002917,CUST_00880,PROD_0286,Hardcover Notebook,35.93,2026-08-05,Card
PUR_002918,CUST_00880,PROD_0076,Phone Charger (Type-C),1945.18,2026-08-17,Mobile Money
PUR_002919,CUST_00885,PROD_0051,Unisex Sneakers,148.81,2025-05-21,Card
PUR_002920,CUST_00885,PROD_0276,Baby Bath Tub,166.24,2025-07-27,Mobile Money
PUR_002921,CUST_00885,PROD_0244,Bathroom Weighing Scale,66.69,2025-08-09,Mobile Money
PUR_002922,CUST_00885,PROD_0166,Gas Cooker (4-Burner),130.55,2025-09-07,Mobile Money
PUR_002923,CUST_00885,PROD_0074,Phone Screen Protector,1604.85,2025-09-14,Cash on Delivery
PUR_002924,CUST_00885,PROD_0168,Rice Cooker,618.4,2025-11-10,Cash on Delivery
PUR_002925,CUST_00885,PROD_0071,Bluetooth Headset,509.52,2025-12-18,Mobile Money
PUR_002926,CUST_00885,PROD_0294,A4 Printing Paper Ream,65.09,2025-12-30,Bank Transfer
PUR_002927,CUST_00885,PROD_0123,Electric Iron,247.62,2026-01-07,Card
PUR_002928,CUST_00885,PROD_0016,Women's Maxi Dress,97.68,2026-02-19,Cash on Delivery
PUR_002929,CUST_00885,PROD_0273,Baby Diapers Pack,78.72,2026-02-20,Cash on Delivery
PUR_002930,CUST_00885,PROD_0292,A4 Printing Paper Ream,40.54,2026-03-04,Cash on Delivery
PUR_002931,CUST_00885,PROD_0076,Phone Charger (Type-C),2609.44,2026-03-14,Mobile Money
PUR_002932,CUST_00885,PROD_0288,Scientific Calculator,38.75,2026-03-25,Cash on Delivery
PUR_002933,CUST_00885,PROD_0232,Bathroom Weighing Scale,51.08,2026-04-08,Mobile Money
PUR_002934,CUST_00885,PROD_0122,Electric Iron,961.91,2026-04-11,Mobile Money
PUR_002935,CUST_00885,PROD_0157,Bluetooth Speaker,88.68,2026-04-14,Mobile Money
PUR_002936,CUST_00885,PROD_0007,Kente Print Shirt,71.61,2026-06-10,Mobile Money
PUR_002937,CUST_00888,PROD_0288,Scientific Calculator,49.89,2026-07-22,Mobile Money
PUR_002938,CUST_00892,PROD_0121,Blender (4L),438.67,2025-06-22,Cash on Delivery
PUR_002939,CUST_00892,PROD_0031,Cotton Polo Shirt,206.39,2025-11-09,Cash on Delivery
PUR_002940,CUST_00892,PROD_0069,Phone Charger (Type-C),826.3,2026-08-22,Card
PUR_002941,CUST_00893,PROD_0069,Phone Charger (Type-C),258.21,2024-11-03,Mobile Money
PUR_002942,CUST_00893,PROD_0001,Traditional Smock (Fugu),95.74,2024-11-16,Mobile Money
PUR_002943,CUST_00893,PROD_0218,Skin Toner,21.11,2024-11-28,Mobile Money
PUR_002944,CUST_00893,PROD_0160,Rechargeable Fan,510.09,2024-12-30,Mobile Money
PUR_002945,CUST_00893,PROD_0142,Gaming Console,2212.2,2025-01-22,Mobile Money
PUR_002946,CUST_00893,PROD_0288,Scientific Calculator,47.21,2025-02-12,Card
PUR_002947,CUST_00893,PROD_0002,Ladies Kaftan Gown,337.8,2025-02-21,Mobile Money
PUR_002948,CUST_00893,PROD_0253,Running Shoes,147.77,2025-03-14,Mobile Money
PUR_002949,CUST_00893,PROD_0067,iPhone 13,986.35,2025-03-22,Mobile Money
PUR_002950,CUST_00893,PROD_0269,Yoga Mat,260.66,2025-03-31,Card
PUR_002951,CUST_00893,PROD_0216,Skin Toner,56.66,2025-05-02,Cash on Delivery
PUR_002952,CUST_00893,PROD_0122,Electric Iron,1417.67,2025-05-08,Mobile Money
PUR_002953,CUST_00893,PROD_0062,Kente Print Shirt,98.35,2025-05-11,Mobile Money
PUR_002954,CUST_00893,PROD_0199,Bedsheet Set (Queen),193.37,2025-05-12,Mobile Money
PUR_002955,CUST_00893,PROD_0129,43-inch LED TV,1169.48,2025-05-25,Mobile Money
PUR_002956,CUST_00893,PROD_0082,Samsung Galaxy A14,559.22,2025-06-03,Mobile Money
PUR_002957,CUST_00893,PROD_0271,Kids' Bicycle,69.06,2025-06-05,Cash on Delivery
PUR_002958,CUST_00893,PROD_0293,A4 Printing Paper Ream,25.05,2025-06-06,Mobile Money
PUR_002959,CUST_00893,PROD_0140,Electric Iron,1566.18,2025-06-12,Card
PUR_002960,CUST_00893,PROD_0166,Gas Cooker (4-Burner),59.36,2025-06-16,Mobile Money
PUR_002961,CUST_00893,PROD_0171,Sofa Set,285.47,2025-07-06,Cash on Delivery
PUR_002962,CUST_00893,PROD_0078,Phone Screen Protector,1455.52,2025-07-06,Mobile Money
PUR_002963,CUST_00893,PROD_0080,Infinix Hot 30,2997.78,2025-07-13,Mobile Money
PUR_002964,CUST_00893,PROD_0166,Gas Cooker (4-Burner),191.99,2025-07-14,Mobile Money
PUR_002965,CUST_00893,PROD_0138,Microwave Oven,425.49,2025-07-15,Mobile Money
PUR_002966,CUST_00893,PROD_0292,A4 Printing Paper Ream,35.51,2025-07-20,Cash on Delivery
PUR_002967,CUST_00893,PROD_0166,Gas Cooker (4-Burner),156.17,2025-08-20,Card
PUR_002968,CUST_00893,PROD_0067,iPhone 13,2094.87,2025-08-23,Mobile Money
PUR_002969,CUST_00893,PROD_0122,Electric Iron,1116.96,2025-08-28,Mobile Money
PUR_002970,CUST_00893,PROD_0012,Children's T-Shirt Set,85.52,2025-08-29,Mobile Money
PUR_002971,CUST_00893,PROD_0007,Kente Print Shirt,217.72,2025-08-31,Cash on Delivery
PUR_002972,CUST_00893,PROD_0232,Bathroom Weighing Scale,56.32,2025-09-02,Card
PUR_002973,CUST_00893,PROD_0277,Feeding Bottle Set,116.08,2025-09-05,Mobile Money
PUR_002974,CUST_00893,PROD_0202,Deodorant Roll-on,57.96,2025-09-13,Cash on Delivery
PUR_002975,CUST_00893,PROD_0176,Curtain Set,109.6,2025-10-11,Cash on Delivery
PUR_002976,CUST_00893,PROD_0281,Educational Toy Set,47.44,2025-10-11,Mobile Money
PUR_002977,CUST_00893,PROD_0038,Ladies Handbag,71.41,2025-10-13,Mobile Money
PUR_002978,CUST_00893,PROD_0093,Samsung Galaxy A14,1170.19,2025-10-19,Card
PUR_002979,CUST_00893,PROD_0207,Skin Toner,39.65,2025-10-23,Mobile Money
PUR_002980,CUST_00893,PROD_0255,Water Bottle (1L),61.75,2025-11-18,Cash on Delivery
PUR_002981,CUST_00893,PROD_0001,Traditional Smock (Fugu),81.62,2025-11-23,Mobile Money
PUR_002982,CUST_00893,PROD_0274,Baby Carrier,115.9,2025-11-29,Mobile Money
PUR_002983,CUST_00893,PROD_0204,Beard Grooming Kit,51.58,2025-12-10,Mobile Money
PUR_002984,CUST_00893,PROD_0067,iPhone 13,1436.11,2025-12-11,Mobile Money
PUR_002985,CUST_00893,PROD_0122,Electric Iron,1091.21,2025-12-25,Cash on Delivery
PUR_002986,CUST_00893,PROD_0001,Traditional Smock (Fugu),140.88,2025-12-26,Mobile Money
PUR_002987,CUST_00893,PROD_0222,Shea Butter Body Lotion,66.1,2025-12-27,Mobile Money
PUR_002988,CUST_00893,PROD_0014,Men's Slim Fit Jeans,126.5,2026-01-07,Mobile Money
PUR_002989,CUST_00893,PROD_0166,Gas Cooker (4-Burner),277.48,2026-01-18,Cash on Delivery
PUR_002990,CUST_00893,PROD_0080,Infinix Hot 30,420.81,2026-01-18,Bank Transfer
PUR_002991,CUST_00893,PROD_0081,Phone Charger (Type-C),681.51,2026-02-03,Mobile Money
PUR_002992,CUST_00893,PROD_0156,Desktop Computer,483.94,2026-02-12,Mobile Money
PUR_002993,CUST_00893,PROD_0069,Phone Charger (Type-C),4563.71,2026-02-20,Mobile Money
PUR_002994,CUST_00893,PROD_0169,Bedsheet Set (Queen),124.56,2026-02-25,Mobile Money
PUR_002995,CUST_00893,PROD_0045,Women's Maxi Dress,80.6,2026-02-28,Mobile Money
PUR_002996,CUST_00893,PROD_0253,Running Shoes,200.97,2026-03-01,Card
PUR_002997,CUST_00893,PROD_0167,Bedsheet Set (Queen),75.18,2026-03-02,Card
PUR_002998,CUST_00893,PROD_0067,iPhone 13,452.0,2026-03-05,Mobile Money
PUR_002999,CUST_00893,PROD_0126,Gaming Console,1024.94,2026-03-16,Card
PUR_003000,CUST_00893,PROD_0067,iPhone 13,1578.35,2026-04-03,Mobile Money
PUR_003001,CUST_00893,PROD_0001,Traditional Smock (Fugu),131.26,2026-04-07,Bank Transfer
PUR_003002,CUST_00893,PROD_0297,Rice (5kg Bag),52.01,2026-04-07,Card
PUR_003003,CUST_00893,PROD_0174,Bedsheet Set (Queen),239.46,2026-04-12,Mobile Money
PUR_003004,CUST_00893,PROD_0274,Baby Carrier,103.72,2026-04-12,Bank Transfer
PUR_003005,CUST_00893,PROD_0085,Samsung Galaxy Tab A8,498.65,2026-04-13,Mobile Money
PUR_003006,CUST_00893,PROD_0071,Bluetooth Headset,2883.76,2026-04-15,Cash on Delivery
PUR_003007,CUST_00893,PROD_0022,Denim Jacket,63.15,2026-04-16,Mobile Money
PUR_003008,CUST_00893,PROD_0290,Exercise Books Pack,27.25,2026-04-16,Card
PUR_003009,CUST_00893,PROD_0117,Bluetooth Headset,562.4,2026-04-21,Card
PUR_003010,CUST_00893,PROD_0206,Braided Hair Extension,96.2,2026-04-25,Mobile Money
PUR_003011,CUST_00893,PROD_0068,Redmi Note 12,514.99,2026-04-28,Card
PUR_003012,CUST_00893,PROD_0219,Braided Hair Extension,61.27,2026-04-30,Card
PUR_003013,CUST_00893,PROD_0262,Hiking Backpack,101.61,2026-05-05,Mobile Money
PUR_003014,CUST_00893,PROD_0001,Traditional Smock (Fugu),154.97,2026-05-06,Mobile Money
PUR_003015,CUST_00893,PROD_0002,Ladies Kaftan Gown,75.81,2026-05-17,Cash on Delivery
PUR_003016,CUST_00893,PROD_0166,Gas Cooker (4-Burner),233.17,2026-05-19,Mobile Money
PUR_003017,CUST_00893,PROD_0156,Desktop Computer,355.84,2026-05-22,Mobile Money
PUR_003018,CUST_00893,PROD_0202,Deodorant Roll-on,47.39,2026-05-22,Cash on Delivery
PUR_003019,CUST_00893,PROD_0011,Unisex Sneakers,89.77,2026-05-23,Mobile Money
PUR_003020,CUST_00893,PROD_0015,Unisex Sneakers,239.56,2026-05-24,Mobile Money
PUR_003021,CUST_00893,PROD_0067,iPhone 13,1781.76,2026-06-04,Card
PUR_003022,CUST_00893,PROD_0071,Bluetooth Headset,455.29,2026-06-05,Cash on Delivery
PUR_003023,CUST_00893,PROD_0169,Bedsheet Set (Queen),74.82,2026-06-05,Mobile Money
PUR_003024,CUST_00893,PROD_0245,Protein Powder,62.28,2026-06-06,Cash on Delivery
PUR_003025,CUST_00893,PROD_0202,Deodorant Roll-on,48.54,2026-06-06,Mobile Money
PUR_003026,CUST_00893,PROD_0198,Wall Clock,224.63,2026-06-06,Cash on Delivery
PUR_003027,CUST_00893,PROD_0180,Bedsheet Set (Queen),255.43,2026-06-08,Mobile Money
PUR_003028,CUST_00893,PROD_0211,Shea Butter Body Lotion,116.61,2026-06-10,Mobile Money
PUR_003029,CUST_00893,PROD_0061,Women's Maxi Dress,44.78,2026-06-18,Mobile Money
PUR_003030,CUST_00893,PROD_0067,iPhone 13,1665.71,2026-06-21,Mobile Money
PUR_003031,CUST_00893,PROD_0232,Bathroom Weighing Scale,95.48,2026-06-23,Mobile Money
PUR_003032,CUST_00893,PROD_0166,Gas Cooker (4-Burner),156.98,2026-06-23,Cash on Delivery
PUR_003033,CUST_00893,PROD_0166,Gas Cooker (4-Burner),214.75,2026-06-28,Card
PUR_003034,CUST_00893,PROD_0234,Multivitamin Tablets,65.29,2026-06-28,Mobile Money
PUR_003035,CUST_00893,PROD_0188,Water Dispenser,272.75,2026-06-29,Mobile Money
PUR_003036,CUST_00893,PROD_0081,Phone Charger (Type-C),2788.94,2026-07-01,Card
PUR_003037,CUST_00893,PROD_0178,Gas Cooker (4-Burner),117.65,2026-07-04,Mobile Money
PUR_003038,CUST_00893,PROD_0083,Redmi Note 12,643.85,2026-07-05,Cash on Delivery
PUR_003039,CUST_00893,PROD_0163,Extension Socket,1646.75,2026-07-06,Card
PUR_003040,CUST_00893,PROD_0068,Redmi Note 12,773.85,2026-07-07,Mobile Money
PUR_003041,CUST_00893,PROD_0299,Garri (2kg),99.22,2026-07-10,Card
PUR_003042,CUST_00893,PROD_0098,Power Bank 20000mAh,3069.39,2026-07-13,Mobile Money
PUR_003043,CUST_00893,PROD_0173,Non-stick Cooking Pot Set,454.96,2026-07-21,Cash on Delivery
PUR_003044,CUST_00893,PROD_0203,Braided Hair Extension,61.4,2026-07-25,Card
PUR_003045,CUST_00893,PROD_0272,Baby Carrier,197.19,2026-07-25,Mobile Money
PUR_003046,CUST_00893,PROD_0010,Traditional Smock (Fugu),80.78,2026-07-26,Mobile Money
PUR_003047,CUST_00893,PROD_0067,iPhone 13,2543.66,2026-08-03,Mobile Money
PUR_003048,CUST_00893,PROD_0034,Men's Casual Blazer,141.07,2026-08-06,Cash on Delivery
PUR_003049,CUST_00893,PROD_0202,Deodorant Roll-on,50.35,2026-08-11,Card
PUR_003050,CUST_00893,PROD_0297,Rice (5kg Bag),120.76,2026-08-12,Mobile Money
PUR_003051,CUST_00893,PROD_0017,Men's Formal Suit,164.33,2026-08-16,Mobile Money
PUR_003052,CUST_00893,PROD_0032,Men's Formal Suit,106.66,2026-08-22,Bank Transfer
PUR_003053,CUST_00893,PROD_0070,Phone Charger (Type-C),774.37,2026-08-24,Mobile Money
PUR_003054,CUST_00893,PROD_0189,Non-stick Cooking Pot Set,346.08,2026-08-28,Cash on Delivery
PUR_003055,CUST_00893,PROD_0069,Phone Charger (Type-C),1232.74,2026-08-28,Mobile Money
PUR_003056,CUST_00893,PROD_0067,iPhone 13,324.44,2026-08-31,Cash on Delivery
PUR_003057,CUST_00893,PROD_0286,Hardcover Notebook,31.6,2026-08-31,Cash on Delivery
PUR_003058,CUST_00896,PROD_0295,Canned Tuna,51.65,2026-07-19,Bank Transfer
PUR_003059,CUST_00896,PROD_0176,Curtain Set,402.53,2026-08-27,Mobile Money
PUR_003060,CUST_00901,PROD_0126,Gaming Console,801.46,2026-08-09,Mobile Money
PUR_003061,CUST_00902,PROD_0003,Cotton Polo Shirt,98.66,2026-09-03,Mobile Money
PUR_003062,CUST_00904,PROD_0079,iPhone 13,10825.64,2025-11-08,Mobile Money
PUR_003063,CUST_00905,PROD_0087,Huawei MatePad,860.07,2026-08-03,Mobile Money
PUR_003064,CUST_00906,PROD_0172,Curtain Set,128.99,2025-09-23,Card
PUR_003065,CUST_00907,PROD_0191,Rice Cooker,265.33,2025-05-08,Mobile Money
PUR_003066,CUST_00910,PROD_0182,Curtain Set,369.29,2026-05-08,Cash on Delivery
PUR_003067,CUST_00910,PROD_0123,Electric Iron,372.97,2026-07-15,Card
PUR_003068,CUST_00911,PROD_0121,Blender (4L),170.25,2025-12-02,Cash on Delivery
PUR_003069,CUST_00911,PROD_0168,Rice Cooker,288.47,2026-07-02,Mobile Money
PUR_003070,CUST_00911,PROD_0167,Bedsheet Set (Queen),317.25,2026-07-12,Mobile Money
PUR_003071,CUST_00911,PROD_0027,Ladies Kaftan Gown,48.45,2026-07-22,Cash on Delivery
PUR_003072,CUST_00912,PROD_0002,Ladies Kaftan Gown,122.44,2026-07-15,Mobile Money
PUR_003073,CUST_00913,PROD_0198,Wall Clock,113.27,2026-06-13,Card
PUR_003074,CUST_00913,PROD_0171,Sofa Set,240.94,2026-08-20,Card
PUR_003075,CUST_00914,PROD_0031,Cotton Polo Shirt,74.41,2026-06-13,Mobile Money
PUR_003076,CUST_00914,PROD_0001,Traditional Smock (Fugu),130.62,2026-08-07,Card
PUR_003077,CUST_00915,PROD_0001,Traditional Smock (Fugu),112.58,2026-05-30,Bank Transfer
PUR_003078,CUST_00916,PROD_0006,Men's Casual Blazer,322.59,2026-04-19,Mobile Money
PUR_003079,CUST_00916,PROD_0002,Ladies Kaftan Gown,143.64,2026-04-19,Bank Transfer
PUR_003080,CUST_00916,PROD_0212,Perfume (100ml),25.13,2026-07-15,Cash on Delivery
PUR_003081,CUST_00916,PROD_0202,Deodorant Roll-on,40.47,2026-07-19,Mobile Money
PUR_003082,CUST_00916,PROD_0127,Microwave Oven,2162.06,2026-07-21,Cash on Delivery
PUR_003083,CUST_00917,PROD_0170,Rice Cooker,521.54,2026-06-27,Mobile Money
PUR_003084,CUST_00917,PROD_0123,Electric Iron,1745.98,2026-07-01,Mobile Money
PUR_003085,CUST_00917,PROD_0167,Bedsheet Set (Queen),189.04,2026-09-03,Card
PUR_003086,CUST_00918,PROD_0005,Men's Casual Blazer,55.47,2026-05-03,Mobile Money
PUR_003087,CUST_00918,PROD_0046,Ladies Kaftan Gown,68.72,2026-06-02,Cash on Delivery
PUR_003088,CUST_00919,PROD_0001,Traditional Smock (Fugu),120.67,2025-08-03,Card
PUR_003089,CUST_00919,PROD_0097,Phone Screen Protector,609.58,2025-10-27,Mobile Money
PUR_003090,CUST_00919,PROD_0275,Kids' Bicycle,113.11,2025-12-20,Cash on Delivery
PUR_003091,CUST_00919,PROD_0144,Bluetooth Speaker,530.2,2026-03-25,Mobile Money
PUR_003092,CUST_00919,PROD_0251,Protein Powder,92.47,2026-04-12,Mobile Money
PUR_003093,CUST_00921,PROD_0198,Wall Clock,225.27,2025-02-28,Mobile Money
PUR_003094,CUST_00921,PROD_0275,Kids' Bicycle,121.36,2025-12-10,Mobile Money
PUR_003095,CUST_00921,PROD_0114,Phone Charger (Type-C),1128.72,2026-01-19,Mobile Money
PUR_003096,CUST_00921,PROD_0178,Gas Cooker (4-Burner),387.7,2026-02-25,Mobile Money
PUR_003097,CUST_00921,PROD_0233,Multivitamin Tablets,22.47,2026-03-24,Cash on Delivery
PUR_003098,CUST_00921,PROD_0019,Men's Casual Blazer,244.16,2026-04-21,Card
PUR_003099,CUST_00922,PROD_0060,Ankara Print Dress,114.34,2026-01-08,Cash on Delivery
PUR_003100,CUST_00923,PROD_0018,Men's Formal Suit,143.75,2026-05-13,Mobile Money
PUR_003101,CUST_00924,PROD_0067,iPhone 13,1871.39,2025-03-01,Mobile Money
PUR_003102,CUST_00924,PROD_0208,Perfume (100ml),49.0,2025-04-11,Mobile Money
PUR_003103,CUST_00924,PROD_0135,LED Bulb Pack,815.34,2025-08-30,Cash on Delivery
PUR_003104,CUST_00924,PROD_0126,Gaming Console,2128.3,2026-05-31,Mobile Money
PUR_003105,CUST_00925,PROD_0166,Gas Cooker (4-Burner),172.39,2026-05-03,Mobile Money
PUR_003106,CUST_00929,PROD_0253,Running Shoes,617.58,2026-08-03,Mobile Money
PUR_003107,CUST_00932,PROD_0297,Rice (5kg Bag),49.54,2025-03-03,Cash on Delivery
PUR_003108,CUST_00933,PROD_0123,Electric Iron,667.27,2023-09-23,Mobile Money
PUR_003109,CUST_00933,PROD_0234,Multivitamin Tablets,67.41,2023-12-16,Mobile Money
PUR_003110,CUST_00933,PROD_0113,iPhone 13,1620.26,2024-03-30,Cash on Delivery
PUR_003111,CUST_00933,PROD_0067,iPhone 13,465.94,2024-07-03,Cash on Delivery
PUR_003112,CUST_00933,PROD_0194,Rice Cooker,197.8,2024-07-04,Bank Transfer
PUR_003113,CUST_00933,PROD_0299,Garri (2kg),100.76,2024-07-17,Cash on Delivery
PUR_003114,CUST_00933,PROD_0003,Cotton Polo Shirt,48.34,2024-08-07,Mobile Money
PUR_003115,CUST_00933,PROD_0202,Deodorant Roll-on,32.69,2024-09-17,Mobile Money
PUR_003116,CUST_00933,PROD_0082,Samsung Galaxy A14,463.46,2024-09-23,Cash on Delivery
PUR_003117,CUST_00933,PROD_0168,Rice Cooker,321.25,2024-11-06,Mobile Money
PUR_003118,CUST_00933,PROD_0008,Kente Print Shirt,104.24,2024-11-20,Cash on Delivery
PUR_003119,CUST_00933,PROD_0121,Blender (4L),445.1,2024-12-13,Mobile Money
PUR_003120,CUST_00933,PROD_0255,Water Bottle (1L),149.53,2024-12-13,Mobile Money
PUR_003121,CUST_00933,PROD_0255,Water Bottle (1L),323.54,2025-01-12,Mobile Money
PUR_003122,CUST_00933,PROD_0205,Deodorant Roll-on,80.34,2025-01-13,Mobile Money
PUR_003123,CUST_00933,PROD_0253,Running Shoes,102.63,2025-03-01,Mobile Money
PUR_003124,CUST_00933,PROD_0070,Phone Charger (Type-C),1846.47,2025-03-28,Mobile Money
PUR_003125,CUST_00933,PROD_0121,Blender (4L),606.97,2025-04-24,Mobile Money
PUR_003126,CUST_00933,PROD_0142,Gaming Console,338.87,2025-05-06,Mobile Money
PUR_003127,CUST_00933,PROD_0052,Ladies Kaftan Gown,224.98,2025-07-12,Cash on Delivery
PUR_003128,CUST_00933,PROD_0262,Hiking Backpack,177.4,2025-07-23,Cash on Delivery
PUR_003129,CUST_00933,PROD_0029,Women's Maxi Dress,134.27,2025-08-03,Mobile Money
PUR_003130,CUST_00933,PROD_0094,Power Bank 20000mAh,1942.63,2025-08-23,Cash on Delivery
PUR_003131,CUST_00933,PROD_0116,Universal Phone Case,841.78,2025-09-08,Cash on Delivery
PUR_003132,CUST_00933,PROD_0121,Blender (4L),2351.38,2025-09-14,Mobile Money
PUR_003133,CUST_00933,PROD_0240,Digital Thermometer,120.02,2025-09-20,Mobile Money
PUR_003134,CUST_00933,PROD_0185,Wall Clock,159.19,2025-09-22,Bank Transfer
PUR_003135,CUST_00933,PROD_0026,Men's Casual Blazer,400.98,2025-09-28,Mobile Money
PUR_003136,CUST_00933,PROD_0003,Cotton Polo Shirt,94.14,2025-11-18,Mobile Money
PUR_003137,CUST_00933,PROD_0070,Phone Charger (Type-C),729.22,2025-11-29,Mobile Money
PUR_003138,CUST_00933,PROD_0298,Sugar (2kg),71.74,2026-01-13,Card
PUR_003139,CUST_00933,PROD_0236,Glucometer Kit,55.25,2026-01-20,Mobile Money
PUR_003140,CUST_00933,PROD_0202,Deodorant Roll-on,121.2,2026-02-23,Mobile Money
PUR_003141,CUST_00933,PROD_0244,Bathroom Weighing Scale,48.12,2026-03-27,Mobile Money
PUR_003142,CUST_00933,PROD_0067,iPhone 13,3480.67,2026-04-12,Mobile Money
PUR_003143,CUST_00933,PROD_0002,Ladies Kaftan Gown,36.08,2026-05-04,Mobile Money
PUR_003144,CUST_00933,PROD_0068,Redmi Note 12,200.07,2026-05-23,Mobile Money
PUR_003145,CUST_00933,PROD_0067,iPhone 13,205.75,2026-05-28,Mobile Money
PUR_003146,CUST_00933,PROD_0241,Digital Thermometer,79.32,2026-06-09,Mobile Money
PUR_003147,CUST_00933,PROD_0258,Yoga Mat,357.96,2026-06-18,Mobile Money
PUR_003148,CUST_00933,PROD_0138,Microwave Oven,515.42,2026-06-22,Mobile Money
PUR_003149,CUST_00933,PROD_0271,Kids' Bicycle,87.31,2026-06-24,Card
PUR_003150,CUST_00933,PROD_0011,Unisex Sneakers,140.79,2026-06-30,Card
PUR_003151,CUST_00933,PROD_0192,Dining Table Set,62.18,2026-07-28,Card
PUR_003152,CUST_00934,PROD_0188,Water Dispenser,370.02,2025-12-20,Mobile Money
PUR_003153,CUST_00934,PROD_0147,LED Bulb Pack,276.63,2026-02-16,Card
PUR_003154,CUST_00934,PROD_0232,Bathroom Weighing Scale,89.96,2026-04-01,Mobile Money
PUR_003155,CUST_00934,PROD_0024,Women's Maxi Dress,136.29,2026-05-01,Cash on Delivery
PUR_003156,CUST_00934,PROD_0215,Skin Toner,46.29,2026-05-09,Cash on Delivery
PUR_003157,CUST_00935,PROD_0126,Gaming Console,3226.71,2026-07-04,Mobile Money
PUR_003158,CUST_00935,PROD_0073,Redmi Note 12,990.35,2026-08-23,Mobile Money
PUR_003159,CUST_00935,PROD_0168,Rice Cooker,233.32,2026-08-31,Mobile Money
PUR_003160,CUST_00937,PROD_0015,Unisex Sneakers,91.69,2026-09-03,Cash on Delivery
PUR_003161,CUST_00938,PROD_0171,Sofa Set,184.63,2024-05-26,Cash on Delivery
PUR_003162,CUST_00938,PROD_0167,Bedsheet Set (Queen),162.73,2025-05-10,Mobile Money
PUR_003163,CUST_00938,PROD_0069,Phone Charger (Type-C),994.45,2025-11-10,Card
PUR_003164,CUST_00938,PROD_0105,Samsung Galaxy A14,357.77,2026-01-29,Cash on Delivery
PUR_003165,CUST_00938,PROD_0067,iPhone 13,606.79,2026-06-05,Mobile Money
PUR_003166,CUST_00938,PROD_0195,Kitchen Knife Set,146.26,2026-06-08,Cash on Delivery
PUR_003167,CUST_00940,PROD_0123,Electric Iron,1282.31,2026-05-21,Cash on Delivery
PUR_003168,CUST_00940,PROD_0067,iPhone 13,625.59,2026-06-08,Cash on Delivery
PUR_003169,CUST_00940,PROD_0005,Men's Casual Blazer,48.67,2026-06-27,Mobile Money
PUR_003170,CUST_00940,PROD_0009,Ladies Kaftan Gown,71.27,2026-07-07,Mobile Money
PUR_003171,CUST_00940,PROD_0120,Redmi Note 12,1781.78,2026-08-02,Card
PUR_003172,CUST_00940,PROD_0010,Traditional Smock (Fugu),364.1,2026-08-11,Cash on Delivery
PUR_003173,CUST_00940,PROD_0234,Multivitamin Tablets,44.06,2026-08-13,Mobile Money
PUR_003174,CUST_00943,PROD_0274,Baby Carrier,125.24,2025-09-22,Cash on Delivery
PUR_003175,CUST_00943,PROD_0001,Traditional Smock (Fugu),216.91,2026-02-15,Mobile Money
PUR_003176,CUST_00943,PROD_0167,Bedsheet Set (Queen),282.83,2026-03-12,Card
PUR_003177,CUST_00943,PROD_0256,Camping Tent,218.94,2026-05-09,Mobile Money
PUR_003178,CUST_00943,PROD_0205,Deodorant Roll-on,102.37,2026-05-24,Cash on Delivery
PUR_003179,CUST_00943,PROD_0167,Bedsheet Set (Queen),157.62,2026-08-09,Mobile Money
PUR_003180,CUST_00943,PROD_0255,Water Bottle (1L),273.19,2026-08-29,Card
PUR_003181,CUST_00943,PROD_0042,Wax Print Skirt,94.3,2026-08-31,Mobile Money
PUR_003182,CUST_00944,PROD_0246,Face Mask Pack (50pcs),161.28,2025-05-12,Cash on Delivery
PUR_003183,CUST_00944,PROD_0035,Children's T-Shirt Set,87.07,2026-04-09,Mobile Money
PUR_003184,CUST_00944,PROD_0072,Phone Screen Protector,366.08,2026-07-03,Cash on Delivery
PUR_003185,CUST_00947,PROD_0002,Ladies Kaftan Gown,96.1,2026-07-25,Cash on Delivery
PUR_003186,CUST_00947,PROD_0122,Electric Iron,359.13,2026-08-17,Mobile Money
PUR_003187,CUST_00948,PROD_0223,Makeup Kit,37.5,2026-05-23,Card
PUR_003188,CUST_00949,PROD_0079,iPhone 13,742.18,2024-10-23,Cash on Delivery
PUR_003189,CUST_00950,PROD_0038,Ladies Handbag,105.65,2026-07-07,Mobile Money
PUR_003190,CUST_00950,PROD_0057,Ladies Handbag,101.05,2026-07-31,Mobile Money
PUR_003191,CUST_00954,PROD_0124,LED Bulb Pack,169.07,2024-12-30,Cash on Delivery
PUR_003192,CUST_00954,PROD_0013,Ankara Print Dress,103.19,2025-01-01,Mobile Money
PUR_003193,CUST_00954,PROD_0056,Leather Sandals,324.16,2025-02-05,Card
PUR_003194,CUST_00954,PROD_0011,Unisex Sneakers,57.67,2025-07-07,Cash on Delivery
PUR_003195,CUST_00954,PROD_0223,Makeup Kit,112.8,2026-04-14,Mobile Money
PUR_003196,CUST_00955,PROD_0084,Samsung Galaxy A14,1091.34,2026-07-01,Mobile Money
PUR_003197,CUST_00955,PROD_0254,Basketball,194.42,2026-08-19,Card
PUR_003198,CUST_00957,PROD_0167,Bedsheet Set (Queen),237.39,2026-02-18,Mobile Money
PUR_003199,CUST_00959,PROD_0253,Running Shoes,104.63,2026-07-16,Mobile Money
PUR_003200,CUST_00959,PROD_0168,Rice Cooker,122.63,2026-07-27,Cash on Delivery
PUR_003201,CUST_00959,PROD_0182,Curtain Set,388.56,2026-08-08,Card
PUR_003202,CUST_00959,PROD_0273,Baby Diapers Pack,148.62,2026-08-10,Mobile Money
PUR_003203,CUST_00959,PROD_0255,Water Bottle (1L),92.57,2026-09-01,Mobile Money
PUR_003204,CUST_00962,PROD_0003,Cotton Polo Shirt,360.09,2026-05-07,Mobile Money
PUR_003205,CUST_00965,PROD_0006,Men's Casual Blazer,186.62,2026-06-17,Cash on Delivery
PUR_003206,CUST_00965,PROD_0069,Phone Charger (Type-C),2573.48,2026-06-24,Card
PUR_003207,CUST_00965,PROD_0179,Wall Clock,203.93,2026-09-04,Card
PUR_003208,CUST_00966,PROD_0069,Phone Charger (Type-C),732.49,2026-06-11,Cash on Delivery
PUR_003209,CUST_00966,PROD_0289,Kids' Storybook,32.58,2026-06-19,Mobile Money
PUR_003210,CUST_00966,PROD_0204,Beard Grooming Kit,69.57,2026-07-12,Mobile Money
PUR_003211,CUST_00966,PROD_0231,Nail Polish Set,23.82,2026-07-15,Mobile Money
PUR_003212,CUST_00966,PROD_0066,Men's Slim Fit Jeans,75.97,2026-07-21,Mobile Money
PUR_003213,CUST_00966,PROD_0083,Redmi Note 12,591.72,2026-08-29,Card
PUR_003214,CUST_00971,PROD_0202,Deodorant Roll-on,46.9,2026-05-18,Mobile Money
PUR_003215,CUST_00971,PROD_0092,Huawei MatePad,2063.3,2026-07-20,Card
PUR_003216,CUST_00971,PROD_0286,Hardcover Notebook,48.09,2026-08-21,Cash on Delivery
PUR_003217,CUST_00972,PROD_0067,iPhone 13,1627.19,2024-08-21,Mobile Money
PUR_003218,CUST_00972,PROD_0072,Phone Screen Protector,2334.92,2025-10-31,Mobile Money
PUR_003219,CUST_00973,PROD_0105,Samsung Galaxy A14,1011.84,2026-02-08,Mobile Money
PUR_003220,CUST_00973,PROD_0104,Tecno Spark 10,1419.21,2026-03-31,Card
PUR_003221,CUST_00977,PROD_0009,Ladies Kaftan Gown,83.02,2026-04-01,Card
PUR_003222,CUST_00977,PROD_0077,Bluetooth Headset,692.07,2026-05-04,Mobile Money
PUR_003223,CUST_00977,PROD_0067,iPhone 13,550.82,2026-05-16,Card
PUR_003224,CUST_00977,PROD_0121,Blender (4L),1201.58,2026-06-04,Cash on Delivery
PUR_003225,CUST_00980,PROD_0275,Kids' Bicycle,64.34,2025-12-23,Mobile Money
PUR_003226,CUST_00980,PROD_0185,Wall Clock,468.55,2026-04-25,Mobile Money
PUR_003227,CUST_00980,PROD_0030,Men's Casual Blazer,85.24,2026-05-11,Mobile Money
PUR_003228,CUST_00980,PROD_0075,Redmi Note 12,2006.49,2026-05-26,Mobile Money
PUR_003229,CUST_00980,PROD_0079,iPhone 13,2366.27,2026-05-31,Mobile Money
PUR_003230,CUST_00980,PROD_0262,Hiking Backpack,150.47,2026-06-29,Cash on Delivery
PUR_003231,CUST_00980,PROD_0154,Gaming Console,628.19,2026-07-01,Card
PUR_003232,CUST_00980,PROD_0088,Universal Phone Case,2792.46,2026-07-09,Card
PUR_003233,CUST_00980,PROD_0167,Bedsheet Set (Queen),202.96,2026-08-12,Card
PUR_003234,CUST_00980,PROD_0071,Bluetooth Headset,454.72,2026-08-17,Card
PUR_003235,CUST_00980,PROD_0122,Electric Iron,228.52,2026-08-27,Cash on Delivery
PUR_003236,CUST_00982,PROD_0172,Curtain Set,119.75,2025-08-12,Bank Transfer
PUR_003237,CUST_00982,PROD_0255,Water Bottle (1L),196.26,2026-01-12,Mobile Money
PUR_003238,CUST_00982,PROD_0042,Wax Print Skirt,94.97,2026-01-15,Cash on Delivery
PUR_003239,CUST_00982,PROD_0079,iPhone 13,634.0,2026-03-18,Card
PUR_003240,CUST_00983,PROD_0276,Baby Bath Tub,185.66,2026-09-04,Mobile Money
PUR_003241,CUST_00985,PROD_0031,Cotton Polo Shirt,172.69,2025-11-01,Cash on Delivery
PUR_003242,CUST_00985,PROD_0009,Ladies Kaftan Gown,208.21,2026-02-11,Mobile Money
PUR_003243,CUST_00985,PROD_0288,Scientific Calculator,18.28,2026-02-22,Mobile Money
PUR_003244,CUST_00985,PROD_0068,Redmi Note 12,892.26,2026-05-05,Cash on Delivery
PUR_003245,CUST_00985,PROD_0007,Kente Print Shirt,77.99,2026-08-14,Bank Transfer
PUR_003246,CUST_00986,PROD_0258,Yoga Mat,168.13,2026-01-09,Cash on Delivery
PUR_003247,CUST_00986,PROD_0168,Rice Cooker,471.28,2026-02-12,Mobile Money
PUR_003248,CUST_00986,PROD_0007,Kente Print Shirt,67.83,2026-02-14,Mobile Money
PUR_003249,CUST_00986,PROD_0073,Redmi Note 12,1104.18,2026-03-03,Cash on Delivery
PUR_003250,CUST_00986,PROD_0264,Camping Tent,91.7,2026-03-05,Mobile Money
PUR_003251,CUST_00986,PROD_0168,Rice Cooker,178.4,2026-03-06,Mobile Money
PUR_003252,CUST_00986,PROD_0254,Basketball,89.78,2026-03-14,Cash on Delivery
PUR_003253,CUST_00986,PROD_0120,Redmi Note 12,3433.39,2026-03-27,Mobile Money
PUR_003254,CUST_00986,PROD_0055,Kente Print Shirt,256.6,2026-03-27,Mobile Money
PUR_003255,CUST_00986,PROD_0088,Universal Phone Case,1218.88,2026-04-24,Mobile Money
PUR_003256,CUST_00986,PROD_0067,iPhone 13,930.49,2026-04-25,Bank Transfer
PUR_003257,CUST_00986,PROD_0019,Men's Casual Blazer,206.34,2026-05-05,Mobile Money
PUR_003258,CUST_00986,PROD_0151,Extension Socket,446.65,2026-05-13,Mobile Money
PUR_003259,CUST_00986,PROD_0075,Redmi Note 12,698.04,2026-06-23,Mobile Money
PUR_003260,CUST_00986,PROD_0279,Baby Wipes (80pcs),79.16,2026-07-25,Card
PUR_003261,CUST_00986,PROD_0253,Running Shoes,86.66,2026-07-27,Mobile Money
PUR_003262,CUST_00986,PROD_0218,Skin Toner,75.43,2026-07-31,Mobile Money
PUR_003263,CUST_00986,PROD_0259,Basketball,250.25,2026-08-18,Cash on Delivery
PUR_003264,CUST_00986,PROD_0127,Microwave Oven,341.45,2026-08-27,Mobile Money
PUR_003265,CUST_00987,PROD_0146,Home Theater System,608.92,2025-10-02,Mobile Money
PUR_003266,CUST_00987,PROD_0168,Rice Cooker,325.38,2026-02-05,Mobile Money
PUR_003267,CUST_00987,PROD_0202,Deodorant Roll-on,28.66,2026-04-07,Mobile Money
PUR_003268,CUST_00987,PROD_0029,Women's Maxi Dress,226.56,2026-04-15,Mobile Money
PUR_003269,CUST_00987,PROD_0067,iPhone 13,344.42,2026-06-25,Mobile Money
PUR_003270,CUST_00987,PROD_0208,Perfume (100ml),57.6,2026-07-25,Mobile Money
PUR_003271,CUST_00989,PROD_0069,Phone Charger (Type-C),1259.38,2026-06-19,Mobile Money
PUR_003272,CUST_00989,PROD_0148,Electric Iron,383.15,2026-07-21,Mobile Money
PUR_003273,CUST_00989,PROD_0067,iPhone 13,377.5,2026-08-02,Mobile Money
PUR_003274,CUST_00989,PROD_0173,Non-stick Cooking Pot Set,121.96,2026-08-19,Card
PUR_003275,CUST_00990,PROD_0183,Non-stick Cooking Pot Set,238.38,2025-11-27,Mobile Money
PUR_003276,CUST_00990,PROD_0289,Kids' Storybook,22.66,2026-04-14,Mobile Money
PUR_003277,CUST_00991,PROD_0025,Ladies Handbag,88.73,2025-01-27,Mobile Money
PUR_003278,CUST_00991,PROD_0039,Men's Slim Fit Jeans,167.48,2025-04-12,Mobile Money
PUR_003279,CUST_00991,PROD_0070,Phone Charger (Type-C),1084.76,2025-06-26,Cash on Delivery
PUR_003280,CUST_00991,PROD_0204,Beard Grooming Kit,62.93,2025-09-01,Mobile Money
PUR_003281,CUST_00991,PROD_0109,Phone Screen Protector,986.41,2025-10-31,Mobile Money
PUR_003282,CUST_00991,PROD_0174,Bedsheet Set (Queen),189.84,2026-01-01,Mobile Money
PUR_003283,CUST_00991,PROD_0296,Garri (2kg),106.97,2026-03-17,Mobile Money
PUR_003284,CUST_00991,PROD_0066,Men's Slim Fit Jeans,106.86,2026-04-13,Bank Transfer
PUR_003285,CUST_00992,PROD_0121,Blender (4L),1511.6,2025-08-01,Mobile Money
PUR_003286,CUST_00992,PROD_0007,Kente Print Shirt,89.84,2025-08-20,Card
PUR_003287,CUST_00992,PROD_0060,Ankara Print Dress,50.06,2025-09-14,Mobile Money
PUR_003288,CUST_00992,PROD_0296,Garri (2kg),156.83,2025-10-19,Mobile Money
PUR_003289,CUST_00992,PROD_0006,Men's Casual Blazer,98.5,2025-11-01,Card
PUR_003290,CUST_00992,PROD_0188,Water Dispenser,183.22,2025-11-09,Bank Transfer
PUR_003291,CUST_00992,PROD_0126,Gaming Console,384.59,2025-11-25,Mobile Money
PUR_003292,CUST_00992,PROD_0001,Traditional Smock (Fugu),73.71,2025-12-04,Mobile Money
PUR_003293,CUST_00992,PROD_0011,Unisex Sneakers,82.02,2025-12-31,Mobile Money
PUR_003294,CUST_00992,PROD_0273,Baby Diapers Pack,146.09,2026-01-06,Bank Transfer
PUR_003295,CUST_00992,PROD_0204,Beard Grooming Kit,49.03,2026-01-12,Mobile Money
PUR_003296,CUST_00992,PROD_0217,Sunscreen SPF50,109.44,2026-01-14,Mobile Money
PUR_003297,CUST_00992,PROD_0253,Running Shoes,264.19,2026-01-15,Cash on Delivery
PUR_003298,CUST_00992,PROD_0172,Curtain Set,139.92,2026-01-30,Mobile Money
PUR_003299,CUST_00992,PROD_0264,Camping Tent,201.77,2026-02-05,Mobile Money
PUR_003300,CUST_00992,PROD_0238,Digital Blood Pressure Monitor,109.17,2026-02-07,Cash on Delivery
PUR_003301,CUST_00992,PROD_0067,iPhone 13,1230.77,2026-02-16,Cash on Delivery
PUR_003302,CUST_00992,PROD_0166,Gas Cooker (4-Burner),61.77,2026-03-03,Mobile Money
PUR_003303,CUST_00992,PROD_0276,Baby Bath Tub,165.54,2026-03-06,Mobile Money
PUR_003304,CUST_00992,PROD_0244,Bathroom Weighing Scale,92.56,2026-03-11,Mobile Money
PUR_003305,CUST_00992,PROD_0259,Basketball,108.1,2026-03-11,Cash on Delivery
PUR_003306,CUST_00992,PROD_0055,Kente Print Shirt,111.8,2026-03-18,Cash on Delivery
PUR_003307,CUST_00992,PROD_0071,Bluetooth Headset,1446.91,2026-03-22,Mobile Money
PUR_003308,CUST_00992,PROD_0079,iPhone 13,3338.62,2026-04-02,Mobile Money
PUR_003309,CUST_00992,PROD_0145,Home Theater System,2466.2,2026-04-05,Cash on Delivery
PUR_003310,CUST_00992,PROD_0177,Rice Cooker,290.17,2026-04-08,Bank Transfer
PUR_003311,CUST_00992,PROD_0233,Multivitamin Tablets,35.76,2026-04-21,Mobile Money
PUR_003312,CUST_00992,PROD_0135,LED Bulb Pack,1528.46,2026-05-02,Mobile Money
PUR_003313,CUST_00992,PROD_0021,Leather Sandals,239.37,2026-05-02,Cash on Delivery
PUR_003314,CUST_00992,PROD_0078,Phone Screen Protector,275.61,2026-05-09,Mobile Money
PUR_003315,CUST_00992,PROD_0279,Baby Wipes (80pcs),28.95,2026-05-10,Cash on Delivery
PUR_003316,CUST_00992,PROD_0237,Multivitamin Tablets,139.54,2026-05-23,Mobile Money
PUR_003317,CUST_00992,PROD_0071,Bluetooth Headset,447.2,2026-05-26,Mobile Money
PUR_003318,CUST_00992,PROD_0236,Glucometer Kit,257.36,2026-05-27,Cash on Delivery
PUR_003319,CUST_00992,PROD_0100,Wireless Earbuds,795.34,2026-06-12,Mobile Money
PUR_003320,CUST_00992,PROD_0283,Toddler Shoes,79.48,2026-06-23,Card
PUR_003321,CUST_00992,PROD_0176,Curtain Set,286.33,2026-06-23,Card
PUR_003322,CUST_00992,PROD_0203,Braided Hair Extension,94.77,2026-07-01,Card
PUR_003323,CUST_00992,PROD_0219,Braided Hair Extension,102.38,2026-07-04,Mobile Money
PUR_003324,CUST_00992,PROD_0251,Protein Powder,105.95,2026-07-14,Mobile Money
PUR_003325,CUST_00992,PROD_0171,Sofa Set,121.01,2026-07-17,Mobile Money
PUR_003326,CUST_00992,PROD_0121,Blender (4L),357.32,2026-07-25,Cash on Delivery
PUR_003327,CUST_00992,PROD_0273,Baby Diapers Pack,69.83,2026-07-28,Mobile Money
PUR_003328,CUST_00992,PROD_0077,Bluetooth Headset,938.69,2026-07-29,Mobile Money
PUR_003329,CUST_00992,PROD_0140,Electric Iron,362.42,2026-07-30,Mobile Money
PUR_003330,CUST_00992,PROD_0252,Reading Glasses,75.24,2026-08-14,Mobile Money
PUR_003331,CUST_00992,PROD_0010,Traditional Smock (Fugu),114.13,2026-08-17,Mobile Money
PUR_003332,CUST_00992,PROD_0287,Highlighter Set,37.57,2026-08-20,Card
PUR_003333,CUST_00992,PROD_0023,Kente Print Shirt,183.62,2026-08-25,Mobile Money
PUR_003334,CUST_00992,PROD_0203,Braided Hair Extension,106.34,2026-08-28,Mobile Money
PUR_003335,CUST_00994,PROD_0033,Ankara Print Dress,145.03,2026-03-17,Mobile Money
PUR_003336,CUST_00994,PROD_0202,Deodorant Roll-on,29.2,2026-08-09,Mobile Money
PUR_003337,CUST_00995,PROD_0203,Braided Hair Extension,87.37,2026-06-23,Mobile Money
PUR_003338,CUST_00996,PROD_0202,Deodorant Roll-on,58.17,2026-09-02,Cash on Delivery
PUR_003339,CUST_00997,PROD_0001,Traditional Smock (Fugu),90.68,2024-10-16,Mobile Money
PUR_003340,CUST_00998,PROD_0006,Men's Casual Blazer,271.59,2026-07-29,Mobile Money
PUR_003341,CUST_00998,PROD_0230,Black Soap Bar,57.29,2026-08-23,Mobile Money
PUR_003342,CUST_00999,PROD_0275,Kids' Bicycle,79.77,2025-01-16,Mobile Money
PUR_003343,CUST_01001,PROD_0126,Gaming Console,291.93,2026-08-23,Mobile Money
PUR_003344,CUST_01001,PROD_0233,Multivitamin Tablets,31.49,2026-08-31,Bank Transfer
PUR_003345,CUST_01003,PROD_0001,Traditional Smock (Fugu),162.24,2025-05-06,Cash on Delivery
PUR_003346,CUST_01003,PROD_0176,Curtain Set,151.87,2025-05-16,Bank Transfer
PUR_003347,CUST_01003,PROD_0030,Men's Casual Blazer,224.56,2025-08-24,Card
PUR_003348,CUST_01003,PROD_0069,Phone Charger (Type-C),417.59,2025-10-05,Mobile Money
PUR_003349,CUST_01003,PROD_0137,43-inch LED TV,321.28,2026-02-20,Mobile Money
PUR_003350,CUST_01003,PROD_0004,Men's Slim Fit Jeans,371.15,2026-03-07,Mobile Money
PUR_003351,CUST_01003,PROD_0079,iPhone 13,290.25,2026-04-02,Mobile Money
PUR_003352,CUST_01003,PROD_0265,Cycling Helmet,126.69,2026-04-28,Mobile Money
PUR_003353,CUST_01004,PROD_0168,Rice Cooker,234.73,2025-06-21,Mobile Money
PUR_003354,CUST_01004,PROD_0230,Black Soap Bar,57.49,2025-11-24,Cash on Delivery
PUR_003355,CUST_01004,PROD_0222,Shea Butter Body Lotion,54.24,2025-12-12,Bank Transfer
PUR_003356,CUST_01004,PROD_0137,43-inch LED TV,365.19,2026-04-13,Mobile Money
PUR_003357,CUST_01004,PROD_0110,Samsung Galaxy Tab A8,1123.29,2026-05-03,Cash on Delivery
PUR_003358,CUST_01004,PROD_0296,Garri (2kg),154.24,2026-05-13,Cash on Delivery
PUR_003359,CUST_01004,PROD_0028,Men's Casual Blazer,323.83,2026-06-13,Cash on Delivery
PUR_003360,CUST_01004,PROD_0212,Perfume (100ml),81.89,2026-08-28,Mobile Money
PUR_003361,CUST_01005,PROD_0203,Braided Hair Extension,58.92,2025-02-08,Cash on Delivery
PUR_003362,CUST_01005,PROD_0067,iPhone 13,567.66,2025-09-20,Bank Transfer
PUR_003363,CUST_01005,PROD_0163,Extension Socket,378.53,2025-10-23,Cash on Delivery
PUR_003364,CUST_01005,PROD_0287,Highlighter Set,56.28,2026-01-12,Bank Transfer
PUR_003365,CUST_01005,PROD_0271,Kids' Bicycle,108.86,2026-04-20,Mobile Money
PUR_003366,CUST_01005,PROD_0018,Men's Formal Suit,108.6,2026-08-17,Mobile Money
PUR_003367,CUST_01005,PROD_0013,Ankara Print Dress,101.41,2026-08-23,Mobile Money
PUR_003368,CUST_01006,PROD_0024,Women's Maxi Dress,82.24,2025-12-02,Cash on Delivery
PUR_003369,CUST_01006,PROD_0135,LED Bulb Pack,218.27,2025-12-26,Card
PUR_003370,CUST_01006,PROD_0271,Kids' Bicycle,321.28,2026-01-12,Mobile Money
PUR_003371,CUST_01006,PROD_0287,Highlighter Set,58.76,2026-02-13,Mobile Money
PUR_003372,CUST_01006,PROD_0207,Skin Toner,79.51,2026-03-13,Card
PUR_003373,CUST_01006,PROD_0286,Hardcover Notebook,33.99,2026-03-21,Cash on Delivery
PUR_003374,CUST_01006,PROD_0166,Gas Cooker (4-Burner),251.13,2026-05-16,Mobile Money
PUR_003375,CUST_01006,PROD_0138,Microwave Oven,350.21,2026-05-18,Card
PUR_003376,CUST_01006,PROD_0226,Hair Dryer,33.03,2026-06-03,Cash on Delivery
PUR_003377,CUST_01006,PROD_0017,Men's Formal Suit,75.34,2026-07-20,Mobile Money
PUR_003378,CUST_01006,PROD_0192,Dining Table Set,48.55,2026-09-04,Mobile Money
PUR_003379,CUST_01008,PROD_0006,Men's Casual Blazer,23.39,2025-07-06,Cash on Delivery
PUR_003380,CUST_01008,PROD_0207,Skin Toner,44.95,2025-11-19,Mobile Money
PUR_003381,CUST_01008,PROD_0001,Traditional Smock (Fugu),168.1,2026-06-04,Mobile Money
PUR_003382,CUST_01008,PROD_0048,Women's Maxi Dress,151.93,2026-06-06,Cash on Delivery
PUR_003383,CUST_01009,PROD_0272,Baby Carrier,155.27,2026-07-16,Mobile Money
PUR_003384,CUST_01012,PROD_0210,Braided Hair Extension,93.67,2025-03-09,Cash on Delivery
PUR_003385,CUST_01012,PROD_0234,Multivitamin Tablets,96.94,2026-06-20,Mobile Money
PUR_003386,CUST_01013,PROD_0168,Rice Cooker,277.81,2024-12-07,Mobile Money
PUR_003387,CUST_01013,PROD_0069,Phone Charger (Type-C),663.35,2025-12-18,Mobile Money
PUR_003388,CUST_01013,PROD_0113,iPhone 13,691.44,2026-01-08,Mobile Money
PUR_003389,CUST_01013,PROD_0072,Phone Screen Protector,1953.21,2026-02-12,Mobile Money
PUR_003390,CUST_01015,PROD_0060,Ankara Print Dress,55.57,2026-03-12,Mobile Money
PUR_003391,CUST_01015,PROD_0295,Canned Tuna,27.37,2026-04-11,Cash on Delivery
PUR_003392,CUST_01015,PROD_0079,iPhone 13,878.04,2026-04-25,Mobile Money
PUR_003393,CUST_01016,PROD_0003,Cotton Polo Shirt,99.09,2023-12-30,Cash on Delivery
PUR_003394,CUST_01016,PROD_0071,Bluetooth Headset,874.38,2025-01-02,Card
PUR_003395,CUST_01016,PROD_0286,Hardcover Notebook,50.92,2025-12-15,Mobile Money
PUR_003396,CUST_01016,PROD_0164,43-inch LED TV,2512.4,2026-03-18,Mobile Money
PUR_003397,CUST_01016,PROD_0156,Desktop Computer,2030.58,2026-07-18,Mobile Money
PUR_003398,CUST_01016,PROD_0068,Redmi Note 12,1028.89,2026-08-29,Cash on Delivery
PUR_003399,CUST_01018,PROD_0286,Hardcover Notebook,63.79,2026-04-03,Mobile Money
PUR_003400,CUST_01018,PROD_0257,Running Shoes,55.28,2026-07-05,Mobile Money
PUR_003401,CUST_01019,PROD_0166,Gas Cooker (4-Burner),86.24,2026-05-08,Mobile Money
PUR_003402,CUST_01021,PROD_0168,Rice Cooker,502.57,2025-09-04,Mobile Money
PUR_003403,CUST_01021,PROD_0040,Men's Slim Fit Jeans,113.28,2026-06-25,Mobile Money
PUR_003404,CUST_01021,PROD_0202,Deodorant Roll-on,85.77,2026-08-31,Mobile Money
PUR_003405,CUST_01023,PROD_0271,Kids' Bicycle,93.49,2024-12-23,Mobile Money
PUR_003406,CUST_01023,PROD_0213,Deodorant Roll-on,40.74,2025-04-20,Mobile Money
PUR_003407,CUST_01023,PROD_0160,Rechargeable Fan,319.02,2026-06-18,Mobile Money
PUR_003408,CUST_01024,PROD_0033,Ankara Print Dress,126.57,2024-06-18,Mobile Money
PUR_003409,CUST_01024,PROD_0210,Braided Hair Extension,90.81,2024-07-02,Mobile Money
PUR_003410,CUST_01024,PROD_0287,Highlighter Set,41.81,2024-07-05,Card
PUR_003411,CUST_01024,PROD_0073,Redmi Note 12,2776.43,2024-07-07,Bank Transfer
PUR_003412,CUST_01024,PROD_0014,Men's Slim Fit Jeans,48.7,2024-08-26,Mobile Money
PUR_003413,CUST_01024,PROD_0135,LED Bulb Pack,349.5,2024-09-09,Mobile Money
PUR_003414,CUST_01024,PROD_0236,Glucometer Kit,47.61,2024-11-11,Mobile Money
PUR_003415,CUST_01024,PROD_0202,Deodorant Roll-on,33.9,2024-11-27,Cash on Delivery
PUR_003416,CUST_01024,PROD_0173,Non-stick Cooking Pot Set,156.07,2024-12-17,Mobile Money
PUR_003417,CUST_01024,PROD_0104,Tecno Spark 10,364.31,2025-02-27,Mobile Money
PUR_003418,CUST_01024,PROD_0103,Power Bank 20000mAh,295.67,2025-04-07,Cash on Delivery
PUR_003419,CUST_01024,PROD_0232,Bathroom Weighing Scale,86.14,2025-04-19,Cash on Delivery
PUR_003420,CUST_01024,PROD_0100,Wireless Earbuds,288.81,2025-04-24,Cash on Delivery
PUR_003421,CUST_01024,PROD_0302,Milk Powder (400g),99.03,2025-05-18,Card
PUR_003422,CUST_01024,PROD_0003,Cotton Polo Shirt,25.88,2025-06-09,Mobile Money
PUR_003423,CUST_01024,PROD_0166,Gas Cooker (4-Burner),107.59,2025-06-24,Mobile Money
PUR_003424,CUST_01024,PROD_0203,Braided Hair Extension,71.67,2025-06-25,Mobile Money
PUR_003425,CUST_01024,PROD_0073,Redmi Note 12,204.77,2025-07-17,Cash on Delivery
PUR_003426,CUST_01024,PROD_0026,Men's Casual Blazer,55.18,2025-07-19,Cash on Delivery
PUR_003427,CUST_01024,PROD_0295,Canned Tuna,50.07,2025-08-05,Mobile Money
PUR_003428,CUST_01024,PROD_0141,LED Bulb Pack,469.92,2025-09-05,Mobile Money
PUR_003429,CUST_01024,PROD_0247,Bathroom Weighing Scale,90.52,2025-09-05,Mobile Money
PUR_003430,CUST_01024,PROD_0172,Curtain Set,171.27,2025-09-07,Mobile Money
PUR_003431,CUST_01024,PROD_0234,Multivitamin Tablets,91.58,2025-09-08,Card
PUR_003432,CUST_01024,PROD_0203,Braided Hair Extension,53.55,2025-09-28,Mobile Money
PUR_003433,CUST_01024,PROD_0077,Bluetooth Headset,364.14,2025-10-14,Mobile Money
PUR_003434,CUST_01024,PROD_0184,Wall Clock,151.85,2025-10-27,Mobile Money
PUR_003435,CUST_01024,PROD_0170,Rice Cooker,382.04,2025-11-08,Mobile Money
PUR_003436,CUST_01024,PROD_0271,Kids' Bicycle,244.26,2025-11-19,Cash on Delivery
PUR_003437,CUST_01024,PROD_0271,Kids' Bicycle,85.1,2025-12-06,Card
PUR_003438,CUST_01024,PROD_0202,Deodorant Roll-on,30.09,2025-12-08,Mobile Money
PUR_003439,CUST_01024,PROD_0252,Reading Glasses,74.45,2025-12-09,Mobile Money
PUR_003440,CUST_01024,PROD_0181,Storage Containers Set,119.34,2025-12-11,Mobile Money
PUR_003441,CUST_01024,PROD_0071,Bluetooth Headset,1210.18,2025-12-15,Mobile Money
PUR_003442,CUST_01024,PROD_0117,Bluetooth Headset,493.34,2026-01-01,Mobile Money
PUR_003443,CUST_01024,PROD_0127,Microwave Oven,245.1,2026-01-02,Card
PUR_003444,CUST_01024,PROD_0151,Extension Socket,485.36,2026-01-22,Bank Transfer
PUR_003445,CUST_01024,PROD_0082,Samsung Galaxy A14,4445.71,2026-02-13,Cash on Delivery
PUR_003446,CUST_01024,PROD_0166,Gas Cooker (4-Burner),317.17,2026-03-09,Mobile Money
PUR_003447,CUST_01024,PROD_0100,Wireless Earbuds,747.9,2026-04-07,Card
PUR_003448,CUST_01024,PROD_0106,Samsung Galaxy Tab A8,1478.51,2026-05-15,Mobile Money
PUR_003449,CUST_01024,PROD_0232,Bathroom Weighing Scale,89.7,2026-05-29,Mobile Money
PUR_003450,CUST_01024,PROD_0011,Unisex Sneakers,118.74,2026-06-26,Mobile Money
PUR_003451,CUST_01024,PROD_0255,Water Bottle (1L),114.43,2026-06-29,Card
PUR_003452,CUST_01024,PROD_0271,Kids' Bicycle,58.79,2026-07-11,Card
PUR_003453,CUST_01024,PROD_0134,Gaming Console,103.68,2026-08-11,Cash on Delivery
PUR_003454,CUST_01026,PROD_0202,Deodorant Roll-on,37.92,2026-04-29,Card
PUR_003455,CUST_01026,PROD_0006,Men's Casual Blazer,90.11,2026-08-30,Cash on Delivery
PUR_003456,CUST_01027,PROD_0124,LED Bulb Pack,266.15,2025-06-27,Cash on Delivery
PUR_003457,CUST_01027,PROD_0271,Kids' Bicycle,228.56,2025-10-31,Mobile Money
PUR_003458,CUST_01027,PROD_0258,Yoga Mat,107.17,2026-05-09,Mobile Money
PUR_003459,CUST_01027,PROD_0286,Hardcover Notebook,15.22,2026-06-13,Mobile Money
PUR_003460,CUST_01028,PROD_0142,Gaming Console,839.19,2024-12-25,Cash on Delivery
PUR_003461,CUST_01028,PROD_0034,Men's Casual Blazer,366.11,2025-03-26,Mobile Money
PUR_003462,CUST_01028,PROD_0233,Multivitamin Tablets,41.75,2025-05-09,Cash on Delivery
PUR_003463,CUST_01028,PROD_0167,Bedsheet Set (Queen),236.65,2025-06-02,Card
PUR_003464,CUST_01028,PROD_0016,Women's Maxi Dress,117.49,2025-07-26,Cash on Delivery
PUR_003465,CUST_01028,PROD_0001,Traditional Smock (Fugu),95.78,2025-09-15,Card
PUR_003466,CUST_01028,PROD_0253,Running Shoes,183.36,2025-12-07,Mobile Money
PUR_003467,CUST_01028,PROD_0016,Women's Maxi Dress,146.1,2026-01-04,Mobile Money
PUR_003468,CUST_01028,PROD_0147,LED Bulb Pack,498.78,2026-01-28,Mobile Money
PUR_003469,CUST_01028,PROD_0183,Non-stick Cooking Pot Set,31.55,2026-01-29,Mobile Money
PUR_003470,CUST_01030,PROD_0151,Extension Socket,270.43,2025-12-07,Mobile Money
PUR_003471,CUST_01030,PROD_0203,Braided Hair Extension,61.72,2026-01-25,Mobile Money
PUR_003472,CUST_01030,PROD_0077,Bluetooth Headset,3392.92,2026-02-03,Mobile Money
PUR_003473,CUST_01030,PROD_0100,Wireless Earbuds,400.55,2026-03-01,Bank Transfer
PUR_003474,CUST_01030,PROD_0166,Gas Cooker (4-Burner),356.78,2026-04-09,Mobile Money
PUR_003475,CUST_01030,PROD_0033,Ankara Print Dress,143.92,2026-08-03,Cash on Delivery
PUR_003476,CUST_01032,PROD_0166,Gas Cooker (4-Burner),287.78,2026-06-03,Mobile Money
PUR_003477,CUST_01032,PROD_0033,Ankara Print Dress,470.76,2026-09-01,Cash on Delivery
PUR_003478,CUST_01033,PROD_0067,iPhone 13,574.33,2026-07-26,Card
PUR_003479,CUST_01036,PROD_0234,Multivitamin Tablets,92.64,2026-02-08,Cash on Delivery
PUR_003480,CUST_01036,PROD_0174,Bedsheet Set (Queen),264.55,2026-03-21,Mobile Money
PUR_003481,CUST_01036,PROD_0202,Deodorant Roll-on,111.52,2026-03-27,Mobile Money
PUR_003482,CUST_01037,PROD_0014,Men's Slim Fit Jeans,67.69,2026-07-27,Card
PUR_003483,CUST_01038,PROD_0168,Rice Cooker,337.53,2025-12-20,Mobile Money
PUR_003484,CUST_01038,PROD_0258,Yoga Mat,232.44,2026-03-25,Cash on Delivery
PUR_003485,CUST_01038,PROD_0120,Redmi Note 12,535.73,2026-04-11,Mobile Money
PUR_003486,CUST_01038,PROD_0205,Deodorant Roll-on,25.52,2026-07-07,Mobile Money
PUR_003487,CUST_01041,PROD_0067,iPhone 13,2985.31,2025-12-08,Mobile Money
PUR_003488,CUST_01041,PROD_0019,Men's Casual Blazer,57.81,2026-03-12,Card
PUR_003489,CUST_01041,PROD_0084,Samsung Galaxy A14,2584.02,2026-06-10,Card
PUR_003490,CUST_01042,PROD_0255,Water Bottle (1L),57.14,2025-10-18,Cash on Delivery
PUR_003491,CUST_01042,PROD_0082,Samsung Galaxy A14,376.52,2026-05-25,Card
PUR_003492,CUST_01044,PROD_0123,Electric Iron,515.61,2026-01-09,Cash on Delivery
PUR_003493,CUST_01044,PROD_0202,Deodorant Roll-on,130.25,2026-02-19,Cash on Delivery
PUR_003494,CUST_01044,PROD_0170,Rice Cooker,749.3,2026-02-22,Mobile Money
PUR_003495,CUST_01044,PROD_0092,Huawei MatePad,877.27,2026-03-09,Mobile Money
PUR_003496,CUST_01044,PROD_0286,Hardcover Notebook,70.41,2026-04-01,Card
PUR_003497,CUST_01044,PROD_0153,Rechargeable Fan,291.04,2026-05-09,Mobile Money
PUR_003498,CUST_01044,PROD_0125,LED Bulb Pack,1207.85,2026-06-15,Mobile Money
PUR_003499,CUST_01044,PROD_0129,43-inch LED TV,214.77,2026-06-22,Mobile Money
PUR_003500,CUST_01044,PROD_0171,Sofa Set,253.73,2026-06-29,Cash on Delivery
PUR_003501,CUST_01045,PROD_0074,Phone Screen Protector,814.67,2025-03-04,Mobile Money
PUR_003502,CUST_01045,PROD_0255,Water Bottle (1L),120.18,2025-06-14,Bank Transfer
PUR_003503,CUST_01045,PROD_0188,Water Dispenser,458.56,2026-01-22,Cash on Delivery
PUR_003504,CUST_01045,PROD_0068,Redmi Note 12,569.63,2026-04-12,Card
PUR_003505,CUST_01045,PROD_0001,Traditional Smock (Fugu),692.81,2026-04-17,Mobile Money
PUR_003506,CUST_01045,PROD_0018,Men's Formal Suit,264.51,2026-05-19,Cash on Delivery
PUR_003507,CUST_01045,PROD_0097,Phone Screen Protector,265.52,2026-07-09,Mobile Money
PUR_003508,CUST_01046,PROD_0032,Men's Formal Suit,195.44,2025-12-04,Mobile Money
PUR_003509,CUST_01046,PROD_0169,Bedsheet Set (Queen),222.05,2025-12-27,Mobile Money
PUR_003510,CUST_01046,PROD_0005,Men's Casual Blazer,64.11,2026-04-16,Card
PUR_003511,CUST_01046,PROD_0075,Redmi Note 12,4305.7,2026-05-15,Mobile Money
PUR_003512,CUST_01047,PROD_0170,Rice Cooker,346.44,2026-08-04,Cash on Delivery
PUR_003513,CUST_01047,PROD_0225,Facial Cleanser,36.58,2026-08-07,Bank Transfer
PUR_003514,CUST_01049,PROD_0005,Men's Casual Blazer,122.96,2024-10-21,Mobile Money
PUR_003515,CUST_01049,PROD_0069,Phone Charger (Type-C),1838.51,2025-09-22,Mobile Money
PUR_003516,CUST_01049,PROD_0151,Extension Socket,3055.84,2025-10-25,Mobile Money
PUR_003517,CUST_01049,PROD_0086,Tecno Spark 10,1228.69,2026-01-02,Card
PUR_003518,CUST_01049,PROD_0002,Ladies Kaftan Gown,94.26,2026-02-11,Mobile Money
PUR_003519,CUST_01051,PROD_0125,LED Bulb Pack,2706.79,2026-05-16,Cash on Delivery
PUR_003520,CUST_01051,PROD_0173,Non-stick Cooking Pot Set,111.56,2026-08-14,Mobile Money
PUR_003521,CUST_01052,PROD_0219,Braided Hair Extension,90.55,2026-07-11,Cash on Delivery
PUR_003522,CUST_01053,PROD_0254,Basketball,100.67,2024-04-26,Mobile Money
PUR_003523,CUST_01053,PROD_0006,Men's Casual Blazer,102.71,2024-12-20,Bank Transfer
PUR_003524,CUST_01053,PROD_0015,Unisex Sneakers,85.3,2024-12-26,Bank Transfer
PUR_003525,CUST_01053,PROD_0183,Non-stick Cooking Pot Set,161.64,2025-02-23,Cash on Delivery
PUR_003526,CUST_01053,PROD_0073,Redmi Note 12,1404.74,2025-04-01,Mobile Money
PUR_003527,CUST_01053,PROD_0067,iPhone 13,1703.75,2025-04-19,Cash on Delivery
PUR_003528,CUST_01053,PROD_0228,Sunscreen SPF50,66.41,2025-04-24,Mobile Money
PUR_003529,CUST_01053,PROD_0057,Ladies Handbag,75.68,2025-06-24,Mobile Money
PUR_003530,CUST_01053,PROD_0150,Extension Socket,1682.09,2025-07-09,Mobile Money
PUR_003531,CUST_01053,PROD_0121,Blender (4L),1283.49,2025-09-08,Mobile Money
PUR_003532,CUST_01053,PROD_0273,Baby Diapers Pack,80.21,2025-12-28,Card
PUR_003533,CUST_01053,PROD_0190,Wall Clock,48.32,2026-01-07,Bank Transfer
PUR_003534,CUST_01053,PROD_0124,LED Bulb Pack,825.83,2026-01-27,Mobile Money
PUR_003535,CUST_01053,PROD_0148,Electric Iron,608.82,2026-02-01,Mobile Money
PUR_003536,CUST_01053,PROD_0173,Non-stick Cooking Pot Set,168.7,2026-04-14,Bank Transfer
PUR_003537,CUST_01053,PROD_0068,Redmi Note 12,1148.58,2026-06-06,Card
PUR_003538,CUST_01053,PROD_0202,Deodorant Roll-on,100.18,2026-06-10,Mobile Money
PUR_003539,CUST_01053,PROD_0272,Baby Carrier,85.35,2026-06-12,Card
PUR_003540,CUST_01053,PROD_0288,Scientific Calculator,55.0,2026-06-18,Cash on Delivery
PUR_003541,CUST_01053,PROD_0202,Deodorant Roll-on,163.39,2026-07-23,Card
PUR_003542,CUST_01053,PROD_0062,Kente Print Shirt,213.76,2026-08-28,Mobile Money
PUR_003543,CUST_01054,PROD_0015,Unisex Sneakers,157.45,2025-09-03,Card
PUR_003544,CUST_01054,PROD_0177,Rice Cooker,502.02,2025-09-08,Card
PUR_003545,CUST_01054,PROD_0002,Ladies Kaftan Gown,166.88,2026-02-26,Bank Transfer
PUR_003546,CUST_01054,PROD_0116,Universal Phone Case,1511.98,2026-05-11,Mobile Money
PUR_003547,CUST_01054,PROD_0124,LED Bulb Pack,1324.59,2026-05-22,Cash on Delivery
PUR_003548,CUST_01054,PROD_0281,Educational Toy Set,32.29,2026-07-21,Cash on Delivery
PUR_003549,CUST_01055,PROD_0281,Educational Toy Set,137.56,2023-06-11,Mobile Money
PUR_003550,CUST_01055,PROD_0185,Wall Clock,290.72,2024-07-12,Mobile Money
PUR_003551,CUST_01055,PROD_0008,Kente Print Shirt,268.84,2025-07-26,Bank Transfer
PUR_003552,CUST_01055,PROD_0210,Braided Hair Extension,29.33,2026-04-30,Cash on Delivery
PUR_003553,CUST_01055,PROD_0209,Makeup Kit,44.88,2026-06-18,Cash on Delivery
PUR_003554,CUST_01056,PROD_0184,Wall Clock,602.9,2026-05-23,Card
PUR_003555,CUST_01056,PROD_0282,Kids Building Blocks,91.94,2026-08-24,Mobile Money
PUR_003556,CUST_01057,PROD_0202,Deodorant Roll-on,57.33,2025-11-19,Card
PUR_003557,CUST_01057,PROD_0157,Bluetooth Speaker,1352.9,2025-12-28,Cash on Delivery
PUR_003558,CUST_01057,PROD_0015,Unisex Sneakers,59.29,2026-05-03,Card
PUR_003559,CUST_01058,PROD_0007,Kente Print Shirt,243.56,2026-03-23,Card
PUR_003560,CUST_01058,PROD_0134,Gaming Console,252.55,2026-08-05,Mobile Money
PUR_003561,CUST_01059,PROD_0203,Braided Hair Extension,68.31,2026-01-27,Mobile Money
PUR_003562,CUST_01059,PROD_0076,Phone Charger (Type-C),453.69,2026-02-07,Cash on Delivery
PUR_003563,CUST_01059,PROD_0067,iPhone 13,1939.09,2026-08-25,Mobile Money
PUR_003564,CUST_01059,PROD_0001,Traditional Smock (Fugu),259.73,2026-08-27,Mobile Money
PUR_003565,CUST_01060,PROD_0030,Men's Casual Blazer,153.14,2026-03-13,Mobile Money
PUR_003566,CUST_01061,PROD_0188,Water Dispenser,404.38,2025-02-22,Cash on Delivery
PUR_003567,CUST_01061,PROD_0256,Camping Tent,211.39,2025-06-30,Mobile Money
PUR_003568,CUST_01061,PROD_0067,iPhone 13,273.39,2025-09-16,Cash on Delivery
PUR_003569,CUST_01061,PROD_0215,Skin Toner,63.98,2026-01-06,Mobile Money
PUR_003570,CUST_01061,PROD_0108,Wireless Earbuds,752.94,2026-05-09,Card
PUR_003571,CUST_01062,PROD_0027,Ladies Kaftan Gown,69.12,2025-02-08,Cash on Delivery
PUR_003572,CUST_01062,PROD_0217,Sunscreen SPF50,51.58,2025-04-08,Mobile Money
PUR_003573,CUST_01062,PROD_0092,Huawei MatePad,847.03,2025-11-01,Card
PUR_003574,CUST_01062,PROD_0243,Protein Powder,77.05,2026-01-15,Mobile Money
PUR_003575,CUST_01062,PROD_0086,Tecno Spark 10,250.85,2026-02-17,Mobile Money
PUR_003576,CUST_01062,PROD_0153,Rechargeable Fan,2763.36,2026-06-09,Card
PUR_003577,CUST_01063,PROD_0200,Dining Table Set,208.86,2025-06-28,Card
PUR_003578,CUST_01063,PROD_0062,Kente Print Shirt,101.69,2025-09-19,Mobile Money
PUR_003579,CUST_01063,PROD_0203,Braided Hair Extension,45.45,2025-11-10,Mobile Money
PUR_003580,CUST_01063,PROD_0258,Yoga Mat,195.6,2026-04-22,Card
PUR_003581,CUST_01067,PROD_0241,Digital Thermometer,61.03,2026-06-02,Mobile Money
PUR_003582,CUST_01067,PROD_0048,Women's Maxi Dress,169.64,2026-06-12,Cash on Delivery
PUR_003583,CUST_01067,PROD_0267,Cycling Helmet,167.74,2026-06-30,Cash on Delivery
PUR_003584,CUST_01067,PROD_0002,Ladies Kaftan Gown,54.88,2026-07-10,Mobile Money
PUR_003585,CUST_01067,PROD_0072,Phone Screen Protector,5589.04,2026-07-18,Mobile Money
PUR_003586,CUST_01067,PROD_0004,Men's Slim Fit Jeans,234.56,2026-08-05,Mobile Money
PUR_003587,CUST_01067,PROD_0250,Herbal Tea Pack,63.19,2026-08-08,Card
PUR_003588,CUST_01067,PROD_0255,Water Bottle (1L),217.08,2026-08-11,Mobile Money
PUR_003589,CUST_01067,PROD_0183,Non-stick Cooking Pot Set,497.99,2026-08-16,Mobile Money
PUR_003590,CUST_01067,PROD_0075,Redmi Note 12,1202.4,2026-08-17,Cash on Delivery
PUR_003591,CUST_01067,PROD_0168,Rice Cooker,75.66,2026-08-18,Mobile Money
PUR_003592,CUST_01067,PROD_0069,Phone Charger (Type-C),379.42,2026-08-19,Mobile Money
PUR_003593,CUST_01067,PROD_0186,Storage Containers Set,157.56,2026-08-25,Mobile Money
PUR_003594,CUST_01067,PROD_0236,Glucometer Kit,78.28,2026-08-30,Mobile Money
PUR_003595,CUST_01067,PROD_0277,Feeding Bottle Set,119.14,2026-09-03,Mobile Money
PUR_003596,CUST_01067,PROD_0075,Redmi Note 12,634.75,2026-09-04,Mobile Money
PUR_003597,CUST_01069,PROD_0233,Multivitamin Tablets,68.72,2026-09-01,Cash on Delivery
PUR_003598,CUST_01071,PROD_0232,Bathroom Weighing Scale,127.22,2026-07-20,Mobile Money
PUR_003599,CUST_01075,PROD_0193,Cutlery Set,105.15,2026-01-23,Mobile Money
PUR_003600,CUST_01076,PROD_0204,Beard Grooming Kit,87.17,2026-04-28,Mobile Money
PUR_003601,CUST_01076,PROD_0203,Braided Hair Extension,77.14,2026-05-15,Mobile Money
PUR_003602,CUST_01076,PROD_0005,Men's Casual Blazer,80.21,2026-07-01,Cash on Delivery
PUR_003603,CUST_01076,PROD_0202,Deodorant Roll-on,39.39,2026-08-16,Mobile Money
PUR_003604,CUST_01079,PROD_0123,Electric Iron,292.27,2026-08-07,Mobile Money
PUR_003605,CUST_01079,PROD_0237,Multivitamin Tablets,96.56,2026-08-26,Mobile Money
PUR_003606,CUST_01080,PROD_0236,Glucometer Kit,45.27,2025-02-18,Mobile Money
PUR_003607,CUST_01080,PROD_0149,Gaming Console,406.63,2025-08-01,Mobile Money
PUR_003608,CUST_01080,PROD_0181,Storage Containers Set,122.8,2025-09-05,Mobile Money
PUR_003609,CUST_01084,PROD_0002,Ladies Kaftan Gown,189.05,2025-12-19,Card
PUR_003610,CUST_01084,PROD_0075,Redmi Note 12,624.53,2026-01-05,Mobile Money
PUR_003611,CUST_01084,PROD_0167,Bedsheet Set (Queen),580.21,2026-01-30,Cash on Delivery
PUR_003612,CUST_01084,PROD_0063,Men's Slim Fit Jeans,92.18,2026-02-05,Mobile Money
PUR_003613,CUST_01084,PROD_0174,Bedsheet Set (Queen),211.97,2026-04-16,Mobile Money
PUR_003614,CUST_01084,PROD_0297,Rice (5kg Bag),99.1,2026-05-02,Mobile Money
PUR_003615,CUST_01085,PROD_0274,Baby Carrier,122.9,2025-03-09,Bank Transfer
PUR_003616,CUST_01086,PROD_0139,Digital Camera,589.5,2026-02-04,Mobile Money
PUR_003617,CUST_01086,PROD_0121,Blender (4L),289.68,2026-04-12,Mobile Money
PUR_003618,CUST_01089,PROD_0281,Educational Toy Set,121.63,2025-02-11,Mobile Money
PUR_003619,CUST_01089,PROD_0098,Power Bank 20000mAh,1311.35,2025-08-17,Mobile Money
PUR_003620,CUST_01089,PROD_0123,Electric Iron,573.57,2025-09-27,Cash on Delivery
PUR_003621,CUST_01089,PROD_0232,Bathroom Weighing Scale,41.05,2025-11-13,Cash on Delivery
PUR_003622,CUST_01089,PROD_0260,Gym Gloves,154.93,2025-12-12,Mobile Money
PUR_003623,CUST_01089,PROD_0194,Rice Cooker,255.6,2026-03-16,Cash on Delivery
PUR_003624,CUST_01091,PROD_0121,Blender (4L),785.17,2024-09-15,Cash on Delivery
PUR_003625,CUST_01091,PROD_0070,Phone Charger (Type-C),271.1,2025-02-06,Mobile Money
PUR_003626,CUST_01091,PROD_0205,Deodorant Roll-on,37.38,2025-06-03,Mobile Money
PUR_003627,CUST_01091,PROD_0149,Gaming Console,503.78,2026-05-23,Mobile Money
PUR_003628,CUST_01091,PROD_0288,Scientific Calculator,39.19,2026-08-20,Cash on Delivery
PUR_003629,CUST_01092,PROD_0159,Bluetooth Speaker,595.06,2026-04-05,Mobile Money
PUR_003630,CUST_01092,PROD_0177,Rice Cooker,197.6,2026-07-26,Mobile Money
PUR_003631,CUST_01093,PROD_0247,Bathroom Weighing Scale,53.82,2025-11-18,Mobile Money
PUR_003632,CUST_01093,PROD_0215,Skin Toner,40.29,2026-02-02,Mobile Money
PUR_003633,CUST_01093,PROD_0232,Bathroom Weighing Scale,96.06,2026-02-03,Mobile Money
PUR_003634,CUST_01093,PROD_0232,Bathroom Weighing Scale,139.4,2026-03-15,Mobile Money
PUR_003635,CUST_01093,PROD_0202,Deodorant Roll-on,34.7,2026-03-16,Mobile Money
PUR_003636,CUST_01093,PROD_0274,Baby Carrier,72.44,2026-03-23,Cash on Delivery
PUR_003637,CUST_01093,PROD_0004,Men's Slim Fit Jeans,127.14,2026-04-07,Cash on Delivery
PUR_003638,CUST_01093,PROD_0121,Blender (4L),1628.0,2026-04-18,Mobile Money
PUR_003639,CUST_01093,PROD_0288,Scientific Calculator,22.85,2026-05-17,Mobile Money
PUR_003640,CUST_01093,PROD_0297,Rice (5kg Bag),46.05,2026-05-18,Mobile Money
PUR_003641,CUST_01093,PROD_0208,Perfume (100ml),57.43,2026-06-15,Mobile Money
PUR_003642,CUST_01093,PROD_0271,Kids' Bicycle,68.45,2026-06-19,Cash on Delivery
PUR_003643,CUST_01093,PROD_0262,Hiking Backpack,125.29,2026-07-02,Mobile Money
PUR_003644,CUST_01093,PROD_0159,Bluetooth Speaker,373.14,2026-07-02,Mobile Money
PUR_003645,CUST_01093,PROD_0178,Gas Cooker (4-Burner),82.05,2026-07-02,Mobile Money
PUR_003646,CUST_01093,PROD_0071,Bluetooth Headset,609.23,2026-08-03,Cash on Delivery
PUR_003647,CUST_01093,PROD_0077,Bluetooth Headset,508.88,2026-08-31,Mobile Money
PUR_003648,CUST_01099,PROD_0166,Gas Cooker (4-Burner),510.09,2025-08-19,Cash on Delivery
PUR_003649,CUST_01099,PROD_0067,iPhone 13,872.3,2025-11-13,Card
PUR_003650,CUST_01099,PROD_0002,Ladies Kaftan Gown,201.9,2025-12-25,Card
PUR_003651,CUST_01099,PROD_0170,Rice Cooker,394.23,2026-01-17,Bank Transfer
PUR_003652,CUST_01099,PROD_0169,Bedsheet Set (Queen),159.39,2026-02-26,Mobile Money
PUR_003653,CUST_01099,PROD_0093,Samsung Galaxy A14,905.03,2026-06-04,Mobile Money
PUR_003654,CUST_01103,PROD_0057,Ladies Handbag,47.82,2024-09-13,Mobile Money
PUR_003655,CUST_01103,PROD_0070,Phone Charger (Type-C),367.85,2025-01-12,Card
PUR_003656,CUST_01103,PROD_0168,Rice Cooker,189.22,2025-06-11,Mobile Money
PUR_003657,CUST_01104,PROD_0166,Gas Cooker (4-Burner),467.84,2025-09-04,Cash on Delivery
PUR_003658,CUST_01104,PROD_0262,Hiking Backpack,197.5,2025-10-31,Mobile Money
PUR_003659,CUST_01105,PROD_0289,Kids' Storybook,25.72,2024-05-31,Mobile Money
PUR_003660,CUST_01105,PROD_0287,Highlighter Set,36.64,2025-01-10,Mobile Money
PUR_003661,CUST_01105,PROD_0207,Skin Toner,63.51,2025-02-28,Mobile Money
PUR_003662,CUST_01105,PROD_0067,iPhone 13,829.02,2025-05-22,Mobile Money
PUR_003663,CUST_01105,PROD_0286,Hardcover Notebook,28.52,2025-10-21,Mobile Money
PUR_003664,CUST_01105,PROD_0028,Men's Casual Blazer,244.97,2025-10-28,Mobile Money
PUR_003665,CUST_01105,PROD_0190,Wall Clock,61.28,2025-12-27,Cash on Delivery
PUR_003666,CUST_01106,PROD_0121,Blender (4L),225.75,2026-08-28,Bank Transfer
PUR_003667,CUST_01106,PROD_0109,Phone Screen Protector,2164.44,2026-08-30,Mobile Money
PUR_003668,CUST_01107,PROD_0294,A4 Printing Paper Ream,43.51,2026-05-09,Cash on Delivery
PUR_003669,CUST_01107,PROD_0068,Redmi Note 12,539.98,2026-05-15,Mobile Money
PUR_003670,CUST_01108,PROD_0003,Cotton Polo Shirt,196.27,2025-12-29,Card
PUR_003671,CUST_01109,PROD_0169,Bedsheet Set (Queen),131.77,2025-11-03,Bank Transfer
PUR_003672,CUST_01109,PROD_0236,Glucometer Kit,53.77,2025-11-04,Cash on Delivery
PUR_003673,CUST_01109,PROD_0185,Wall Clock,132.75,2025-12-23,Mobile Money
PUR_003674,CUST_01109,PROD_0259,Basketball,68.24,2026-05-27,Mobile Money
PUR_003675,CUST_01109,PROD_0184,Wall Clock,321.57,2026-07-03,Cash on Delivery
PUR_003676,CUST_01109,PROD_0042,Wax Print Skirt,124.84,2026-07-17,Mobile Money
PUR_003677,CUST_01109,PROD_0086,Tecno Spark 10,5707.93,2026-07-23,Card
PUR_003678,CUST_01110,PROD_0001,Traditional Smock (Fugu),180.17,2026-07-09,Cash on Delivery
PUR_003679,CUST_01111,PROD_0067,iPhone 13,852.17,2026-04-06,Mobile Money
PUR_003680,CUST_01112,PROD_0001,Traditional Smock (Fugu),79.46,2026-07-25,Mobile Money
PUR_003681,CUST_01112,PROD_0084,Samsung Galaxy A14,2263.47,2026-08-22,Mobile Money
PUR_003682,CUST_01114,PROD_0139,Digital Camera,642.35,2026-01-06,Mobile Money
PUR_003683,CUST_01114,PROD_0209,Makeup Kit,43.47,2026-05-13,Mobile Money
PUR_003684,CUST_01114,PROD_0254,Basketball,50.31,2026-08-27,Cash on Delivery
PUR_003685,CUST_01116,PROD_0125,LED Bulb Pack,794.9,2026-03-21,Mobile Money
PUR_003686,CUST_01116,PROD_0176,Curtain Set,164.51,2026-05-17,Mobile Money
PUR_003687,CUST_01116,PROD_0123,Electric Iron,515.75,2026-06-27,Cash on Delivery
PUR_003688,CUST_01118,PROD_0071,Bluetooth Headset,1367.23,2025-05-22,Cash on Delivery
PUR_003689,CUST_01118,PROD_0123,Electric Iron,1448.94,2026-03-22,Mobile Money
PUR_003690,CUST_01121,PROD_0272,Baby Carrier,211.73,2024-08-06,Mobile Money
PUR_003691,CUST_01121,PROD_0179,Wall Clock,210.88,2024-09-06,Mobile Money
PUR_003692,CUST_01121,PROD_0111,Infinix Hot 30,961.12,2024-09-10,Bank Transfer
PUR_003693,CUST_01121,PROD_0271,Kids' Bicycle,146.22,2024-10-13,Cash on Delivery
PUR_003694,CUST_01121,PROD_0129,43-inch LED TV,580.3,2024-10-17,Mobile Money
PUR_003695,CUST_01121,PROD_0068,Redmi Note 12,377.42,2025-03-04,Mobile Money
PUR_003696,CUST_01121,PROD_0271,Kids' Bicycle,147.5,2025-03-16,Mobile Money
PUR_003697,CUST_01121,PROD_0079,iPhone 13,315.42,2025-03-28,Cash on Delivery
PUR_003698,CUST_01121,PROD_0188,Water Dispenser,555.81,2025-04-07,Cash on Delivery
PUR_003699,CUST_01121,PROD_0083,Redmi Note 12,1259.23,2025-05-13,Cash on Delivery
PUR_003700,CUST_01121,PROD_0068,Redmi Note 12,1076.62,2025-05-21,Bank Transfer
PUR_003701,CUST_01121,PROD_0042,Wax Print Skirt,89.83,2025-05-23,Cash on Delivery
PUR_003702,CUST_01121,PROD_0121,Blender (4L),633.6,2025-05-24,Cash on Delivery
PUR_003703,CUST_01121,PROD_0056,Leather Sandals,174.44,2025-06-16,Mobile Money
PUR_003704,CUST_01121,PROD_0124,LED Bulb Pack,271.41,2025-07-28,Mobile Money
PUR_003705,CUST_01121,PROD_0090,Itel Vision 3,395.18,2025-08-18,Mobile Money
PUR_003706,CUST_01121,PROD_0070,Phone Charger (Type-C),2495.04,2025-09-03,Mobile Money
PUR_003707,CUST_01121,PROD_0164,43-inch LED TV,443.07,2025-09-04,Cash on Delivery
PUR_003708,CUST_01121,PROD_0110,Samsung Galaxy Tab A8,623.49,2025-09-23,Cash on Delivery
PUR_003709,CUST_01121,PROD_0200,Dining Table Set,172.16,2025-09-25,Mobile Money
PUR_003710,CUST_01121,PROD_0078,Phone Screen Protector,1051.88,2025-10-04,Mobile Money
PUR_003711,CUST_01121,PROD_0004,Men's Slim Fit Jeans,96.0,2025-11-09,Bank Transfer
PUR_003712,CUST_01121,PROD_0168,Rice Cooker,247.51,2025-12-24,Mobile Money
PUR_003713,CUST_01121,PROD_0100,Wireless Earbuds,1281.73,2026-01-12,Cash on Delivery
PUR_003714,CUST_01121,PROD_0202,Deodorant Roll-on,110.75,2026-01-16,Cash on Delivery
PUR_003715,CUST_01121,PROD_0294,A4 Printing Paper Ream,66.47,2026-01-26,Cash on Delivery
PUR_003716,CUST_01121,PROD_0275,Kids' Bicycle,134.53,2026-02-06,Bank Transfer
PUR_003717,CUST_01121,PROD_0038,Ladies Handbag,72.05,2026-02-12,Mobile Money
PUR_003718,CUST_01121,PROD_0210,Braided Hair Extension,69.95,2026-02-17,Card
PUR_003719,CUST_01121,PROD_0021,Leather Sandals,196.81,2026-02-27,Cash on Delivery
PUR_003720,CUST_01121,PROD_0002,Ladies Kaftan Gown,140.81,2026-02-28,Card
PUR_003721,CUST_01121,PROD_0169,Bedsheet Set (Queen),250.27,2026-04-17,Mobile Money
PUR_003722,CUST_01121,PROD_0202,Deodorant Roll-on,48.16,2026-04-20,Mobile Money
PUR_003723,CUST_01121,PROD_0253,Running Shoes,114.44,2026-05-07,Mobile Money
PUR_003724,CUST_01121,PROD_0069,Phone Charger (Type-C),677.38,2026-05-13,Cash on Delivery
PUR_003725,CUST_01121,PROD_0167,Bedsheet Set (Queen),391.61,2026-05-30,Mobile Money
PUR_003726,CUST_01121,PROD_0039,Men's Slim Fit Jeans,39.13,2026-06-08,Cash on Delivery
PUR_003727,CUST_01121,PROD_0234,Multivitamin Tablets,160.75,2026-07-03,Cash on Delivery
PUR_003728,CUST_01121,PROD_0132,Electric Iron,270.32,2026-07-14,Mobile Money
PUR_003729,CUST_01121,PROD_0268,Dumbbell Set,63.84,2026-07-18,Mobile Money
PUR_003730,CUST_01121,PROD_0202,Deodorant Roll-on,83.21,2026-07-27,Cash on Delivery
PUR_003731,CUST_01121,PROD_0167,Bedsheet Set (Queen),119.44,2026-08-10,Mobile Money
PUR_003732,CUST_01121,PROD_0002,Ladies Kaftan Gown,226.0,2026-08-15,Cash on Delivery
PUR_003733,CUST_01121,PROD_0166,Gas Cooker (4-Burner),73.38,2026-08-26,Mobile Money
PUR_003734,CUST_01123,PROD_0022,Denim Jacket,177.35,2025-10-01,Cash on Delivery
PUR_003735,CUST_01123,PROD_0236,Glucometer Kit,40.04,2025-11-30,Cash on Delivery
PUR_003736,CUST_01124,PROD_0255,Water Bottle (1L),115.34,2025-04-27,Card
PUR_003737,CUST_01124,PROD_0298,Sugar (2kg),37.76,2025-11-03,Mobile Money
PUR_003738,CUST_01124,PROD_0259,Basketball,172.79,2026-04-04,Mobile Money
PUR_003739,CUST_01125,PROD_0069,Phone Charger (Type-C),1544.14,2026-04-23,Cash on Delivery
PUR_003740,CUST_01125,PROD_0005,Men's Casual Blazer,96.35,2026-05-01,Mobile Money
PUR_003741,CUST_01125,PROD_0297,Rice (5kg Bag),80.2,2026-06-07,Cash on Delivery
PUR_003742,CUST_01125,PROD_0232,Bathroom Weighing Scale,29.49,2026-07-01,Cash on Delivery
PUR_003743,CUST_01125,PROD_0297,Rice (5kg Bag),89.26,2026-07-21,Card
PUR_003744,CUST_01129,PROD_0207,Skin Toner,30.03,2026-07-06,Cash on Delivery
PUR_003745,CUST_01129,PROD_0262,Hiking Backpack,300.08,2026-07-29,Card
PUR_003746,CUST_01129,PROD_0300,Canned Tuna,76.8,2026-08-31,Mobile Money
PUR_003747,CUST_01131,PROD_0048,Women's Maxi Dress,129.58,2026-01-14,Card
PUR_003748,CUST_01135,PROD_0155,Bluetooth Speaker,903.34,2025-07-28,Mobile Money
PUR_003749,CUST_01135,PROD_0113,iPhone 13,371.24,2025-08-28,Cash on Delivery
PUR_003750,CUST_01135,PROD_0095,Phone Charger (Type-C),175.9,2025-09-06,Mobile Money
PUR_003751,CUST_01135,PROD_0002,Ladies Kaftan Gown,147.82,2025-10-10,Mobile Money
PUR_003752,CUST_01135,PROD_0272,Baby Carrier,137.82,2025-11-07,Mobile Money
PUR_003753,CUST_01135,PROD_0089,Samsung Galaxy A14,365.06,2025-11-09,Mobile Money
PUR_003754,CUST_01135,PROD_0071,Bluetooth Headset,159.05,2025-11-26,Mobile Money
PUR_003755,CUST_01135,PROD_0235,Bathroom Weighing Scale,50.61,2025-12-04,Mobile Money
PUR_003756,CUST_01135,PROD_0254,Basketball,259.06,2025-12-13,Mobile Money
PUR_003757,CUST_01135,PROD_0002,Ladies Kaftan Gown,141.85,2025-12-13,Cash on Delivery
PUR_003758,CUST_01135,PROD_0009,Ladies Kaftan Gown,137.64,2025-12-18,Cash on Delivery
PUR_003759,CUST_01135,PROD_0007,Kente Print Shirt,81.74,2026-01-04,Mobile Money
PUR_003760,CUST_01135,PROD_0003,Cotton Polo Shirt,99.13,2026-01-18,Mobile Money
PUR_003761,CUST_01135,PROD_0007,Kente Print Shirt,39.7,2026-02-11,Mobile Money
PUR_003762,CUST_01135,PROD_0166,Gas Cooker (4-Burner),373.9,2026-03-05,Mobile Money
PUR_003763,CUST_01135,PROD_0287,Highlighter Set,55.59,2026-03-08,Card
PUR_003764,CUST_01135,PROD_0022,Denim Jacket,98.66,2026-03-27,Card
PUR_003765,CUST_01135,PROD_0006,Men's Casual Blazer,278.29,2026-03-29,Mobile Money
PUR_003766,CUST_01135,PROD_0070,Phone Charger (Type-C),513.04,2026-04-01,Mobile Money
PUR_003767,CUST_01135,PROD_0030,Men's Casual Blazer,143.68,2026-04-03,Mobile Money
PUR_003768,CUST_01135,PROD_0164,43-inch LED TV,443.8,2026-04-03,Mobile Money
PUR_003769,CUST_01135,PROD_0070,Phone Charger (Type-C),301.92,2026-04-19,Mobile Money
PUR_003770,CUST_01135,PROD_0006,Men's Casual Blazer,203.41,2026-04-20,Bank Transfer
PUR_003771,CUST_01135,PROD_0007,Kente Print Shirt,27.22,2026-05-08,Card
PUR_003772,CUST_01135,PROD_0021,Leather Sandals,125.12,2026-05-10,Mobile Money
PUR_003773,CUST_01135,PROD_0077,Bluetooth Headset,753.25,2026-05-16,Mobile Money
PUR_003774,CUST_01135,PROD_0172,Curtain Set,179.28,2026-05-31,Bank Transfer
PUR_003775,CUST_01135,PROD_0084,Samsung Galaxy A14,1460.41,2026-05-31,Cash on Delivery
PUR_003776,CUST_01135,PROD_0295,Canned Tuna,169.92,2026-06-03,Mobile Money
PUR_003777,CUST_01135,PROD_0209,Makeup Kit,67.88,2026-06-16,Cash on Delivery
PUR_003778,CUST_01135,PROD_0161,Microwave Oven,2357.05,2026-06-17,Cash on Delivery
PUR_003779,CUST_01135,PROD_0116,Universal Phone Case,447.95,2026-06-21,Mobile Money
PUR_003780,CUST_01135,PROD_0232,Bathroom Weighing Scale,51.39,2026-06-21,Cash on Delivery
PUR_003781,CUST_01135,PROD_0121,Blender (4L),909.01,2026-06-21,Cash on Delivery
PUR_003782,CUST_01135,PROD_0281,Educational Toy Set,94.57,2026-06-25,Mobile Money
PUR_003783,CUST_01135,PROD_0166,Gas Cooker (4-Burner),46.21,2026-06-28,Mobile Money
PUR_003784,CUST_01135,PROD_0147,LED Bulb Pack,917.09,2026-07-01,Cash on Delivery
PUR_003785,CUST_01135,PROD_0267,Cycling Helmet,224.57,2026-07-07,Cash on Delivery
PUR_003786,CUST_01135,PROD_0225,Facial Cleanser,168.83,2026-07-17,Mobile Money
PUR_003787,CUST_01135,PROD_0058,Men's Slim Fit Jeans,61.12,2026-07-24,Mobile Money
PUR_003788,CUST_01135,PROD_0274,Baby Carrier,44.1,2026-07-28,Cash on Delivery
PUR_003789,CUST_01135,PROD_0025,Ladies Handbag,56.18,2026-07-31,Cash on Delivery
PUR_003790,CUST_01135,PROD_0168,Rice Cooker,1597.4,2026-08-06,Mobile Money
PUR_003791,CUST_01135,PROD_0276,Baby Bath Tub,53.41,2026-08-06,Mobile Money
PUR_003792,CUST_01135,PROD_0010,Traditional Smock (Fugu),33.16,2026-08-20,Mobile Money
PUR_003793,CUST_01135,PROD_0065,Wax Print Skirt,121.25,2026-08-22,Cash on Delivery
PUR_003794,CUST_01135,PROD_0050,Leather Sandals,267.63,2026-08-26,Mobile Money
PUR_003795,CUST_01135,PROD_0071,Bluetooth Headset,1181.23,2026-08-27,Mobile Money
PUR_003796,CUST_01135,PROD_0166,Gas Cooker (4-Burner),125.54,2026-08-30,Mobile Money
PUR_003797,CUST_01135,PROD_0001,Traditional Smock (Fugu),172.72,2026-08-31,Bank Transfer
PUR_003798,CUST_01135,PROD_0003,Cotton Polo Shirt,213.16,2026-09-01,Mobile Money
PUR_003799,CUST_01137,PROD_0032,Men's Formal Suit,239.75,2025-08-28,Cash on Delivery
PUR_003800,CUST_01137,PROD_0208,Perfume (100ml),243.95,2025-10-12,Mobile Money
PUR_003801,CUST_01137,PROD_0104,Tecno Spark 10,440.08,2025-12-18,Mobile Money
PUR_003802,CUST_01137,PROD_0067,iPhone 13,237.4,2026-05-25,Cash on Delivery
PUR_003803,CUST_01137,PROD_0003,Cotton Polo Shirt,181.98,2026-06-01,Mobile Money
PUR_003804,CUST_01139,PROD_0034,Men's Casual Blazer,133.28,2026-02-17,Mobile Money
PUR_003805,CUST_01140,PROD_0007,Kente Print Shirt,86.32,2026-03-07,Mobile Money
PUR_003806,CUST_01140,PROD_0294,A4 Printing Paper Ream,35.27,2026-04-08,Cash on Delivery
PUR_003807,CUST_01140,PROD_0122,Electric Iron,818.79,2026-05-21,Mobile Money
PUR_003808,CUST_01140,PROD_0197,Wall Clock,288.25,2026-05-25,Cash on Delivery
PUR_003809,CUST_01140,PROD_0133,Bluetooth Speaker,173.59,2026-06-15,Bank Transfer
PUR_003810,CUST_01140,PROD_0127,Microwave Oven,3157.85,2026-07-29,Cash on Delivery
PUR_003811,CUST_01140,PROD_0295,Canned Tuna,48.12,2026-08-05,Mobile Money
PUR_003812,CUST_01140,PROD_0008,Kente Print Shirt,55.73,2026-08-07,Cash on Delivery
PUR_003813,CUST_01140,PROD_0005,Men's Casual Blazer,207.85,2026-08-25,Mobile Money
PUR_003814,CUST_01141,PROD_0036,Leather Sandals,116.8,2025-10-11,Cash on Delivery
PUR_003815,CUST_01141,PROD_0006,Men's Casual Blazer,444.91,2026-03-07,Mobile Money
PUR_003816,CUST_01141,PROD_0069,Phone Charger (Type-C),415.36,2026-05-29,Mobile Money
PUR_003817,CUST_01141,PROD_0177,Rice Cooker,164.78,2026-07-31,Mobile Money
PUR_003818,CUST_01143,PROD_0219,Braided Hair Extension,99.38,2026-07-01,Card
PUR_003819,CUST_01143,PROD_0069,Phone Charger (Type-C),1542.39,2026-07-21,Mobile Money
PUR_003820,CUST_01143,PROD_0094,Power Bank 20000mAh,683.96,2026-09-01,Mobile Money
PUR_003821,CUST_01143,PROD_0032,Men's Formal Suit,145.2,2026-09-03,Mobile Money
PUR_003822,CUST_01144,PROD_0203,Braided Hair Extension,39.06,2026-05-04,Mobile Money
PUR_003823,CUST_01144,PROD_0067,iPhone 13,179.89,2026-05-25,Mobile Money
PUR_003824,CUST_01147,PROD_0005,Men's Casual Blazer,56.39,2026-04-07,Card
PUR_003825,CUST_01147,PROD_0067,iPhone 13,875.86,2026-07-02,Cash on Delivery
PUR_003826,CUST_01147,PROD_0070,Phone Charger (Type-C),1058.42,2026-08-10,Card
PUR_003827,CUST_01148,PROD_0289,Kids' Storybook,25.55,2026-01-24,Mobile Money
PUR_003828,CUST_01149,PROD_0169,Bedsheet Set (Queen),305.78,2024-09-25,Mobile Money
PUR_003829,CUST_01149,PROD_0211,Shea Butter Body Lotion,47.39,2024-10-17,Cash on Delivery
PUR_003830,CUST_01149,PROD_0067,iPhone 13,417.38,2025-01-06,Cash on Delivery
PUR_003831,CUST_01149,PROD_0069,Phone Charger (Type-C),1308.11,2025-01-17,Mobile Money
PUR_003832,CUST_01149,PROD_0002,Ladies Kaftan Gown,155.97,2025-01-25,Mobile Money
PUR_003833,CUST_01149,PROD_0091,iPhone 13,397.25,2025-03-07,Card
PUR_003834,CUST_01149,PROD_0012,Children's T-Shirt Set,60.88,2025-03-17,Mobile Money
PUR_003835,CUST_01149,PROD_0122,Electric Iron,478.37,2025-04-19,Mobile Money
PUR_003836,CUST_01149,PROD_0018,Men's Formal Suit,42.02,2025-04-21,Card
PUR_003837,CUST_01149,PROD_0055,Kente Print Shirt,69.91,2025-04-23,Mobile Money
PUR_003838,CUST_01149,PROD_0074,Phone Screen Protector,1419.3,2025-05-01,Cash on Delivery
PUR_003839,CUST_01149,PROD_0067,iPhone 13,447.02,2025-05-05,Bank Transfer
PUR_003840,CUST_01149,PROD_0009,Ladies Kaftan Gown,124.4,2025-06-01,Bank Transfer
PUR_003841,CUST_01149,PROD_0253,Running Shoes,190.2,2025-06-13,Mobile Money
PUR_003842,CUST_01149,PROD_0121,Blender (4L),102.03,2025-06-20,Mobile Money
PUR_003843,CUST_01149,PROD_0126,Gaming Console,375.92,2025-06-23,Mobile Money
PUR_003844,CUST_01149,PROD_0222,Shea Butter Body Lotion,90.88,2025-06-25,Card
PUR_003845,CUST_01149,PROD_0016,Women's Maxi Dress,117.91,2025-06-26,Cash on Delivery
PUR_003846,CUST_01149,PROD_0006,Men's Casual Blazer,98.89,2025-08-08,Mobile Money
PUR_003847,CUST_01149,PROD_0199,Bedsheet Set (Queen),92.41,2025-08-14,Mobile Money
PUR_003848,CUST_01149,PROD_0166,Gas Cooker (4-Burner),186.06,2025-08-14,Cash on Delivery
PUR_003849,CUST_01149,PROD_0098,Power Bank 20000mAh,2776.81,2025-08-16,Bank Transfer
PUR_003850,CUST_01149,PROD_0012,Children's T-Shirt Set,74.06,2025-09-01,Mobile Money
PUR_003851,CUST_01149,PROD_0271,Kids' Bicycle,132.49,2025-09-02,Mobile Money
PUR_003852,CUST_01149,PROD_0136,Laptop (Core i5),2069.83,2025-09-07,Mobile Money
PUR_003853,CUST_01149,PROD_0001,Traditional Smock (Fugu),50.32,2025-09-21,Mobile Money
PUR_003854,CUST_01149,PROD_0002,Ladies Kaftan Gown,71.28,2025-10-14,Mobile Money
PUR_003855,CUST_01149,PROD_0161,Microwave Oven,111.46,2025-10-17,Cash on Delivery
PUR_003856,CUST_01149,PROD_0035,Children's T-Shirt Set,122.64,2025-10-17,Cash on Delivery
PUR_003857,CUST_01149,PROD_0238,Digital Blood Pressure Monitor,114.45,2025-10-24,Mobile Money
PUR_003858,CUST_01149,PROD_0004,Men's Slim Fit Jeans,216.66,2025-11-01,Mobile Money
PUR_003859,CUST_01149,PROD_0067,iPhone 13,3525.3,2025-11-09,Mobile Money
PUR_003860,CUST_01149,PROD_0192,Dining Table Set,137.18,2025-11-24,Cash on Delivery
PUR_003861,CUST_01149,PROD_0214,Deodorant Roll-on,35.97,2025-11-24,Bank Transfer
PUR_003862,CUST_01149,PROD_0090,Itel Vision 3,849.42,2025-12-12,Mobile Money
PUR_003863,CUST_01149,PROD_0122,Electric Iron,595.5,2025-12-18,Cash on Delivery
PUR_003864,CUST_01149,PROD_0044,Women's Maxi Dress,94.43,2025-12-19,Cash on Delivery
PUR_003865,CUST_01149,PROD_0254,Basketball,180.73,2025-12-22,Mobile Money
PUR_003866,CUST_01149,PROD_0034,Men's Casual Blazer,91.04,2025-12-31,Card
PUR_003867,CUST_01149,PROD_0219,Braided Hair Extension,46.51,2026-01-06,Card
PUR_003868,CUST_01149,PROD_0284,Baby Bath Tub,145.12,2026-01-29,Cash on Delivery
PUR_003869,CUST_01149,PROD_0056,Leather Sandals,155.18,2026-02-05,Mobile Money
PUR_003870,CUST_01149,PROD_0281,Educational Toy Set,66.58,2026-02-07,Card
PUR_003871,CUST_01149,PROD_0122,Electric Iron,247.26,2026-02-13,Mobile Money
PUR_003872,CUST_01149,PROD_0010,Traditional Smock (Fugu),85.5,2026-03-06,Mobile Money
PUR_003873,CUST_01149,PROD_0177,Rice Cooker,120.61,2026-03-18,Card
PUR_003874,CUST_01149,PROD_0125,LED Bulb Pack,254.07,2026-03-21,Mobile Money
PUR_003875,CUST_01149,PROD_0301,Sugar (2kg),126.47,2026-04-07,Card
PUR_003876,CUST_01149,PROD_0124,LED Bulb Pack,328.32,2026-04-25,Mobile Money
PUR_003877,CUST_01149,PROD_0019,Men's Casual Blazer,67.84,2026-04-26,Cash on Delivery
PUR_003878,CUST_01149,PROD_0001,Traditional Smock (Fugu),97.38,2026-05-02,Card
PUR_003879,CUST_01149,PROD_0125,LED Bulb Pack,751.42,2026-05-04,Card
PUR_003880,CUST_01149,PROD_0002,Ladies Kaftan Gown,146.79,2026-05-05,Mobile Money
PUR_003881,CUST_01149,PROD_0198,Wall Clock,447.93,2026-05-10,Mobile Money
PUR_003882,CUST_01149,PROD_0166,Gas Cooker (4-Burner),252.87,2026-05-16,Mobile Money
PUR_003883,CUST_01149,PROD_0200,Dining Table Set,201.57,2026-05-17,Mobile Money
PUR_003884,CUST_01149,PROD_0082,Samsung Galaxy A14,544.16,2026-05-23,Mobile Money
PUR_003885,CUST_01149,PROD_0224,Hair Dryer,92.39,2026-05-24,Cash on Delivery
PUR_003886,CUST_01149,PROD_0126,Gaming Console,790.6,2026-05-26,Bank Transfer
PUR_003887,CUST_01149,PROD_0131,Air Conditioner (1.5HP),579.52,2026-05-31,Bank Transfer
PUR_003888,CUST_01149,PROD_0165,Microwave Oven,372.5,2026-05-31,Cash on Delivery
PUR_003889,CUST_01149,PROD_0171,Sofa Set,205.46,2026-06-08,Mobile Money
PUR_003890,CUST_01149,PROD_0004,Men's Slim Fit Jeans,130.97,2026-06-09,Mobile Money
PUR_003891,CUST_01149,PROD_0170,Rice Cooker,575.31,2026-06-10,Cash on Delivery
PUR_003892,CUST_01149,PROD_0004,Men's Slim Fit Jeans,22.79,2026-06-14,Mobile Money
PUR_003893,CUST_01149,PROD_0084,Samsung Galaxy A14,2508.5,2026-06-18,Card
PUR_003894,CUST_01149,PROD_0286,Hardcover Notebook,23.31,2026-06-20,Mobile Money
PUR_003895,CUST_01149,PROD_0050,Leather Sandals,123.86,2026-06-28,Cash on Delivery
PUR_003896,CUST_01149,PROD_0011,Unisex Sneakers,149.41,2026-07-04,Mobile Money
PUR_003897,CUST_01149,PROD_0003,Cotton Polo Shirt,65.17,2026-07-22,Mobile Money
PUR_003898,CUST_01149,PROD_0157,Bluetooth Speaker,447.36,2026-07-23,Mobile Money
PUR_003899,CUST_01149,PROD_0221,Nail Polish Set,33.68,2026-07-23,Card
PUR_003900,CUST_01149,PROD_0295,Canned Tuna,55.47,2026-07-29,Mobile Money
PUR_003901,CUST_01149,PROD_0122,Electric Iron,1022.49,2026-08-01,Mobile Money
PUR_003902,CUST_01149,PROD_0118,Power Bank 20000mAh,1965.62,2026-08-05,Cash on Delivery
PUR_003903,CUST_01149,PROD_0071,Bluetooth Headset,427.72,2026-08-08,Mobile Money
PUR_003904,CUST_01149,PROD_0153,Rechargeable Fan,318.31,2026-08-11,Cash on Delivery
PUR_003905,CUST_01149,PROD_0005,Men's Casual Blazer,172.08,2026-08-13,Mobile Money
PUR_003906,CUST_01149,PROD_0152,Laptop (Core i5),317.99,2026-08-14,Mobile Money
PUR_003907,CUST_01149,PROD_0069,Phone Charger (Type-C),1831.08,2026-08-14,Mobile Money
PUR_003908,CUST_01149,PROD_0004,Men's Slim Fit Jeans,68.1,2026-08-16,Mobile Money
PUR_003909,CUST_01149,PROD_0254,Basketball,221.41,2026-08-17,Cash on Delivery
PUR_003910,CUST_01149,PROD_0161,Microwave Oven,633.39,2026-08-20,Cash on Delivery
PUR_003911,CUST_01149,PROD_0067,iPhone 13,1537.73,2026-08-21,Mobile Money
PUR_003912,CUST_01149,PROD_0122,Electric Iron,1201.05,2026-08-29,Card
PUR_003913,CUST_01149,PROD_0272,Baby Carrier,80.82,2026-08-31,Cash on Delivery
PUR_003914,CUST_01149,PROD_0179,Wall Clock,185.83,2026-08-31,Card
PUR_003915,CUST_01149,PROD_0075,Redmi Note 12,664.14,2026-09-03,Cash on Delivery
PUR_003916,CUST_01150,PROD_0070,Phone Charger (Type-C),586.37,2025-07-13,Cash on Delivery
PUR_003917,CUST_01150,PROD_0266,Resistance Bands,120.29,2025-10-01,Mobile Money
PUR_003918,CUST_01150,PROD_0137,43-inch LED TV,340.42,2025-10-03,Mobile Money
PUR_003919,CUST_01150,PROD_0078,Phone Screen Protector,4560.19,2025-10-28,Mobile Money
PUR_003920,CUST_01150,PROD_0275,Kids' Bicycle,89.88,2026-01-25,Mobile Money
PUR_003921,CUST_01150,PROD_0004,Men's Slim Fit Jeans,120.12,2026-04-11,Mobile Money
PUR_003922,CUST_01150,PROD_0297,Rice (5kg Bag),78.95,2026-05-09,Mobile Money
PUR_003923,CUST_01150,PROD_0204,Beard Grooming Kit,75.56,2026-06-09,Mobile Money
PUR_003924,CUST_01150,PROD_0232,Bathroom Weighing Scale,106.61,2026-06-25,Mobile Money
PUR_003925,CUST_01150,PROD_0125,LED Bulb Pack,762.94,2026-07-23,Mobile Money
PUR_003926,CUST_01151,PROD_0143,LED Bulb Pack,799.94,2025-07-21,Cash on Delivery
PUR_003927,CUST_01152,PROD_0236,Glucometer Kit,186.27,2025-05-29,Cash on Delivery
PUR_003928,CUST_01152,PROD_0247,Bathroom Weighing Scale,83.22,2025-10-02,Mobile Money
PUR_003929,CUST_01152,PROD_0146,Home Theater System,293.98,2026-01-05,Mobile Money
PUR_003930,CUST_01153,PROD_0002,Ladies Kaftan Gown,168.9,2026-02-18,Cash on Delivery
PUR_003931,CUST_01153,PROD_0168,Rice Cooker,119.35,2026-05-09,Card
PUR_003932,CUST_01153,PROD_0188,Water Dispenser,102.59,2026-08-07,Mobile Money
PUR_003933,CUST_01154,PROD_0202,Deodorant Roll-on,64.58,2025-10-28,Mobile Money
PUR_003934,CUST_01154,PROD_0010,Traditional Smock (Fugu),88.23,2026-02-04,Mobile Money
PUR_003935,CUST_01154,PROD_0009,Ladies Kaftan Gown,527.28,2026-02-23,Card
PUR_003936,CUST_01154,PROD_0005,Men's Casual Blazer,94.13,2026-08-31,Card
PUR_003937,CUST_01155,PROD_0070,Phone Charger (Type-C),863.67,2026-04-17,Mobile Money
PUR_003938,CUST_01155,PROD_0015,Unisex Sneakers,130.41,2026-07-03,Mobile Money
PUR_003939,CUST_01156,PROD_0001,Traditional Smock (Fugu),77.35,2026-01-31,Cash on Delivery
PUR_003940,CUST_01158,PROD_0068,Redmi Note 12,536.15,2024-11-19,Mobile Money
PUR_003941,CUST_01158,PROD_0166,Gas Cooker (4-Burner),99.92,2025-09-19,Mobile Money
PUR_003942,CUST_01158,PROD_0121,Blender (4L),392.83,2025-10-26,Cash on Delivery
PUR_003943,CUST_01158,PROD_0110,Samsung Galaxy Tab A8,1506.71,2025-11-05,Mobile Money
PUR_003944,CUST_01158,PROD_0041,Denim Jacket,200.25,2025-11-12,Mobile Money
PUR_003945,CUST_01158,PROD_0208,Perfume (100ml),31.09,2025-11-15,Cash on Delivery
PUR_003946,CUST_01158,PROD_0207,Skin Toner,67.51,2026-08-05,Card
PUR_003947,CUST_01160,PROD_0215,Skin Toner,86.13,2026-09-03,Mobile Money
PUR_003948,CUST_01161,PROD_0249,First Aid Kit,139.33,2026-04-24,Cash on Delivery
PUR_003949,CUST_01161,PROD_0027,Ladies Kaftan Gown,231.45,2026-06-17,Mobile Money
PUR_003950,CUST_01164,PROD_0232,Bathroom Weighing Scale,30.05,2025-06-06,Card
PUR_003951,CUST_01164,PROD_0258,Yoga Mat,93.89,2025-11-10,Mobile Money
PUR_003952,CUST_01164,PROD_0079,iPhone 13,2332.02,2026-04-23,Card
PUR_003953,CUST_01164,PROD_0278,Kids' Bicycle,40.11,2026-09-04,Mobile Money
PUR_003954,CUST_01166,PROD_0271,Kids' Bicycle,100.67,2025-05-06,Cash on Delivery
PUR_003955,CUST_01166,PROD_0001,Traditional Smock (Fugu),67.37,2025-11-08,Mobile Money
PUR_003956,CUST_01166,PROD_0121,Blender (4L),306.22,2025-12-20,Mobile Money
PUR_003957,CUST_01166,PROD_0206,Braided Hair Extension,66.15,2026-04-29,Card
PUR_003958,CUST_01167,PROD_0121,Blender (4L),1193.6,2025-06-01,Mobile Money
PUR_003959,CUST_01167,PROD_0190,Wall Clock,70.28,2025-08-25,Mobile Money
PUR_003960,CUST_01167,PROD_0204,Beard Grooming Kit,38.18,2025-10-16,Mobile Money
PUR_003961,CUST_01167,PROD_0177,Rice Cooker,213.16,2025-12-05,Card
PUR_003962,CUST_01167,PROD_0202,Deodorant Roll-on,12.72,2025-12-15,Card
PUR_003963,CUST_01167,PROD_0033,Ankara Print Dress,205.9,2025-12-23,Mobile Money
PUR_003964,CUST_01167,PROD_0168,Rice Cooker,341.01,2026-02-14,Cash on Delivery
PUR_003965,CUST_01167,PROD_0206,Braided Hair Extension,70.94,2026-04-18,Card
PUR_003966,CUST_01167,PROD_0180,Bedsheet Set (Queen),103.31,2026-06-19,Mobile Money
PUR_003967,CUST_01168,PROD_0067,iPhone 13,1192.57,2026-02-17,Mobile Money
PUR_003968,CUST_01170,PROD_0069,Phone Charger (Type-C),422.81,2026-08-08,Cash on Delivery
PUR_003969,CUST_01170,PROD_0204,Beard Grooming Kit,58.26,2026-08-10,Bank Transfer
PUR_003970,CUST_01172,PROD_0202,Deodorant Roll-on,147.16,2023-05-19,Mobile Money
PUR_003971,CUST_01172,PROD_0234,Multivitamin Tablets,133.3,2023-07-12,Cash on Delivery
PUR_003972,CUST_01172,PROD_0075,Redmi Note 12,1890.79,2023-12-27,Cash on Delivery
PUR_003973,CUST_01172,PROD_0181,Storage Containers Set,114.88,2023-12-27,Mobile Money
PUR_003974,CUST_01172,PROD_0204,Beard Grooming Kit,23.82,2025-08-04,Mobile Money
PUR_003975,CUST_01172,PROD_0001,Traditional Smock (Fugu),38.0,2025-10-23,Cash on Delivery
PUR_003976,CUST_01172,PROD_0238,Digital Blood Pressure Monitor,81.21,2026-02-18,Mobile Money
PUR_003977,CUST_01172,PROD_0071,Bluetooth Headset,2809.5,2026-02-22,Cash on Delivery
PUR_003978,CUST_01172,PROD_0222,Shea Butter Body Lotion,196.07,2026-02-28,Mobile Money
PUR_003979,CUST_01174,PROD_0086,Tecno Spark 10,185.91,2026-07-08,Cash on Delivery
PUR_003980,CUST_01178,PROD_0172,Curtain Set,390.61,2026-08-18,Cash on Delivery
PUR_003981,CUST_01179,PROD_0214,Deodorant Roll-on,101.08,2025-12-17,Card
PUR_003982,CUST_01179,PROD_0202,Deodorant Roll-on,48.19,2026-03-16,Card
PUR_003983,CUST_01179,PROD_0216,Skin Toner,61.83,2026-05-19,Mobile Money
PUR_003984,CUST_01179,PROD_0121,Blender (4L),201.43,2026-06-20,Bank Transfer
PUR_003985,CUST_01181,PROD_0184,Wall Clock,367.03,2025-02-28,Mobile Money
PUR_003986,CUST_01181,PROD_0041,Denim Jacket,130.47,2026-07-31,Card
PUR_003987,CUST_01183,PROD_0271,Kids' Bicycle,51.37,2025-09-30,Mobile Money
PUR_003988,CUST_01183,PROD_0271,Kids' Bicycle,72.65,2025-11-11,Mobile Money
PUR_003989,CUST_01183,PROD_0210,Braided Hair Extension,148.03,2025-12-08,Mobile Money
PUR_003990,CUST_01183,PROD_0205,Deodorant Roll-on,132.27,2026-02-15,Mobile Money
PUR_003991,CUST_01183,PROD_0094,Power Bank 20000mAh,317.52,2026-04-04,Mobile Money
PUR_003992,CUST_01184,PROD_0156,Desktop Computer,128.2,2025-06-13,Cash on Delivery
PUR_003993,CUST_01184,PROD_0088,Universal Phone Case,646.22,2026-07-26,Cash on Delivery
PUR_003994,CUST_01186,PROD_0138,Microwave Oven,2312.06,2024-09-08,Cash on Delivery
PUR_003995,CUST_01186,PROD_0287,Highlighter Set,27.52,2026-03-19,Mobile Money
PUR_003996,CUST_01186,PROD_0286,Hardcover Notebook,14.85,2026-05-18,Mobile Money
PUR_003997,CUST_01186,PROD_0122,Electric Iron,634.37,2026-08-13,Cash on Delivery
PUR_003998,CUST_01187,PROD_0133,Bluetooth Speaker,449.18,2026-03-07,Cash on Delivery
PUR_003999,CUST_01187,PROD_0215,Skin Toner,120.72,2026-07-12,Mobile Money
PUR_004000,CUST_01189,PROD_0262,Hiking Backpack,82.04,2026-05-22,Card
PUR_004001,CUST_01189,PROD_0152,Laptop (Core i5),1150.09,2026-06-01,Cash on Delivery
PUR_004002,CUST_01189,PROD_0077,Bluetooth Headset,463.45,2026-08-14,Cash on Delivery
PUR_004003,CUST_01189,PROD_0121,Blender (4L),549.96,2026-08-21,Bank Transfer
PUR_004004,CUST_01189,PROD_0271,Kids' Bicycle,58.89,2026-08-27,Card
PUR_004005,CUST_01190,PROD_0121,Blender (4L),368.45,2026-02-03,Mobile Money
PUR_004006,CUST_01190,PROD_0001,Traditional Smock (Fugu),114.2,2026-08-20,Cash on Delivery
PUR_004007,CUST_01191,PROD_0224,Hair Dryer,49.24,2026-08-30,Cash on Delivery
PUR_004008,CUST_01192,PROD_0150,Extension Socket,1911.37,2026-03-12,Cash on Delivery
PUR_004009,CUST_01192,PROD_0124,LED Bulb Pack,485.35,2026-03-30,Mobile Money
PUR_004010,CUST_01192,PROD_0168,Rice Cooker,300.59,2026-04-01,Card
PUR_004011,CUST_01195,PROD_0295,Canned Tuna,103.52,2026-08-27,Mobile Money
PUR_004012,CUST_01195,PROD_0253,Running Shoes,134.27,2026-08-29,Mobile Money
PUR_004013,CUST_01195,PROD_0276,Baby Bath Tub,105.46,2026-09-03,Mobile Money
PUR_004014,CUST_01195,PROD_0238,Digital Blood Pressure Monitor,21.83,2026-09-04,Mobile Money
PUR_004015,CUST_01198,PROD_0280,Baby Diapers Pack,57.21,2024-09-11,Mobile Money
PUR_004016,CUST_01198,PROD_0277,Feeding Bottle Set,77.19,2026-08-06,Bank Transfer
PUR_004017,CUST_01199,PROD_0127,Microwave Oven,345.09,2025-07-01,Mobile Money
PUR_004018,CUST_01201,PROD_0134,Gaming Console,799.2,2025-09-10,Mobile Money
PUR_004019,CUST_01201,PROD_0080,Infinix Hot 30,579.36,2026-03-25,Mobile Money
PUR_004020,CUST_01201,PROD_0228,Sunscreen SPF50,96.3,2026-03-27,Cash on Delivery
PUR_004021,CUST_01203,PROD_0298,Sugar (2kg),217.61,2026-09-04,Mobile Money
PUR_004022,CUST_01206,PROD_0202,Deodorant Roll-on,79.11,2025-05-29,Mobile Money
PUR_004023,CUST_01206,PROD_0178,Gas Cooker (4-Burner),163.54,2025-06-13,Mobile Money
PUR_004024,CUST_01206,PROD_0076,Phone Charger (Type-C),304.79,2025-11-18,Mobile Money
PUR_004025,CUST_01206,PROD_0299,Garri (2kg),63.55,2025-11-24,Mobile Money
PUR_004026,CUST_01206,PROD_0002,Ladies Kaftan Gown,138.28,2026-02-16,Mobile Money
PUR_004027,CUST_01206,PROD_0167,Bedsheet Set (Queen),361.78,2026-03-01,Card
PUR_004028,CUST_01206,PROD_0255,Water Bottle (1L),229.54,2026-04-27,Mobile Money
PUR_004029,CUST_01206,PROD_0138,Microwave Oven,56.19,2026-05-04,Card
PUR_004030,CUST_01206,PROD_0075,Redmi Note 12,8814.07,2026-05-12,Mobile Money
PUR_004031,CUST_01206,PROD_0121,Blender (4L),2123.14,2026-07-21,Mobile Money
PUR_004032,CUST_01206,PROD_0067,iPhone 13,2980.56,2026-07-26,Cash on Delivery
PUR_004033,CUST_01206,PROD_0130,Rechargeable Fan,280.72,2026-08-04,Card
PUR_004034,CUST_01208,PROD_0202,Deodorant Roll-on,73.47,2026-05-14,Mobile Money
PUR_004035,CUST_01209,PROD_0167,Bedsheet Set (Queen),233.24,2026-08-03,Mobile Money
PUR_004036,CUST_01210,PROD_0296,Garri (2kg),69.72,2023-05-28,Card
PUR_004037,CUST_01210,PROD_0171,Sofa Set,167.28,2024-07-02,Mobile Money
PUR_004038,CUST_01210,PROD_0053,Traditional Smock (Fugu),110.84,2025-04-17,Mobile Money
PUR_004039,CUST_01210,PROD_0206,Braided Hair Extension,59.0,2025-05-19,Mobile Money
PUR_004040,CUST_01210,PROD_0210,Braided Hair Extension,32.2,2025-06-02,Cash on Delivery
PUR_004041,CUST_01210,PROD_0169,Bedsheet Set (Queen),237.26,2025-08-03,Card
PUR_004042,CUST_01210,PROD_0291,Exercise Books Pack,20.06,2025-08-07,Cash on Delivery
PUR_004043,CUST_01210,PROD_0135,LED Bulb Pack,488.55,2025-10-16,Card
PUR_004044,CUST_01210,PROD_0227,Shea Butter Body Lotion,69.42,2025-10-21,Cash on Delivery
PUR_004045,CUST_01210,PROD_0168,Rice Cooker,275.3,2025-11-21,Card
PUR_004046,CUST_01210,PROD_0293,A4 Printing Paper Ream,35.31,2025-11-24,Cash on Delivery
PUR_004047,CUST_01210,PROD_0234,Multivitamin Tablets,72.95,2026-02-04,Card
PUR_004048,CUST_01210,PROD_0079,iPhone 13,4035.09,2026-03-01,Cash on Delivery
PUR_004049,CUST_01210,PROD_0001,Traditional Smock (Fugu),125.93,2026-03-26,Mobile Money
PUR_004050,CUST_01210,PROD_0004,Men's Slim Fit Jeans,508.0,2026-05-11,Mobile Money
PUR_004051,CUST_01210,PROD_0234,Multivitamin Tablets,147.42,2026-05-19,Card
PUR_004052,CUST_01210,PROD_0255,Water Bottle (1L),112.68,2026-06-18,Mobile Money
PUR_004053,CUST_01210,PROD_0166,Gas Cooker (4-Burner),106.1,2026-07-21,Mobile Money
PUR_004054,CUST_01210,PROD_0121,Blender (4L),233.58,2026-07-22,Bank Transfer
PUR_004055,CUST_01212,PROD_0127,Microwave Oven,356.86,2026-02-12,Mobile Money
PUR_004056,CUST_01212,PROD_0048,Women's Maxi Dress,48.42,2026-07-27,Cash on Delivery
PUR_004057,CUST_01214,PROD_0202,Deodorant Roll-on,85.65,2025-01-13,Cash on Delivery
PUR_004058,CUST_01214,PROD_0215,Skin Toner,53.91,2025-10-09,Cash on Delivery
PUR_004059,CUST_01214,PROD_0236,Glucometer Kit,105.15,2025-11-23,Cash on Delivery
PUR_004060,CUST_01214,PROD_0004,Men's Slim Fit Jeans,59.91,2025-12-31,Cash on Delivery
PUR_004061,CUST_01214,PROD_0272,Baby Carrier,37.93,2026-01-06,Mobile Money
PUR_004062,CUST_01214,PROD_0144,Bluetooth Speaker,1229.6,2026-02-08,Card
PUR_004063,CUST_01214,PROD_0267,Cycling Helmet,170.97,2026-02-12,Mobile Money
PUR_004064,CUST_01214,PROD_0124,LED Bulb Pack,1481.74,2026-02-19,Card
PUR_004065,CUST_01214,PROD_0142,Gaming Console,682.96,2026-03-28,Mobile Money
PUR_004066,CUST_01214,PROD_0026,Men's Casual Blazer,117.07,2026-03-31,Cash on Delivery
PUR_004067,CUST_01214,PROD_0149,Gaming Console,533.99,2026-05-18,Cash on Delivery
PUR_004068,CUST_01214,PROD_0288,Scientific Calculator,83.28,2026-05-21,Mobile Money
PUR_004069,CUST_01214,PROD_0105,Samsung Galaxy A14,678.48,2026-07-04,Mobile Money
PUR_004070,CUST_01214,PROD_0141,LED Bulb Pack,332.85,2026-07-07,Mobile Money
PUR_004071,CUST_01214,PROD_0067,iPhone 13,609.97,2026-07-08,Cash on Delivery
PUR_004072,CUST_01214,PROD_0272,Baby Carrier,98.78,2026-07-14,Mobile Money
PUR_004073,CUST_01214,PROD_0167,Bedsheet Set (Queen),131.53,2026-07-18,Mobile Money
PUR_004074,CUST_01214,PROD_0001,Traditional Smock (Fugu),23.73,2026-07-29,Mobile Money
PUR_004075,CUST_01214,PROD_0008,Kente Print Shirt,85.9,2026-08-17,Card
PUR_004076,CUST_01215,PROD_0106,Samsung Galaxy Tab A8,1010.31,2026-01-19,Mobile Money
PUR_004077,CUST_01215,PROD_0241,Digital Thermometer,69.79,2026-01-23,Bank Transfer
PUR_004078,CUST_01215,PROD_0286,Hardcover Notebook,77.71,2026-03-13,Card
PUR_004079,CUST_01215,PROD_0022,Denim Jacket,22.85,2026-05-21,Mobile Money
PUR_004080,CUST_01219,PROD_0231,Nail Polish Set,165.79,2026-05-02,Card
PUR_004081,CUST_01220,PROD_0005,Men's Casual Blazer,219.62,2026-07-27,Mobile Money
PUR_004082,CUST_01221,PROD_0203,Braided Hair Extension,87.54,2024-06-17,Mobile Money
PUR_004083,CUST_01221,PROD_0241,Digital Thermometer,128.5,2024-12-09,Mobile Money
PUR_004084,CUST_01222,PROD_0171,Sofa Set,216.67,2026-07-06,Card
PUR_004085,CUST_01225,PROD_0029,Women's Maxi Dress,78.6,2026-04-13,Mobile Money
PUR_004086,CUST_01225,PROD_0018,Men's Formal Suit,23.63,2026-05-03,Cash on Delivery
PUR_004087,CUST_01225,PROD_0271,Kids' Bicycle,198.93,2026-05-04,Card
PUR_004088,CUST_01225,PROD_0288,Scientific Calculator,32.36,2026-05-14,Mobile Money
PUR_004089,CUST_01225,PROD_0142,Gaming Console,152.23,2026-05-17,Mobile Money
PUR_004090,CUST_01225,PROD_0017,Men's Formal Suit,120.04,2026-06-04,Cash on Delivery
PUR_004091,CUST_01225,PROD_0086,Tecno Spark 10,513.95,2026-06-15,Mobile Money
PUR_004092,CUST_01225,PROD_0001,Traditional Smock (Fugu),91.47,2026-06-20,Card
PUR_004093,CUST_01225,PROD_0003,Cotton Polo Shirt,210.75,2026-06-28,Mobile Money
PUR_004094,CUST_01225,PROD_0170,Rice Cooker,150.95,2026-07-05,Mobile Money
PUR_004095,CUST_01225,PROD_0203,Braided Hair Extension,76.15,2026-07-13,Mobile Money
PUR_004096,CUST_01225,PROD_0255,Water Bottle (1L),266.77,2026-07-29,Mobile Money
PUR_004097,CUST_01225,PROD_0232,Bathroom Weighing Scale,54.7,2026-08-07,Mobile Money
PUR_004098,CUST_01225,PROD_0099,Huawei MatePad,440.48,2026-08-11,Mobile Money
PUR_004099,CUST_01225,PROD_0007,Kente Print Shirt,80.54,2026-08-19,Mobile Money
PUR_004100,CUST_01225,PROD_0301,Sugar (2kg),34.43,2026-08-29,Cash on Delivery
PUR_004101,CUST_01225,PROD_0286,Hardcover Notebook,51.43,2026-09-04,Mobile Money
PUR_004102,CUST_01229,PROD_0102,Samsung Galaxy A14,1801.79,2024-02-10,Mobile Money
PUR_004103,CUST_01229,PROD_0067,iPhone 13,1722.19,2024-06-11,Mobile Money
PUR_004104,CUST_01229,PROD_0166,Gas Cooker (4-Burner),127.99,2026-05-03,Mobile Money
PUR_004105,CUST_01229,PROD_0210,Braided Hair Extension,72.95,2026-05-13,Mobile Money
PUR_004106,CUST_01231,PROD_0236,Glucometer Kit,69.93,2024-08-05,Mobile Money
PUR_004107,CUST_01231,PROD_0172,Curtain Set,737.41,2025-07-18,Card
PUR_004108,CUST_01231,PROD_0272,Baby Carrier,52.75,2026-07-17,Cash on Delivery
PUR_004109,CUST_01233,PROD_0253,Running Shoes,85.18,2026-06-29,Cash on Delivery
PUR_004110,CUST_01233,PROD_0159,Bluetooth Speaker,420.51,2026-08-12,Cash on Delivery
PUR_004111,CUST_01235,PROD_0260,Gym Gloves,221.48,2025-10-14,Mobile Money
PUR_004112,CUST_01235,PROD_0204,Beard Grooming Kit,47.8,2025-11-07,Mobile Money
PUR_004113,CUST_01235,PROD_0279,Baby Wipes (80pcs),82.57,2026-01-02,Cash on Delivery
PUR_004114,CUST_01235,PROD_0168,Rice Cooker,183.5,2026-01-12,Mobile Money
PUR_004115,CUST_01235,PROD_0179,Wall Clock,93.06,2026-02-27,Mobile Money
PUR_004116,CUST_01235,PROD_0067,iPhone 13,2803.78,2026-03-27,Cash on Delivery
PUR_004117,CUST_01235,PROD_0172,Curtain Set,293.25,2026-04-15,Cash on Delivery
PUR_004118,CUST_01235,PROD_0168,Rice Cooker,427.18,2026-04-28,Cash on Delivery
PUR_004119,CUST_01236,PROD_0237,Multivitamin Tablets,109.37,2026-05-26,Cash on Delivery
PUR_004120,CUST_01236,PROD_0298,Sugar (2kg),29.49,2026-06-04,Cash on Delivery
PUR_004121,CUST_01237,PROD_0063,Men's Slim Fit Jeans,161.76,2025-02-18,Card
PUR_004122,CUST_01237,PROD_0201,Storage Containers Set,149.0,2025-07-24,Card
PUR_004123,CUST_01237,PROD_0257,Running Shoes,212.68,2026-04-13,Mobile Money
PUR_004124,CUST_01239,PROD_0128,Air Conditioner (1.5HP),247.03,2025-08-11,Mobile Money
PUR_004125,CUST_01242,PROD_0038,Ladies Handbag,90.87,2025-06-12,Mobile Money
PUR_004126,CUST_01243,PROD_0250,Herbal Tea Pack,128.7,2026-02-12,Card
PUR_004127,CUST_01245,PROD_0281,Educational Toy Set,62.49,2026-07-09,Cash on Delivery
PUR_004128,CUST_01249,PROD_0191,Rice Cooker,413.54,2024-02-24,Mobile Money
PUR_004129,CUST_01249,PROD_0177,Rice Cooker,91.67,2024-06-30,Mobile Money
PUR_004130,CUST_01249,PROD_0146,Home Theater System,2515.92,2024-10-29,Mobile Money
PUR_004131,CUST_01249,PROD_0202,Deodorant Roll-on,47.43,2025-03-13,Mobile Money
PUR_004132,CUST_01249,PROD_0271,Kids' Bicycle,127.7,2025-05-02,Cash on Delivery
PUR_004133,CUST_01249,PROD_0249,First Aid Kit,64.5,2025-07-08,Mobile Money
PUR_004134,CUST_01249,PROD_0032,Men's Formal Suit,240.22,2025-11-27,Mobile Money
PUR_004135,CUST_01249,PROD_0287,Highlighter Set,43.8,2026-02-12,Card
PUR_004136,CUST_01249,PROD_0272,Baby Carrier,175.2,2026-04-26,Mobile Money
PUR_004137,CUST_01249,PROD_0122,Electric Iron,943.25,2026-04-28,Cash on Delivery
PUR_004138,CUST_01249,PROD_0068,Redmi Note 12,899.79,2026-05-16,Mobile Money
PUR_004139,CUST_01249,PROD_0207,Skin Toner,70.22,2026-05-16,Mobile Money
PUR_004140,CUST_01249,PROD_0218,Skin Toner,46.25,2026-07-05,Mobile Money
PUR_004141,CUST_01250,PROD_0146,Home Theater System,774.52,2026-03-20,Cash on Delivery
PUR_004142,CUST_01251,PROD_0067,iPhone 13,1645.81,2025-08-03,Mobile Money
PUR_004143,CUST_01251,PROD_0020,Kente Print Shirt,84.69,2025-09-07,Mobile Money
PUR_004144,CUST_01251,PROD_0214,Deodorant Roll-on,30.33,2025-10-04,Cash on Delivery
PUR_004145,CUST_01251,PROD_0287,Highlighter Set,40.15,2025-10-28,Mobile Money
PUR_004146,CUST_01251,PROD_0258,Yoga Mat,321.75,2025-11-08,Card
PUR_004147,CUST_01251,PROD_0125,LED Bulb Pack,574.3,2025-11-15,Cash on Delivery
PUR_004148,CUST_01251,PROD_0117,Bluetooth Headset,3416.51,2025-12-12,Mobile Money
PUR_004149,CUST_01251,PROD_0172,Curtain Set,197.61,2025-12-13,Bank Transfer
PUR_004150,CUST_01251,PROD_0281,Educational Toy Set,39.61,2025-12-28,Card
PUR_004151,CUST_01251,PROD_0067,iPhone 13,369.3,2026-01-08,Cash on Delivery
PUR_004152,CUST_01251,PROD_0047,Leather Sandals,95.88,2026-02-23,Card
PUR_004153,CUST_01251,PROD_0021,Leather Sandals,36.91,2026-02-26,Card
PUR_004154,CUST_01251,PROD_0069,Phone Charger (Type-C),1268.04,2026-05-22,Mobile Money
PUR_004155,CUST_01251,PROD_0002,Ladies Kaftan Gown,49.84,2026-06-27,Mobile Money
PUR_004156,CUST_01251,PROD_0167,Bedsheet Set (Queen),406.63,2026-09-03,Cash on Delivery
PUR_004157,CUST_01252,PROD_0132,Electric Iron,192.2,2026-04-18,Card
PUR_004158,CUST_01252,PROD_0138,Microwave Oven,1631.73,2026-04-21,Mobile Money
PUR_004159,CUST_01252,PROD_0280,Baby Diapers Pack,125.78,2026-07-20,Cash on Delivery
PUR_004160,CUST_01252,PROD_0073,Redmi Note 12,682.79,2026-09-03,Cash on Delivery
PUR_004161,CUST_01254,PROD_0208,Perfume (100ml),67.11,2026-08-11,Card
PUR_004162,CUST_01255,PROD_0287,Highlighter Set,22.52,2025-08-23,Mobile Money
PUR_004163,CUST_01256,PROD_0168,Rice Cooker,84.62,2026-06-06,Mobile Money
PUR_004164,CUST_01256,PROD_0118,Power Bank 20000mAh,2663.77,2026-08-05,Mobile Money
PUR_004165,CUST_01257,PROD_0054,Men's Slim Fit Jeans,117.56,2026-07-31,Cash on Delivery
PUR_004166,CUST_01257,PROD_0030,Men's Casual Blazer,149.36,2026-08-04,Mobile Money
PUR_004167,CUST_01257,PROD_0009,Ladies Kaftan Gown,179.85,2026-08-31,Mobile Money
PUR_004168,CUST_01260,PROD_0254,Basketball,279.41,2026-07-25,Card
PUR_004169,CUST_01260,PROD_0016,Women's Maxi Dress,103.58,2026-07-27,Mobile Money
PUR_004170,CUST_01262,PROD_0072,Phone Screen Protector,2147.53,2025-08-10,Card
PUR_004171,CUST_01262,PROD_0286,Hardcover Notebook,44.47,2025-11-23,Mobile Money
PUR_004172,CUST_01262,PROD_0251,Protein Powder,42.89,2026-02-20,Card
PUR_004173,CUST_01262,PROD_0021,Leather Sandals,106.87,2026-02-22,Card
PUR_004174,CUST_01263,PROD_0171,Sofa Set,142.4,2026-05-01,Mobile Money
PUR_004175,CUST_01263,PROD_0113,iPhone 13,263.12,2026-05-18,Card
PUR_004176,CUST_01263,PROD_0015,Unisex Sneakers,97.63,2026-07-01,Mobile Money
PUR_004177,CUST_01263,PROD_0001,Traditional Smock (Fugu),110.33,2026-08-24,Mobile Money
PUR_004178,CUST_01263,PROD_0055,Kente Print Shirt,186.74,2026-08-29,Mobile Money
PUR_004179,CUST_01263,PROD_0203,Braided Hair Extension,84.43,2026-08-30,Cash on Delivery
PUR_004180,CUST_01264,PROD_0114,Phone Charger (Type-C),2257.19,2026-03-30,Mobile Money
PUR_004181,CUST_01264,PROD_0067,iPhone 13,341.77,2026-04-08,Mobile Money
PUR_004182,CUST_01264,PROD_0006,Men's Casual Blazer,77.94,2026-06-01,Mobile Money
PUR_004183,CUST_01264,PROD_0220,Beard Grooming Kit,68.1,2026-06-08,Mobile Money
PUR_004184,CUST_01264,PROD_0187,Bedsheet Set (Queen),213.11,2026-06-20,Cash on Delivery
PUR_004185,CUST_01264,PROD_0003,Cotton Polo Shirt,225.57,2026-07-09,Cash on Delivery
PUR_004186,CUST_01264,PROD_0038,Ladies Handbag,79.57,2026-08-09,Mobile Money
PUR_004187,CUST_01264,PROD_0067,iPhone 13,362.61,2026-08-12,Mobile Money
PUR_004188,CUST_01264,PROD_0169,Bedsheet Set (Queen),255.6,2026-08-31,Mobile Money
PUR_004189,CUST_01268,PROD_0010,Traditional Smock (Fugu),104.46,2026-05-09,Card
PUR_004190,CUST_01268,PROD_0002,Ladies Kaftan Gown,292.0,2026-06-18,Mobile Money
PUR_004191,CUST_01268,PROD_0139,Digital Camera,1217.48,2026-07-22,Card
PUR_004192,CUST_01271,PROD_0041,Denim Jacket,89.95,2025-07-01,Card
PUR_004193,CUST_01271,PROD_0003,Cotton Polo Shirt,57.4,2026-01-13,Cash on Delivery
PUR_004194,CUST_01271,PROD_0116,Universal Phone Case,536.7,2026-02-02,Mobile Money
PUR_004195,CUST_01271,PROD_0098,Power Bank 20000mAh,370.15,2026-03-20,Mobile Money
PUR_004196,CUST_01271,PROD_0135,LED Bulb Pack,1027.83,2026-08-20,Mobile Money
PUR_004197,CUST_01272,PROD_0048,Women's Maxi Dress,119.27,2025-10-14,Bank Transfer
PUR_004198,CUST_01272,PROD_0006,Men's Casual Blazer,168.5,2025-11-18,Card
PUR_004199,CUST_01272,PROD_0147,LED Bulb Pack,434.51,2026-02-13,Mobile Money
PUR_004200,CUST_01273,PROD_0168,Rice Cooker,171.79,2025-02-07,Mobile Money
PUR_004201,CUST_01273,PROD_0070,Phone Charger (Type-C),455.9,2025-06-08,Cash on Delivery
PUR_004202,CUST_01273,PROD_0271,Kids' Bicycle,70.63,2025-06-18,Mobile Money
PUR_004203,CUST_01273,PROD_0232,Bathroom Weighing Scale,89.7,2025-07-05,Cash on Delivery
PUR_004204,CUST_01273,PROD_0292,A4 Printing Paper Ream,28.14,2025-08-03,Mobile Money
PUR_004205,CUST_01273,PROD_0129,43-inch LED TV,843.85,2025-08-05,Mobile Money
PUR_004206,CUST_01273,PROD_0069,Phone Charger (Type-C),558.45,2025-08-23,Mobile Money
PUR_004207,CUST_01273,PROD_0121,Blender (4L),833.87,2025-09-12,Card
PUR_004208,CUST_01273,PROD_0241,Digital Thermometer,45.81,2025-09-22,Cash on Delivery
PUR_004209,CUST_01273,PROD_0225,Facial Cleanser,60.53,2025-09-23,Cash on Delivery
PUR_004210,CUST_01273,PROD_0275,Kids' Bicycle,102.05,2025-10-12,Card
PUR_004211,CUST_01273,PROD_0001,Traditional Smock (Fugu),295.94,2025-11-11,Mobile Money
PUR_004212,CUST_01273,PROD_0256,Camping Tent,268.94,2025-11-15,Mobile Money
PUR_004213,CUST_01273,PROD_0271,Kids' Bicycle,141.16,2025-11-21,Mobile Money
PUR_004214,CUST_01273,PROD_0167,Bedsheet Set (Queen),358.18,2025-12-07,Card
PUR_004215,CUST_01273,PROD_0169,Bedsheet Set (Queen),218.03,2025-12-13,Mobile Money
PUR_004216,CUST_01273,PROD_0202,Deodorant Roll-on,86.43,2025-12-21,Mobile Money
PUR_004217,CUST_01273,PROD_0004,Men's Slim Fit Jeans,107.38,2026-02-18,Card
PUR_004218,CUST_01273,PROD_0291,Exercise Books Pack,16.45,2026-02-19,Card
PUR_004219,CUST_01273,PROD_0002,Ladies Kaftan Gown,265.72,2026-02-22,Mobile Money
PUR_004220,CUST_01273,PROD_0141,LED Bulb Pack,413.49,2026-02-25,Cash on Delivery
PUR_004221,CUST_01273,PROD_0124,LED Bulb Pack,745.85,2026-04-02,Mobile Money
PUR_004222,CUST_01273,PROD_0296,Garri (2kg),94.54,2026-04-06,Cash on Delivery
PUR_004223,CUST_01273,PROD_0067,iPhone 13,1154.97,2026-04-11,Mobile Money
PUR_004224,CUST_01273,PROD_0167,Bedsheet Set (Queen),278.14,2026-04-25,Cash on Delivery
PUR_004225,CUST_01273,PROD_0166,Gas Cooker (4-Burner),482.76,2026-04-27,Mobile Money
PUR_004226,CUST_01273,PROD_0232,Bathroom Weighing Scale,29.07,2026-04-29,Mobile Money
PUR_004227,CUST_01273,PROD_0033,Ankara Print Dress,170.3,2026-05-18,Bank Transfer
PUR_004228,CUST_01273,PROD_0274,Baby Carrier,154.26,2026-06-07,Mobile Money
PUR_004229,CUST_01273,PROD_0125,LED Bulb Pack,1003.05,2026-06-21,Mobile Money
PUR_004230,CUST_01273,PROD_0201,Storage Containers Set,374.67,2026-07-08,Cash on Delivery
PUR_004231,CUST_01273,PROD_0088,Universal Phone Case,493.41,2026-07-14,Cash on Delivery
PUR_004232,CUST_01273,PROD_0067,iPhone 13,278.43,2026-07-15,Cash on Delivery
PUR_004233,CUST_01273,PROD_0166,Gas Cooker (4-Burner),239.85,2026-08-12,Cash on Delivery
PUR_004234,CUST_01274,PROD_0125,LED Bulb Pack,1557.41,2026-09-03,Mobile Money
PUR_004235,CUST_01275,PROD_0235,Bathroom Weighing Scale,132.22,2026-08-05,Mobile Money
PUR_004236,CUST_01278,PROD_0068,Redmi Note 12,430.29,2024-03-01,Mobile Money
PUR_004237,CUST_01278,PROD_0124,LED Bulb Pack,1099.21,2024-03-02,Mobile Money
PUR_004238,CUST_01278,PROD_0050,Leather Sandals,336.73,2024-06-23,Mobile Money
PUR_004239,CUST_01278,PROD_0137,43-inch LED TV,1162.59,2025-05-10,Bank Transfer
PUR_004240,CUST_01278,PROD_0077,Bluetooth Headset,143.39,2025-11-17,Mobile Money
PUR_004241,CUST_01278,PROD_0068,Redmi Note 12,848.27,2026-05-08,Mobile Money
PUR_004242,CUST_01278,PROD_0236,Glucometer Kit,81.04,2026-06-10,Mobile Money
PUR_004243,CUST_01278,PROD_0239,Vitamin C Supplements,45.65,2026-07-30,Mobile Money
PUR_004244,CUST_01278,PROD_0122,Electric Iron,186.15,2026-08-16,Card
PUR_004245,CUST_01280,PROD_0139,Digital Camera,674.2,2026-04-19,Mobile Money
PUR_004246,CUST_01281,PROD_0122,Electric Iron,1594.4,2026-08-14,Mobile Money
PUR_004247,CUST_01283,PROD_0048,Women's Maxi Dress,54.75,2026-08-31,Cash on Delivery
PUR_004248,CUST_01285,PROD_0002,Ladies Kaftan Gown,57.48,2026-06-09,Cash on Delivery
PUR_004249,CUST_01286,PROD_0042,Wax Print Skirt,53.19,2026-03-10,Mobile Money
PUR_004250,CUST_01286,PROD_0229,Hair Dryer,59.17,2026-07-13,Card
PUR_004251,CUST_01289,PROD_0266,Resistance Bands,110.36,2026-08-28,Mobile Money
PUR_004252,CUST_01294,PROD_0022,Denim Jacket,102.52,2026-02-13,Cash on Delivery
PUR_004253,CUST_01295,PROD_0203,Braided Hair Extension,65.65,2026-02-10,Cash on Delivery
PUR_004254,CUST_01295,PROD_0180,Bedsheet Set (Queen),574.79,2026-03-16,Mobile Money
PUR_004255,CUST_01296,PROD_0067,iPhone 13,617.07,2026-08-07,Cash on Delivery
PUR_004256,CUST_01296,PROD_0001,Traditional Smock (Fugu),41.48,2026-08-27,Bank Transfer
PUR_004257,CUST_01298,PROD_0208,Perfume (100ml),56.86,2026-08-17,Mobile Money
PUR_004258,CUST_01298,PROD_0260,Gym Gloves,106.4,2026-08-24,Mobile Money
PUR_004259,CUST_01298,PROD_0069,Phone Charger (Type-C),1029.11,2026-08-27,Mobile Money
PUR_004260,CUST_01299,PROD_0048,Women's Maxi Dress,38.45,2026-01-02,Mobile Money
PUR_004261,CUST_01299,PROD_0082,Samsung Galaxy A14,2374.62,2026-05-30,Cash on Delivery
PUR_004262,CUST_01300,PROD_0163,Extension Socket,268.51,2025-07-01,Mobile Money
PUR_004263,CUST_01300,PROD_0024,Women's Maxi Dress,119.64,2025-07-13,Mobile Money
PUR_004264,CUST_01300,PROD_0271,Kids' Bicycle,163.28,2025-07-16,Mobile Money
PUR_004265,CUST_01300,PROD_0002,Ladies Kaftan Gown,58.72,2025-07-30,Mobile Money
PUR_004266,CUST_01300,PROD_0271,Kids' Bicycle,75.37,2025-08-30,Mobile Money
PUR_004267,CUST_01300,PROD_0021,Leather Sandals,69.99,2025-11-27,Mobile Money
PUR_004268,CUST_01300,PROD_0070,Phone Charger (Type-C),297.08,2025-12-08,Mobile Money
PUR_004269,CUST_01300,PROD_0182,Curtain Set,331.7,2025-12-26,Mobile Money
PUR_004270,CUST_01300,PROD_0024,Women's Maxi Dress,158.53,2026-01-03,Mobile Money
PUR_004271,CUST_01300,PROD_0004,Men's Slim Fit Jeans,80.64,2026-02-05,Mobile Money
PUR_004272,CUST_01300,PROD_0166,Gas Cooker (4-Burner),80.97,2026-02-20,Card
PUR_004273,CUST_01300,PROD_0004,Men's Slim Fit Jeans,19.8,2026-04-17,Mobile Money
PUR_004274,CUST_01300,PROD_0005,Men's Casual Blazer,117.55,2026-06-02,Mobile Money
PUR_004275,CUST_01300,PROD_0170,Rice Cooker,457.96,2026-06-04,Bank Transfer
PUR_004276,CUST_01300,PROD_0292,A4 Printing Paper Ream,57.66,2026-07-10,Mobile Money
PUR_004277,CUST_01300,PROD_0072,Phone Screen Protector,504.49,2026-08-07,Mobile Money
PUR_004278,CUST_01300,PROD_0070,Phone Charger (Type-C),1435.42,2026-08-15,Card
PUR_004279,CUST_01302,PROD_0289,Kids' Storybook,50.92,2024-08-29,Card
PUR_004280,CUST_01302,PROD_0008,Kente Print Shirt,295.39,2024-11-08,Card
PUR_004281,CUST_01302,PROD_0255,Water Bottle (1L),302.04,2025-02-03,Cash on Delivery
PUR_004282,CUST_01302,PROD_0186,Storage Containers Set,138.17,2025-05-10,Card
PUR_004283,CUST_01302,PROD_0167,Bedsheet Set (Queen),213.54,2025-05-16,Mobile Money
PUR_004284,CUST_01302,PROD_0130,Rechargeable Fan,323.37,2025-09-20,Cash on Delivery
PUR_004285,CUST_01302,PROD_0121,Blender (4L),872.65,2026-03-25,Bank Transfer
PUR_004286,CUST_01302,PROD_0235,Bathroom Weighing Scale,68.83,2026-04-23,Mobile Money
PUR_004287,CUST_01302,PROD_0254,Basketball,106.46,2026-05-14,Card
PUR_004288,CUST_01304,PROD_0003,Cotton Polo Shirt,178.82,2026-09-04,Mobile Money
PUR_004289,CUST_01305,PROD_0069,Phone Charger (Type-C),1125.61,2025-09-10,Card
PUR_004290,CUST_01305,PROD_0003,Cotton Polo Shirt,147.22,2026-08-29,Mobile Money
PUR_004291,CUST_01306,PROD_0121,Blender (4L),598.05,2025-04-14,Mobile Money
PUR_004292,CUST_01306,PROD_0126,Gaming Console,2731.75,2025-06-29,Card
PUR_004293,CUST_01306,PROD_0233,Multivitamin Tablets,95.69,2025-07-24,Mobile Money
PUR_004294,CUST_01306,PROD_0011,Unisex Sneakers,156.74,2025-12-05,Mobile Money
PUR_004295,CUST_01306,PROD_0007,Kente Print Shirt,45.83,2026-03-23,Cash on Delivery
PUR_004296,CUST_01306,PROD_0271,Kids' Bicycle,302.55,2026-04-09,Mobile Money
PUR_004297,CUST_01306,PROD_0141,LED Bulb Pack,275.45,2026-06-01,Cash on Delivery
PUR_004298,CUST_01307,PROD_0272,Baby Carrier,88.69,2025-09-27,Card
PUR_004299,CUST_01307,PROD_0141,LED Bulb Pack,1077.88,2026-08-02,Mobile Money
PUR_004300,CUST_01308,PROD_0289,Kids' Storybook,25.7,2025-04-16,Cash on Delivery
PUR_004301,CUST_01308,PROD_0272,Baby Carrier,87.12,2025-09-02,Mobile Money
PUR_004302,CUST_01308,PROD_0028,Men's Casual Blazer,195.87,2025-11-08,Mobile Money
PUR_004303,CUST_01308,PROD_0074,Phone Screen Protector,3023.65,2025-11-22,Mobile Money
PUR_004304,CUST_01308,PROD_0068,Redmi Note 12,1820.67,2026-02-27,Mobile Money
PUR_004305,CUST_01308,PROD_0094,Power Bank 20000mAh,1185.9,2026-07-19,Mobile Money
PUR_004306,CUST_01309,PROD_0125,LED Bulb Pack,638.47,2026-04-16,Mobile Money
PUR_004307,CUST_01309,PROD_0166,Gas Cooker (4-Burner),110.29,2026-07-11,Cash on Delivery
PUR_004308,CUST_01309,PROD_0254,Basketball,142.06,2026-07-25,Mobile Money
PUR_004309,CUST_01310,PROD_0182,Curtain Set,227.86,2025-02-22,Mobile Money
PUR_004310,CUST_01310,PROD_0067,iPhone 13,8385.34,2025-12-19,Cash on Delivery
PUR_004311,CUST_01310,PROD_0122,Electric Iron,567.71,2026-03-13,Mobile Money
PUR_004312,CUST_01312,PROD_0024,Women's Maxi Dress,116.08,2024-08-22,Cash on Delivery
PUR_004313,CUST_01312,PROD_0218,Skin Toner,66.49,2025-03-11,Mobile Money
PUR_004314,CUST_01312,PROD_0122,Electric Iron,412.39,2026-04-08,Mobile Money
PUR_004315,CUST_01312,PROD_0001,Traditional Smock (Fugu),62.54,2026-07-19,Mobile Money
PUR_004316,CUST_01312,PROD_0259,Basketball,198.16,2026-08-07,Mobile Money
PUR_004317,CUST_01314,PROD_0238,Digital Blood Pressure Monitor,115.95,2025-03-11,Card
PUR_004318,CUST_01315,PROD_0079,iPhone 13,1425.65,2026-05-13,Mobile Money
PUR_004319,CUST_01315,PROD_0273,Baby Diapers Pack,111.54,2026-08-27,Cash on Delivery
PUR_004320,CUST_01317,PROD_0071,Bluetooth Headset,1702.03,2026-07-21,Mobile Money
PUR_004321,CUST_01318,PROD_0170,Rice Cooker,236.87,2025-08-16,Mobile Money
PUR_004322,CUST_01318,PROD_0276,Baby Bath Tub,268.71,2026-03-24,Mobile Money
PUR_004323,CUST_01318,PROD_0246,Face Mask Pack (50pcs),47.69,2026-05-07,Cash on Delivery
PUR_004324,CUST_01318,PROD_0269,Yoga Mat,128.18,2026-06-03,Mobile Money
PUR_004325,CUST_01319,PROD_0178,Gas Cooker (4-Burner),122.48,2026-08-27,Cash on Delivery
PUR_004326,CUST_01321,PROD_0235,Bathroom Weighing Scale,95.19,2026-07-04,Mobile Money
PUR_004327,CUST_01321,PROD_0206,Braided Hair Extension,79.13,2026-09-01,Card
PUR_004328,CUST_01323,PROD_0188,Water Dispenser,614.74,2026-05-17,Card
PUR_004329,CUST_01324,PROD_0053,Traditional Smock (Fugu),71.97,2026-07-16,Cash on Delivery
PUR_004330,CUST_01324,PROD_0099,Huawei MatePad,529.75,2026-08-15,Card
PUR_004331,CUST_01325,PROD_0206,Braided Hair Extension,53.81,2025-03-30,Mobile Money
PUR_004332,CUST_01325,PROD_0237,Multivitamin Tablets,145.24,2025-06-20,Bank Transfer
PUR_004333,CUST_01325,PROD_0002,Ladies Kaftan Gown,39.01,2025-09-05,Mobile Money
PUR_004334,CUST_01325,PROD_0068,Redmi Note 12,440.39,2025-10-26,Bank Transfer
PUR_004335,CUST_01325,PROD_0145,Home Theater System,936.93,2026-01-20,Cash on Delivery
PUR_004336,CUST_01327,PROD_0049,Ladies Handbag,145.19,2026-07-16,Mobile Money
PUR_004337,CUST_01327,PROD_0140,Electric Iron,1599.68,2026-07-18,Mobile Money
PUR_004338,CUST_01327,PROD_0233,Multivitamin Tablets,119.5,2026-08-26,Mobile Money
PUR_004339,CUST_01327,PROD_0166,Gas Cooker (4-Burner),323.64,2026-08-28,Mobile Money
PUR_004340,CUST_01327,PROD_0004,Men's Slim Fit Jeans,121.29,2026-08-28,Card
PUR_004341,CUST_01328,PROD_0184,Wall Clock,232.1,2025-06-20,Mobile Money
PUR_004342,CUST_01328,PROD_0277,Feeding Bottle Set,91.04,2026-01-01,Mobile Money
PUR_004343,CUST_01328,PROD_0138,Microwave Oven,407.01,2026-02-19,Bank Transfer
PUR_004344,CUST_01328,PROD_0006,Men's Casual Blazer,203.52,2026-05-24,Cash on Delivery
PUR_004345,CUST_01328,PROD_0232,Bathroom Weighing Scale,157.92,2026-08-29,Cash on Delivery
PUR_004346,CUST_01328,PROD_0124,LED Bulb Pack,108.8,2026-08-29,Card
PUR_004347,CUST_01329,PROD_0084,Samsung Galaxy A14,680.84,2025-07-31,Card
PUR_004348,CUST_01329,PROD_0067,iPhone 13,997.97,2025-08-26,Mobile Money
PUR_004349,CUST_01329,PROD_0067,iPhone 13,1282.27,2025-09-07,Cash on Delivery
PUR_004350,CUST_01329,PROD_0112,Itel Vision 3,542.88,2025-09-09,Cash on Delivery
PUR_004351,CUST_01329,PROD_0241,Digital Thermometer,93.63,2025-09-15,Mobile Money
PUR_004352,CUST_01329,PROD_0067,iPhone 13,694.97,2025-10-10,Mobile Money
PUR_004353,CUST_01329,PROD_0202,Deodorant Roll-on,50.51,2025-10-14,Mobile Money
PUR_004354,CUST_01329,PROD_0298,Sugar (2kg),74.62,2025-10-17,Card
PUR_004355,CUST_01329,PROD_0300,Canned Tuna,161.96,2025-11-09,Mobile Money
PUR_004356,CUST_01329,PROD_0109,Phone Screen Protector,570.42,2025-12-11,Mobile Money
PUR_004357,CUST_01329,PROD_0216,Skin Toner,51.92,2025-12-21,Mobile Money
PUR_004358,CUST_01329,PROD_0288,Scientific Calculator,45.8,2025-12-27,Mobile Money
PUR_004359,CUST_01329,PROD_0001,Traditional Smock (Fugu),342.72,2026-01-03,Card
PUR_004360,CUST_01329,PROD_0121,Blender (4L),683.18,2026-01-18,Mobile Money
PUR_004361,CUST_01329,PROD_0181,Storage Containers Set,113.08,2026-01-19,Mobile Money
PUR_004362,CUST_01329,PROD_0243,Protein Powder,69.12,2026-01-23,Mobile Money
PUR_004363,CUST_01329,PROD_0274,Baby Carrier,95.94,2026-01-30,Cash on Delivery
PUR_004364,CUST_01329,PROD_0072,Phone Screen Protector,1992.72,2026-02-05,Cash on Delivery
PUR_004365,CUST_01329,PROD_0257,Running Shoes,366.17,2026-02-21,Mobile Money
PUR_004366,CUST_01329,PROD_0067,iPhone 13,386.92,2026-02-21,Mobile Money
PUR_004367,CUST_01329,PROD_0078,Phone Screen Protector,785.08,2026-03-01,Mobile Money
PUR_004368,CUST_01329,PROD_0002,Ladies Kaftan Gown,55.45,2026-03-08,Cash on Delivery
PUR_004369,CUST_01329,PROD_0135,LED Bulb Pack,7565.47,2026-03-18,Cash on Delivery
PUR_004370,CUST_01329,PROD_0011,Unisex Sneakers,171.61,2026-03-29,Mobile Money
PUR_004371,CUST_01329,PROD_0038,Ladies Handbag,107.88,2026-04-06,Mobile Money
PUR_004372,CUST_01329,PROD_0143,LED Bulb Pack,1056.54,2026-04-12,Bank Transfer
PUR_004373,CUST_01329,PROD_0175,Kitchen Knife Set,206.57,2026-04-19,Mobile Money
PUR_004374,CUST_01329,PROD_0287,Highlighter Set,37.38,2026-04-20,Bank Transfer
PUR_004375,CUST_01329,PROD_0074,Phone Screen Protector,448.18,2026-04-20,Mobile Money
PUR_004376,CUST_01329,PROD_0105,Samsung Galaxy A14,454.93,2026-04-29,Mobile Money
PUR_004377,CUST_01329,PROD_0289,Kids' Storybook,79.12,2026-05-01,Card
PUR_004378,CUST_01329,PROD_0230,Black Soap Bar,42.26,2026-05-01,Bank Transfer
PUR_004379,CUST_01329,PROD_0202,Deodorant Roll-on,47.53,2026-05-10,Bank Transfer
PUR_004380,CUST_01329,PROD_0180,Bedsheet Set (Queen),276.07,2026-05-10,Mobile Money
PUR_004381,CUST_01329,PROD_0069,Phone Charger (Type-C),546.34,2026-05-13,Cash on Delivery
PUR_004382,CUST_01329,PROD_0177,Rice Cooker,262.79,2026-05-19,Cash on Delivery
PUR_004383,CUST_01329,PROD_0006,Men's Casual Blazer,281.37,2026-05-28,Cash on Delivery
PUR_004384,CUST_01329,PROD_0209,Makeup Kit,35.9,2026-05-31,Mobile Money
PUR_004385,CUST_01329,PROD_0168,Rice Cooker,300.88,2026-06-07,Card
PUR_004386,CUST_01329,PROD_0202,Deodorant Roll-on,38.93,2026-06-10,Mobile Money
PUR_004387,CUST_01329,PROD_0010,Traditional Smock (Fugu),114.61,2026-06-11,Cash on Delivery
PUR_004388,CUST_01329,PROD_0213,Deodorant Roll-on,54.52,2026-06-21,Mobile Money
PUR_004389,CUST_01329,PROD_0171,Sofa Set,208.69,2026-06-24,Cash on Delivery
PUR_004390,CUST_01329,PROD_0121,Blender (4L),731.32,2026-06-26,Mobile Money
PUR_004391,CUST_01329,PROD_0058,Men's Slim Fit Jeans,231.31,2026-06-27,Card
PUR_004392,CUST_01329,PROD_0186,Storage Containers Set,455.27,2026-07-08,Mobile Money
PUR_004393,CUST_01329,PROD_0292,A4 Printing Paper Ream,54.94,2026-07-08,Mobile Money
PUR_004394,CUST_01329,PROD_0090,Itel Vision 3,1540.53,2026-07-09,Mobile Money
PUR_004395,CUST_01329,PROD_0210,Braided Hair Extension,79.16,2026-07-12,Cash on Delivery
PUR_004396,CUST_01329,PROD_0209,Makeup Kit,76.25,2026-07-14,Mobile Money
PUR_004397,CUST_01329,PROD_0170,Rice Cooker,375.42,2026-07-17,Mobile Money
PUR_004398,CUST_01329,PROD_0100,Wireless Earbuds,2259.0,2026-07-23,Cash on Delivery
PUR_004399,CUST_01329,PROD_0153,Rechargeable Fan,245.61,2026-07-27,Mobile Money
PUR_004400,CUST_01329,PROD_0258,Yoga Mat,355.11,2026-07-28,Cash on Delivery
PUR_004401,CUST_01329,PROD_0074,Phone Screen Protector,183.47,2026-07-29,Cash on Delivery
PUR_004402,CUST_01329,PROD_0271,Kids' Bicycle,23.47,2026-07-29,Mobile Money
PUR_004403,CUST_01329,PROD_0166,Gas Cooker (4-Burner),236.44,2026-08-02,Bank Transfer
PUR_004404,CUST_01329,PROD_0253,Running Shoes,207.21,2026-08-03,Mobile Money
PUR_004405,CUST_01329,PROD_0153,Rechargeable Fan,733.03,2026-08-11,Mobile Money
PUR_004406,CUST_01329,PROD_0140,Electric Iron,1348.92,2026-08-13,Mobile Money
PUR_004407,CUST_01329,PROD_0210,Braided Hair Extension,90.93,2026-08-16,Cash on Delivery
PUR_004408,CUST_01329,PROD_0133,Bluetooth Speaker,519.38,2026-08-18,Mobile Money
PUR_004409,CUST_01329,PROD_0207,Skin Toner,71.97,2026-08-20,Mobile Money
PUR_004410,CUST_01329,PROD_0202,Deodorant Roll-on,45.42,2026-08-21,Mobile Money
PUR_004411,CUST_01329,PROD_0067,iPhone 13,525.59,2026-08-24,Mobile Money
PUR_004412,CUST_01329,PROD_0067,iPhone 13,1256.59,2026-08-29,Card
PUR_004413,CUST_01329,PROD_0286,Hardcover Notebook,27.79,2026-08-30,Card
PUR_004414,CUST_01329,PROD_0063,Men's Slim Fit Jeans,108.75,2026-08-31,Mobile Money
PUR_004415,CUST_01329,PROD_0156,Desktop Computer,564.48,2026-08-31,Mobile Money
PUR_004416,CUST_01329,PROD_0212,Perfume (100ml),50.06,2026-09-02,Mobile Money
PUR_004417,CUST_01329,PROD_0254,Basketball,61.61,2026-09-04,Mobile Money
PUR_004418,CUST_01329,PROD_0233,Multivitamin Tablets,45.95,2026-09-04,Card
PUR_004419,CUST_01330,PROD_0208,Perfume (100ml),107.65,2026-02-22,Mobile Money
PUR_004420,CUST_01330,PROD_0089,Samsung Galaxy A14,576.11,2026-08-25,Mobile Money
PUR_004421,CUST_01330,PROD_0075,Redmi Note 12,585.08,2026-09-04,Cash on Delivery
PUR_004422,CUST_01331,PROD_0067,iPhone 13,477.87,2026-08-22,Mobile Money
PUR_004423,CUST_01332,PROD_0125,LED Bulb Pack,1031.04,2026-05-07,Cash on Delivery
PUR_004424,CUST_01332,PROD_0005,Men's Casual Blazer,249.32,2026-08-17,Mobile Money
PUR_004425,CUST_01334,PROD_0069,Phone Charger (Type-C),1263.53,2024-10-28,Card
PUR_004426,CUST_01334,PROD_0253,Running Shoes,100.05,2026-03-22,Mobile Money
PUR_004427,CUST_01334,PROD_0067,iPhone 13,1253.82,2026-06-02,Cash on Delivery
PUR_004428,CUST_01336,PROD_0070,Phone Charger (Type-C),505.74,2025-10-09,Mobile Money
PUR_004429,CUST_01338,PROD_0275,Kids' Bicycle,74.04,2026-05-18,Card
PUR_004430,CUST_01338,PROD_0083,Redmi Note 12,893.05,2026-08-16,Mobile Money
PUR_004431,CUST_01342,PROD_0002,Ladies Kaftan Gown,81.61,2026-08-15,Cash on Delivery
PUR_004432,CUST_01343,PROD_0203,Braided Hair Extension,38.73,2024-08-25,Mobile Money
PUR_004433,CUST_01343,PROD_0150,Extension Socket,1786.15,2024-11-15,Card
PUR_004434,CUST_01343,PROD_0073,Redmi Note 12,251.79,2024-12-10,Mobile Money
PUR_004435,CUST_01343,PROD_0167,Bedsheet Set (Queen),124.06,2025-01-14,Mobile Money
PUR_004436,CUST_01343,PROD_0079,iPhone 13,481.52,2025-01-29,Bank Transfer
PUR_004437,CUST_01343,PROD_0271,Kids' Bicycle,167.99,2025-02-25,Mobile Money
PUR_004438,CUST_01343,PROD_0121,Blender (4L),245.75,2025-04-02,Mobile Money
PUR_004439,CUST_01343,PROD_0125,LED Bulb Pack,1123.94,2025-04-14,Cash on Delivery
PUR_004440,CUST_01343,PROD_0012,Children's T-Shirt Set,116.72,2025-04-22,Mobile Money
PUR_004441,CUST_01343,PROD_0207,Skin Toner,27.6,2025-04-24,Card
PUR_004442,CUST_01343,PROD_0281,Educational Toy Set,226.7,2025-05-16,Mobile Money
PUR_004443,CUST_01343,PROD_0024,Women's Maxi Dress,191.64,2025-06-12,Cash on Delivery
PUR_004444,CUST_01343,PROD_0169,Bedsheet Set (Queen),93.92,2025-07-07,Mobile Money
PUR_004445,CUST_01343,PROD_0084,Samsung Galaxy A14,775.33,2025-07-10,Cash on Delivery
PUR_004446,CUST_01343,PROD_0067,iPhone 13,1338.38,2025-07-22,Cash on Delivery
PUR_004447,CUST_01343,PROD_0112,Itel Vision 3,2330.23,2025-08-04,Mobile Money
PUR_004448,CUST_01343,PROD_0290,Exercise Books Pack,76.92,2025-08-14,Mobile Money
PUR_004449,CUST_01343,PROD_0001,Traditional Smock (Fugu),169.04,2025-08-15,Mobile Money
PUR_004450,CUST_01343,PROD_0132,Electric Iron,158.47,2025-08-22,Mobile Money
PUR_004451,CUST_01343,PROD_0281,Educational Toy Set,46.99,2025-08-27,Cash on Delivery
PUR_004452,CUST_01343,PROD_0286,Hardcover Notebook,25.32,2025-09-21,Mobile Money
PUR_004453,CUST_01343,PROD_0148,Electric Iron,1333.33,2025-09-24,Mobile Money
PUR_004454,CUST_01343,PROD_0180,Bedsheet Set (Queen),284.72,2025-10-18,Cash on Delivery
PUR_004455,CUST_01343,PROD_0068,Redmi Note 12,419.53,2025-10-20,Mobile Money
PUR_004456,CUST_01343,PROD_0067,iPhone 13,1474.69,2025-11-01,Card
PUR_004457,CUST_01343,PROD_0238,Digital Blood Pressure Monitor,59.84,2025-11-02,Mobile Money
PUR_004458,CUST_01343,PROD_0202,Deodorant Roll-on,34.56,2025-11-25,Mobile Money
PUR_004459,CUST_01343,PROD_0083,Redmi Note 12,716.86,2025-11-25,Card
PUR_004460,CUST_01343,PROD_0088,Universal Phone Case,505.51,2025-12-02,Card
PUR_004461,CUST_01343,PROD_0283,Toddler Shoes,65.73,2025-12-08,Cash on Delivery
PUR_004462,CUST_01343,PROD_0081,Phone Charger (Type-C),4908.48,2025-12-15,Mobile Money
PUR_004463,CUST_01343,PROD_0065,Wax Print Skirt,137.19,2025-12-24,Mobile Money
PUR_004464,CUST_01343,PROD_0001,Traditional Smock (Fugu),150.73,2025-12-27,Card
PUR_004465,CUST_01343,PROD_0298,Sugar (2kg),106.77,2026-01-30,Mobile Money
PUR_004466,CUST_01343,PROD_0271,Kids' Bicycle,111.6,2026-03-04,Mobile Money
PUR_004467,CUST_01343,PROD_0203,Braided Hair Extension,44.55,2026-03-06,Card
PUR_004468,CUST_01343,PROD_0001,Traditional Smock (Fugu),167.82,2026-03-12,Bank Transfer
PUR_004469,CUST_01343,PROD_0067,iPhone 13,1325.51,2026-03-16,Card
PUR_004470,CUST_01343,PROD_0093,Samsung Galaxy A14,4135.08,2026-03-29,Bank Transfer
PUR_004471,CUST_01343,PROD_0007,Kente Print Shirt,130.51,2026-04-03,Cash on Delivery
PUR_004472,CUST_01343,PROD_0070,Phone Charger (Type-C),282.53,2026-04-05,Mobile Money
PUR_004473,CUST_01343,PROD_0012,Children's T-Shirt Set,155.48,2026-05-10,Mobile Money
PUR_004474,CUST_01343,PROD_0076,Phone Charger (Type-C),198.19,2026-05-24,Cash on Delivery
PUR_004475,CUST_01343,PROD_0163,Extension Socket,371.68,2026-05-27,Bank Transfer
PUR_004476,CUST_01343,PROD_0152,Laptop (Core i5),1940.84,2026-06-17,Cash on Delivery
PUR_004477,CUST_01343,PROD_0190,Wall Clock,190.52,2026-06-23,Mobile Money
PUR_004478,CUST_01343,PROD_0057,Ladies Handbag,114.54,2026-07-13,Card
PUR_004479,CUST_01343,PROD_0203,Braided Hair Extension,57.49,2026-07-21,Mobile Money
PUR_004480,CUST_01343,PROD_0002,Ladies Kaftan Gown,161.69,2026-07-22,Cash on Delivery
PUR_004481,CUST_01343,PROD_0123,Electric Iron,419.91,2026-08-11,Bank Transfer
PUR_004482,CUST_01343,PROD_0189,Non-stick Cooking Pot Set,218.89,2026-08-13,Cash on Delivery
PUR_004483,CUST_01343,PROD_0168,Rice Cooker,540.24,2026-08-18,Cash on Delivery
PUR_004484,CUST_01343,PROD_0172,Curtain Set,468.67,2026-08-27,Card
PUR_004485,CUST_01343,PROD_0009,Ladies Kaftan Gown,322.19,2026-08-28,Card
PUR_004486,CUST_01344,PROD_0016,Women's Maxi Dress,78.29,2025-06-02,Card
PUR_004487,CUST_01344,PROD_0018,Men's Formal Suit,137.11,2025-07-03,Mobile Money
PUR_004488,CUST_01344,PROD_0053,Traditional Smock (Fugu),82.58,2025-08-02,Mobile Money
PUR_004489,CUST_01344,PROD_0234,Multivitamin Tablets,34.04,2025-09-15,Cash on Delivery
PUR_004490,CUST_01344,PROD_0030,Men's Casual Blazer,31.11,2025-09-22,Mobile Money
PUR_004491,CUST_01344,PROD_0069,Phone Charger (Type-C),552.72,2025-09-22,Mobile Money
PUR_004492,CUST_01344,PROD_0254,Basketball,67.65,2025-10-09,Mobile Money
PUR_004493,CUST_01344,PROD_0286,Hardcover Notebook,36.66,2025-10-11,Mobile Money
PUR_004494,CUST_01344,PROD_0271,Kids' Bicycle,54.94,2025-10-11,Mobile Money
PUR_004495,CUST_01344,PROD_0015,Unisex Sneakers,103.8,2025-10-26,Card
PUR_004496,CUST_01344,PROD_0124,LED Bulb Pack,2381.09,2025-10-27,Card
PUR_004497,CUST_01344,PROD_0088,Universal Phone Case,2158.38,2025-10-30,Bank Transfer
PUR_004498,CUST_01344,PROD_0271,Kids' Bicycle,67.68,2025-11-15,Cash on Delivery
PUR_004499,CUST_01344,PROD_0017,Men's Formal Suit,73.6,2025-11-16,Mobile Money
PUR_004500,CUST_01344,PROD_0058,Men's Slim Fit Jeans,321.15,2025-11-18,Mobile Money
PUR_004501,CUST_01344,PROD_0198,Wall Clock,247.36,2025-12-01,Mobile Money
PUR_004502,CUST_01344,PROD_0250,Herbal Tea Pack,77.32,2025-12-03,Mobile Money
PUR_004503,CUST_01344,PROD_0023,Kente Print Shirt,224.47,2025-12-05,Mobile Money
PUR_004504,CUST_01344,PROD_0295,Canned Tuna,153.13,2025-12-07,Card
PUR_004505,CUST_01344,PROD_0021,Leather Sandals,57.46,2025-12-08,Mobile Money
PUR_004506,CUST_01344,PROD_0175,Kitchen Knife Set,94.38,2025-12-08,Mobile Money
PUR_004507,CUST_01344,PROD_0112,Itel Vision 3,1099.31,2025-12-16,Cash on Delivery
PUR_004508,CUST_01344,PROD_0106,Samsung Galaxy Tab A8,1703.21,2025-12-26,Cash on Delivery
PUR_004509,CUST_01344,PROD_0001,Traditional Smock (Fugu),44.79,2025-12-27,Mobile Money
PUR_004510,CUST_01344,PROD_0003,Cotton Polo Shirt,183.99,2025-12-28,Bank Transfer
PUR_004511,CUST_01344,PROD_0239,Vitamin C Supplements,53.44,2025-12-28,Card
PUR_004512,CUST_01344,PROD_0121,Blender (4L),838.98,2026-01-07,Cash on Delivery
PUR_004513,CUST_01344,PROD_0131,Air Conditioner (1.5HP),596.04,2026-01-17,Cash on Delivery
PUR_004514,CUST_01344,PROD_0141,LED Bulb Pack,516.27,2026-01-20,Cash on Delivery
PUR_004515,CUST_01344,PROD_0082,Samsung Galaxy A14,1655.36,2026-01-22,Cash on Delivery
PUR_004516,CUST_01344,PROD_0151,Extension Socket,187.66,2026-01-24,Card
PUR_004517,CUST_01344,PROD_0272,Baby Carrier,111.83,2026-01-25,Cash on Delivery
PUR_004518,CUST_01344,PROD_0005,Men's Casual Blazer,139.09,2026-02-01,Mobile Money
PUR_004519,CUST_01344,PROD_0198,Wall Clock,282.49,2026-02-11,Card
PUR_004520,CUST_01344,PROD_0109,Phone Screen Protector,443.06,2026-02-12,Mobile Money
PUR_004521,CUST_01344,PROD_0122,Electric Iron,497.17,2026-03-07,Cash on Delivery
PUR_004522,CUST_01344,PROD_0091,iPhone 13,671.82,2026-03-20,Cash on Delivery
PUR_004523,CUST_01344,PROD_0202,Deodorant Roll-on,41.96,2026-03-20,Mobile Money
PUR_004524,CUST_01344,PROD_0166,Gas Cooker (4-Burner),492.06,2026-03-24,Mobile Money
PUR_004525,CUST_01344,PROD_0222,Shea Butter Body Lotion,99.17,2026-04-03,Cash on Delivery
PUR_004526,CUST_01344,PROD_0027,Ladies Kaftan Gown,61.49,2026-04-09,Bank Transfer
PUR_004527,CUST_01344,PROD_0125,LED Bulb Pack,1263.94,2026-04-23,Mobile Money
PUR_004528,CUST_01344,PROD_0214,Deodorant Roll-on,165.44,2026-04-24,Mobile Money
PUR_004529,CUST_01344,PROD_0299,Garri (2kg),70.92,2026-04-25,Cash on Delivery
PUR_004530,CUST_01344,PROD_0041,Denim Jacket,75.66,2026-04-29,Card
PUR_004531,CUST_01344,PROD_0021,Leather Sandals,27.44,2026-05-08,Mobile Money
PUR_004532,CUST_01344,PROD_0271,Kids' Bicycle,73.35,2026-05-14,Card
PUR_004533,CUST_01344,PROD_0121,Blender (4L),210.64,2026-05-24,Mobile Money
PUR_004534,CUST_01344,PROD_0034,Men's Casual Blazer,78.56,2026-05-29,Mobile Money
PUR_004535,CUST_01344,PROD_0283,Toddler Shoes,180.05,2026-06-03,Mobile Money
PUR_004536,CUST_01344,PROD_0123,Electric Iron,270.45,2026-06-04,Mobile Money
PUR_004537,CUST_01344,PROD_0078,Phone Screen Protector,1081.17,2026-06-20,Cash on Delivery
PUR_004538,CUST_01344,PROD_0069,Phone Charger (Type-C),1334.02,2026-06-20,Card
PUR_004539,CUST_01344,PROD_0154,Gaming Console,282.39,2026-06-22,Mobile Money
PUR_004540,CUST_01344,PROD_0253,Running Shoes,88.94,2026-06-27,Cash on Delivery
PUR_004541,CUST_01344,PROD_0038,Ladies Handbag,152.64,2026-06-27,Mobile Money
PUR_004542,CUST_01344,PROD_0170,Rice Cooker,119.82,2026-06-29,Mobile Money
PUR_004543,CUST_01344,PROD_0067,iPhone 13,469.78,2026-07-01,Mobile Money
PUR_004544,CUST_01344,PROD_0123,Electric Iron,390.66,2026-07-04,Cash on Delivery
PUR_004545,CUST_01344,PROD_0041,Denim Jacket,41.95,2026-07-14,Mobile Money
PUR_004546,CUST_01344,PROD_0232,Bathroom Weighing Scale,145.61,2026-07-18,Mobile Money
PUR_004547,CUST_01344,PROD_0009,Ladies Kaftan Gown,37.53,2026-07-20,Cash on Delivery
PUR_004548,CUST_01344,PROD_0056,Leather Sandals,62.96,2026-07-29,Mobile Money
PUR_004549,CUST_01344,PROD_0069,Phone Charger (Type-C),592.85,2026-08-03,Bank Transfer
PUR_004550,CUST_01344,PROD_0067,iPhone 13,520.78,2026-08-06,Bank Transfer
PUR_004551,CUST_01344,PROD_0121,Blender (4L),636.59,2026-08-06,Cash on Delivery
PUR_004552,CUST_01344,PROD_0148,Electric Iron,780.08,2026-08-12,Cash on Delivery
PUR_004553,CUST_01344,PROD_0122,Electric Iron,1487.25,2026-08-13,Cash on Delivery
PUR_004554,CUST_01344,PROD_0301,Sugar (2kg),36.64,2026-08-16,Mobile Money
PUR_004555,CUST_01344,PROD_0094,Power Bank 20000mAh,538.51,2026-09-04,Mobile Money
PUR_004556,CUST_01345,PROD_0236,Glucometer Kit,60.73,2026-06-14,Mobile Money
PUR_004557,CUST_01345,PROD_0247,Bathroom Weighing Scale,69.52,2026-08-08,Mobile Money
PUR_004558,CUST_01346,PROD_0094,Power Bank 20000mAh,635.51,2026-04-29,Mobile Money
PUR_004559,CUST_01346,PROD_0093,Samsung Galaxy A14,1666.99,2026-08-18,Mobile Money
PUR_004560,CUST_01348,PROD_0112,Itel Vision 3,1594.36,2026-04-01,Mobile Money
PUR_004561,CUST_01348,PROD_0232,Bathroom Weighing Scale,109.15,2026-05-27,Mobile Money
PUR_004562,CUST_01348,PROD_0088,Universal Phone Case,1178.51,2026-05-28,Mobile Money
PUR_004563,CUST_01348,PROD_0099,Huawei MatePad,1145.61,2026-06-12,Cash on Delivery
PUR_004564,CUST_01348,PROD_0289,Kids' Storybook,39.62,2026-06-13,Card
PUR_004565,CUST_01348,PROD_0169,Bedsheet Set (Queen),200.44,2026-06-17,Mobile Money
PUR_004566,CUST_01348,PROD_0067,iPhone 13,353.83,2026-06-18,Card
PUR_004567,CUST_01348,PROD_0083,Redmi Note 12,520.52,2026-06-28,Card
PUR_004568,CUST_01348,PROD_0141,LED Bulb Pack,817.9,2026-07-27,Bank Transfer
PUR_004569,CUST_01348,PROD_0210,Braided Hair Extension,45.24,2026-08-01,Mobile Money
PUR_004570,CUST_01348,PROD_0166,Gas Cooker (4-Burner),83.9,2026-08-10,Bank Transfer
PUR_004571,CUST_01348,PROD_0018,Men's Formal Suit,117.34,2026-08-27,Mobile Money
PUR_004572,CUST_01351,PROD_0195,Kitchen Knife Set,291.56,2025-08-16,Mobile Money
PUR_004573,CUST_01351,PROD_0095,Phone Charger (Type-C),718.29,2026-02-09,Cash on Delivery
PUR_004574,CUST_01352,PROD_0019,Men's Casual Blazer,123.06,2026-02-18,Mobile Money
PUR_004575,CUST_01354,PROD_0068,Redmi Note 12,376.02,2025-07-07,Mobile Money
PUR_004576,CUST_01354,PROD_0256,Camping Tent,200.92,2025-12-05,Mobile Money
PUR_004577,CUST_01354,PROD_0169,Bedsheet Set (Queen),244.27,2025-12-29,Mobile Money
PUR_004578,CUST_01354,PROD_0153,Rechargeable Fan,764.34,2026-02-13,Cash on Delivery
PUR_004579,CUST_01354,PROD_0269,Yoga Mat,376.39,2026-04-10,Mobile Money
PUR_004580,CUST_01354,PROD_0068,Redmi Note 12,340.88,2026-04-15,Mobile Money
PUR_004581,CUST_01354,PROD_0081,Phone Charger (Type-C),604.02,2026-07-20,Mobile Money
PUR_004582,CUST_01354,PROD_0166,Gas Cooker (4-Burner),152.96,2026-08-24,Mobile Money
PUR_004583,CUST_01355,PROD_0130,Rechargeable Fan,349.83,2026-05-20,Card
PUR_004584,CUST_01358,PROD_0172,Curtain Set,171.09,2026-06-11,Mobile Money
PUR_004585,CUST_01358,PROD_0236,Glucometer Kit,47.36,2026-08-14,Cash on Delivery
PUR_004586,CUST_01360,PROD_0295,Canned Tuna,86.74,2026-04-02,Mobile Money
PUR_004587,CUST_01360,PROD_0271,Kids' Bicycle,60.94,2026-04-14,Mobile Money
PUR_004588,CUST_01361,PROD_0066,Men's Slim Fit Jeans,130.89,2026-02-10,Mobile Money
PUR_004589,CUST_01361,PROD_0074,Phone Screen Protector,1936.19,2026-05-25,Cash on Delivery
PUR_004590,CUST_01362,PROD_0069,Phone Charger (Type-C),2334.32,2026-06-30,Cash on Delivery
PUR_004591,CUST_01363,PROD_0241,Digital Thermometer,88.75,2026-07-22,Mobile Money
PUR_004592,CUST_01364,PROD_0125,LED Bulb Pack,2289.79,2025-09-18,Mobile Money
PUR_004593,CUST_01364,PROD_0088,Universal Phone Case,254.82,2025-11-30,Mobile Money
PUR_004594,CUST_01364,PROD_0154,Gaming Console,1236.82,2025-12-14,Mobile Money
PUR_004595,CUST_01364,PROD_0104,Tecno Spark 10,771.44,2026-01-04,Mobile Money
PUR_004596,CUST_01364,PROD_0286,Hardcover Notebook,34.63,2026-03-02,Mobile Money
PUR_004597,CUST_01364,PROD_0288,Scientific Calculator,34.34,2026-03-03,Cash on Delivery
PUR_004598,CUST_01364,PROD_0204,Beard Grooming Kit,47.65,2026-03-25,Cash on Delivery
PUR_004599,CUST_01364,PROD_0001,Traditional Smock (Fugu),250.12,2026-04-14,Mobile Money
PUR_004600,CUST_01364,PROD_0018,Men's Formal Suit,65.3,2026-04-17,Card
PUR_004601,CUST_01364,PROD_0122,Electric Iron,1240.81,2026-04-30,Mobile Money
PUR_004602,CUST_01364,PROD_0001,Traditional Smock (Fugu),87.57,2026-05-10,Cash on Delivery
PUR_004603,CUST_01364,PROD_0119,iPhone 13,895.34,2026-05-16,Card
PUR_004604,CUST_01364,PROD_0046,Ladies Kaftan Gown,135.88,2026-05-23,Mobile Money
PUR_004605,CUST_01364,PROD_0202,Deodorant Roll-on,76.1,2026-05-25,Mobile Money
PUR_004606,CUST_01364,PROD_0297,Rice (5kg Bag),110.22,2026-06-05,Cash on Delivery
PUR_004607,CUST_01364,PROD_0002,Ladies Kaftan Gown,91.26,2026-06-06,Card
PUR_004608,CUST_01364,PROD_0253,Running Shoes,151.98,2026-06-06,Bank Transfer
PUR_004609,CUST_01364,PROD_0287,Highlighter Set,41.56,2026-06-20,Mobile Money
PUR_004610,CUST_01364,PROD_0257,Running Shoes,75.93,2026-06-21,Mobile Money
PUR_004611,CUST_01364,PROD_0004,Men's Slim Fit Jeans,62.25,2026-06-26,Mobile Money
PUR_004612,CUST_01364,PROD_0287,Highlighter Set,41.74,2026-06-28,Mobile Money
PUR_004613,CUST_01364,PROD_0067,iPhone 13,2455.21,2026-07-03,Card
PUR_004614,CUST_01364,PROD_0123,Electric Iron,1042.13,2026-07-04,Cash on Delivery
PUR_004615,CUST_01364,PROD_0067,iPhone 13,89.03,2026-07-05,Mobile Money
PUR_004616,CUST_01364,PROD_0241,Digital Thermometer,113.04,2026-07-11,Mobile Money
PUR_004617,CUST_01364,PROD_0108,Wireless Earbuds,1644.29,2026-07-14,Mobile Money
PUR_004618,CUST_01364,PROD_0051,Unisex Sneakers,158.17,2026-07-19,Mobile Money
PUR_004619,CUST_01364,PROD_0206,Braided Hair Extension,112.55,2026-07-27,Card
PUR_004620,CUST_01364,PROD_0122,Electric Iron,2569.06,2026-07-29,Cash on Delivery
PUR_004621,CUST_01364,PROD_0001,Traditional Smock (Fugu),57.25,2026-08-02,Bank Transfer
PUR_004622,CUST_01364,PROD_0069,Phone Charger (Type-C),1269.61,2026-08-03,Mobile Money
PUR_004623,CUST_01364,PROD_0140,Electric Iron,476.4,2026-08-08,Mobile Money
PUR_004624,CUST_01364,PROD_0213,Deodorant Roll-on,215.3,2026-08-15,Card
PUR_004625,CUST_01364,PROD_0286,Hardcover Notebook,58.07,2026-08-16,Bank Transfer
PUR_004626,CUST_01364,PROD_0001,Traditional Smock (Fugu),68.74,2026-08-16,Cash on Delivery
PUR_004627,CUST_01364,PROD_0271,Kids' Bicycle,101.05,2026-08-29,Mobile Money
PUR_004628,CUST_01364,PROD_0200,Dining Table Set,188.72,2026-08-30,Cash on Delivery
PUR_004629,CUST_01365,PROD_0278,Kids' Bicycle,283.16,2025-07-30,Mobile Money
PUR_004630,CUST_01365,PROD_0293,A4 Printing Paper Ream,58.16,2025-11-02,Mobile Money
PUR_004631,CUST_01365,PROD_0272,Baby Carrier,96.96,2025-11-27,Mobile Money
PUR_004632,CUST_01365,PROD_0005,Men's Casual Blazer,166.8,2026-03-02,Card
PUR_004633,CUST_01365,PROD_0113,iPhone 13,1204.45,2026-04-13,Mobile Money
PUR_004634,CUST_01365,PROD_0074,Phone Screen Protector,700.73,2026-04-23,Cash on Delivery
PUR_004635,CUST_01367,PROD_0058,Men's Slim Fit Jeans,114.21,2026-03-24,Mobile Money
PUR_004636,CUST_01367,PROD_0001,Traditional Smock (Fugu),111.35,2026-05-02,Cash on Delivery
PUR_004637,CUST_01368,PROD_0145,Home Theater System,381.91,2026-03-27,Mobile Money
PUR_004638,CUST_01370,PROD_0204,Beard Grooming Kit,94.69,2026-05-30,Mobile Money
PUR_004639,CUST_01370,PROD_0071,Bluetooth Headset,2108.99,2026-07-27,Cash on Delivery
PUR_004640,CUST_01370,PROD_0002,Ladies Kaftan Gown,56.64,2026-08-27,Cash on Delivery
PUR_004641,CUST_01370,PROD_0004,Men's Slim Fit Jeans,280.27,2026-09-01,Mobile Money
PUR_004642,CUST_01371,PROD_0079,iPhone 13,1131.41,2025-04-28,Mobile Money
PUR_004643,CUST_01371,PROD_0019,Men's Casual Blazer,88.38,2025-10-03,Cash on Delivery
PUR_004644,CUST_01371,PROD_0125,LED Bulb Pack,745.25,2026-04-06,Mobile Money
PUR_004645,CUST_01373,PROD_0004,Men's Slim Fit Jeans,121.16,2025-06-30,Bank Transfer
PUR_004646,CUST_01374,PROD_0057,Ladies Handbag,113.01,2026-02-25,Cash on Delivery
PUR_004647,CUST_01374,PROD_0209,Makeup Kit,25.83,2026-04-03,Mobile Money
PUR_004648,CUST_01374,PROD_0283,Toddler Shoes,111.64,2026-06-05,Cash on Delivery
PUR_004649,CUST_01374,PROD_0109,Phone Screen Protector,773.8,2026-06-07,Mobile Money
PUR_004650,CUST_01374,PROD_0301,Sugar (2kg),62.19,2026-07-15,Cash on Delivery
PUR_004651,CUST_01374,PROD_0203,Braided Hair Extension,37.28,2026-08-06,Cash on Delivery
PUR_004652,CUST_01374,PROD_0080,Infinix Hot 30,1376.25,2026-08-14,Cash on Delivery
PUR_004653,CUST_01374,PROD_0016,Women's Maxi Dress,222.66,2026-08-16,Cash on Delivery
PUR_004654,CUST_01374,PROD_0001,Traditional Smock (Fugu),163.62,2026-08-26,Cash on Delivery
PUR_004655,CUST_01375,PROD_0289,Kids' Storybook,46.28,2026-06-25,Mobile Money
PUR_004656,CUST_01376,PROD_0245,Protein Powder,33.6,2024-09-11,Mobile Money
PUR_004657,CUST_01376,PROD_0005,Men's Casual Blazer,200.97,2025-05-31,Mobile Money
PUR_004658,CUST_01376,PROD_0286,Hardcover Notebook,26.51,2025-06-05,Mobile Money
PUR_004659,CUST_01376,PROD_0025,Ladies Handbag,122.52,2025-07-29,Mobile Money
PUR_004660,CUST_01376,PROD_0236,Glucometer Kit,73.9,2025-08-19,Mobile Money
PUR_004661,CUST_01376,PROD_0295,Canned Tuna,49.75,2025-12-09,Mobile Money
PUR_004662,CUST_01376,PROD_0229,Hair Dryer,74.32,2026-02-20,Cash on Delivery
PUR_004663,CUST_01376,PROD_0271,Kids' Bicycle,88.13,2026-03-31,Mobile Money
PUR_004664,CUST_01376,PROD_0123,Electric Iron,717.49,2026-05-27,Cash on Delivery
PUR_004665,CUST_01376,PROD_0211,Shea Butter Body Lotion,36.63,2026-06-06,Cash on Delivery
PUR_004666,CUST_01376,PROD_0219,Braided Hair Extension,52.7,2026-06-08,Cash on Delivery
PUR_004667,CUST_01376,PROD_0202,Deodorant Roll-on,50.87,2026-06-27,Cash on Delivery
PUR_004668,CUST_01376,PROD_0253,Running Shoes,204.23,2026-07-16,Card
PUR_004669,CUST_01376,PROD_0279,Baby Wipes (80pcs),139.96,2026-08-18,Mobile Money
PUR_004670,CUST_01377,PROD_0003,Cotton Polo Shirt,111.95,2026-08-01,Cash on Delivery
PUR_004671,CUST_01377,PROD_0212,Perfume (100ml),49.43,2026-09-02,Mobile Money
PUR_004672,CUST_01378,PROD_0124,LED Bulb Pack,2862.01,2026-05-13,Cash on Delivery
PUR_004673,CUST_01378,PROD_0001,Traditional Smock (Fugu),167.76,2026-08-02,Mobile Money
PUR_004674,CUST_01379,PROD_0121,Blender (4L),181.92,2026-05-24,Mobile Money
PUR_004675,CUST_01380,PROD_0203,Braided Hair Extension,75.98,2025-12-13,Mobile Money
PUR_004676,CUST_01380,PROD_0117,Bluetooth Headset,760.21,2025-12-23,Mobile Money
PUR_004677,CUST_01380,PROD_0084,Samsung Galaxy A14,913.69,2026-01-22,Cash on Delivery
PUR_004678,CUST_01380,PROD_0296,Garri (2kg),185.02,2026-01-30,Mobile Money
PUR_004679,CUST_01380,PROD_0173,Non-stick Cooking Pot Set,73.12,2026-02-26,Cash on Delivery
PUR_004680,CUST_01380,PROD_0015,Unisex Sneakers,71.64,2026-04-16,Bank Transfer
PUR_004681,CUST_01380,PROD_0026,Men's Casual Blazer,36.74,2026-05-23,Mobile Money
PUR_004682,CUST_01380,PROD_0126,Gaming Console,1404.81,2026-05-30,Mobile Money
PUR_004683,CUST_01380,PROD_0169,Bedsheet Set (Queen),156.44,2026-07-10,Mobile Money
PUR_004684,CUST_01380,PROD_0208,Perfume (100ml),67.99,2026-08-05,Cash on Delivery
PUR_004685,CUST_01380,PROD_0076,Phone Charger (Type-C),399.08,2026-08-17,Mobile Money
PUR_004686,CUST_01382,PROD_0123,Electric Iron,224.22,2026-04-22,Mobile Money
PUR_004687,CUST_01384,PROD_0068,Redmi Note 12,216.99,2026-05-29,Card
PUR_004688,CUST_01384,PROD_0111,Infinix Hot 30,1781.31,2026-05-30,Cash on Delivery
PUR_004689,CUST_01384,PROD_0254,Basketball,118.68,2026-06-04,Cash on Delivery
PUR_004690,CUST_01384,PROD_0122,Electric Iron,1620.58,2026-06-06,Card
PUR_004691,CUST_01384,PROD_0123,Electric Iron,602.96,2026-06-10,Cash on Delivery
PUR_004692,CUST_01384,PROD_0024,Women's Maxi Dress,53.01,2026-06-12,Card
PUR_004693,CUST_01384,PROD_0232,Bathroom Weighing Scale,57.68,2026-06-13,Mobile Money
PUR_004694,CUST_01384,PROD_0121,Blender (4L),332.3,2026-06-15,Card
PUR_004695,CUST_01384,PROD_0235,Bathroom Weighing Scale,81.77,2026-06-18,Mobile Money
PUR_004696,CUST_01384,PROD_0272,Baby Carrier,54.95,2026-06-28,Cash on Delivery
PUR_004697,CUST_01384,PROD_0175,Kitchen Knife Set,302.76,2026-06-28,Mobile Money
PUR_004698,CUST_01384,PROD_0271,Kids' Bicycle,96.92,2026-06-29,Card
PUR_004699,CUST_01384,PROD_0169,Bedsheet Set (Queen),128.44,2026-07-02,Mobile Money
PUR_004700,CUST_01384,PROD_0237,Multivitamin Tablets,95.2,2026-07-05,Mobile Money
PUR_004701,CUST_01384,PROD_0070,Phone Charger (Type-C),1094.98,2026-07-08,Mobile Money
PUR_004702,CUST_01384,PROD_0100,Wireless Earbuds,1914.57,2026-07-10,Cash on Delivery
PUR_004703,CUST_01384,PROD_0232,Bathroom Weighing Scale,73.48,2026-07-11,Bank Transfer
PUR_004704,CUST_01384,PROD_0167,Bedsheet Set (Queen),344.97,2026-07-11,Card
PUR_004705,CUST_01384,PROD_0232,Bathroom Weighing Scale,97.2,2026-07-13,Cash on Delivery
PUR_004706,CUST_01384,PROD_0301,Sugar (2kg),51.46,2026-07-18,Cash on Delivery
PUR_004707,CUST_01384,PROD_0115,Phone Charger (Type-C),1022.58,2026-07-18,Mobile Money
PUR_004708,CUST_01384,PROD_0232,Bathroom Weighing Scale,73.64,2026-07-21,Mobile Money
PUR_004709,CUST_01384,PROD_0005,Men's Casual Blazer,73.96,2026-07-22,Mobile Money
PUR_004710,CUST_01384,PROD_0179,Wall Clock,52.3,2026-07-24,Cash on Delivery
PUR_004711,CUST_01384,PROD_0068,Redmi Note 12,1440.21,2026-07-27,Mobile Money
PUR_004712,CUST_01384,PROD_0213,Deodorant Roll-on,65.13,2026-07-27,Mobile Money
PUR_004713,CUST_01384,PROD_0230,Black Soap Bar,39.78,2026-08-03,Cash on Delivery
PUR_004714,CUST_01384,PROD_0004,Men's Slim Fit Jeans,105.92,2026-08-03,Bank Transfer
PUR_004715,CUST_01384,PROD_0046,Ladies Kaftan Gown,168.05,2026-08-05,Card
PUR_004716,CUST_01384,PROD_0190,Wall Clock,230.06,2026-08-06,Bank Transfer
PUR_004717,CUST_01384,PROD_0130,Rechargeable Fan,584.87,2026-08-07,Mobile Money
PUR_004718,CUST_01384,PROD_0123,Electric Iron,1008.09,2026-08-07,Mobile Money
PUR_004719,CUST_01384,PROD_0204,Beard Grooming Kit,41.24,2026-08-08,Mobile Money
PUR_004720,CUST_01384,PROD_0286,Hardcover Notebook,40.21,2026-08-12,Mobile Money
PUR_004721,CUST_01384,PROD_0167,Bedsheet Set (Queen),245.81,2026-08-14,Mobile Money
PUR_004722,CUST_01384,PROD_0014,Men's Slim Fit Jeans,47.11,2026-08-14,Mobile Money
PUR_004723,CUST_01384,PROD_0221,Nail Polish Set,45.78,2026-08-20,Mobile Money
PUR_004724,CUST_01384,PROD_0121,Blender (4L),1114.83,2026-08-21,Mobile Money
PUR_004725,CUST_01384,PROD_0006,Men's Casual Blazer,171.06,2026-08-22,Mobile Money
PUR_004726,CUST_01384,PROD_0167,Bedsheet Set (Queen),32.61,2026-08-23,Mobile Money
PUR_004727,CUST_01384,PROD_0166,Gas Cooker (4-Burner),85.42,2026-08-26,Mobile Money
PUR_004728,CUST_01384,PROD_0003,Cotton Polo Shirt,129.08,2026-08-27,Mobile Money
PUR_004729,CUST_01384,PROD_0075,Redmi Note 12,1909.68,2026-08-28,Mobile Money
PUR_004730,CUST_01384,PROD_0264,Camping Tent,120.28,2026-08-29,Card
PUR_004731,CUST_01384,PROD_0128,Air Conditioner (1.5HP),1557.04,2026-08-29,Card
PUR_004732,CUST_01384,PROD_0253,Running Shoes,93.23,2026-08-30,Mobile Money
PUR_004733,CUST_01384,PROD_0239,Vitamin C Supplements,54.9,2026-08-31,Cash on Delivery
PUR_004734,CUST_01384,PROD_0016,Women's Maxi Dress,72.99,2026-09-01,Mobile Money
PUR_004735,CUST_01384,PROD_0043,Men's Formal Suit,205.64,2026-09-01,Cash on Delivery
PUR_004736,CUST_01384,PROD_0079,iPhone 13,826.47,2026-09-02,Mobile Money
PUR_004737,CUST_01384,PROD_0167,Bedsheet Set (Queen),147.58,2026-09-03,Mobile Money
PUR_004738,CUST_01384,PROD_0006,Men's Casual Blazer,295.66,2026-09-03,Mobile Money
PUR_004739,CUST_01384,PROD_0255,Water Bottle (1L),210.79,2026-09-04,Mobile Money
PUR_004740,CUST_01385,PROD_0121,Blender (4L),487.57,2026-03-20,Mobile Money
PUR_004741,CUST_01386,PROD_0170,Rice Cooker,93.01,2026-05-17,Mobile Money
PUR_004742,CUST_01387,PROD_0013,Ankara Print Dress,197.64,2025-03-05,Cash on Delivery
PUR_004743,CUST_01387,PROD_0007,Kente Print Shirt,370.4,2025-03-22,Mobile Money
PUR_004744,CUST_01387,PROD_0009,Ladies Kaftan Gown,203.38,2025-05-19,Card
PUR_004745,CUST_01387,PROD_0279,Baby Wipes (80pcs),63.7,2025-06-15,Cash on Delivery
PUR_004746,CUST_01387,PROD_0024,Women's Maxi Dress,100.37,2025-06-23,Mobile Money
PUR_004747,CUST_01387,PROD_0082,Samsung Galaxy A14,486.99,2025-06-26,Cash on Delivery
PUR_004748,CUST_01387,PROD_0254,Basketball,347.55,2025-06-30,Mobile Money
PUR_004749,CUST_01387,PROD_0258,Yoga Mat,167.03,2025-09-09,Cash on Delivery
PUR_004750,CUST_01387,PROD_0123,Electric Iron,275.68,2025-09-18,Card
PUR_004751,CUST_01387,PROD_0265,Cycling Helmet,332.55,2025-10-06,Mobile Money
PUR_004752,CUST_01387,PROD_0122,Electric Iron,2630.38,2025-10-07,Card
PUR_004753,CUST_01387,PROD_0098,Power Bank 20000mAh,366.11,2025-10-19,Mobile Money
PUR_004754,CUST_01387,PROD_0297,Rice (5kg Bag),80.72,2025-11-06,Mobile Money
PUR_004755,CUST_01387,PROD_0293,A4 Printing Paper Ream,49.52,2025-11-07,Mobile Money
PUR_004756,CUST_01387,PROD_0002,Ladies Kaftan Gown,72.8,2025-11-09,Mobile Money
PUR_004757,CUST_01387,PROD_0113,iPhone 13,2358.5,2025-11-12,Mobile Money
PUR_004758,CUST_01387,PROD_0202,Deodorant Roll-on,48.16,2025-11-22,Mobile Money
PUR_004759,CUST_01387,PROD_0291,Exercise Books Pack,41.72,2025-11-26,Mobile Money
PUR_004760,CUST_01387,PROD_0132,Electric Iron,1159.8,2025-12-17,Bank Transfer
PUR_004761,CUST_01387,PROD_0070,Phone Charger (Type-C),1100.26,2025-12-22,Card
PUR_004762,CUST_01387,PROD_0169,Bedsheet Set (Queen),209.03,2026-01-25,Card
PUR_004763,CUST_01387,PROD_0003,Cotton Polo Shirt,52.45,2026-02-25,Bank Transfer
PUR_004764,CUST_01387,PROD_0122,Electric Iron,1662.27,2026-02-25,Cash on Delivery
PUR_004765,CUST_01387,PROD_0213,Deodorant Roll-on,66.58,2026-03-07,Cash on Delivery
PUR_004766,CUST_01387,PROD_0125,LED Bulb Pack,644.95,2026-03-17,Mobile Money
PUR_004767,CUST_01387,PROD_0121,Blender (4L),281.4,2026-03-18,Card
PUR_004768,CUST_01387,PROD_0132,Electric Iron,537.1,2026-03-27,Mobile Money
PUR_004769,CUST_01387,PROD_0074,Phone Screen Protector,440.92,2026-04-06,Mobile Money
PUR_004770,CUST_01387,PROD_0166,Gas Cooker (4-Burner),60.29,2026-04-28,Mobile Money
PUR_004771,CUST_01387,PROD_0001,Traditional Smock (Fugu),51.99,2026-05-05,Mobile Money
PUR_004772,CUST_01387,PROD_0017,Men's Formal Suit,224.55,2026-06-11,Mobile Money
PUR_004773,CUST_01387,PROD_0068,Redmi Note 12,211.82,2026-06-16,Cash on Delivery
PUR_004774,CUST_01387,PROD_0277,Feeding Bottle Set,117.3,2026-06-19,Mobile Money
PUR_004775,CUST_01387,PROD_0034,Men's Casual Blazer,179.79,2026-06-21,Card
PUR_004776,CUST_01387,PROD_0170,Rice Cooker,250.01,2026-07-03,Mobile Money
PUR_004777,CUST_01387,PROD_0039,Men's Slim Fit Jeans,101.21,2026-07-05,Mobile Money
PUR_004778,CUST_01387,PROD_0253,Running Shoes,141.72,2026-07-10,Card
PUR_004779,CUST_01387,PROD_0172,Curtain Set,231.83,2026-07-29,Bank Transfer
PUR_004780,CUST_01387,PROD_0122,Electric Iron,830.47,2026-08-09,Bank Transfer
PUR_004781,CUST_01387,PROD_0222,Shea Butter Body Lotion,88.35,2026-08-19,Cash on Delivery
PUR_004782,CUST_01387,PROD_0295,Canned Tuna,34.95,2026-08-20,Mobile Money
PUR_004783,CUST_01387,PROD_0241,Digital Thermometer,42.76,2026-08-21,Cash on Delivery
PUR_004784,CUST_01387,PROD_0003,Cotton Polo Shirt,576.53,2026-08-29,Mobile Money
PUR_004785,CUST_01388,PROD_0214,Deodorant Roll-on,47.6,2026-09-01,Bank Transfer
PUR_004786,CUST_01389,PROD_0001,Traditional Smock (Fugu),177.97,2023-06-22,Cash on Delivery
PUR_004787,CUST_01389,PROD_0030,Men's Casual Blazer,95.72,2024-02-16,Cash on Delivery
PUR_004788,CUST_01389,PROD_0236,Glucometer Kit,28.18,2024-05-31,Mobile Money
PUR_004789,CUST_01389,PROD_0171,Sofa Set,539.49,2024-06-22,Cash on Delivery
PUR_004790,CUST_01389,PROD_0299,Garri (2kg),66.16,2024-06-28,Mobile Money
PUR_004791,CUST_01389,PROD_0205,Deodorant Roll-on,66.98,2024-08-13,Mobile Money
PUR_004792,CUST_01389,PROD_0070,Phone Charger (Type-C),462.47,2024-10-31,Mobile Money
PUR_004793,CUST_01389,PROD_0301,Sugar (2kg),61.88,2025-02-19,Mobile Money
PUR_004794,CUST_01389,PROD_0008,Kente Print Shirt,110.38,2025-02-27,Cash on Delivery
PUR_004795,CUST_01389,PROD_0099,Huawei MatePad,1565.0,2025-05-23,Mobile Money
PUR_004796,CUST_01389,PROD_0028,Men's Casual Blazer,67.47,2025-05-28,Card
PUR_004797,CUST_01389,PROD_0204,Beard Grooming Kit,84.75,2025-12-20,Bank Transfer
PUR_004798,CUST_01389,PROD_0193,Cutlery Set,308.12,2025-12-25,Card
PUR_004799,CUST_01389,PROD_0233,Multivitamin Tablets,69.48,2025-12-28,Cash on Delivery
PUR_004800,CUST_01389,PROD_0049,Ladies Handbag,215.41,2026-02-24,Mobile Money
PUR_004801,CUST_01389,PROD_0156,Desktop Computer,462.17,2026-05-14,Cash on Delivery
PUR_004802,CUST_01389,PROD_0067,iPhone 13,1036.5,2026-09-04,Cash on Delivery
PUR_004803,CUST_01390,PROD_0078,Phone Screen Protector,897.55,2026-08-20,Card
PUR_004804,CUST_01391,PROD_0206,Braided Hair Extension,44.25,2026-06-29,Cash on Delivery
PUR_004805,CUST_01391,PROD_0005,Men's Casual Blazer,134.14,2026-07-20,Cash on Delivery
PUR_004806,CUST_01391,PROD_0003,Cotton Polo Shirt,140.11,2026-07-23,Mobile Money
PUR_004807,CUST_01391,PROD_0129,43-inch LED TV,1037.25,2026-08-01,Cash on Delivery
PUR_004808,CUST_01391,PROD_0004,Men's Slim Fit Jeans,152.32,2026-08-02,Bank Transfer
PUR_004809,CUST_01391,PROD_0232,Bathroom Weighing Scale,95.59,2026-08-03,Mobile Money
PUR_004810,CUST_01391,PROD_0166,Gas Cooker (4-Burner),127.82,2026-08-04,Cash on Delivery
PUR_004811,CUST_01391,PROD_0135,LED Bulb Pack,214.43,2026-08-07,Cash on Delivery
PUR_004812,CUST_01391,PROD_0232,Bathroom Weighing Scale,67.65,2026-08-13,Mobile Money
PUR_004813,CUST_01391,PROD_0084,Samsung Galaxy A14,3046.59,2026-08-24,Mobile Money
PUR_004814,CUST_01391,PROD_0137,43-inch LED TV,427.08,2026-08-25,Mobile Money
PUR_004815,CUST_01391,PROD_0011,Unisex Sneakers,147.07,2026-08-28,Cash on Delivery
PUR_004816,CUST_01391,PROD_0003,Cotton Polo Shirt,100.77,2026-08-30,Mobile Money
PUR_004817,CUST_01391,PROD_0013,Ankara Print Dress,122.08,2026-08-30,Mobile Money
PUR_004818,CUST_01391,PROD_0112,Itel Vision 3,201.86,2026-08-31,Mobile Money
PUR_004819,CUST_01391,PROD_0256,Camping Tent,140.5,2026-08-31,Mobile Money
PUR_004820,CUST_01391,PROD_0002,Ladies Kaftan Gown,164.83,2026-09-04,Mobile Money
PUR_004821,CUST_01392,PROD_0005,Men's Casual Blazer,163.79,2026-08-18,Mobile Money
PUR_004822,CUST_01392,PROD_0254,Basketball,91.97,2026-08-30,Mobile Money
PUR_004823,CUST_01392,PROD_0123,Electric Iron,381.31,2026-09-04,Cash on Delivery
PUR_004824,CUST_01394,PROD_0182,Curtain Set,139.29,2026-04-14,Mobile Money
PUR_004825,CUST_01394,PROD_0040,Men's Slim Fit Jeans,124.24,2026-04-18,Mobile Money
PUR_004826,CUST_01394,PROD_0251,Protein Powder,40.06,2026-05-30,Card
PUR_004827,CUST_01395,PROD_0257,Running Shoes,193.79,2026-06-02,Mobile Money
PUR_004828,CUST_01395,PROD_0017,Men's Formal Suit,138.06,2026-08-19,Card
PUR_004829,CUST_01396,PROD_0210,Braided Hair Extension,43.14,2025-01-21,Mobile Money
PUR_004830,CUST_01396,PROD_0258,Yoga Mat,269.07,2025-04-15,Mobile Money
PUR_004831,CUST_01396,PROD_0232,Bathroom Weighing Scale,172.37,2025-05-02,Bank Transfer
PUR_004832,CUST_01396,PROD_0168,Rice Cooker,199.88,2025-05-27,Mobile Money
PUR_004833,CUST_01396,PROD_0087,Huawei MatePad,954.94,2025-06-12,Mobile Money
PUR_004834,CUST_01396,PROD_0254,Basketball,121.25,2025-07-15,Card
PUR_004835,CUST_01396,PROD_0001,Traditional Smock (Fugu),32.84,2025-10-04,Bank Transfer
PUR_004836,CUST_01396,PROD_0202,Deodorant Roll-on,45.3,2025-10-20,Mobile Money
PUR_004837,CUST_01396,PROD_0001,Traditional Smock (Fugu),101.96,2025-11-15,Mobile Money
PUR_004838,CUST_01396,PROD_0121,Blender (4L),247.86,2025-11-16,Mobile Money
PUR_004839,CUST_01396,PROD_0036,Leather Sandals,478.01,2025-11-20,Mobile Money
PUR_004840,CUST_01396,PROD_0173,Non-stick Cooking Pot Set,227.34,2025-11-22,Mobile Money
PUR_004841,CUST_01396,PROD_0137,43-inch LED TV,446.34,2026-01-05,Card
PUR_004842,CUST_01396,PROD_0087,Huawei MatePad,958.34,2026-01-27,Cash on Delivery
PUR_004843,CUST_01396,PROD_0277,Feeding Bottle Set,96.91,2026-02-15,Mobile Money
PUR_004844,CUST_01396,PROD_0078,Phone Screen Protector,465.3,2026-03-17,Mobile Money
PUR_004845,CUST_01396,PROD_0202,Deodorant Roll-on,110.94,2026-03-26,Card
PUR_004846,CUST_01396,PROD_0210,Braided Hair Extension,31.88,2026-03-29,Mobile Money
PUR_004847,CUST_01396,PROD_0072,Phone Screen Protector,536.36,2026-04-05,Mobile Money
PUR_004848,CUST_01396,PROD_0093,Samsung Galaxy A14,2407.81,2026-05-29,Mobile Money
PUR_004849,CUST_01396,PROD_0085,Samsung Galaxy Tab A8,379.7,2026-05-29,Mobile Money
PUR_004850,CUST_01396,PROD_0200,Dining Table Set,225.24,2026-06-06,Card
PUR_004851,CUST_01396,PROD_0078,Phone Screen Protector,1965.14,2026-06-17,Mobile Money
PUR_004852,CUST_01396,PROD_0003,Cotton Polo Shirt,134.01,2026-07-02,Bank Transfer
PUR_004853,CUST_01396,PROD_0067,iPhone 13,447.6,2026-07-17,Mobile Money
PUR_004854,CUST_01396,PROD_0271,Kids' Bicycle,165.65,2026-08-02,Card
PUR_004855,CUST_01396,PROD_0125,LED Bulb Pack,368.41,2026-08-16,Mobile Money
PUR_004856,CUST_01396,PROD_0166,Gas Cooker (4-Burner),127.93,2026-08-23,Card
PUR_004857,CUST_01396,PROD_0122,Electric Iron,918.45,2026-08-30,Cash on Delivery
PUR_004858,CUST_01397,PROD_0068,Redmi Note 12,694.18,2026-03-11,Mobile Money
PUR_004859,CUST_01398,PROD_0169,Bedsheet Set (Queen),674.63,2026-07-29,Card
PUR_004860,CUST_01399,PROD_0209,Makeup Kit,54.69,2026-07-09,Mobile Money
PUR_004861,CUST_01399,PROD_0141,LED Bulb Pack,1059.75,2026-08-02,Mobile Money
PUR_004862,CUST_01400,PROD_0087,Huawei MatePad,238.53,2025-11-09,Mobile Money
PUR_004863,CUST_01400,PROD_0181,Storage Containers Set,258.5,2026-03-09,Mobile Money
PUR_004864,CUST_01400,PROD_0234,Multivitamin Tablets,64.35,2026-03-30,Bank Transfer
PUR_004865,CUST_01400,PROD_0125,LED Bulb Pack,1477.49,2026-08-30,Cash on Delivery
PUR_004866,CUST_01401,PROD_0242,Protein Powder,85.48,2026-09-01,Mobile Money
PUR_004867,CUST_01404,PROD_0243,Protein Powder,30.54,2025-05-25,Mobile Money
PUR_004868,CUST_01404,PROD_0061,Women's Maxi Dress,227.46,2025-07-08,Mobile Money
PUR_004869,CUST_01404,PROD_0253,Running Shoes,170.55,2025-07-11,Bank Transfer
PUR_004870,CUST_01404,PROD_0020,Kente Print Shirt,42.03,2025-08-12,Cash on Delivery
PUR_004871,CUST_01404,PROD_0123,Electric Iron,2036.92,2025-09-22,Mobile Money
PUR_004872,CUST_01404,PROD_0026,Men's Casual Blazer,160.91,2025-11-05,Card
PUR_004873,CUST_01404,PROD_0067,iPhone 13,557.88,2025-11-12,Mobile Money
PUR_004874,CUST_01404,PROD_0168,Rice Cooker,90.74,2025-11-22,Mobile Money
PUR_004875,CUST_01404,PROD_0001,Traditional Smock (Fugu),44.38,2025-12-29,Mobile Money
PUR_004876,CUST_01404,PROD_0167,Bedsheet Set (Queen),719.08,2026-01-02,Mobile Money
PUR_004877,CUST_01404,PROD_0279,Baby Wipes (80pcs),138.13,2026-01-13,Card
PUR_004878,CUST_01404,PROD_0211,Shea Butter Body Lotion,46.56,2026-02-03,Mobile Money
PUR_004879,CUST_01404,PROD_0068,Redmi Note 12,1592.23,2026-03-14,Mobile Money
PUR_004880,CUST_01404,PROD_0258,Yoga Mat,111.94,2026-03-27,Mobile Money
PUR_004881,CUST_01404,PROD_0259,Basketball,120.19,2026-04-15,Mobile Money
PUR_004882,CUST_01404,PROD_0268,Dumbbell Set,382.14,2026-05-21,Mobile Money
PUR_004883,CUST_01404,PROD_0200,Dining Table Set,35.87,2026-05-22,Mobile Money
PUR_004884,CUST_01404,PROD_0075,Redmi Note 12,1938.63,2026-05-22,Mobile Money
PUR_004885,CUST_01404,PROD_0286,Hardcover Notebook,61.79,2026-05-29,Bank Transfer
PUR_004886,CUST_01404,PROD_0254,Basketball,53.35,2026-06-15,Mobile Money
PUR_004887,CUST_01404,PROD_0232,Bathroom Weighing Scale,87.29,2026-06-17,Cash on Delivery
PUR_004888,CUST_01404,PROD_0067,iPhone 13,119.95,2026-07-10,Cash on Delivery
PUR_004889,CUST_01404,PROD_0273,Baby Diapers Pack,54.66,2026-08-03,Mobile Money
PUR_004890,CUST_01404,PROD_0253,Running Shoes,60.82,2026-08-17,Cash on Delivery
PUR_004891,CUST_01404,PROD_0072,Phone Screen Protector,296.33,2026-08-22,Cash on Delivery
PUR_004892,CUST_01405,PROD_0044,Women's Maxi Dress,127.48,2025-12-19,Mobile Money
PUR_004893,CUST_01405,PROD_0074,Phone Screen Protector,256.13,2025-12-21,Card
PUR_004894,CUST_01405,PROD_0009,Ladies Kaftan Gown,124.4,2026-02-11,Cash on Delivery
PUR_004895,CUST_01405,PROD_0121,Blender (4L),354.49,2026-08-11,Cash on Delivery
PUR_004896,CUST_01405,PROD_0078,Phone Screen Protector,1001.49,2026-08-15,Mobile Money
PUR_004897,CUST_01406,PROD_0085,Samsung Galaxy Tab A8,681.17,2026-05-29,Bank Transfer
PUR_004898,CUST_01406,PROD_0144,Bluetooth Speaker,1282.73,2026-08-19,Cash on Delivery
PUR_004899,CUST_01407,PROD_0211,Shea Butter Body Lotion,90.73,2024-12-15,Mobile Money
PUR_004900,CUST_01407,PROD_0253,Running Shoes,372.92,2025-08-01,Mobile Money
PUR_004901,CUST_01407,PROD_0130,Rechargeable Fan,956.35,2025-08-03,Mobile Money
PUR_004902,CUST_01407,PROD_0076,Phone Charger (Type-C),1722.21,2025-10-07,Mobile Money
PUR_004903,CUST_01407,PROD_0082,Samsung Galaxy A14,1781.63,2025-10-27,Mobile Money
PUR_004904,CUST_01407,PROD_0001,Traditional Smock (Fugu),143.6,2025-11-10,Card
PUR_004905,CUST_01407,PROD_0131,Air Conditioner (1.5HP),680.09,2026-01-02,Card
PUR_004906,CUST_01407,PROD_0273,Baby Diapers Pack,93.37,2026-01-24,Mobile Money
PUR_004907,CUST_01407,PROD_0173,Non-stick Cooking Pot Set,881.49,2026-01-29,Mobile Money
PUR_004908,CUST_01407,PROD_0021,Leather Sandals,97.64,2026-03-15,Mobile Money
PUR_004909,CUST_01407,PROD_0190,Wall Clock,210.8,2026-03-17,Cash on Delivery
PUR_004910,CUST_01407,PROD_0274,Baby Carrier,65.79,2026-04-04,Mobile Money
PUR_004911,CUST_01407,PROD_0263,Dumbbell Set,345.77,2026-05-05,Cash on Delivery
PUR_004912,CUST_01407,PROD_0130,Rechargeable Fan,791.26,2026-06-01,Cash on Delivery
PUR_004913,CUST_01407,PROD_0260,Gym Gloves,273.66,2026-06-09,Cash on Delivery
PUR_004914,CUST_01407,PROD_0062,Kente Print Shirt,174.2,2026-06-21,Cash on Delivery
PUR_004915,CUST_01407,PROD_0268,Dumbbell Set,93.55,2026-07-15,Mobile Money
PUR_004916,CUST_01407,PROD_0157,Bluetooth Speaker,320.3,2026-07-16,Cash on Delivery
PUR_004917,CUST_01407,PROD_0170,Rice Cooker,412.69,2026-07-25,Mobile Money
PUR_004918,CUST_01408,PROD_0276,Baby Bath Tub,93.06,2025-09-02,Card
PUR_004919,CUST_01408,PROD_0260,Gym Gloves,345.18,2025-12-02,Mobile Money
PUR_004920,CUST_01408,PROD_0217,Sunscreen SPF50,33.04,2025-12-02,Cash on Delivery
PUR_004921,CUST_01408,PROD_0121,Blender (4L),1243.08,2026-07-26,Cash on Delivery
PUR_004922,CUST_01409,PROD_0003,Cotton Polo Shirt,206.34,2026-04-09,Mobile Money
PUR_004923,CUST_01409,PROD_0125,LED Bulb Pack,5929.11,2026-05-28,Mobile Money
PUR_004924,CUST_01409,PROD_0121,Blender (4L),854.13,2026-06-29,Cash on Delivery
PUR_004925,CUST_01409,PROD_0024,Women's Maxi Dress,157.76,2026-09-01,Card
PUR_004926,CUST_01411,PROD_0296,Garri (2kg),58.07,2026-08-29,Mobile Money
PUR_004927,CUST_01415,PROD_0073,Redmi Note 12,4256.49,2026-07-28,Cash on Delivery
PUR_004928,CUST_01416,PROD_0023,Kente Print Shirt,169.01,2025-01-04,Mobile Money
PUR_004929,CUST_01416,PROD_0031,Cotton Polo Shirt,95.38,2025-05-02,Mobile Money
PUR_004930,CUST_01416,PROD_0067,iPhone 13,1109.23,2025-11-02,Mobile Money
PUR_004931,CUST_01420,PROD_0152,Laptop (Core i5),296.45,2025-02-03,Mobile Money
PUR_004932,CUST_01420,PROD_0259,Basketball,99.13,2025-06-23,Cash on Delivery
PUR_004933,CUST_01420,PROD_0167,Bedsheet Set (Queen),145.94,2025-08-14,Mobile Money
PUR_004934,CUST_01420,PROD_0126,Gaming Console,305.98,2026-01-21,Mobile Money
PUR_004935,CUST_01422,PROD_0233,Multivitamin Tablets,98.48,2026-06-16,Cash on Delivery
PUR_004936,CUST_01422,PROD_0013,Ankara Print Dress,89.87,2026-06-27,Mobile Money
PUR_004937,CUST_01422,PROD_0199,Bedsheet Set (Queen),337.51,2026-08-18,Mobile Money
PUR_004938,CUST_01425,PROD_0121,Blender (4L),500.77,2025-08-24,Mobile Money
PUR_004939,CUST_01428,PROD_0166,Gas Cooker (4-Burner),239.31,2025-03-22,Bank Transfer
PUR_004940,CUST_01428,PROD_0278,Kids' Bicycle,192.38,2025-05-23,Mobile Money
PUR_004941,CUST_01428,PROD_0071,Bluetooth Headset,543.67,2025-06-16,Cash on Delivery
PUR_004942,CUST_01428,PROD_0169,Bedsheet Set (Queen),284.88,2025-06-30,Mobile Money
PUR_004943,CUST_01429,PROD_0077,Bluetooth Headset,1820.66,2026-05-05,Cash on Delivery
PUR_004944,CUST_01433,PROD_0209,Makeup Kit,97.08,2026-05-22,Card
PUR_004945,CUST_01433,PROD_0004,Men's Slim Fit Jeans,338.09,2026-06-22,Mobile Money
PUR_004946,CUST_01434,PROD_0121,Blender (4L),694.38,2025-09-08,Mobile Money
PUR_004947,CUST_01434,PROD_0225,Facial Cleanser,82.79,2025-12-22,Mobile Money
PUR_004948,CUST_01434,PROD_0001,Traditional Smock (Fugu),183.57,2026-03-24,Cash on Delivery
PUR_004949,CUST_01434,PROD_0169,Bedsheet Set (Queen),361.15,2026-04-07,Cash on Delivery
PUR_004950,CUST_01434,PROD_0131,Air Conditioner (1.5HP),495.21,2026-04-30,Card
PUR_004951,CUST_01434,PROD_0001,Traditional Smock (Fugu),100.67,2026-05-04,Card
PUR_004952,CUST_01434,PROD_0070,Phone Charger (Type-C),2378.16,2026-05-14,Mobile Money
PUR_004953,CUST_01434,PROD_0184,Wall Clock,148.8,2026-08-12,Card
PUR_004954,CUST_01438,PROD_0166,Gas Cooker (4-Burner),295.67,2025-12-04,Mobile Money
PUR_004955,CUST_01438,PROD_0203,Braided Hair Extension,46.36,2026-02-09,Mobile Money
PUR_004956,CUST_01438,PROD_0240,Digital Thermometer,30.69,2026-02-26,Mobile Money
PUR_004957,CUST_01438,PROD_0273,Baby Diapers Pack,92.02,2026-04-03,Cash on Delivery
PUR_004958,CUST_01438,PROD_0171,Sofa Set,69.23,2026-04-18,Cash on Delivery
PUR_004959,CUST_01438,PROD_0263,Dumbbell Set,132.43,2026-05-15,Cash on Delivery
PUR_004960,CUST_01438,PROD_0148,Electric Iron,734.1,2026-08-26,Mobile Money
PUR_004961,CUST_01440,PROD_0003,Cotton Polo Shirt,90.93,2025-08-17,Mobile Money
PUR_004962,CUST_01440,PROD_0005,Men's Casual Blazer,321.17,2025-09-14,Cash on Delivery
PUR_004963,CUST_01440,PROD_0024,Women's Maxi Dress,35.72,2025-10-18,Mobile Money
PUR_004964,CUST_01440,PROD_0184,Wall Clock,144.97,2025-10-20,Mobile Money
PUR_004965,CUST_01440,PROD_0013,Ankara Print Dress,85.83,2025-11-13,Cash on Delivery
PUR_004966,CUST_01440,PROD_0181,Storage Containers Set,256.81,2025-12-14,Mobile Money
PUR_004967,CUST_01440,PROD_0166,Gas Cooker (4-Burner),259.63,2025-12-20,Mobile Money
PUR_004968,CUST_01440,PROD_0253,Running Shoes,132.95,2026-01-03,Mobile Money
PUR_004969,CUST_01440,PROD_0010,Traditional Smock (Fugu),90.71,2026-01-25,Mobile Money
PUR_004970,CUST_01440,PROD_0205,Deodorant Roll-on,46.6,2026-02-02,Card
PUR_004971,CUST_01440,PROD_0067,iPhone 13,913.28,2026-02-17,Bank Transfer
PUR_004972,CUST_01440,PROD_0122,Electric Iron,792.52,2026-03-07,Mobile Money
PUR_004973,CUST_01440,PROD_0003,Cotton Polo Shirt,150.61,2026-03-19,Mobile Money
PUR_004974,CUST_01440,PROD_0006,Men's Casual Blazer,90.15,2026-04-03,Mobile Money
PUR_004975,CUST_01440,PROD_0179,Wall Clock,213.95,2026-04-21,Mobile Money
PUR_004976,CUST_01440,PROD_0026,Men's Casual Blazer,111.11,2026-05-03,Mobile Money
PUR_004977,CUST_01440,PROD_0121,Blender (4L),582.61,2026-05-08,Card
PUR_004978,CUST_01440,PROD_0151,Extension Socket,443.32,2026-06-22,Mobile Money
PUR_004979,CUST_01440,PROD_0053,Traditional Smock (Fugu),49.48,2026-06-24,Cash on Delivery
PUR_004980,CUST_01440,PROD_0286,Hardcover Notebook,56.47,2026-06-28,Card
PUR_004981,CUST_01440,PROD_0076,Phone Charger (Type-C),469.48,2026-07-04,Mobile Money
PUR_004982,CUST_01440,PROD_0002,Ladies Kaftan Gown,158.4,2026-08-01,Card
PUR_004983,CUST_01440,PROD_0166,Gas Cooker (4-Burner),196.64,2026-08-02,Cash on Delivery
PUR_004984,CUST_01440,PROD_0178,Gas Cooker (4-Burner),107.99,2026-08-05,Mobile Money
PUR_004985,CUST_01440,PROD_0001,Traditional Smock (Fugu),182.24,2026-08-11,Card
PUR_004986,CUST_01440,PROD_0295,Canned Tuna,165.8,2026-08-15,Cash on Delivery
PUR_004987,CUST_01440,PROD_0122,Electric Iron,125.71,2026-08-17,Cash on Delivery
PUR_004988,CUST_01440,PROD_0171,Sofa Set,205.21,2026-08-18,Mobile Money
PUR_004989,CUST_01440,PROD_0254,Basketball,245.26,2026-08-31,Card
PUR_004990,CUST_01440,PROD_0267,Cycling Helmet,542.16,2026-09-01,Mobile Money
PUR_004991,CUST_01440,PROD_0016,Women's Maxi Dress,73.45,2026-09-02,Cash on Delivery
PUR_004992,CUST_01440,PROD_0169,Bedsheet Set (Queen),102.74,2026-09-04,Mobile Money
PUR_004993,CUST_01441,PROD_0067,iPhone 13,1448.95,2024-09-05,Mobile Money
PUR_004994,CUST_01441,PROD_0278,Kids' Bicycle,109.55,2025-10-27,Card
PUR_004995,CUST_01441,PROD_0006,Men's Casual Blazer,87.42,2026-04-16,Mobile Money
PUR_004996,CUST_01444,PROD_0169,Bedsheet Set (Queen),196.77,2026-01-28,Mobile Money
PUR_004997,CUST_01444,PROD_0236,Glucometer Kit,28.2,2026-08-26,Mobile Money
PUR_004998,CUST_01445,PROD_0067,iPhone 13,1194.49,2025-03-31,Mobile Money
PUR_004999,CUST_01447,PROD_0240,Digital Thermometer,47.16,2025-07-09,Mobile Money
PUR_005000,CUST_01447,PROD_0121,Blender (4L),483.03,2026-02-24,Mobile Money
PUR_005001,CUST_01447,PROD_0008,Kente Print Shirt,175.64,2026-02-25,Bank Transfer
PUR_005002,CUST_01447,PROD_0077,Bluetooth Headset,1312.64,2026-05-07,Bank Transfer
PUR_005003,CUST_01448,PROD_0123,Electric Iron,286.37,2026-02-12,Mobile Money
PUR_005004,CUST_01448,PROD_0233,Multivitamin Tablets,47.62,2026-03-26,Cash on Delivery
PUR_005005,CUST_01448,PROD_0132,Electric Iron,755.9,2026-05-31,Card
PUR_005006,CUST_01448,PROD_0295,Canned Tuna,106.88,2026-06-18,Cash on Delivery
PUR_005007,CUST_01449,PROD_0071,Bluetooth Headset,935.13,2024-10-28,Mobile Money
PUR_005008,CUST_01449,PROD_0035,Children's T-Shirt Set,73.07,2025-07-15,Cash on Delivery
PUR_005009,CUST_01450,PROD_0007,Kente Print Shirt,44.36,2025-11-18,Mobile Money
PUR_005010,CUST_01450,PROD_0173,Non-stick Cooking Pot Set,112.25,2025-11-25,Mobile Money
PUR_005011,CUST_01450,PROD_0071,Bluetooth Headset,538.12,2026-01-25,Mobile Money
PUR_005012,CUST_01450,PROD_0008,Kente Print Shirt,37.31,2026-03-24,Cash on Delivery
PUR_005013,CUST_01451,PROD_0287,Highlighter Set,60.91,2026-05-07,Cash on Delivery
PUR_005014,CUST_01451,PROD_0227,Shea Butter Body Lotion,43.27,2026-05-21,Mobile Money
PUR_005015,CUST_01451,PROD_0164,43-inch LED TV,396.01,2026-05-25,Card
PUR_005016,CUST_01451,PROD_0280,Baby Diapers Pack,69.18,2026-06-13,Cash on Delivery
PUR_005017,CUST_01451,PROD_0100,Wireless Earbuds,1201.74,2026-07-06,Cash on Delivery
PUR_005018,CUST_01451,PROD_0283,Toddler Shoes,101.44,2026-07-29,Mobile Money
PUR_005019,CUST_01451,PROD_0102,Samsung Galaxy A14,770.09,2026-08-03,Mobile Money
PUR_005020,CUST_01451,PROD_0300,Canned Tuna,131.2,2026-08-10,Mobile Money
PUR_005021,CUST_01451,PROD_0072,Phone Screen Protector,1332.09,2026-08-17,Cash on Delivery
PUR_005022,CUST_01453,PROD_0071,Bluetooth Headset,1512.37,2025-07-13,Mobile Money
PUR_005023,CUST_01453,PROD_0121,Blender (4L),206.48,2025-11-01,Cash on Delivery
PUR_005024,CUST_01453,PROD_0209,Makeup Kit,80.96,2025-12-21,Cash on Delivery
PUR_005025,CUST_01454,PROD_0007,Kente Print Shirt,135.03,2026-08-06,Cash on Delivery
PUR_005026,CUST_01456,PROD_0073,Redmi Note 12,950.63,2024-04-27,Mobile Money
PUR_005027,CUST_01456,PROD_0166,Gas Cooker (4-Burner),286.24,2024-06-21,Bank Transfer
PUR_005028,CUST_01456,PROD_0172,Curtain Set,239.98,2024-08-05,Mobile Money
PUR_005029,CUST_01456,PROD_0046,Ladies Kaftan Gown,114.52,2024-09-11,Mobile Money
PUR_005030,CUST_01456,PROD_0287,Highlighter Set,49.44,2024-10-06,Cash on Delivery
PUR_005031,CUST_01456,PROD_0154,Gaming Console,491.8,2025-02-22,Mobile Money
PUR_005032,CUST_01456,PROD_0232,Bathroom Weighing Scale,63.65,2025-03-07,Cash on Delivery
PUR_005033,CUST_01456,PROD_0233,Multivitamin Tablets,84.06,2025-03-08,Cash on Delivery
PUR_005034,CUST_01456,PROD_0240,Digital Thermometer,26.41,2025-05-17,Cash on Delivery
PUR_005035,CUST_01456,PROD_0286,Hardcover Notebook,80.73,2025-06-24,Cash on Delivery
PUR_005036,CUST_01456,PROD_0071,Bluetooth Headset,162.46,2025-07-29,Mobile Money
PUR_005037,CUST_01456,PROD_0026,Men's Casual Blazer,94.58,2025-08-08,Cash on Delivery
PUR_005038,CUST_01456,PROD_0178,Gas Cooker (4-Burner),147.17,2025-09-16,Mobile Money
PUR_005039,CUST_01456,PROD_0159,Bluetooth Speaker,551.43,2025-09-18,Mobile Money
PUR_005040,CUST_01456,PROD_0126,Gaming Console,1054.15,2025-09-22,Mobile Money
PUR_005041,CUST_01456,PROD_0067,iPhone 13,488.39,2025-10-15,Mobile Money
PUR_005042,CUST_01456,PROD_0002,Ladies Kaftan Gown,160.27,2025-10-22,Cash on Delivery
PUR_005043,CUST_01456,PROD_0142,Gaming Console,898.74,2025-10-23,Mobile Money
PUR_005044,CUST_01456,PROD_0057,Ladies Handbag,266.52,2025-11-01,Mobile Money
PUR_005045,CUST_01456,PROD_0166,Gas Cooker (4-Burner),139.29,2025-11-22,Card
PUR_005046,CUST_01456,PROD_0282,Kids Building Blocks,207.3,2025-11-28,Mobile Money
PUR_005047,CUST_01456,PROD_0171,Sofa Set,318.14,2026-01-03,Cash on Delivery
PUR_005048,CUST_01456,PROD_0012,Children's T-Shirt Set,255.93,2026-01-04,Bank Transfer
PUR_005049,CUST_01456,PROD_0024,Women's Maxi Dress,89.87,2026-01-05,Cash on Delivery
PUR_005050,CUST_01456,PROD_0008,Kente Print Shirt,170.53,2026-01-06,Mobile Money
PUR_005051,CUST_01456,PROD_0287,Highlighter Set,38.54,2026-01-08,Mobile Money
PUR_005052,CUST_01456,PROD_0083,Redmi Note 12,547.45,2026-01-22,Cash on Delivery
PUR_005053,CUST_01456,PROD_0167,Bedsheet Set (Queen),176.17,2026-01-26,Mobile Money
PUR_005054,CUST_01456,PROD_0014,Men's Slim Fit Jeans,63.84,2026-01-29,Mobile Money
PUR_005055,CUST_01456,PROD_0090,Itel Vision 3,356.62,2026-02-06,Mobile Money
PUR_005056,CUST_01456,PROD_0253,Running Shoes,86.15,2026-02-06,Cash on Delivery
PUR_005057,CUST_01456,PROD_0181,Storage Containers Set,247.02,2026-02-17,Mobile Money
PUR_005058,CUST_01456,PROD_0002,Ladies Kaftan Gown,138.57,2026-03-08,Cash on Delivery
PUR_005059,CUST_01456,PROD_0286,Hardcover Notebook,58.22,2026-04-01,Mobile Money
PUR_005060,CUST_01456,PROD_0253,Running Shoes,141.76,2026-04-12,Mobile Money
PUR_005061,CUST_01456,PROD_0077,Bluetooth Headset,507.0,2026-04-26,Mobile Money
PUR_005062,CUST_01456,PROD_0073,Redmi Note 12,779.16,2026-05-08,Mobile Money
PUR_005063,CUST_01456,PROD_0023,Kente Print Shirt,144.88,2026-05-10,Card
PUR_005064,CUST_01456,PROD_0254,Basketball,113.74,2026-06-02,Cash on Delivery
PUR_005065,CUST_01456,PROD_0001,Traditional Smock (Fugu),106.56,2026-06-29,Mobile Money
PUR_005066,CUST_01456,PROD_0007,Kente Print Shirt,210.13,2026-08-18,Mobile Money
PUR_005067,CUST_01457,PROD_0269,Yoga Mat,211.12,2026-04-12,Cash on Delivery
PUR_005068,CUST_01458,PROD_0233,Multivitamin Tablets,116.8,2026-01-21,Mobile Money
PUR_005069,CUST_01459,PROD_0287,Highlighter Set,30.32,2026-06-24,Card
PUR_005070,CUST_01459,PROD_0167,Bedsheet Set (Queen),119.9,2026-07-31,Mobile Money
PUR_005071,CUST_01459,PROD_0085,Samsung Galaxy Tab A8,816.09,2026-08-18,Mobile Money
PUR_005072,CUST_01459,PROD_0067,iPhone 13,1714.92,2026-08-23,Mobile Money
PUR_005073,CUST_01460,PROD_0169,Bedsheet Set (Queen),166.52,2025-12-28,Mobile Money
PUR_005074,CUST_01460,PROD_0210,Braided Hair Extension,168.63,2026-01-07,Mobile Money
PUR_005075,CUST_01460,PROD_0202,Deodorant Roll-on,30.84,2026-02-17,Mobile Money
PUR_005076,CUST_01460,PROD_0264,Camping Tent,116.09,2026-03-11,Mobile Money
PUR_005077,CUST_01460,PROD_0203,Braided Hair Extension,29.19,2026-04-15,Cash on Delivery
PUR_005078,CUST_01460,PROD_0170,Rice Cooker,169.01,2026-07-09,Mobile Money
PUR_005079,CUST_01460,PROD_0156,Desktop Computer,539.24,2026-08-26,Card
PUR_005080,CUST_01460,PROD_0141,LED Bulb Pack,1112.74,2026-08-28,Mobile Money
PUR_005081,CUST_01460,PROD_0085,Samsung Galaxy Tab A8,449.31,2026-08-30,Mobile Money
PUR_005082,CUST_01464,PROD_0137,43-inch LED TV,147.89,2026-02-06,Mobile Money
PUR_005083,CUST_01464,PROD_0223,Makeup Kit,57.34,2026-08-13,Mobile Money
PUR_005084,CUST_01465,PROD_0074,Phone Screen Protector,1164.03,2023-05-10,Cash on Delivery
PUR_005085,CUST_01465,PROD_0032,Men's Formal Suit,50.47,2023-09-06,Mobile Money
PUR_005086,CUST_01465,PROD_0082,Samsung Galaxy A14,3795.48,2023-09-29,Mobile Money
PUR_005087,CUST_01465,PROD_0168,Rice Cooker,201.13,2023-11-07,Mobile Money
PUR_005088,CUST_01465,PROD_0069,Phone Charger (Type-C),2053.87,2024-02-17,Card
PUR_005089,CUST_01465,PROD_0001,Traditional Smock (Fugu),149.66,2024-05-31,Cash on Delivery
PUR_005090,CUST_01465,PROD_0261,Camping Tent,64.57,2024-07-27,Bank Transfer
PUR_005091,CUST_01465,PROD_0121,Blender (4L),967.94,2024-08-04,Cash on Delivery
PUR_005092,CUST_01465,PROD_0067,iPhone 13,175.79,2024-08-09,Card
PUR_005093,CUST_01465,PROD_0001,Traditional Smock (Fugu),228.38,2024-08-24,Mobile Money
PUR_005094,CUST_01465,PROD_0068,Redmi Note 12,2856.24,2024-08-27,Cash on Delivery
PUR_005095,CUST_01465,PROD_0070,Phone Charger (Type-C),1664.22,2024-10-01,Mobile Money
PUR_005096,CUST_01465,PROD_0073,Redmi Note 12,2381.05,2024-10-24,Mobile Money
PUR_005097,CUST_01465,PROD_0232,Bathroom Weighing Scale,78.27,2024-11-21,Card
PUR_005098,CUST_01465,PROD_0085,Samsung Galaxy Tab A8,1343.44,2024-12-09,Mobile Money
PUR_005099,CUST_01465,PROD_0122,Electric Iron,260.15,2024-12-23,Mobile Money
PUR_005100,CUST_01465,PROD_0069,Phone Charger (Type-C),791.28,2025-02-13,Cash on Delivery
PUR_005101,CUST_01465,PROD_0267,Cycling Helmet,91.01,2025-04-26,Mobile Money
PUR_005102,CUST_01465,PROD_0121,Blender (4L),364.5,2025-05-07,Mobile Money
PUR_005103,CUST_01465,PROD_0036,Leather Sandals,182.4,2025-05-10,Mobile Money
PUR_005104,CUST_01465,PROD_0177,Rice Cooker,451.56,2025-05-15,Mobile Money
PUR_005105,CUST_01465,PROD_0020,Kente Print Shirt,113.04,2025-08-24,Mobile Money
PUR_005106,CUST_01465,PROD_0142,Gaming Console,327.89,2025-09-09,Cash on Delivery
PUR_005107,CUST_01465,PROD_0172,Curtain Set,110.45,2025-09-13,Bank Transfer
PUR_005108,CUST_01465,PROD_0037,Wax Print Skirt,59.94,2025-09-16,Bank Transfer
PUR_005109,CUST_01465,PROD_0255,Water Bottle (1L),327.96,2025-10-08,Mobile Money
PUR_005110,CUST_01465,PROD_0012,Children's T-Shirt Set,116.96,2025-10-27,Mobile Money
PUR_005111,CUST_01465,PROD_0133,Bluetooth Speaker,851.57,2025-11-18,Cash on Delivery
PUR_005112,CUST_01465,PROD_0204,Beard Grooming Kit,59.77,2025-11-25,Cash on Delivery
PUR_005113,CUST_01465,PROD_0291,Exercise Books Pack,42.29,2026-01-13,Cash on Delivery
PUR_005114,CUST_01465,PROD_0204,Beard Grooming Kit,53.12,2026-01-16,Cash on Delivery
PUR_005115,CUST_01465,PROD_0129,43-inch LED TV,309.54,2026-02-13,Mobile Money
PUR_005116,CUST_01465,PROD_0067,iPhone 13,802.45,2026-03-14,Cash on Delivery
PUR_005117,CUST_01465,PROD_0115,Phone Charger (Type-C),897.84,2026-03-21,Card
PUR_005118,CUST_01465,PROD_0125,LED Bulb Pack,811.31,2026-07-03,Mobile Money
PUR_005119,CUST_01465,PROD_0170,Rice Cooker,216.99,2026-07-30,Cash on Delivery
PUR_005120,CUST_01465,PROD_0194,Rice Cooker,104.22,2026-08-07,Cash on Delivery
PUR_005121,CUST_01468,PROD_0100,Wireless Earbuds,3123.47,2026-07-06,Mobile Money
PUR_005122,CUST_01468,PROD_0219,Braided Hair Extension,100.89,2026-07-07,Mobile Money
PUR_005123,CUST_01469,PROD_0012,Children's T-Shirt Set,189.8,2025-10-01,Mobile Money
PUR_005124,CUST_01470,PROD_0077,Bluetooth Headset,605.03,2026-05-27,Mobile Money
PUR_005125,CUST_01471,PROD_0029,Women's Maxi Dress,44.33,2025-12-07,Cash on Delivery
PUR_005126,CUST_01471,PROD_0026,Men's Casual Blazer,143.03,2026-01-13,Cash on Delivery
PUR_005127,CUST_01471,PROD_0085,Samsung Galaxy Tab A8,2160.46,2026-02-18,Card
PUR_005128,CUST_01471,PROD_0058,Men's Slim Fit Jeans,146.46,2026-03-23,Card
PUR_005129,CUST_01471,PROD_0202,Deodorant Roll-on,31.17,2026-04-04,Cash on Delivery
PUR_005130,CUST_01471,PROD_0221,Nail Polish Set,40.45,2026-05-10,Mobile Money
PUR_005131,CUST_01471,PROD_0001,Traditional Smock (Fugu),176.73,2026-05-30,Cash on Delivery
PUR_005132,CUST_01471,PROD_0259,Basketball,115.48,2026-06-06,Cash on Delivery
PUR_005133,CUST_01472,PROD_0271,Kids' Bicycle,116.7,2025-08-03,Mobile Money
PUR_005134,CUST_01472,PROD_0089,Samsung Galaxy A14,812.08,2025-08-23,Mobile Money
PUR_005135,CUST_01472,PROD_0202,Deodorant Roll-on,28.62,2025-10-03,Mobile Money
PUR_005136,CUST_01472,PROD_0254,Basketball,91.85,2026-03-30,Cash on Delivery
PUR_005137,CUST_01472,PROD_0006,Men's Casual Blazer,48.95,2026-04-09,Card
PUR_005138,CUST_01472,PROD_0070,Phone Charger (Type-C),611.09,2026-05-18,Mobile Money
PUR_005139,CUST_01473,PROD_0130,Rechargeable Fan,411.42,2025-05-16,Mobile Money
PUR_005140,CUST_01473,PROD_0003,Cotton Polo Shirt,194.82,2026-08-20,Mobile Money
PUR_005141,CUST_01476,PROD_0084,Samsung Galaxy A14,1236.37,2025-10-05,Mobile Money
PUR_005142,CUST_01476,PROD_0291,Exercise Books Pack,48.77,2026-01-12,Cash on Delivery
PUR_005143,CUST_01476,PROD_0121,Blender (4L),147.67,2026-03-02,Card
PUR_005144,CUST_01476,PROD_0243,Protein Powder,40.29,2026-06-04,Mobile Money
PUR_005145,CUST_01477,PROD_0067,iPhone 13,939.13,2025-10-21,Cash on Delivery
PUR_005146,CUST_01477,PROD_0062,Kente Print Shirt,55.42,2025-11-30,Cash on Delivery
PUR_005147,CUST_01477,PROD_0112,Itel Vision 3,2288.8,2026-06-29,Cash on Delivery
PUR_005148,CUST_01478,PROD_0278,Kids' Bicycle,103.54,2026-06-08,Mobile Money
PUR_005149,CUST_01478,PROD_0148,Electric Iron,437.61,2026-07-14,Mobile Money
PUR_005150,CUST_01479,PROD_0076,Phone Charger (Type-C),1325.37,2025-09-16,Mobile Money
PUR_005151,CUST_01479,PROD_0002,Ladies Kaftan Gown,163.1,2026-01-06,Mobile Money
PUR_005152,CUST_01479,PROD_0272,Baby Carrier,101.75,2026-02-10,Cash on Delivery
PUR_005153,CUST_01479,PROD_0135,LED Bulb Pack,1302.0,2026-02-18,Mobile Money
PUR_005154,CUST_01479,PROD_0090,Itel Vision 3,743.42,2026-05-27,Cash on Delivery
PUR_005155,CUST_01480,PROD_0076,Phone Charger (Type-C),570.99,2026-07-25,Cash on Delivery
PUR_005156,CUST_01481,PROD_0163,Extension Socket,927.97,2025-05-06,Mobile Money
PUR_005157,CUST_01481,PROD_0269,Yoga Mat,187.18,2025-10-15,Mobile Money
PUR_005158,CUST_01481,PROD_0292,A4 Printing Paper Ream,24.06,2025-10-23,Mobile Money
PUR_005159,CUST_01481,PROD_0001,Traditional Smock (Fugu),93.16,2025-12-26,Mobile Money
PUR_005160,CUST_01481,PROD_0016,Women's Maxi Dress,79.15,2025-12-27,Mobile Money
PUR_005161,CUST_01481,PROD_0027,Ladies Kaftan Gown,167.15,2026-02-02,Card
PUR_005162,CUST_01481,PROD_0065,Wax Print Skirt,169.74,2026-02-08,Cash on Delivery
PUR_005163,CUST_01481,PROD_0167,Bedsheet Set (Queen),136.44,2026-03-18,Mobile Money
PUR_005164,CUST_01481,PROD_0001,Traditional Smock (Fugu),166.09,2026-06-14,Card
PUR_005165,CUST_01481,PROD_0253,Running Shoes,108.14,2026-08-11,Cash on Delivery
PUR_005166,CUST_01485,PROD_0256,Camping Tent,111.08,2026-07-25,Bank Transfer
PUR_005167,CUST_01488,PROD_0300,Canned Tuna,80.43,2025-12-15,Mobile Money
PUR_005168,CUST_01488,PROD_0140,Electric Iron,2709.33,2026-04-10,Cash on Delivery
PUR_005169,CUST_01488,PROD_0297,Rice (5kg Bag),56.46,2026-06-27,Mobile Money
PUR_005170,CUST_01496,PROD_0127,Microwave Oven,1213.34,2026-01-29,Mobile Money
PUR_005171,CUST_01496,PROD_0122,Electric Iron,722.4,2026-03-22,Mobile Money
PUR_005172,CUST_01496,PROD_0077,Bluetooth Headset,998.19,2026-04-20,Mobile Money
PUR_005173,CUST_01496,PROD_0010,Traditional Smock (Fugu),35.36,2026-04-25,Cash on Delivery
PUR_005174,CUST_01496,PROD_0074,Phone Screen Protector,1337.38,2026-05-03,Card
PUR_005175,CUST_01496,PROD_0204,Beard Grooming Kit,47.22,2026-07-25,Mobile Money
PUR_005176,CUST_01497,PROD_0215,Skin Toner,66.09,2026-04-06,Mobile Money
PUR_005177,CUST_01498,PROD_0167,Bedsheet Set (Queen),296.34,2026-06-14,Cash on Delivery
PUR_005178,CUST_01500,PROD_0179,Wall Clock,409.15,2025-01-26,Mobile Money
PUR_005179,CUST_01500,PROD_0224,Hair Dryer,74.84,2025-03-31,Card
PUR_005180,CUST_01500,PROD_0243,Protein Powder,122.02,2026-08-28,Card
PUR_005181,CUST_01502,PROD_0072,Phone Screen Protector,614.66,2026-02-19,Mobile Money
PUR_005182,CUST_01502,PROD_0253,Running Shoes,250.8,2026-02-27,Cash on Delivery
PUR_005183,CUST_01502,PROD_0234,Multivitamin Tablets,29.06,2026-05-25,Mobile Money
PUR_005184,CUST_01503,PROD_0300,Canned Tuna,78.66,2026-09-04,Cash on Delivery
PUR_005185,CUST_01504,PROD_0030,Men's Casual Blazer,101.83,2026-06-09,Mobile Money
PUR_005186,CUST_01506,PROD_0217,Sunscreen SPF50,36.13,2026-06-23,Cash on Delivery
PUR_005187,CUST_01506,PROD_0048,Women's Maxi Dress,192.45,2026-07-01,Cash on Delivery
PUR_005188,CUST_01506,PROD_0121,Blender (4L),207.72,2026-08-14,Mobile Money
PUR_005189,CUST_01507,PROD_0130,Rechargeable Fan,940.49,2026-05-24,Mobile Money
PUR_005190,CUST_01507,PROD_0256,Camping Tent,93.88,2026-05-29,Card
PUR_005191,CUST_01507,PROD_0021,Leather Sandals,152.42,2026-07-30,Mobile Money
PUR_005192,CUST_01508,PROD_0018,Men's Formal Suit,202.03,2026-01-23,Mobile Money
PUR_005193,CUST_01508,PROD_0205,Deodorant Roll-on,47.74,2026-02-19,Card
PUR_005194,CUST_01508,PROD_0175,Kitchen Knife Set,160.62,2026-03-20,Cash on Delivery
PUR_005195,CUST_01508,PROD_0037,Wax Print Skirt,168.44,2026-03-23,Mobile Money
PUR_005196,CUST_01508,PROD_0103,Power Bank 20000mAh,909.46,2026-03-23,Mobile Money
PUR_005197,CUST_01508,PROD_0069,Phone Charger (Type-C),653.77,2026-04-03,Cash on Delivery
PUR_005198,CUST_01508,PROD_0132,Electric Iron,1132.48,2026-04-28,Cash on Delivery
PUR_005199,CUST_01508,PROD_0259,Basketball,191.6,2026-05-03,Cash on Delivery
PUR_005200,CUST_01508,PROD_0295,Canned Tuna,97.99,2026-05-14,Cash on Delivery
PUR_005201,CUST_01508,PROD_0300,Canned Tuna,102.07,2026-06-09,Mobile Money
PUR_005202,CUST_01508,PROD_0277,Feeding Bottle Set,97.86,2026-06-21,Mobile Money
PUR_005203,CUST_01508,PROD_0013,Ankara Print Dress,120.49,2026-06-30,Mobile Money
PUR_005204,CUST_01508,PROD_0008,Kente Print Shirt,114.39,2026-07-07,Mobile Money
PUR_005205,CUST_01508,PROD_0019,Men's Casual Blazer,87.91,2026-07-23,Mobile Money
PUR_005206,CUST_01508,PROD_0235,Bathroom Weighing Scale,97.78,2026-08-04,Cash on Delivery
PUR_005207,CUST_01508,PROD_0127,Microwave Oven,964.39,2026-08-24,Mobile Money
PUR_005208,CUST_01508,PROD_0228,Sunscreen SPF50,51.55,2026-08-30,Card
PUR_005209,CUST_01508,PROD_0193,Cutlery Set,95.07,2026-08-31,Mobile Money
PUR_005210,CUST_01509,PROD_0166,Gas Cooker (4-Burner),194.72,2025-10-20,Mobile Money
PUR_005211,CUST_01509,PROD_0238,Digital Blood Pressure Monitor,61.19,2025-11-21,Mobile Money
PUR_005212,CUST_01509,PROD_0131,Air Conditioner (1.5HP),319.45,2025-11-22,Cash on Delivery
PUR_005213,CUST_01509,PROD_0298,Sugar (2kg),63.14,2026-01-03,Card
PUR_005214,CUST_01509,PROD_0166,Gas Cooker (4-Burner),250.39,2026-01-16,Bank Transfer
PUR_005215,CUST_01509,PROD_0074,Phone Screen Protector,815.41,2026-01-24,Mobile Money
PUR_005216,CUST_01509,PROD_0014,Men's Slim Fit Jeans,89.89,2026-02-05,Mobile Money
PUR_005217,CUST_01509,PROD_0271,Kids' Bicycle,177.56,2026-02-10,Card
PUR_005218,CUST_01509,PROD_0003,Cotton Polo Shirt,77.51,2026-02-16,Mobile Money
PUR_005219,CUST_01509,PROD_0251,Protein Powder,102.5,2026-02-26,Cash on Delivery
PUR_005220,CUST_01509,PROD_0016,Women's Maxi Dress,125.38,2026-03-15,Mobile Money
PUR_005221,CUST_01509,PROD_0069,Phone Charger (Type-C),4395.94,2026-03-19,Mobile Money
PUR_005222,CUST_01509,PROD_0253,Running Shoes,156.21,2026-03-22,Mobile Money
PUR_005223,CUST_01509,PROD_0270,Dumbbell Set,83.57,2026-03-25,Mobile Money
PUR_005224,CUST_01509,PROD_0255,Water Bottle (1L),246.85,2026-03-26,Mobile Money
PUR_005225,CUST_01509,PROD_0093,Samsung Galaxy A14,710.56,2026-04-08,Mobile Money
PUR_005226,CUST_01509,PROD_0011,Unisex Sneakers,127.25,2026-04-16,Mobile Money
PUR_005227,CUST_01509,PROD_0287,Highlighter Set,117.02,2026-04-20,Bank Transfer
PUR_005228,CUST_01509,PROD_0022,Denim Jacket,109.08,2026-04-20,Mobile Money
PUR_005229,CUST_01509,PROD_0081,Phone Charger (Type-C),6626.41,2026-04-25,Cash on Delivery
PUR_005230,CUST_01509,PROD_0003,Cotton Polo Shirt,237.2,2026-04-26,Mobile Money
PUR_005231,CUST_01509,PROD_0161,Microwave Oven,181.41,2026-04-27,Mobile Money
PUR_005232,CUST_01509,PROD_0204,Beard Grooming Kit,61.12,2026-05-06,Mobile Money
PUR_005233,CUST_01509,PROD_0274,Baby Carrier,142.9,2026-05-12,Cash on Delivery
PUR_005234,CUST_01509,PROD_0004,Men's Slim Fit Jeans,25.79,2026-05-17,Bank Transfer
PUR_005235,CUST_01509,PROD_0167,Bedsheet Set (Queen),215.85,2026-05-19,Mobile Money
PUR_005236,CUST_01509,PROD_0274,Baby Carrier,255.43,2026-05-22,Mobile Money
PUR_005237,CUST_01509,PROD_0202,Deodorant Roll-on,32.94,2026-05-24,Cash on Delivery
PUR_005238,CUST_01509,PROD_0180,Bedsheet Set (Queen),175.63,2026-05-27,Mobile Money
PUR_005239,CUST_01509,PROD_0017,Men's Formal Suit,52.49,2026-05-28,Cash on Delivery
PUR_005240,CUST_01509,PROD_0002,Ladies Kaftan Gown,118.17,2026-05-31,Mobile Money
PUR_005241,CUST_01509,PROD_0067,iPhone 13,6664.31,2026-06-02,Mobile Money
PUR_005242,CUST_01509,PROD_0140,Electric Iron,2705.54,2026-06-04,Card
PUR_005243,CUST_01509,PROD_0166,Gas Cooker (4-Burner),125.84,2026-06-08,Card
PUR_005244,CUST_01509,PROD_0075,Redmi Note 12,365.46,2026-06-13,Mobile Money
PUR_005245,CUST_01509,PROD_0166,Gas Cooker (4-Burner),162.28,2026-06-21,Mobile Money
PUR_005246,CUST_01509,PROD_0253,Running Shoes,74.21,2026-06-22,Cash on Delivery
PUR_005247,CUST_01509,PROD_0206,Braided Hair Extension,73.49,2026-06-26,Mobile Money
PUR_005248,CUST_01509,PROD_0071,Bluetooth Headset,859.76,2026-06-26,Card
PUR_005249,CUST_01509,PROD_0081,Phone Charger (Type-C),338.3,2026-06-27,Mobile Money
PUR_005250,CUST_01509,PROD_0036,Leather Sandals,72.47,2026-07-04,Mobile Money
PUR_005251,CUST_01509,PROD_0152,Laptop (Core i5),147.11,2026-07-11,Mobile Money
PUR_005252,CUST_01509,PROD_0202,Deodorant Roll-on,61.02,2026-07-19,Mobile Money
PUR_005253,CUST_01509,PROD_0292,A4 Printing Paper Ream,33.79,2026-07-25,Cash on Delivery
PUR_005254,CUST_01509,PROD_0248,Reading Glasses,114.46,2026-07-27,Cash on Delivery
PUR_005255,CUST_01509,PROD_0024,Women's Maxi Dress,96.75,2026-08-03,Card
PUR_005256,CUST_01509,PROD_0182,Curtain Set,267.05,2026-08-04,Mobile Money
PUR_005257,CUST_01509,PROD_0032,Men's Formal Suit,241.09,2026-08-05,Cash on Delivery
PUR_005258,CUST_01509,PROD_0172,Curtain Set,227.2,2026-08-06,Cash on Delivery
PUR_005259,CUST_01509,PROD_0207,Skin Toner,72.28,2026-08-08,Mobile Money
PUR_005260,CUST_01509,PROD_0072,Phone Screen Protector,1289.92,2026-08-11,Mobile Money
PUR_005261,CUST_01509,PROD_0030,Men's Casual Blazer,333.77,2026-08-25,Cash on Delivery
PUR_005262,CUST_01510,PROD_0244,Bathroom Weighing Scale,78.8,2025-11-21,Mobile Money
PUR_005263,CUST_01510,PROD_0256,Camping Tent,676.58,2026-06-24,Mobile Money
PUR_005264,CUST_01510,PROD_0038,Ladies Handbag,285.07,2026-08-09,Cash on Delivery
PUR_005265,CUST_01511,PROD_0058,Men's Slim Fit Jeans,65.03,2025-03-20,Cash on Delivery
PUR_005266,CUST_01511,PROD_0124,LED Bulb Pack,724.77,2025-04-02,Cash on Delivery
PUR_005267,CUST_01511,PROD_0032,Men's Formal Suit,98.39,2025-05-01,Cash on Delivery
PUR_005268,CUST_01511,PROD_0068,Redmi Note 12,1048.93,2025-06-07,Mobile Money
PUR_005269,CUST_01511,PROD_0165,Microwave Oven,821.77,2025-06-24,Cash on Delivery
PUR_005270,CUST_01511,PROD_0068,Redmi Note 12,1769.37,2025-07-03,Cash on Delivery
PUR_005271,CUST_01511,PROD_0087,Huawei MatePad,414.28,2025-07-27,Mobile Money
PUR_005272,CUST_01511,PROD_0013,Ankara Print Dress,81.97,2025-08-08,Mobile Money
PUR_005273,CUST_01511,PROD_0195,Kitchen Knife Set,98.1,2025-08-10,Mobile Money
PUR_005274,CUST_01511,PROD_0074,Phone Screen Protector,873.19,2025-08-16,Mobile Money
PUR_005275,CUST_01511,PROD_0218,Skin Toner,56.96,2025-08-20,Mobile Money
PUR_005276,CUST_01511,PROD_0094,Power Bank 20000mAh,4728.98,2025-09-07,Mobile Money
PUR_005277,CUST_01511,PROD_0040,Men's Slim Fit Jeans,56.68,2025-09-18,Mobile Money
PUR_005278,CUST_01511,PROD_0232,Bathroom Weighing Scale,39.88,2025-09-21,Card
PUR_005279,CUST_01511,PROD_0086,Tecno Spark 10,439.82,2025-09-24,Cash on Delivery
PUR_005280,CUST_01511,PROD_0073,Redmi Note 12,1388.82,2025-09-26,Mobile Money
PUR_005281,CUST_01511,PROD_0137,43-inch LED TV,929.0,2025-10-20,Mobile Money
PUR_005282,CUST_01511,PROD_0075,Redmi Note 12,598.11,2025-11-21,Cash on Delivery
PUR_005283,CUST_01511,PROD_0039,Men's Slim Fit Jeans,84.06,2025-12-31,Card
PUR_005284,CUST_01511,PROD_0013,Ankara Print Dress,136.38,2026-01-13,Mobile Money
PUR_005285,CUST_01511,PROD_0017,Men's Formal Suit,149.73,2026-01-17,Cash on Delivery
PUR_005286,CUST_01511,PROD_0122,Electric Iron,1022.56,2026-01-20,Mobile Money
PUR_005287,CUST_01511,PROD_0060,Ankara Print Dress,66.89,2026-01-20,Cash on Delivery
PUR_005288,CUST_01511,PROD_0202,Deodorant Roll-on,95.41,2026-01-22,Mobile Money
PUR_005289,CUST_01511,PROD_0169,Bedsheet Set (Queen),175.46,2026-01-28,Card
PUR_005290,CUST_01511,PROD_0076,Phone Charger (Type-C),582.35,2026-02-02,Card
PUR_005291,CUST_01511,PROD_0067,iPhone 13,1163.59,2026-02-10,Mobile Money
PUR_005292,CUST_01511,PROD_0155,Bluetooth Speaker,1189.63,2026-02-13,Mobile Money
PUR_005293,CUST_01511,PROD_0048,Women's Maxi Dress,169.09,2026-02-15,Cash on Delivery
PUR_005294,CUST_01511,PROD_0013,Ankara Print Dress,416.61,2026-03-04,Mobile Money
PUR_005295,CUST_01511,PROD_0121,Blender (4L),396.33,2026-03-05,Mobile Money
PUR_005296,CUST_01511,PROD_0120,Redmi Note 12,3584.78,2026-03-21,Mobile Money
PUR_005297,CUST_01511,PROD_0185,Wall Clock,359.57,2026-03-26,Bank Transfer
PUR_005298,CUST_01511,PROD_0203,Braided Hair Extension,184.71,2026-04-09,Cash on Delivery
PUR_005299,CUST_01511,PROD_0017,Men's Formal Suit,120.67,2026-04-15,Cash on Delivery
PUR_005300,CUST_01511,PROD_0166,Gas Cooker (4-Burner),358.66,2026-05-03,Mobile Money
PUR_005301,CUST_01511,PROD_0244,Bathroom Weighing Scale,87.03,2026-05-06,Mobile Money
PUR_005302,CUST_01511,PROD_0101,Phone Charger (Type-C),1042.13,2026-05-07,Cash on Delivery
PUR_005303,CUST_01511,PROD_0223,Makeup Kit,93.31,2026-05-08,Mobile Money
PUR_005304,CUST_01511,PROD_0161,Microwave Oven,210.65,2026-05-12,Mobile Money
PUR_005305,CUST_01511,PROD_0150,Extension Socket,906.24,2026-05-16,Card
PUR_005306,CUST_01511,PROD_0290,Exercise Books Pack,35.82,2026-05-19,Mobile Money
PUR_005307,CUST_01511,PROD_0287,Highlighter Set,45.82,2026-05-19,Card
PUR_005308,CUST_01511,PROD_0122,Electric Iron,797.15,2026-05-30,Mobile Money
PUR_005309,CUST_01511,PROD_0210,Braided Hair Extension,97.78,2026-06-16,Mobile Money
PUR_005310,CUST_01511,PROD_0089,Samsung Galaxy A14,604.64,2026-06-17,Mobile Money
PUR_005311,CUST_01511,PROD_0122,Electric Iron,340.64,2026-06-21,Cash on Delivery
PUR_005312,CUST_01511,PROD_0072,Phone Screen Protector,870.51,2026-06-25,Mobile Money
PUR_005313,CUST_01511,PROD_0202,Deodorant Roll-on,50.08,2026-07-01,Mobile Money
PUR_005314,CUST_01511,PROD_0088,Universal Phone Case,1172.87,2026-07-08,Cash on Delivery
PUR_005315,CUST_01511,PROD_0156,Desktop Computer,1191.22,2026-07-10,Mobile Money
PUR_005316,CUST_01511,PROD_0071,Bluetooth Headset,567.42,2026-07-11,Cash on Delivery
PUR_005317,CUST_01511,PROD_0103,Power Bank 20000mAh,176.26,2026-07-13,Cash on Delivery
PUR_005318,CUST_01511,PROD_0149,Gaming Console,1327.4,2026-07-19,Mobile Money
PUR_005319,CUST_01511,PROD_0006,Men's Casual Blazer,154.27,2026-07-23,Mobile Money
PUR_005320,CUST_01511,PROD_0069,Phone Charger (Type-C),323.29,2026-08-04,Mobile Money
PUR_005321,CUST_01511,PROD_0017,Men's Formal Suit,124.92,2026-08-05,Mobile Money
PUR_005322,CUST_01511,PROD_0253,Running Shoes,237.63,2026-08-10,Mobile Money
PUR_005323,CUST_01511,PROD_0037,Wax Print Skirt,110.37,2026-08-11,Cash on Delivery
PUR_005324,CUST_01511,PROD_0072,Phone Screen Protector,1453.57,2026-08-17,Cash on Delivery
PUR_005325,CUST_01511,PROD_0140,Electric Iron,865.64,2026-08-23,Mobile Money
PUR_005326,CUST_01511,PROD_0007,Kente Print Shirt,43.7,2026-08-30,Cash on Delivery
PUR_005327,CUST_01511,PROD_0262,Hiking Backpack,162.89,2026-08-31,Mobile Money
PUR_005328,CUST_01511,PROD_0186,Storage Containers Set,98.97,2026-09-03,Mobile Money
PUR_005329,CUST_01512,PROD_0295,Canned Tuna,129.42,2025-12-06,Mobile Money
PUR_005330,CUST_01512,PROD_0253,Running Shoes,153.71,2025-12-13,Mobile Money
PUR_005331,CUST_01512,PROD_0001,Traditional Smock (Fugu),106.94,2025-12-21,Mobile Money
PUR_005332,CUST_01512,PROD_0153,Rechargeable Fan,86.94,2026-02-25,Card
PUR_005333,CUST_01512,PROD_0166,Gas Cooker (4-Burner),359.86,2026-08-17,Cash on Delivery
PUR_005334,CUST_01513,PROD_0138,Microwave Oven,1978.34,2024-11-16,Mobile Money
PUR_005335,CUST_01513,PROD_0127,Microwave Oven,7475.54,2025-07-29,Mobile Money
PUR_005336,CUST_01513,PROD_0081,Phone Charger (Type-C),1091.11,2025-09-28,Card
PUR_005337,CUST_01513,PROD_0215,Skin Toner,28.6,2025-10-16,Mobile Money
PUR_005338,CUST_01513,PROD_0170,Rice Cooker,172.3,2025-11-10,Mobile Money
PUR_005339,CUST_01513,PROD_0069,Phone Charger (Type-C),701.93,2026-01-24,Mobile Money
PUR_005340,CUST_01513,PROD_0048,Women's Maxi Dress,142.86,2026-07-11,Card
PUR_005341,CUST_01517,PROD_0065,Wax Print Skirt,79.41,2026-02-20,Mobile Money
PUR_005342,CUST_01518,PROD_0058,Men's Slim Fit Jeans,161.62,2024-10-02,Card
PUR_005343,CUST_01518,PROD_0168,Rice Cooker,204.56,2024-11-09,Mobile Money
PUR_005344,CUST_01518,PROD_0075,Redmi Note 12,2888.21,2025-01-27,Mobile Money
PUR_005345,CUST_01518,PROD_0005,Men's Casual Blazer,136.79,2025-02-21,Mobile Money
PUR_005346,CUST_01518,PROD_0001,Traditional Smock (Fugu),183.07,2025-03-19,Cash on Delivery
PUR_005347,CUST_01518,PROD_0279,Baby Wipes (80pcs),177.8,2025-04-18,Mobile Money
PUR_005348,CUST_01518,PROD_0280,Baby Diapers Pack,76.64,2025-07-25,Mobile Money
PUR_005349,CUST_01518,PROD_0289,Kids' Storybook,36.63,2025-10-12,Mobile Money
PUR_005350,CUST_01518,PROD_0077,Bluetooth Headset,1397.11,2025-10-20,Mobile Money
PUR_005351,CUST_01518,PROD_0172,Curtain Set,204.62,2025-11-09,Mobile Money
PUR_005352,CUST_01518,PROD_0166,Gas Cooker (4-Burner),92.16,2025-11-28,Mobile Money
PUR_005353,CUST_01518,PROD_0138,Microwave Oven,386.3,2025-12-05,Mobile Money
PUR_005354,CUST_01518,PROD_0012,Children's T-Shirt Set,77.03,2026-01-02,Cash on Delivery
PUR_005355,CUST_01518,PROD_0175,Kitchen Knife Set,137.83,2026-01-29,Mobile Money
PUR_005356,CUST_01518,PROD_0003,Cotton Polo Shirt,163.88,2026-05-30,Mobile Money
PUR_005357,CUST_01518,PROD_0261,Camping Tent,293.35,2026-06-17,Mobile Money
PUR_005358,CUST_01518,PROD_0001,Traditional Smock (Fugu),55.19,2026-08-16,Bank Transfer
PUR_005359,CUST_01519,PROD_0233,Multivitamin Tablets,51.6,2026-07-16,Cash on Delivery
PUR_005360,CUST_01519,PROD_0076,Phone Charger (Type-C),1204.81,2026-07-24,Mobile Money
PUR_005361,CUST_01519,PROD_0189,Non-stick Cooking Pot Set,242.56,2026-08-15,Mobile Money
PUR_005362,CUST_01519,PROD_0074,Phone Screen Protector,233.54,2026-08-27,Mobile Money
PUR_005363,CUST_01520,PROD_0271,Kids' Bicycle,130.68,2025-09-10,Mobile Money
PUR_005364,CUST_01522,PROD_0206,Braided Hair Extension,18.37,2024-01-31,Mobile Money
PUR_005365,CUST_01522,PROD_0286,Hardcover Notebook,31.33,2024-05-25,Card
PUR_005366,CUST_01522,PROD_0067,iPhone 13,416.32,2024-11-18,Mobile Money
PUR_005367,CUST_01522,PROD_0157,Bluetooth Speaker,245.89,2026-06-08,Cash on Delivery
PUR_005368,CUST_01522,PROD_0233,Multivitamin Tablets,65.45,2026-08-27,Cash on Delivery
PUR_005369,CUST_01523,PROD_0221,Nail Polish Set,166.66,2026-08-17,Cash on Delivery
PUR_005370,CUST_01524,PROD_0004,Men's Slim Fit Jeans,133.42,2026-08-05,Card
PUR_005371,CUST_01525,PROD_0211,Shea Butter Body Lotion,75.24,2026-03-20,Mobile Money
PUR_005372,CUST_01525,PROD_0001,Traditional Smock (Fugu),213.98,2026-06-10,Mobile Money
PUR_005373,CUST_01525,PROD_0248,Reading Glasses,65.21,2026-08-17,Mobile Money
PUR_005374,CUST_01526,PROD_0180,Bedsheet Set (Queen),170.37,2026-07-27,Cash on Delivery
PUR_005375,CUST_01528,PROD_0271,Kids' Bicycle,61.91,2026-06-01,Cash on Delivery
PUR_005376,CUST_01529,PROD_0298,Sugar (2kg),108.85,2025-08-13,Card
PUR_005377,CUST_01529,PROD_0253,Running Shoes,153.27,2025-12-07,Cash on Delivery
PUR_005378,CUST_01529,PROD_0036,Leather Sandals,240.56,2026-06-08,Mobile Money
PUR_005379,CUST_01529,PROD_0202,Deodorant Roll-on,93.72,2026-08-05,Mobile Money
PUR_005380,CUST_01529,PROD_0089,Samsung Galaxy A14,726.64,2026-08-09,Cash on Delivery
PUR_005381,CUST_01530,PROD_0074,Phone Screen Protector,1711.24,2025-12-02,Card
PUR_005382,CUST_01530,PROD_0122,Electric Iron,356.77,2025-12-02,Card
PUR_005383,CUST_01530,PROD_0067,iPhone 13,285.42,2025-12-03,Mobile Money
PUR_005384,CUST_01530,PROD_0002,Ladies Kaftan Gown,148.97,2025-12-13,Cash on Delivery
PUR_005385,CUST_01530,PROD_0274,Baby Carrier,106.1,2025-12-19,Mobile Money
PUR_005386,CUST_01530,PROD_0032,Men's Formal Suit,197.44,2026-01-04,Cash on Delivery
PUR_005387,CUST_01530,PROD_0204,Beard Grooming Kit,148.26,2026-01-08,Mobile Money
PUR_005388,CUST_01530,PROD_0067,iPhone 13,866.56,2026-01-11,Mobile Money
PUR_005389,CUST_01530,PROD_0273,Baby Diapers Pack,126.3,2026-01-17,Mobile Money
PUR_005390,CUST_01530,PROD_0275,Kids' Bicycle,77.45,2026-01-18,Mobile Money
PUR_005391,CUST_01530,PROD_0210,Braided Hair Extension,89.61,2026-01-21,Cash on Delivery
PUR_005392,CUST_01530,PROD_0207,Skin Toner,83.18,2026-02-13,Mobile Money
PUR_005393,CUST_01530,PROD_0273,Baby Diapers Pack,96.92,2026-02-18,Mobile Money
PUR_005394,CUST_01530,PROD_0127,Microwave Oven,100.55,2026-02-22,Mobile Money
PUR_005395,CUST_01530,PROD_0067,iPhone 13,1518.57,2026-02-28,Cash on Delivery
PUR_005396,CUST_01530,PROD_0183,Non-stick Cooking Pot Set,119.09,2026-03-02,Mobile Money
PUR_005397,CUST_01530,PROD_0281,Educational Toy Set,232.47,2026-03-07,Cash on Delivery
PUR_005398,CUST_01530,PROD_0113,iPhone 13,800.82,2026-03-24,Mobile Money
PUR_005399,CUST_01530,PROD_0019,Men's Casual Blazer,108.8,2026-04-01,Mobile Money
PUR_005400,CUST_01530,PROD_0001,Traditional Smock (Fugu),142.89,2026-04-07,Cash on Delivery
PUR_005401,CUST_01530,PROD_0154,Gaming Console,2169.9,2026-04-07,Card
PUR_005402,CUST_01530,PROD_0281,Educational Toy Set,50.19,2026-04-09,Mobile Money
PUR_005403,CUST_01530,PROD_0002,Ladies Kaftan Gown,316.09,2026-04-09,Card
PUR_005404,CUST_01530,PROD_0203,Braided Hair Extension,82.62,2026-04-15,Mobile Money
PUR_005405,CUST_01530,PROD_0295,Canned Tuna,66.75,2026-04-16,Cash on Delivery
PUR_005406,CUST_01530,PROD_0073,Redmi Note 12,2364.01,2026-04-20,Cash on Delivery
PUR_005407,CUST_01530,PROD_0202,Deodorant Roll-on,86.74,2026-04-21,Mobile Money
PUR_005408,CUST_01530,PROD_0002,Ladies Kaftan Gown,77.91,2026-04-27,Card
PUR_005409,CUST_01530,PROD_0172,Curtain Set,127.86,2026-05-01,Mobile Money
PUR_005410,CUST_01530,PROD_0082,Samsung Galaxy A14,1187.56,2026-05-04,Cash on Delivery
PUR_005411,CUST_01530,PROD_0075,Redmi Note 12,876.28,2026-05-05,Mobile Money
PUR_005412,CUST_01530,PROD_0100,Wireless Earbuds,1452.74,2026-05-06,Cash on Delivery
PUR_005413,CUST_01530,PROD_0103,Power Bank 20000mAh,358.54,2026-05-09,Cash on Delivery
PUR_005414,CUST_01530,PROD_0074,Phone Screen Protector,700.27,2026-05-09,Cash on Delivery
PUR_005415,CUST_01530,PROD_0206,Braided Hair Extension,132.89,2026-05-13,Card
PUR_005416,CUST_01530,PROD_0258,Yoga Mat,179.13,2026-05-19,Cash on Delivery
PUR_005417,CUST_01530,PROD_0193,Cutlery Set,199.87,2026-05-20,Mobile Money
PUR_005418,CUST_01530,PROD_0173,Non-stick Cooking Pot Set,239.27,2026-05-25,Cash on Delivery
PUR_005419,CUST_01530,PROD_0076,Phone Charger (Type-C),2311.68,2026-05-25,Card
PUR_005420,CUST_01530,PROD_0155,Bluetooth Speaker,1193.52,2026-05-27,Card
PUR_005421,CUST_01530,PROD_0128,Air Conditioner (1.5HP),241.83,2026-05-28,Mobile Money
PUR_005422,CUST_01530,PROD_0099,Huawei MatePad,1681.31,2026-05-28,Bank Transfer
PUR_005423,CUST_01530,PROD_0117,Bluetooth Headset,2556.69,2026-05-30,Cash on Delivery
PUR_005424,CUST_01530,PROD_0026,Men's Casual Blazer,48.4,2026-05-30,Mobile Money
PUR_005425,CUST_01530,PROD_0286,Hardcover Notebook,28.61,2026-05-31,Cash on Delivery
PUR_005426,CUST_01530,PROD_0209,Makeup Kit,56.64,2026-06-01,Mobile Money
PUR_005427,CUST_01530,PROD_0255,Water Bottle (1L),57.4,2026-06-03,Mobile Money
PUR_005428,CUST_01530,PROD_0092,Huawei MatePad,1089.64,2026-06-04,Mobile Money
PUR_005429,CUST_01530,PROD_0009,Ladies Kaftan Gown,43.93,2026-06-09,Mobile Money
PUR_005430,CUST_01530,PROD_0302,Milk Powder (400g),229.61,2026-06-10,Cash on Delivery
PUR_005431,CUST_01530,PROD_0068,Redmi Note 12,519.58,2026-06-11,Mobile Money
PUR_005432,CUST_01530,PROD_0233,Multivitamin Tablets,96.77,2026-06-12,Card
PUR_005433,CUST_01530,PROD_0256,Camping Tent,61.89,2026-06-12,Mobile Money
PUR_005434,CUST_01530,PROD_0001,Traditional Smock (Fugu),67.92,2026-06-13,Card
PUR_005435,CUST_01530,PROD_0078,Phone Screen Protector,343.12,2026-06-14,Mobile Money
PUR_005436,CUST_01530,PROD_0235,Bathroom Weighing Scale,96.78,2026-06-16,Cash on Delivery
PUR_005437,CUST_01530,PROD_0113,iPhone 13,120.47,2026-06-18,Mobile Money
PUR_005438,CUST_01530,PROD_0001,Traditional Smock (Fugu),31.16,2026-06-18,Mobile Money
PUR_005439,CUST_01530,PROD_0272,Baby Carrier,125.36,2026-06-23,Mobile Money
PUR_005440,CUST_01530,PROD_0167,Bedsheet Set (Queen),262.92,2026-06-23,Mobile Money
PUR_005441,CUST_01530,PROD_0254,Basketball,137.21,2026-06-25,Cash on Delivery
PUR_005442,CUST_01530,PROD_0124,LED Bulb Pack,632.71,2026-06-25,Card
PUR_005443,CUST_01530,PROD_0130,Rechargeable Fan,634.91,2026-06-26,Mobile Money
PUR_005444,CUST_01530,PROD_0069,Phone Charger (Type-C),380.63,2026-06-26,Bank Transfer
PUR_005445,CUST_01530,PROD_0123,Electric Iron,137.89,2026-06-27,Bank Transfer
PUR_005446,CUST_01530,PROD_0011,Unisex Sneakers,175.51,2026-06-30,Cash on Delivery
PUR_005447,CUST_01530,PROD_0005,Men's Casual Blazer,200.77,2026-07-01,Mobile Money
PUR_005448,CUST_01530,PROD_0009,Ladies Kaftan Gown,97.21,2026-07-03,Mobile Money
PUR_005449,CUST_01530,PROD_0205,Deodorant Roll-on,47.58,2026-07-07,Mobile Money
PUR_005450,CUST_01530,PROD_0083,Redmi Note 12,1169.38,2026-07-10,Mobile Money
PUR_005451,CUST_01530,PROD_0112,Itel Vision 3,295.25,2026-07-10,Mobile Money
PUR_005452,CUST_01530,PROD_0137,43-inch LED TV,1483.39,2026-07-11,Mobile Money
PUR_005453,CUST_01530,PROD_0134,Gaming Console,322.02,2026-07-11,Cash on Delivery
PUR_005454,CUST_01530,PROD_0072,Phone Screen Protector,2621.51,2026-07-15,Card
PUR_005455,CUST_01530,PROD_0174,Bedsheet Set (Queen),250.14,2026-07-20,Mobile Money
PUR_005456,CUST_01530,PROD_0071,Bluetooth Headset,1793.76,2026-07-23,Mobile Money
PUR_005457,CUST_01530,PROD_0232,Bathroom Weighing Scale,36.68,2026-07-24,Cash on Delivery
PUR_005458,CUST_01530,PROD_0166,Gas Cooker (4-Burner),180.53,2026-07-27,Cash on Delivery
PUR_005459,CUST_01530,PROD_0217,Sunscreen SPF50,50.1,2026-07-28,Cash on Delivery
PUR_005460,CUST_01530,PROD_0009,Ladies Kaftan Gown,42.91,2026-07-30,Mobile Money
PUR_005461,CUST_01530,PROD_0018,Men's Formal Suit,94.92,2026-07-31,Mobile Money
PUR_005462,CUST_01530,PROD_0291,Exercise Books Pack,45.14,2026-07-31,Mobile Money
PUR_005463,CUST_01530,PROD_0084,Samsung Galaxy A14,1026.19,2026-08-03,Mobile Money
PUR_005464,CUST_01530,PROD_0204,Beard Grooming Kit,28.84,2026-08-03,Cash on Delivery
PUR_005465,CUST_01530,PROD_0080,Infinix Hot 30,310.84,2026-08-04,Mobile Money
PUR_005466,CUST_01530,PROD_0183,Non-stick Cooking Pot Set,190.48,2026-08-04,Mobile Money
PUR_005467,CUST_01530,PROD_0074,Phone Screen Protector,513.91,2026-08-04,Cash on Delivery
PUR_005468,CUST_01530,PROD_0260,Gym Gloves,376.7,2026-08-06,Cash on Delivery
PUR_005469,CUST_01530,PROD_0032,Men's Formal Suit,71.21,2026-08-06,Mobile Money
PUR_005470,CUST_01530,PROD_0167,Bedsheet Set (Queen),338.45,2026-08-07,Mobile Money
PUR_005471,CUST_01530,PROD_0099,Huawei MatePad,1090.22,2026-08-09,Cash on Delivery
PUR_005472,CUST_01530,PROD_0170,Rice Cooker,146.44,2026-08-12,Cash on Delivery
PUR_005473,CUST_01530,PROD_0078,Phone Screen Protector,464.14,2026-08-13,Mobile Money
PUR_005474,CUST_01530,PROD_0216,Skin Toner,70.05,2026-08-14,Card
PUR_005475,CUST_01530,PROD_0255,Water Bottle (1L),235.07,2026-08-14,Cash on Delivery
PUR_005476,CUST_01530,PROD_0271,Kids' Bicycle,175.86,2026-08-15,Cash on Delivery
PUR_005477,CUST_01530,PROD_0167,Bedsheet Set (Queen),160.85,2026-08-15,Mobile Money
PUR_005478,CUST_01530,PROD_0069,Phone Charger (Type-C),200.73,2026-08-15,Mobile Money
PUR_005479,CUST_01530,PROD_0263,Dumbbell Set,177.0,2026-08-16,Mobile Money
PUR_005480,CUST_01530,PROD_0077,Bluetooth Headset,1712.9,2026-08-16,Mobile Money
PUR_005481,CUST_01530,PROD_0067,iPhone 13,1551.9,2026-08-16,Mobile Money
PUR_005482,CUST_01530,PROD_0075,Redmi Note 12,921.93,2026-08-17,Cash on Delivery
PUR_005483,CUST_01530,PROD_0093,Samsung Galaxy A14,1272.88,2026-08-18,Cash on Delivery
PUR_005484,CUST_01530,PROD_0071,Bluetooth Headset,1727.33,2026-08-20,Mobile Money
PUR_005485,CUST_01530,PROD_0001,Traditional Smock (Fugu),210.13,2026-08-21,Cash on Delivery
PUR_005486,CUST_01530,PROD_0207,Skin Toner,59.72,2026-08-24,Cash on Delivery
PUR_005487,CUST_01530,PROD_0233,Multivitamin Tablets,109.84,2026-08-25,Mobile Money
PUR_005488,CUST_01530,PROD_0206,Braided Hair Extension,39.15,2026-08-31,Card
PUR_005489,CUST_01530,PROD_0212,Perfume (100ml),100.86,2026-09-04,Cash on Delivery
PUR_005490,CUST_01532,PROD_0082,Samsung Galaxy A14,1857.0,2025-09-05,Cash on Delivery
PUR_005491,CUST_01532,PROD_0149,Gaming Console,443.58,2026-05-16,Bank Transfer
PUR_005492,CUST_01532,PROD_0296,Garri (2kg),200.97,2026-05-20,Card
PUR_005493,CUST_01532,PROD_0139,Digital Camera,400.45,2026-06-02,Mobile Money
PUR_005494,CUST_01532,PROD_0272,Baby Carrier,75.57,2026-06-26,Mobile Money
PUR_005495,CUST_01532,PROD_0276,Baby Bath Tub,35.78,2026-07-10,Mobile Money
PUR_005496,CUST_01533,PROD_0132,Electric Iron,1970.29,2025-09-29,Mobile Money
PUR_005497,CUST_01536,PROD_0260,Gym Gloves,71.24,2026-09-04,Mobile Money
PUR_005498,CUST_01537,PROD_0271,Kids' Bicycle,162.26,2026-07-31,Card
PUR_005499,CUST_01538,PROD_0024,Women's Maxi Dress,62.27,2025-10-03,Card
PUR_005500,CUST_01538,PROD_0024,Women's Maxi Dress,51.59,2026-01-17,Mobile Money
PUR_005501,CUST_01538,PROD_0001,Traditional Smock (Fugu),115.95,2026-05-01,Cash on Delivery
PUR_005502,CUST_01538,PROD_0237,Multivitamin Tablets,37.39,2026-06-13,Mobile Money
PUR_005503,CUST_01538,PROD_0253,Running Shoes,59.75,2026-07-20,Cash on Delivery
PUR_005504,CUST_01538,PROD_0035,Children's T-Shirt Set,157.62,2026-07-22,Mobile Money
PUR_005505,CUST_01539,PROD_0084,Samsung Galaxy A14,1030.24,2026-09-02,Mobile Money
PUR_005506,CUST_01540,PROD_0077,Bluetooth Headset,467.47,2026-01-22,Card
PUR_005507,CUST_01540,PROD_0023,Kente Print Shirt,269.67,2026-02-10,Card
PUR_005508,CUST_01541,PROD_0253,Running Shoes,157.61,2026-03-25,Mobile Money
PUR_005509,CUST_01542,PROD_0174,Bedsheet Set (Queen),131.43,2026-08-22,Cash on Delivery
PUR_005510,CUST_01543,PROD_0167,Bedsheet Set (Queen),130.14,2025-10-18,Cash on Delivery
PUR_005511,CUST_01543,PROD_0167,Bedsheet Set (Queen),188.06,2025-12-10,Mobile Money
PUR_005512,CUST_01543,PROD_0125,LED Bulb Pack,650.38,2025-12-24,Mobile Money
PUR_005513,CUST_01543,PROD_0271,Kids' Bicycle,85.29,2026-03-29,Mobile Money
PUR_005514,CUST_01543,PROD_0166,Gas Cooker (4-Burner),109.2,2026-04-19,Mobile Money
PUR_005515,CUST_01543,PROD_0296,Garri (2kg),230.87,2026-05-22,Mobile Money
PUR_005516,CUST_01543,PROD_0121,Blender (4L),1455.54,2026-06-10,Cash on Delivery
PUR_005517,CUST_01543,PROD_0293,A4 Printing Paper Ream,32.16,2026-06-13,Card
PUR_005518,CUST_01543,PROD_0066,Men's Slim Fit Jeans,29.48,2026-06-25,Card
PUR_005519,CUST_01543,PROD_0122,Electric Iron,1895.47,2026-06-27,Mobile Money
PUR_005520,CUST_01543,PROD_0033,Ankara Print Dress,201.9,2026-07-04,Mobile Money
PUR_005521,CUST_01543,PROD_0241,Digital Thermometer,101.55,2026-07-07,Card
PUR_005522,CUST_01543,PROD_0227,Shea Butter Body Lotion,103.14,2026-07-21,Cash on Delivery
PUR_005523,CUST_01543,PROD_0001,Traditional Smock (Fugu),173.71,2026-07-22,Cash on Delivery
PUR_005524,CUST_01543,PROD_0253,Running Shoes,431.07,2026-07-30,Card
PUR_005525,CUST_01543,PROD_0233,Multivitamin Tablets,94.63,2026-08-07,Mobile Money
PUR_005526,CUST_01543,PROD_0129,43-inch LED TV,921.38,2026-08-10,Mobile Money
PUR_005527,CUST_01543,PROD_0095,Phone Charger (Type-C),1573.62,2026-08-12,Cash on Delivery
PUR_005528,CUST_01543,PROD_0028,Men's Casual Blazer,252.02,2026-08-15,Cash on Delivery
PUR_005529,CUST_01543,PROD_0184,Wall Clock,404.06,2026-08-25,Cash on Delivery
PUR_005530,CUST_01543,PROD_0169,Bedsheet Set (Queen),139.38,2026-08-29,Cash on Delivery
PUR_005531,CUST_01543,PROD_0003,Cotton Polo Shirt,47.75,2026-08-30,Mobile Money
PUR_005532,CUST_01543,PROD_0073,Redmi Note 12,2224.51,2026-09-04,Card
PUR_005533,CUST_01545,PROD_0130,Rechargeable Fan,805.23,2024-12-25,Bank Transfer
PUR_005534,CUST_01546,PROD_0076,Phone Charger (Type-C),837.23,2026-02-15,Cash on Delivery
PUR_005535,CUST_01546,PROD_0031,Cotton Polo Shirt,185.34,2026-06-02,Cash on Delivery
PUR_005536,CUST_01546,PROD_0016,Women's Maxi Dress,45.99,2026-06-12,Mobile Money
PUR_005537,CUST_01546,PROD_0121,Blender (4L),1073.36,2026-07-02,Card
PUR_005538,CUST_01546,PROD_0168,Rice Cooker,184.67,2026-08-17,Mobile Money
PUR_005539,CUST_01547,PROD_0016,Women's Maxi Dress,129.97,2025-05-28,Mobile Money
PUR_005540,CUST_01547,PROD_0202,Deodorant Roll-on,38.54,2025-11-24,Card
PUR_005541,CUST_01547,PROD_0232,Bathroom Weighing Scale,65.15,2026-01-16,Mobile Money
PUR_005542,CUST_01547,PROD_0179,Wall Clock,45.31,2026-03-18,Mobile Money
PUR_005543,CUST_01547,PROD_0132,Electric Iron,304.06,2026-05-13,Cash on Delivery
PUR_005544,CUST_01547,PROD_0002,Ladies Kaftan Gown,114.96,2026-06-04,Cash on Delivery
PUR_005545,CUST_01548,PROD_0077,Bluetooth Headset,526.07,2026-02-28,Card
PUR_005546,CUST_01548,PROD_0225,Facial Cleanser,71.3,2026-05-13,Card
PUR_005547,CUST_01548,PROD_0282,Kids Building Blocks,99.75,2026-07-20,Mobile Money
PUR_005548,CUST_01549,PROD_0044,Women's Maxi Dress,112.17,2026-09-02,Mobile Money
PUR_005549,CUST_01550,PROD_0295,Canned Tuna,121.22,2026-06-03,Mobile Money
PUR_005550,CUST_01551,PROD_0001,Traditional Smock (Fugu),151.7,2024-09-15,Cash on Delivery
PUR_005551,CUST_01551,PROD_0043,Men's Formal Suit,111.61,2025-07-12,Card
PUR_005552,CUST_01551,PROD_0273,Baby Diapers Pack,92.21,2025-08-03,Mobile Money
PUR_005553,CUST_01551,PROD_0004,Men's Slim Fit Jeans,383.72,2025-09-27,Mobile Money
PUR_005554,CUST_01551,PROD_0009,Ladies Kaftan Gown,177.92,2026-01-18,Mobile Money
PUR_005555,CUST_01551,PROD_0014,Men's Slim Fit Jeans,99.78,2026-05-15,Mobile Money
PUR_005556,CUST_01553,PROD_0088,Universal Phone Case,1663.21,2024-11-15,Mobile Money
PUR_005557,CUST_01553,PROD_0217,Sunscreen SPF50,71.54,2025-01-15,Bank Transfer
PUR_005558,CUST_01553,PROD_0235,Bathroom Weighing Scale,96.65,2025-02-27,Cash on Delivery
PUR_005559,CUST_01553,PROD_0023,Kente Print Shirt,187.62,2025-03-24,Mobile Money
PUR_005560,CUST_01553,PROD_0204,Beard Grooming Kit,45.11,2025-06-04,Bank Transfer
PUR_005561,CUST_01553,PROD_0040,Men's Slim Fit Jeans,64.22,2025-07-12,Mobile Money
PUR_005562,CUST_01553,PROD_0203,Braided Hair Extension,56.55,2025-09-04,Mobile Money
PUR_005563,CUST_01553,PROD_0286,Hardcover Notebook,51.34,2025-09-06,Mobile Money
PUR_005564,CUST_01553,PROD_0010,Traditional Smock (Fugu),128.21,2025-10-28,Cash on Delivery
PUR_005565,CUST_01553,PROD_0003,Cotton Polo Shirt,78.29,2025-11-07,Mobile Money
PUR_005566,CUST_01553,PROD_0218,Skin Toner,22.31,2025-11-16,Mobile Money
PUR_005567,CUST_01553,PROD_0233,Multivitamin Tablets,90.11,2025-12-01,Card
PUR_005568,CUST_01553,PROD_0127,Microwave Oven,1241.93,2025-12-06,Bank Transfer
PUR_005569,CUST_01553,PROD_0179,Wall Clock,167.54,2025-12-08,Mobile Money
PUR_005570,CUST_01553,PROD_0286,Hardcover Notebook,34.26,2025-12-08,Mobile Money
PUR_005571,CUST_01553,PROD_0047,Leather Sandals,136.79,2025-12-26,Mobile Money
PUR_005572,CUST_01553,PROD_0282,Kids Building Blocks,87.2,2026-01-20,Cash on Delivery
PUR_005573,CUST_01553,PROD_0068,Redmi Note 12,556.98,2026-02-13,Mobile Money
PUR_005574,CUST_01553,PROD_0201,Storage Containers Set,132.16,2026-02-25,Cash on Delivery
PUR_005575,CUST_01553,PROD_0121,Blender (4L),1197.1,2026-03-07,Cash on Delivery
PUR_005576,CUST_01553,PROD_0008,Kente Print Shirt,89.78,2026-03-21,Bank Transfer
PUR_005577,CUST_01553,PROD_0068,Redmi Note 12,1939.96,2026-03-25,Mobile Money
PUR_005578,CUST_01553,PROD_0010,Traditional Smock (Fugu),268.95,2026-05-07,Mobile Money
PUR_005579,CUST_01553,PROD_0238,Digital Blood Pressure Monitor,104.73,2026-05-15,Card
PUR_005580,CUST_01553,PROD_0168,Rice Cooker,655.38,2026-06-09,Card
PUR_005581,CUST_01553,PROD_0220,Beard Grooming Kit,84.31,2026-06-10,Mobile Money
PUR_005582,CUST_01553,PROD_0083,Redmi Note 12,693.55,2026-06-11,Cash on Delivery
PUR_005583,CUST_01553,PROD_0004,Men's Slim Fit Jeans,51.84,2026-06-14,Mobile Money
PUR_005584,CUST_01553,PROD_0047,Leather Sandals,164.86,2026-06-20,Mobile Money
PUR_005585,CUST_01553,PROD_0013,Ankara Print Dress,303.56,2026-06-21,Cash on Delivery
PUR_005586,CUST_01553,PROD_0138,Microwave Oven,741.86,2026-07-05,Mobile Money
PUR_005587,CUST_01553,PROD_0275,Kids' Bicycle,124.55,2026-07-06,Bank Transfer
PUR_005588,CUST_01553,PROD_0005,Men's Casual Blazer,162.68,2026-07-24,Cash on Delivery
PUR_005589,CUST_01553,PROD_0072,Phone Screen Protector,622.59,2026-07-31,Card
PUR_005590,CUST_01553,PROD_0187,Bedsheet Set (Queen),291.29,2026-08-01,Card
PUR_005591,CUST_01553,PROD_0121,Blender (4L),198.34,2026-08-06,Mobile Money
PUR_005592,CUST_01553,PROD_0006,Men's Casual Blazer,105.28,2026-08-31,Mobile Money
PUR_005593,CUST_01554,PROD_0002,Ladies Kaftan Gown,78.51,2026-02-14,Mobile Money
PUR_005594,CUST_01554,PROD_0235,Bathroom Weighing Scale,94.74,2026-03-13,Mobile Money
PUR_005595,CUST_01554,PROD_0070,Phone Charger (Type-C),2495.57,2026-08-07,Cash on Delivery
PUR_005596,CUST_01555,PROD_0289,Kids' Storybook,27.41,2026-08-05,Mobile Money
PUR_005597,CUST_01555,PROD_0067,iPhone 13,284.33,2026-08-24,Cash on Delivery
PUR_005598,CUST_01555,PROD_0215,Skin Toner,35.93,2026-09-04,Mobile Money
PUR_005599,CUST_01560,PROD_0083,Redmi Note 12,1264.65,2024-04-20,Mobile Money
PUR_005600,CUST_01560,PROD_0011,Unisex Sneakers,200.05,2024-07-16,Mobile Money
PUR_005601,CUST_01560,PROD_0234,Multivitamin Tablets,70.44,2024-09-28,Mobile Money
PUR_005602,CUST_01560,PROD_0067,iPhone 13,468.42,2024-12-24,Mobile Money
PUR_005603,CUST_01560,PROD_0243,Protein Powder,140.57,2025-03-12,Mobile Money
PUR_005604,CUST_01560,PROD_0123,Electric Iron,653.84,2025-04-09,Cash on Delivery
PUR_005605,CUST_01560,PROD_0202,Deodorant Roll-on,144.39,2025-07-14,Mobile Money
PUR_005606,CUST_01560,PROD_0067,iPhone 13,515.04,2025-12-28,Mobile Money
PUR_005607,CUST_01560,PROD_0040,Men's Slim Fit Jeans,108.41,2025-12-30,Mobile Money
PUR_005608,CUST_01560,PROD_0008,Kente Print Shirt,179.36,2026-03-23,Cash on Delivery
PUR_005609,CUST_01560,PROD_0020,Kente Print Shirt,195.79,2026-03-31,Card
PUR_005610,CUST_01560,PROD_0099,Huawei MatePad,1528.78,2026-06-03,Mobile Money
PUR_005611,CUST_01560,PROD_0173,Non-stick Cooking Pot Set,173.77,2026-06-08,Mobile Money
PUR_005612,CUST_01560,PROD_0204,Beard Grooming Kit,124.6,2026-07-22,Cash on Delivery
PUR_005613,CUST_01563,PROD_0202,Deodorant Roll-on,123.09,2025-04-10,Mobile Money
PUR_005614,CUST_01563,PROD_0103,Power Bank 20000mAh,1558.11,2025-08-15,Mobile Money
PUR_005615,CUST_01563,PROD_0086,Tecno Spark 10,2560.36,2026-02-15,Cash on Delivery
PUR_005616,CUST_01563,PROD_0005,Men's Casual Blazer,110.13,2026-03-13,Cash on Delivery
PUR_005617,CUST_01563,PROD_0067,iPhone 13,562.48,2026-06-25,Cash on Delivery
PUR_005618,CUST_01563,PROD_0073,Redmi Note 12,1426.6,2026-07-27,Mobile Money
PUR_005619,CUST_01563,PROD_0162,Blender (4L),635.88,2026-09-04,Mobile Money
PUR_005620,CUST_01565,PROD_0054,Men's Slim Fit Jeans,348.27,2025-05-27,Mobile Money
PUR_005621,CUST_01565,PROD_0124,LED Bulb Pack,697.03,2026-01-26,Mobile Money
PUR_005622,CUST_01565,PROD_0151,Extension Socket,614.67,2026-02-21,Mobile Money
PUR_005623,CUST_01565,PROD_0146,Home Theater System,1779.24,2026-06-09,Mobile Money
PUR_005624,CUST_01567,PROD_0202,Deodorant Roll-on,87.51,2026-03-04,Card
PUR_005625,CUST_01569,PROD_0208,Perfume (100ml),143.92,2026-01-13,Mobile Money
PUR_005626,CUST_01569,PROD_0235,Bathroom Weighing Scale,130.54,2026-03-13,Mobile Money
PUR_005627,CUST_01569,PROD_0167,Bedsheet Set (Queen),188.68,2026-03-27,Cash on Delivery
PUR_005628,CUST_01569,PROD_0088,Universal Phone Case,2236.37,2026-03-30,Card
PUR_005629,CUST_01569,PROD_0258,Yoga Mat,295.29,2026-04-02,Mobile Money
PUR_005630,CUST_01569,PROD_0001,Traditional Smock (Fugu),110.39,2026-04-08,Bank Transfer
PUR_005631,CUST_01569,PROD_0234,Multivitamin Tablets,51.52,2026-04-12,Mobile Money
PUR_005632,CUST_01569,PROD_0172,Curtain Set,678.72,2026-04-23,Cash on Delivery
PUR_005633,CUST_01569,PROD_0272,Baby Carrier,67.67,2026-05-21,Cash on Delivery
PUR_005634,CUST_01569,PROD_0067,iPhone 13,483.06,2026-06-02,Mobile Money
PUR_005635,CUST_01569,PROD_0140,Electric Iron,433.35,2026-06-07,Mobile Money
PUR_005636,CUST_01569,PROD_0167,Bedsheet Set (Queen),144.26,2026-06-15,Card
PUR_005637,CUST_01569,PROD_0068,Redmi Note 12,840.84,2026-06-20,Bank Transfer
PUR_005638,CUST_01569,PROD_0001,Traditional Smock (Fugu),112.85,2026-07-03,Card
PUR_005639,CUST_01569,PROD_0138,Microwave Oven,370.51,2026-07-10,Card
PUR_005640,CUST_01569,PROD_0203,Braided Hair Extension,64.96,2026-07-14,Cash on Delivery
PUR_005641,CUST_01569,PROD_0254,Basketball,223.67,2026-07-29,Cash on Delivery
PUR_005642,CUST_01569,PROD_0066,Men's Slim Fit Jeans,98.74,2026-08-14,Mobile Money
PUR_005643,CUST_01569,PROD_0070,Phone Charger (Type-C),504.38,2026-08-23,Mobile Money
PUR_005644,CUST_01569,PROD_0002,Ladies Kaftan Gown,95.57,2026-08-30,Cash on Delivery
PUR_005645,CUST_01569,PROD_0292,A4 Printing Paper Ream,34.09,2026-09-04,Mobile Money
PUR_005646,CUST_01571,PROD_0001,Traditional Smock (Fugu),123.89,2026-08-11,Mobile Money
PUR_005647,CUST_01573,PROD_0001,Traditional Smock (Fugu),78.39,2025-06-15,Mobile Money
PUR_005648,CUST_01573,PROD_0232,Bathroom Weighing Scale,52.06,2025-12-08,Cash on Delivery
PUR_005649,CUST_01573,PROD_0218,Skin Toner,82.72,2026-01-20,Mobile Money
PUR_005650,CUST_01573,PROD_0232,Bathroom Weighing Scale,145.3,2026-08-07,Mobile Money
PUR_005651,CUST_01573,PROD_0079,iPhone 13,685.98,2026-08-14,Cash on Delivery
PUR_005652,CUST_01573,PROD_0176,Curtain Set,474.62,2026-08-20,Mobile Money
PUR_005653,CUST_01574,PROD_0121,Blender (4L),1090.77,2025-05-01,Mobile Money
PUR_005654,CUST_01574,PROD_0002,Ladies Kaftan Gown,74.95,2025-05-14,Mobile Money
PUR_005655,CUST_01574,PROD_0185,Wall Clock,265.48,2025-12-07,Cash on Delivery
PUR_005656,CUST_01574,PROD_0264,Camping Tent,78.77,2025-12-23,Mobile Money
PUR_005657,CUST_01574,PROD_0122,Electric Iron,448.1,2026-01-01,Mobile Money
PUR_005658,CUST_01574,PROD_0180,Bedsheet Set (Queen),677.71,2026-05-14,Mobile Money
PUR_005659,CUST_01574,PROD_0257,Running Shoes,70.5,2026-06-13,Mobile Money
PUR_005660,CUST_01574,PROD_0102,Samsung Galaxy A14,4045.57,2026-08-22,Mobile Money
PUR_005661,CUST_01574,PROD_0232,Bathroom Weighing Scale,16.77,2026-08-27,Cash on Delivery
PUR_005662,CUST_01575,PROD_0086,Tecno Spark 10,2268.96,2026-07-18,Mobile Money
PUR_005663,CUST_01576,PROD_0207,Skin Toner,71.91,2026-08-26,Cash on Delivery
PUR_005664,CUST_01580,PROD_0090,Itel Vision 3,1173.4,2026-01-25,Card
PUR_005665,CUST_01580,PROD_0202,Deodorant Roll-on,20.14,2026-06-04,Mobile Money
PUR_005666,CUST_01584,PROD_0178,Gas Cooker (4-Burner),116.39,2026-06-18,Mobile Money
PUR_005667,CUST_01584,PROD_0235,Bathroom Weighing Scale,129.12,2026-07-26,Cash on Delivery
PUR_005668,CUST_01585,PROD_0166,Gas Cooker (4-Burner),127.43,2023-04-17,Card
PUR_005669,CUST_01585,PROD_0203,Braided Hair Extension,90.68,2023-07-28,Cash on Delivery
PUR_005670,CUST_01585,PROD_0166,Gas Cooker (4-Burner),147.87,2023-10-30,Mobile Money
PUR_005671,CUST_01585,PROD_0271,Kids' Bicycle,134.53,2024-02-24,Bank Transfer
PUR_005672,CUST_01585,PROD_0257,Running Shoes,132.6,2024-04-15,Mobile Money
PUR_005673,CUST_01585,PROD_0245,Protein Powder,21.91,2024-05-26,Mobile Money
PUR_005674,CUST_01585,PROD_0213,Deodorant Roll-on,72.09,2024-06-07,Mobile Money
PUR_005675,CUST_01585,PROD_0257,Running Shoes,340.94,2024-07-11,Mobile Money
PUR_005676,CUST_01585,PROD_0203,Braided Hair Extension,79.08,2024-07-26,Mobile Money
PUR_005677,CUST_01585,PROD_0029,Women's Maxi Dress,152.97,2024-09-18,Card
PUR_005678,CUST_01585,PROD_0202,Deodorant Roll-on,50.34,2024-09-25,Mobile Money
PUR_005679,CUST_01585,PROD_0232,Bathroom Weighing Scale,78.44,2024-10-05,Mobile Money
PUR_005680,CUST_01585,PROD_0069,Phone Charger (Type-C),1374.67,2024-10-24,Cash on Delivery
PUR_005681,CUST_01585,PROD_0276,Baby Bath Tub,147.45,2024-11-02,Mobile Money
PUR_005682,CUST_01585,PROD_0011,Unisex Sneakers,115.81,2024-11-07,Cash on Delivery
PUR_005683,CUST_01585,PROD_0167,Bedsheet Set (Queen),248.53,2024-12-11,Card
PUR_005684,CUST_01585,PROD_0151,Extension Socket,630.46,2025-01-03,Mobile Money
PUR_005685,CUST_01585,PROD_0067,iPhone 13,1622.1,2025-01-18,Card
PUR_005686,CUST_01585,PROD_0001,Traditional Smock (Fugu),69.34,2025-02-12,Cash on Delivery
PUR_005687,CUST_01585,PROD_0206,Braided Hair Extension,64.03,2025-05-02,Mobile Money
PUR_005688,CUST_01585,PROD_0218,Skin Toner,72.91,2025-05-09,Card
PUR_005689,CUST_01585,PROD_0068,Redmi Note 12,476.08,2025-06-02,Card
PUR_005690,CUST_01585,PROD_0273,Baby Diapers Pack,117.28,2025-07-25,Mobile Money
PUR_005691,CUST_01585,PROD_0166,Gas Cooker (4-Burner),153.86,2025-08-14,Mobile Money
PUR_005692,CUST_01585,PROD_0129,43-inch LED TV,276.87,2025-09-02,Mobile Money
PUR_005693,CUST_01585,PROD_0122,Electric Iron,158.65,2025-09-09,Mobile Money
PUR_005694,CUST_01585,PROD_0070,Phone Charger (Type-C),1633.25,2025-10-17,Card
PUR_005695,CUST_01585,PROD_0076,Phone Charger (Type-C),802.0,2025-11-14,Cash on Delivery
PUR_005696,CUST_01585,PROD_0007,Kente Print Shirt,114.86,2025-11-14,Mobile Money
PUR_005697,CUST_01585,PROD_0006,Men's Casual Blazer,144.54,2025-11-25,Bank Transfer
PUR_005698,CUST_01585,PROD_0071,Bluetooth Headset,1362.91,2025-12-26,Mobile Money
PUR_005699,CUST_01585,PROD_0139,Digital Camera,448.51,2025-12-29,Card
PUR_005700,CUST_01585,PROD_0122,Electric Iron,749.29,2026-01-08,Bank Transfer
PUR_005701,CUST_01585,PROD_0070,Phone Charger (Type-C),2325.59,2026-01-28,Mobile Money
PUR_005702,CUST_01585,PROD_0061,Women's Maxi Dress,273.58,2026-02-03,Mobile Money
PUR_005703,CUST_01585,PROD_0299,Garri (2kg),92.96,2026-02-05,Mobile Money
PUR_005704,CUST_01585,PROD_0135,LED Bulb Pack,1009.29,2026-05-23,Cash on Delivery
PUR_005705,CUST_01585,PROD_0067,iPhone 13,921.0,2026-05-25,Mobile Money
PUR_005706,CUST_01585,PROD_0149,Gaming Console,3460.75,2026-05-26,Cash on Delivery
PUR_005707,CUST_01585,PROD_0232,Bathroom Weighing Scale,99.24,2026-06-11,Card
PUR_005708,CUST_01585,PROD_0187,Bedsheet Set (Queen),301.47,2026-06-15,Mobile Money
PUR_005709,CUST_01585,PROD_0166,Gas Cooker (4-Burner),249.84,2026-06-15,Mobile Money
PUR_005710,CUST_01585,PROD_0225,Facial Cleanser,56.02,2026-07-16,Cash on Delivery
PUR_005711,CUST_01585,PROD_0140,Electric Iron,1681.09,2026-08-11,Card
PUR_005712,CUST_01585,PROD_0232,Bathroom Weighing Scale,162.1,2026-08-12,Mobile Money
PUR_005713,CUST_01587,PROD_0151,Extension Socket,508.92,2026-03-27,Mobile Money
PUR_005714,CUST_01587,PROD_0138,Microwave Oven,528.76,2026-07-21,Mobile Money
PUR_005715,CUST_01587,PROD_0163,Extension Socket,1125.62,2026-08-20,Mobile Money
PUR_005716,CUST_01588,PROD_0053,Traditional Smock (Fugu),664.2,2026-03-07,Cash on Delivery
PUR_005717,CUST_01588,PROD_0044,Women's Maxi Dress,228.67,2026-03-27,Mobile Money
PUR_005718,CUST_01588,PROD_0058,Men's Slim Fit Jeans,602.59,2026-04-10,Mobile Money
PUR_005719,CUST_01588,PROD_0016,Women's Maxi Dress,60.02,2026-04-19,Card
PUR_005720,CUST_01588,PROD_0253,Running Shoes,84.15,2026-04-20,Mobile Money
PUR_005721,CUST_01588,PROD_0257,Running Shoes,172.58,2026-04-28,Mobile Money
PUR_005722,CUST_01588,PROD_0016,Women's Maxi Dress,142.35,2026-05-02,Cash on Delivery
PUR_005723,CUST_01588,PROD_0272,Baby Carrier,113.36,2026-05-13,Cash on Delivery
PUR_005724,CUST_01588,PROD_0001,Traditional Smock (Fugu),159.68,2026-05-18,Cash on Delivery
PUR_005725,CUST_01588,PROD_0032,Men's Formal Suit,169.1,2026-05-20,Mobile Money
PUR_005726,CUST_01588,PROD_0204,Beard Grooming Kit,48.57,2026-05-26,Mobile Money
PUR_005727,CUST_01588,PROD_0153,Rechargeable Fan,246.41,2026-05-28,Cash on Delivery
PUR_005728,CUST_01588,PROD_0022,Denim Jacket,33.67,2026-05-31,Mobile Money
PUR_005729,CUST_01588,PROD_0067,iPhone 13,1383.25,2026-06-14,Mobile Money
PUR_005730,CUST_01588,PROD_0074,Phone Screen Protector,1095.3,2026-06-16,Mobile Money
PUR_005731,CUST_01588,PROD_0232,Bathroom Weighing Scale,82.08,2026-06-18,Mobile Money
PUR_005732,CUST_01588,PROD_0094,Power Bank 20000mAh,1003.46,2026-06-23,Cash on Delivery
PUR_005733,CUST_01588,PROD_0233,Multivitamin Tablets,67.29,2026-06-27,Cash on Delivery
PUR_005734,CUST_01588,PROD_0287,Highlighter Set,79.19,2026-06-30,Cash on Delivery
PUR_005735,CUST_01588,PROD_0232,Bathroom Weighing Scale,76.05,2026-07-17,Cash on Delivery
PUR_005736,CUST_01588,PROD_0068,Redmi Note 12,529.03,2026-08-02,Mobile Money
PUR_005737,CUST_01588,PROD_0122,Electric Iron,789.11,2026-08-02,Mobile Money
PUR_005738,CUST_01588,PROD_0210,Braided Hair Extension,108.0,2026-08-03,Mobile Money
PUR_005739,CUST_01588,PROD_0054,Men's Slim Fit Jeans,75.8,2026-08-04,Mobile Money
PUR_005740,CUST_01588,PROD_0260,Gym Gloves,132.34,2026-08-11,Mobile Money
PUR_005741,CUST_01588,PROD_0038,Ladies Handbag,106.2,2026-08-15,Cash on Delivery
PUR_005742,CUST_01588,PROD_0024,Women's Maxi Dress,172.41,2026-08-17,Mobile Money
PUR_005743,CUST_01588,PROD_0193,Cutlery Set,254.77,2026-08-20,Mobile Money
PUR_005744,CUST_01590,PROD_0023,Kente Print Shirt,134.71,2025-06-23,Card
PUR_005745,CUST_01590,PROD_0233,Multivitamin Tablets,87.49,2026-07-05,Mobile Money
PUR_005746,CUST_01591,PROD_0099,Huawei MatePad,2675.03,2026-03-27,Mobile Money
PUR_005747,CUST_01591,PROD_0210,Braided Hair Extension,190.12,2026-05-12,Cash on Delivery
PUR_005748,CUST_01592,PROD_0002,Ladies Kaftan Gown,91.92,2024-03-27,Bank Transfer
PUR_005749,CUST_01592,PROD_0193,Cutlery Set,132.38,2024-09-20,Mobile Money
PUR_005750,CUST_01592,PROD_0202,Deodorant Roll-on,66.23,2024-10-11,Bank Transfer
PUR_005751,CUST_01592,PROD_0182,Curtain Set,350.0,2025-06-11,Mobile Money
PUR_005752,CUST_01592,PROD_0002,Ladies Kaftan Gown,61.93,2026-08-08,Mobile Money
PUR_005753,CUST_01594,PROD_0273,Baby Diapers Pack,217.7,2026-08-24,Card
PUR_005754,CUST_01600,PROD_0094,Power Bank 20000mAh,452.18,2026-06-27,Mobile Money
PUR_005755,CUST_01600,PROD_0185,Wall Clock,212.57,2026-07-20,Bank Transfer
PUR_005756,CUST_01603,PROD_0070,Phone Charger (Type-C),269.55,2026-07-12,Mobile Money
PUR_005757,CUST_01603,PROD_0177,Rice Cooker,590.57,2026-07-21,Mobile Money
PUR_005758,CUST_01604,PROD_0121,Blender (4L),391.6,2026-05-01,Mobile Money
PUR_005759,CUST_01606,PROD_0238,Digital Blood Pressure Monitor,61.19,2026-05-14,Mobile Money
PUR_005760,CUST_01608,PROD_0137,43-inch LED TV,1048.56,2025-09-12,Mobile Money
PUR_005761,CUST_01608,PROD_0232,Bathroom Weighing Scale,51.13,2025-10-06,Cash on Delivery
PUR_005762,CUST_01608,PROD_0070,Phone Charger (Type-C),635.73,2025-11-15,Mobile Money
PUR_005763,CUST_01608,PROD_0004,Men's Slim Fit Jeans,89.52,2025-12-15,Mobile Money
PUR_005764,CUST_01608,PROD_0287,Highlighter Set,71.27,2026-01-16,Cash on Delivery
PUR_005765,CUST_01608,PROD_0181,Storage Containers Set,141.57,2026-03-24,Cash on Delivery
PUR_005766,CUST_01608,PROD_0202,Deodorant Roll-on,57.11,2026-06-17,Mobile Money
PUR_005767,CUST_01611,PROD_0001,Traditional Smock (Fugu),160.59,2024-10-11,Mobile Money
PUR_005768,CUST_01611,PROD_0008,Kente Print Shirt,89.01,2024-11-08,Mobile Money
PUR_005769,CUST_01611,PROD_0166,Gas Cooker (4-Burner),359.2,2026-07-30,Card
PUR_005770,CUST_01613,PROD_0077,Bluetooth Headset,272.3,2026-03-25,Mobile Money
PUR_005771,CUST_01617,PROD_0001,Traditional Smock (Fugu),74.18,2025-12-04,Mobile Money
PUR_005772,CUST_01617,PROD_0004,Men's Slim Fit Jeans,103.55,2026-06-17,Card
PUR_005773,CUST_01618,PROD_0108,Wireless Earbuds,1546.23,2025-11-07,Card
PUR_005774,CUST_01618,PROD_0079,iPhone 13,3192.57,2026-05-10,Mobile Money
PUR_005775,CUST_01619,PROD_0207,Skin Toner,28.63,2026-07-05,Mobile Money
PUR_005776,CUST_01621,PROD_0091,iPhone 13,493.57,2026-05-01,Mobile Money
PUR_005777,CUST_01621,PROD_0150,Extension Socket,1025.38,2026-05-22,Bank Transfer
PUR_005778,CUST_01621,PROD_0001,Traditional Smock (Fugu),301.34,2026-07-23,Cash on Delivery
PUR_005779,CUST_01621,PROD_0005,Men's Casual Blazer,291.08,2026-07-28,Bank Transfer
PUR_005780,CUST_01621,PROD_0293,A4 Printing Paper Ream,30.78,2026-09-04,Card
PUR_005781,CUST_01622,PROD_0164,43-inch LED TV,2373.27,2026-08-26,Mobile Money
PUR_005782,CUST_01623,PROD_0203,Braided Hair Extension,73.37,2026-06-21,Cash on Delivery
PUR_005783,CUST_01624,PROD_0067,iPhone 13,1906.04,2024-07-01,Card
PUR_005784,CUST_01624,PROD_0071,Bluetooth Headset,516.31,2026-07-20,Cash on Delivery
PUR_005785,CUST_01624,PROD_0246,Face Mask Pack (50pcs),33.25,2026-08-21,Mobile Money
PUR_005786,CUST_01628,PROD_0072,Phone Screen Protector,983.25,2026-06-17,Mobile Money
PUR_005787,CUST_01630,PROD_0271,Kids' Bicycle,41.79,2026-02-06,Cash on Delivery
PUR_005788,CUST_01630,PROD_0001,Traditional Smock (Fugu),157.87,2026-03-10,Mobile Money
PUR_005789,CUST_01632,PROD_0202,Deodorant Roll-on,105.39,2026-04-23,Mobile Money
PUR_005790,CUST_01633,PROD_0122,Electric Iron,314.03,2025-11-03,Cash on Delivery
PUR_005791,CUST_01633,PROD_0031,Cotton Polo Shirt,91.73,2026-02-05,Bank Transfer
PUR_005792,CUST_01633,PROD_0012,Children's T-Shirt Set,82.74,2026-02-14,Cash on Delivery
PUR_005793,CUST_01633,PROD_0133,Bluetooth Speaker,2180.05,2026-04-09,Card
PUR_005794,CUST_01633,PROD_0046,Ladies Kaftan Gown,85.67,2026-08-22,Mobile Money
PUR_005795,CUST_01634,PROD_0088,Universal Phone Case,1436.61,2025-07-25,Cash on Delivery
PUR_005796,CUST_01634,PROD_0124,LED Bulb Pack,556.89,2026-09-04,Mobile Money
PUR_005797,CUST_01635,PROD_0020,Kente Print Shirt,129.88,2024-11-19,Mobile Money
PUR_005798,CUST_01636,PROD_0131,Air Conditioner (1.5HP),923.97,2026-07-05,Mobile Money
PUR_005799,CUST_01637,PROD_0067,iPhone 13,1539.43,2026-08-20,Mobile Money
PUR_005800,CUST_01639,PROD_0012,Children's T-Shirt Set,48.82,2023-02-25,Mobile Money
PUR_005801,CUST_01639,PROD_0271,Kids' Bicycle,82.71,2023-12-25,Mobile Money
PUR_005802,CUST_01639,PROD_0121,Blender (4L),586.47,2024-01-10,Mobile Money
PUR_005803,CUST_01639,PROD_0063,Men's Slim Fit Jeans,134.84,2024-01-27,Mobile Money
PUR_005804,CUST_01639,PROD_0091,iPhone 13,639.39,2024-01-30,Mobile Money
PUR_005805,CUST_01639,PROD_0033,Ankara Print Dress,74.04,2024-02-01,Mobile Money
PUR_005806,CUST_01639,PROD_0068,Redmi Note 12,1496.27,2024-02-21,Mobile Money
PUR_005807,CUST_01639,PROD_0203,Braided Hair Extension,30.86,2024-06-15,Mobile Money
PUR_005808,CUST_01639,PROD_0002,Ladies Kaftan Gown,207.7,2024-07-10,Cash on Delivery
PUR_005809,CUST_01639,PROD_0163,Extension Socket,311.71,2024-07-10,Cash on Delivery
PUR_005810,CUST_01639,PROD_0001,Traditional Smock (Fugu),89.48,2024-07-27,Mobile Money
PUR_005811,CUST_01639,PROD_0202,Deodorant Roll-on,105.07,2024-09-01,Cash on Delivery
PUR_005812,CUST_01639,PROD_0240,Digital Thermometer,69.25,2024-10-18,Mobile Money
PUR_005813,CUST_01639,PROD_0296,Garri (2kg),85.14,2024-11-18,Cash on Delivery
PUR_005814,CUST_01639,PROD_0005,Men's Casual Blazer,133.93,2025-01-19,Mobile Money
PUR_005815,CUST_01639,PROD_0067,iPhone 13,2095.17,2025-01-26,Cash on Delivery
PUR_005816,CUST_01639,PROD_0253,Running Shoes,261.46,2025-02-22,Mobile Money
PUR_005817,CUST_01639,PROD_0129,43-inch LED TV,303.48,2025-03-17,Cash on Delivery
PUR_005818,CUST_01639,PROD_0144,Bluetooth Speaker,1184.69,2025-04-05,Bank Transfer
PUR_005819,CUST_01639,PROD_0178,Gas Cooker (4-Burner),159.04,2025-05-14,Cash on Delivery
PUR_005820,CUST_01639,PROD_0271,Kids' Bicycle,54.4,2025-05-20,Mobile Money
PUR_005821,CUST_01639,PROD_0133,Bluetooth Speaker,260.3,2025-06-12,Mobile Money
PUR_005822,CUST_01639,PROD_0097,Phone Screen Protector,7240.22,2025-06-15,Mobile Money
PUR_005823,CUST_01639,PROD_0067,iPhone 13,630.2,2025-07-17,Cash on Delivery
PUR_005824,CUST_01639,PROD_0176,Curtain Set,58.09,2025-08-02,Mobile Money
PUR_005825,CUST_01639,PROD_0296,Garri (2kg),103.49,2025-08-12,Cash on Delivery
PUR_005826,CUST_01639,PROD_0129,43-inch LED TV,1072.47,2025-08-22,Mobile Money
PUR_005827,CUST_01639,PROD_0042,Wax Print Skirt,53.45,2025-08-27,Mobile Money
PUR_005828,CUST_01639,PROD_0214,Deodorant Roll-on,72.5,2025-08-28,Mobile Money
PUR_005829,CUST_01639,PROD_0118,Power Bank 20000mAh,1614.85,2025-09-10,Cash on Delivery
PUR_005830,CUST_01639,PROD_0247,Bathroom Weighing Scale,78.78,2025-09-21,Mobile Money
PUR_005831,CUST_01639,PROD_0002,Ladies Kaftan Gown,45.8,2025-10-31,Mobile Money
PUR_005832,CUST_01639,PROD_0068,Redmi Note 12,2837.06,2025-11-15,Card
PUR_005833,CUST_01639,PROD_0070,Phone Charger (Type-C),1965.71,2025-11-18,Card
PUR_005834,CUST_01639,PROD_0166,Gas Cooker (4-Burner),742.6,2025-12-03,Cash on Delivery
PUR_005835,CUST_01639,PROD_0268,Dumbbell Set,241.5,2025-12-11,Card
PUR_005836,CUST_01639,PROD_0164,43-inch LED TV,471.26,2025-12-28,Cash on Delivery
PUR_005837,CUST_01639,PROD_0174,Bedsheet Set (Queen),200.41,2026-01-07,Cash on Delivery
PUR_005838,CUST_01639,PROD_0253,Running Shoes,169.25,2026-02-01,Bank Transfer
PUR_005839,CUST_01639,PROD_0167,Bedsheet Set (Queen),279.74,2026-03-06,Cash on Delivery
PUR_005840,CUST_01639,PROD_0072,Phone Screen Protector,2759.64,2026-03-21,Cash on Delivery
PUR_005841,CUST_01639,PROD_0061,Women's Maxi Dress,74.37,2026-03-26,Mobile Money
PUR_005842,CUST_01639,PROD_0039,Men's Slim Fit Jeans,330.15,2026-05-06,Cash on Delivery
PUR_005843,CUST_01639,PROD_0168,Rice Cooker,591.01,2026-05-09,Mobile Money
PUR_005844,CUST_01639,PROD_0001,Traditional Smock (Fugu),97.47,2026-05-13,Mobile Money
PUR_005845,CUST_01639,PROD_0202,Deodorant Roll-on,34.63,2026-05-22,Mobile Money
PUR_005846,CUST_01639,PROD_0218,Skin Toner,30.1,2026-07-06,Mobile Money
PUR_005847,CUST_01639,PROD_0204,Beard Grooming Kit,47.6,2026-07-30,Cash on Delivery
PUR_005848,CUST_01639,PROD_0166,Gas Cooker (4-Burner),183.4,2026-08-03,Card
PUR_005849,CUST_01639,PROD_0033,Ankara Print Dress,83.93,2026-08-08,Cash on Delivery
PUR_005850,CUST_01640,PROD_0004,Men's Slim Fit Jeans,73.8,2024-01-29,Card
PUR_005851,CUST_01640,PROD_0040,Men's Slim Fit Jeans,285.33,2024-05-19,Mobile Money
PUR_005852,CUST_01640,PROD_0203,Braided Hair Extension,112.52,2024-05-20,Cash on Delivery
PUR_005853,CUST_01640,PROD_0232,Bathroom Weighing Scale,68.43,2024-05-28,Mobile Money
PUR_005854,CUST_01640,PROD_0233,Multivitamin Tablets,121.19,2024-07-04,Cash on Delivery
PUR_005855,CUST_01640,PROD_0282,Kids Building Blocks,160.67,2024-07-09,Mobile Money
PUR_005856,CUST_01640,PROD_0067,iPhone 13,4273.68,2024-08-13,Mobile Money
PUR_005857,CUST_01640,PROD_0002,Ladies Kaftan Gown,139.83,2024-08-15,Mobile Money
PUR_005858,CUST_01640,PROD_0255,Water Bottle (1L),170.66,2024-08-28,Mobile Money
PUR_005859,CUST_01640,PROD_0287,Highlighter Set,60.59,2024-08-31,Mobile Money
PUR_005860,CUST_01640,PROD_0285,Baby Bath Tub,100.59,2024-11-05,Mobile Money
PUR_005861,CUST_01640,PROD_0168,Rice Cooker,92.24,2024-11-27,Mobile Money
PUR_005862,CUST_01640,PROD_0067,iPhone 13,312.78,2024-12-19,Cash on Delivery
PUR_005863,CUST_01640,PROD_0128,Air Conditioner (1.5HP),203.75,2024-12-25,Mobile Money
PUR_005864,CUST_01640,PROD_0167,Bedsheet Set (Queen),282.33,2025-02-05,Mobile Money
PUR_005865,CUST_01640,PROD_0082,Samsung Galaxy A14,805.56,2025-03-22,Mobile Money
PUR_005866,CUST_01640,PROD_0046,Ladies Kaftan Gown,79.35,2025-05-18,Cash on Delivery
PUR_005867,CUST_01640,PROD_0206,Braided Hair Extension,96.41,2025-05-20,Mobile Money
PUR_005868,CUST_01640,PROD_0144,Bluetooth Speaker,2494.78,2025-06-17,Cash on Delivery
PUR_005869,CUST_01640,PROD_0215,Skin Toner,35.91,2025-07-15,Mobile Money
PUR_005870,CUST_01640,PROD_0233,Multivitamin Tablets,81.05,2025-07-30,Card
PUR_005871,CUST_01640,PROD_0300,Canned Tuna,115.57,2025-09-30,Mobile Money
PUR_005872,CUST_01640,PROD_0295,Canned Tuna,103.46,2025-10-24,Card
PUR_005873,CUST_01640,PROD_0123,Electric Iron,694.06,2025-12-03,Mobile Money
PUR_005874,CUST_01640,PROD_0261,Camping Tent,80.29,2025-12-13,Mobile Money
PUR_005875,CUST_01640,PROD_0003,Cotton Polo Shirt,122.12,2025-12-21,Mobile Money
PUR_005876,CUST_01640,PROD_0001,Traditional Smock (Fugu),141.04,2026-01-05,Mobile Money
PUR_005877,CUST_01640,PROD_0233,Multivitamin Tablets,35.06,2026-01-25,Cash on Delivery
PUR_005878,CUST_01640,PROD_0016,Women's Maxi Dress,125.08,2026-01-29,Mobile Money
PUR_005879,CUST_01640,PROD_0220,Beard Grooming Kit,162.11,2026-01-29,Cash on Delivery
PUR_005880,CUST_01640,PROD_0138,Microwave Oven,371.47,2026-01-29,Bank Transfer
PUR_005881,CUST_01640,PROD_0161,Microwave Oven,488.68,2026-02-04,Card
PUR_005882,CUST_01640,PROD_0235,Bathroom Weighing Scale,28.34,2026-03-12,Mobile Money
PUR_005883,CUST_01640,PROD_0003,Cotton Polo Shirt,87.34,2026-04-16,Cash on Delivery
PUR_005884,CUST_01640,PROD_0081,Phone Charger (Type-C),763.09,2026-04-17,Mobile Money
PUR_005885,CUST_01640,PROD_0067,iPhone 13,259.84,2026-05-02,Card
PUR_005886,CUST_01640,PROD_0121,Blender (4L),540.88,2026-05-03,Mobile Money
PUR_005887,CUST_01640,PROD_0301,Sugar (2kg),59.24,2026-05-19,Mobile Money
PUR_005888,CUST_01640,PROD_0236,Glucometer Kit,131.6,2026-05-30,Cash on Delivery
PUR_005889,CUST_01640,PROD_0269,Yoga Mat,119.59,2026-06-06,Card
PUR_005890,CUST_01640,PROD_0093,Samsung Galaxy A14,368.75,2026-06-09,Cash on Delivery
PUR_005891,CUST_01640,PROD_0030,Men's Casual Blazer,48.11,2026-06-19,Card
PUR_005892,CUST_01640,PROD_0234,Multivitamin Tablets,45.54,2026-06-21,Mobile Money
PUR_005893,CUST_01640,PROD_0027,Ladies Kaftan Gown,417.1,2026-07-15,Mobile Money
PUR_005894,CUST_01640,PROD_0171,Sofa Set,120.05,2026-07-22,Mobile Money
PUR_005895,CUST_01640,PROD_0079,iPhone 13,1073.55,2026-08-04,Mobile Money
PUR_005896,CUST_01640,PROD_0035,Children's T-Shirt Set,303.91,2026-08-05,Mobile Money
PUR_005897,CUST_01640,PROD_0175,Kitchen Knife Set,65.32,2026-08-08,Cash on Delivery
PUR_005898,CUST_01640,PROD_0131,Air Conditioner (1.5HP),124.26,2026-08-16,Cash on Delivery
PUR_005899,CUST_01640,PROD_0074,Phone Screen Protector,1388.65,2026-08-16,Card
PUR_005900,CUST_01640,PROD_0142,Gaming Console,4562.07,2026-08-22,Mobile Money
PUR_005901,CUST_01641,PROD_0254,Basketball,176.63,2026-01-05,Mobile Money
PUR_005902,CUST_01641,PROD_0068,Redmi Note 12,1383.57,2026-07-01,Mobile Money
PUR_005903,CUST_01642,PROD_0253,Running Shoes,122.21,2025-02-02,Bank Transfer
PUR_005904,CUST_01642,PROD_0179,Wall Clock,222.45,2026-02-26,Cash on Delivery
PUR_005905,CUST_01642,PROD_0210,Braided Hair Extension,40.91,2026-04-22,Cash on Delivery
PUR_005906,CUST_01642,PROD_0030,Men's Casual Blazer,92.95,2026-07-24,Mobile Money
PUR_005907,CUST_01646,PROD_0202,Deodorant Roll-on,39.9,2025-08-01,Card
PUR_005908,CUST_01646,PROD_0125,LED Bulb Pack,406.02,2026-06-02,Mobile Money
PUR_005909,CUST_01646,PROD_0232,Bathroom Weighing Scale,82.34,2026-07-08,Mobile Money
PUR_005910,CUST_01646,PROD_0289,Kids' Storybook,55.62,2026-07-08,Mobile Money
PUR_005911,CUST_01646,PROD_0289,Kids' Storybook,89.35,2026-09-04,Mobile Money
PUR_005912,CUST_01647,PROD_0268,Dumbbell Set,227.93,2026-08-28,Mobile Money
PUR_005913,CUST_01648,PROD_0031,Cotton Polo Shirt,113.24,2025-05-19,Card
PUR_005914,CUST_01648,PROD_0124,LED Bulb Pack,347.02,2025-06-17,Mobile Money
PUR_005915,CUST_01648,PROD_0005,Men's Casual Blazer,214.44,2025-10-03,Mobile Money
PUR_005916,CUST_01648,PROD_0204,Beard Grooming Kit,77.78,2025-11-26,Mobile Money
PUR_005917,CUST_01648,PROD_0232,Bathroom Weighing Scale,48.43,2026-02-13,Mobile Money
PUR_005918,CUST_01648,PROD_0202,Deodorant Roll-on,119.33,2026-03-24,Mobile Money
PUR_005919,CUST_01648,PROD_0005,Men's Casual Blazer,209.24,2026-03-28,Mobile Money
PUR_005920,CUST_01648,PROD_0263,Dumbbell Set,265.73,2026-03-31,Card
PUR_005921,CUST_01648,PROD_0096,Bluetooth Headset,405.54,2026-05-10,Mobile Money
PUR_005922,CUST_01648,PROD_0072,Phone Screen Protector,1404.41,2026-06-11,Mobile Money
PUR_005923,CUST_01648,PROD_0235,Bathroom Weighing Scale,74.9,2026-06-15,Cash on Delivery
PUR_005924,CUST_01648,PROD_0188,Water Dispenser,158.94,2026-07-03,Bank Transfer
PUR_005925,CUST_01648,PROD_0273,Baby Diapers Pack,35.94,2026-07-25,Bank Transfer
PUR_005926,CUST_01649,PROD_0239,Vitamin C Supplements,186.43,2025-12-27,Mobile Money
PUR_005927,CUST_01650,PROD_0282,Kids Building Blocks,204.67,2026-02-04,Mobile Money
PUR_005928,CUST_01650,PROD_0146,Home Theater System,300.72,2026-04-02,Cash on Delivery
PUR_005929,CUST_01650,PROD_0172,Curtain Set,110.34,2026-04-07,Mobile Money
PUR_005930,CUST_01650,PROD_0121,Blender (4L),1558.65,2026-08-03,Bank Transfer
PUR_005931,CUST_01650,PROD_0210,Braided Hair Extension,33.23,2026-09-04,Mobile Money
PUR_005932,CUST_01653,PROD_0212,Perfume (100ml),78.61,2026-06-11,Mobile Money
PUR_005933,CUST_01657,PROD_0282,Kids Building Blocks,68.9,2025-12-31,Cash on Delivery
PUR_005934,CUST_01657,PROD_0268,Dumbbell Set,116.19,2026-02-15,Mobile Money
PUR_005935,CUST_01657,PROD_0259,Basketball,307.24,2026-05-31,Mobile Money
PUR_005936,CUST_01657,PROD_0270,Dumbbell Set,84.12,2026-07-21,Mobile Money
PUR_005937,CUST_01657,PROD_0241,Digital Thermometer,98.03,2026-08-28,Mobile Money
PUR_005938,CUST_01658,PROD_0010,Traditional Smock (Fugu),158.43,2026-05-22,Mobile Money
PUR_005939,CUST_01658,PROD_0204,Beard Grooming Kit,32.76,2026-09-03,Card
PUR_005940,CUST_01659,PROD_0273,Baby Diapers Pack,49.82,2026-08-19,Mobile Money
PUR_005941,CUST_01659,PROD_0013,Ankara Print Dress,64.66,2026-08-26,Card
PUR_005942,CUST_01660,PROD_0002,Ladies Kaftan Gown,57.94,2026-08-29,Mobile Money
PUR_005943,CUST_01661,PROD_0012,Children's T-Shirt Set,167.99,2026-07-17,Mobile Money
PUR_005944,CUST_01662,PROD_0179,Wall Clock,196.57,2026-02-22,Cash on Delivery
PUR_005945,CUST_01662,PROD_0129,43-inch LED TV,1691.41,2026-07-26,Mobile Money
PUR_005946,CUST_01663,PROD_0293,A4 Printing Paper Ream,29.23,2024-09-03,Card
PUR_005947,CUST_01663,PROD_0253,Running Shoes,232.26,2025-02-26,Card
PUR_005948,CUST_01663,PROD_0253,Running Shoes,195.14,2025-07-05,Cash on Delivery
PUR_005949,CUST_01663,PROD_0159,Bluetooth Speaker,145.29,2025-09-05,Cash on Delivery
PUR_005950,CUST_01663,PROD_0001,Traditional Smock (Fugu),315.41,2026-01-31,Mobile Money
PUR_005951,CUST_01663,PROD_0073,Redmi Note 12,1443.95,2026-02-15,Cash on Delivery
PUR_005952,CUST_01663,PROD_0269,Yoga Mat,157.75,2026-03-08,Cash on Delivery
PUR_005953,CUST_01663,PROD_0122,Electric Iron,586.97,2026-05-05,Mobile Money
PUR_005954,CUST_01663,PROD_0080,Infinix Hot 30,2625.56,2026-06-05,Mobile Money
PUR_005955,CUST_01663,PROD_0122,Electric Iron,981.76,2026-08-19,Mobile Money
PUR_005956,CUST_01664,PROD_0019,Men's Casual Blazer,317.4,2026-03-12,Cash on Delivery
PUR_005957,CUST_01664,PROD_0207,Skin Toner,128.17,2026-06-23,Mobile Money
PUR_005958,CUST_01665,PROD_0011,Unisex Sneakers,101.92,2023-08-10,Card
PUR_005959,CUST_01665,PROD_0254,Basketball,66.49,2024-03-02,Mobile Money
PUR_005960,CUST_01665,PROD_0122,Electric Iron,811.56,2024-09-23,Mobile Money
PUR_005961,CUST_01665,PROD_0167,Bedsheet Set (Queen),699.81,2025-05-28,Cash on Delivery
PUR_005962,CUST_01665,PROD_0067,iPhone 13,1022.58,2025-08-29,Mobile Money
PUR_005963,CUST_01665,PROD_0015,Unisex Sneakers,145.21,2025-09-16,Mobile Money
PUR_005964,CUST_01665,PROD_0003,Cotton Polo Shirt,273.29,2026-01-12,Mobile Money
PUR_005965,CUST_01666,PROD_0286,Hardcover Notebook,39.21,2025-08-19,Mobile Money
PUR_005966,CUST_01666,PROD_0014,Men's Slim Fit Jeans,379.05,2025-10-15,Mobile Money
PUR_005967,CUST_01667,PROD_0136,Laptop (Core i5),540.13,2026-06-11,Card
PUR_005968,CUST_01667,PROD_0003,Cotton Polo Shirt,107.89,2026-09-02,Mobile Money
PUR_005969,CUST_01667,PROD_0165,Microwave Oven,618.49,2026-09-04,Mobile Money
PUR_005970,CUST_01668,PROD_0191,Rice Cooker,64.26,2025-01-14,Bank Transfer
PUR_005971,CUST_01668,PROD_0107,Samsung Galaxy Tab A8,160.09,2026-09-04,Bank Transfer
PUR_005972,CUST_01670,PROD_0272,Baby Carrier,159.56,2026-04-27,Mobile Money
PUR_005973,CUST_01671,PROD_0010,Traditional Smock (Fugu),140.36,2026-08-03,Cash on Delivery
PUR_005974,CUST_01671,PROD_0067,iPhone 13,723.4,2026-08-31,Mobile Money
PUR_005975,CUST_01672,PROD_0167,Bedsheet Set (Queen),206.33,2026-03-22,Cash on Delivery
PUR_005976,CUST_01673,PROD_0001,Traditional Smock (Fugu),188.34,2024-08-25,Card
PUR_005977,CUST_01673,PROD_0260,Gym Gloves,321.87,2024-11-30,Mobile Money
PUR_005978,CUST_01673,PROD_0001,Traditional Smock (Fugu),160.58,2025-03-06,Card
PUR_005979,CUST_01673,PROD_0254,Basketball,230.36,2025-03-14,Mobile Money
PUR_005980,CUST_01673,PROD_0202,Deodorant Roll-on,67.34,2025-04-02,Card
PUR_005981,CUST_01673,PROD_0001,Traditional Smock (Fugu),191.12,2025-05-27,Bank Transfer
PUR_005982,CUST_01673,PROD_0203,Braided Hair Extension,56.66,2025-06-13,Card
PUR_005983,CUST_01673,PROD_0107,Samsung Galaxy Tab A8,644.64,2025-07-16,Cash on Delivery
PUR_005984,CUST_01673,PROD_0007,Kente Print Shirt,209.06,2025-07-29,Cash on Delivery
PUR_005985,CUST_01673,PROD_0257,Running Shoes,145.83,2025-08-30,Mobile Money
PUR_005986,CUST_01673,PROD_0163,Extension Socket,2754.86,2025-09-13,Cash on Delivery
PUR_005987,CUST_01673,PROD_0074,Phone Screen Protector,726.27,2025-10-21,Mobile Money
PUR_005988,CUST_01673,PROD_0135,LED Bulb Pack,921.63,2025-11-03,Mobile Money
PUR_005989,CUST_01673,PROD_0001,Traditional Smock (Fugu),102.91,2025-11-05,Mobile Money
PUR_005990,CUST_01673,PROD_0204,Beard Grooming Kit,60.82,2025-11-27,Mobile Money
PUR_005991,CUST_01673,PROD_0209,Makeup Kit,25.32,2025-12-07,Mobile Money
PUR_005992,CUST_01673,PROD_0249,First Aid Kit,87.18,2025-12-12,Mobile Money
PUR_005993,CUST_01673,PROD_0031,Cotton Polo Shirt,32.04,2026-01-06,Card
PUR_005994,CUST_01673,PROD_0068,Redmi Note 12,1650.2,2026-01-06,Bank Transfer
PUR_005995,CUST_01673,PROD_0274,Baby Carrier,61.06,2026-01-30,Mobile Money
PUR_005996,CUST_01673,PROD_0134,Gaming Console,310.18,2026-02-10,Card
PUR_005997,CUST_01673,PROD_0121,Blender (4L),964.82,2026-02-18,Mobile Money
PUR_005998,CUST_01673,PROD_0123,Electric Iron,810.0,2026-02-28,Cash on Delivery
PUR_005999,CUST_01673,PROD_0242,Protein Powder,112.34,2026-03-18,Mobile Money
PUR_006000,CUST_01673,PROD_0020,Kente Print Shirt,107.14,2026-04-02,Cash on Delivery
PUR_006001,CUST_01673,PROD_0067,iPhone 13,860.28,2026-04-04,Mobile Money
PUR_006002,CUST_01673,PROD_0211,Shea Butter Body Lotion,27.61,2026-04-10,Cash on Delivery
PUR_006003,CUST_01673,PROD_0233,Multivitamin Tablets,69.04,2026-04-23,Card
PUR_006004,CUST_01673,PROD_0107,Samsung Galaxy Tab A8,1500.48,2026-04-24,Mobile Money
PUR_006005,CUST_01673,PROD_0245,Protein Powder,57.24,2026-06-06,Mobile Money
PUR_006006,CUST_01673,PROD_0004,Men's Slim Fit Jeans,166.29,2026-06-08,Mobile Money
PUR_006007,CUST_01673,PROD_0269,Yoga Mat,173.56,2026-06-14,Mobile Money
PUR_006008,CUST_01673,PROD_0101,Phone Charger (Type-C),4752.74,2026-06-25,Card
PUR_006009,CUST_01673,PROD_0233,Multivitamin Tablets,60.86,2026-06-27,Bank Transfer
PUR_006010,CUST_01673,PROD_0150,Extension Socket,906.46,2026-07-05,Cash on Delivery
PUR_006011,CUST_01673,PROD_0173,Non-stick Cooking Pot Set,59.79,2026-07-06,Mobile Money
PUR_006012,CUST_01673,PROD_0137,43-inch LED TV,345.74,2026-07-08,Mobile Money
PUR_006013,CUST_01673,PROD_0243,Protein Powder,44.4,2026-07-20,Mobile Money
PUR_006014,CUST_01673,PROD_0236,Glucometer Kit,49.1,2026-07-24,Mobile Money
PUR_006015,CUST_01673,PROD_0203,Braided Hair Extension,60.28,2026-08-01,Mobile Money
PUR_006016,CUST_01673,PROD_0199,Bedsheet Set (Queen),124.59,2026-08-01,Cash on Delivery
PUR_006017,CUST_01673,PROD_0109,Phone Screen Protector,1055.4,2026-09-02,Mobile Money
PUR_006018,CUST_01673,PROD_0072,Phone Screen Protector,170.91,2026-09-04,Card
PUR_006019,CUST_01674,PROD_0134,Gaming Console,1201.19,2025-01-26,Card
PUR_006020,CUST_01674,PROD_0094,Power Bank 20000mAh,1313.52,2025-03-14,Cash on Delivery
PUR_006021,CUST_01674,PROD_0052,Ladies Kaftan Gown,203.88,2025-04-10,Mobile Money
PUR_006022,CUST_01674,PROD_0296,Garri (2kg),68.78,2025-04-12,Mobile Money
PUR_006023,CUST_01674,PROD_0208,Perfume (100ml),14.85,2025-05-09,Mobile Money
PUR_006024,CUST_01674,PROD_0035,Children's T-Shirt Set,154.94,2025-06-04,Mobile Money
PUR_006025,CUST_01674,PROD_0254,Basketball,319.42,2025-06-08,Card
PUR_006026,CUST_01674,PROD_0180,Bedsheet Set (Queen),208.3,2025-06-24,Mobile Money
PUR_006027,CUST_01674,PROD_0002,Ladies Kaftan Gown,261.35,2025-07-04,Mobile Money
PUR_006028,CUST_01674,PROD_0232,Bathroom Weighing Scale,102.39,2025-07-19,Mobile Money
PUR_006029,CUST_01674,PROD_0286,Hardcover Notebook,22.03,2025-07-20,Card
PUR_006030,CUST_01674,PROD_0121,Blender (4L),1317.84,2025-07-27,Cash on Delivery
PUR_006031,CUST_01674,PROD_0269,Yoga Mat,241.98,2025-07-31,Mobile Money
PUR_006032,CUST_01674,PROD_0224,Hair Dryer,145.54,2025-08-03,Mobile Money
PUR_006033,CUST_01674,PROD_0001,Traditional Smock (Fugu),101.63,2025-08-08,Cash on Delivery
PUR_006034,CUST_01674,PROD_0075,Redmi Note 12,1410.15,2025-08-13,Cash on Delivery
PUR_006035,CUST_01674,PROD_0270,Dumbbell Set,58.77,2025-08-31,Mobile Money
PUR_006036,CUST_01674,PROD_0121,Blender (4L),574.58,2025-09-05,Mobile Money
PUR_006037,CUST_01674,PROD_0003,Cotton Polo Shirt,100.12,2025-09-09,Mobile Money
PUR_006038,CUST_01674,PROD_0144,Bluetooth Speaker,333.48,2025-09-20,Cash on Delivery
PUR_006039,CUST_01674,PROD_0166,Gas Cooker (4-Burner),327.42,2025-09-29,Cash on Delivery
PUR_006040,CUST_01674,PROD_0010,Traditional Smock (Fugu),219.04,2025-10-13,Mobile Money
PUR_006041,CUST_01674,PROD_0041,Denim Jacket,157.51,2025-11-12,Cash on Delivery
PUR_006042,CUST_01674,PROD_0004,Men's Slim Fit Jeans,179.97,2025-11-12,Cash on Delivery
PUR_006043,CUST_01674,PROD_0001,Traditional Smock (Fugu),149.74,2025-12-23,Mobile Money
PUR_006044,CUST_01674,PROD_0023,Kente Print Shirt,149.48,2025-12-28,Bank Transfer
PUR_006045,CUST_01674,PROD_0009,Ladies Kaftan Gown,184.84,2026-01-07,Mobile Money
PUR_006046,CUST_01674,PROD_0067,iPhone 13,5703.14,2026-01-10,Cash on Delivery
PUR_006047,CUST_01674,PROD_0233,Multivitamin Tablets,35.41,2026-01-11,Mobile Money
PUR_006048,CUST_01674,PROD_0074,Phone Screen Protector,3684.47,2026-01-30,Card
PUR_006049,CUST_01674,PROD_0166,Gas Cooker (4-Burner),167.15,2026-02-06,Cash on Delivery
PUR_006050,CUST_01674,PROD_0166,Gas Cooker (4-Burner),173.97,2026-02-20,Cash on Delivery
PUR_006051,CUST_01674,PROD_0075,Redmi Note 12,2885.88,2026-02-28,Mobile Money
PUR_006052,CUST_01674,PROD_0123,Electric Iron,446.65,2026-03-11,Mobile Money
PUR_006053,CUST_01674,PROD_0001,Traditional Smock (Fugu),212.48,2026-03-19,Cash on Delivery
PUR_006054,CUST_01674,PROD_0002,Ladies Kaftan Gown,175.8,2026-03-29,Card
PUR_006055,CUST_01674,PROD_0120,Redmi Note 12,258.92,2026-04-06,Mobile Money
PUR_006056,CUST_01674,PROD_0125,LED Bulb Pack,871.79,2026-04-13,Card
PUR_006057,CUST_01674,PROD_0003,Cotton Polo Shirt,148.67,2026-04-21,Mobile Money
PUR_006058,CUST_01674,PROD_0218,Skin Toner,35.72,2026-05-13,Mobile Money
PUR_006059,CUST_01674,PROD_0259,Basketball,166.04,2026-05-26,Mobile Money
PUR_006060,CUST_01674,PROD_0075,Redmi Note 12,1999.48,2026-06-02,Card
PUR_006061,CUST_01674,PROD_0166,Gas Cooker (4-Burner),615.42,2026-06-14,Cash on Delivery
PUR_006062,CUST_01674,PROD_0271,Kids' Bicycle,218.21,2026-06-18,Card
PUR_006063,CUST_01674,PROD_0180,Bedsheet Set (Queen),164.82,2026-06-29,Card
PUR_006064,CUST_01674,PROD_0074,Phone Screen Protector,488.35,2026-07-05,Mobile Money
PUR_006065,CUST_01674,PROD_0072,Phone Screen Protector,385.54,2026-07-06,Mobile Money
PUR_006066,CUST_01674,PROD_0295,Canned Tuna,31.15,2026-07-10,Mobile Money
PUR_006067,CUST_01674,PROD_0067,iPhone 13,572.99,2026-07-20,Cash on Delivery
PUR_006068,CUST_01674,PROD_0145,Home Theater System,822.38,2026-07-22,Mobile Money
PUR_006069,CUST_01674,PROD_0253,Running Shoes,172.08,2026-07-23,Mobile Money
PUR_006070,CUST_01674,PROD_0163,Extension Socket,1446.21,2026-07-24,Mobile Money
PUR_006071,CUST_01674,PROD_0008,Kente Print Shirt,127.83,2026-07-30,Cash on Delivery
PUR_006072,CUST_01674,PROD_0004,Men's Slim Fit Jeans,88.47,2026-08-10,Mobile Money
PUR_006073,CUST_01674,PROD_0121,Blender (4L),465.43,2026-08-11,Card
PUR_006074,CUST_01674,PROD_0005,Men's Casual Blazer,74.81,2026-08-23,Mobile Money
PUR_006075,CUST_01674,PROD_0008,Kente Print Shirt,144.95,2026-08-25,Mobile Money
PUR_006076,CUST_01674,PROD_0292,A4 Printing Paper Ream,33.21,2026-08-30,Mobile Money
PUR_006077,CUST_01674,PROD_0131,Air Conditioner (1.5HP),242.5,2026-09-04,Card
PUR_006078,CUST_01675,PROD_0054,Men's Slim Fit Jeans,335.09,2026-03-24,Mobile Money
PUR_006079,CUST_01678,PROD_0076,Phone Charger (Type-C),268.52,2026-03-06,Mobile Money
PUR_006080,CUST_01678,PROD_0004,Men's Slim Fit Jeans,92.38,2026-03-14,Mobile Money
PUR_006081,CUST_01678,PROD_0082,Samsung Galaxy A14,2595.7,2026-03-14,Mobile Money
PUR_006082,CUST_01678,PROD_0076,Phone Charger (Type-C),137.06,2026-03-27,Mobile Money
PUR_006083,CUST_01678,PROD_0001,Traditional Smock (Fugu),238.46,2026-04-04,Mobile Money
PUR_006084,CUST_01678,PROD_0236,Glucometer Kit,84.16,2026-05-23,Mobile Money
PUR_006085,CUST_01678,PROD_0275,Kids' Bicycle,172.08,2026-05-26,Cash on Delivery
PUR_006086,CUST_01678,PROD_0274,Baby Carrier,121.2,2026-06-09,Mobile Money
PUR_006087,CUST_01678,PROD_0070,Phone Charger (Type-C),707.37,2026-06-11,Cash on Delivery
PUR_006088,CUST_01678,PROD_0204,Beard Grooming Kit,44.47,2026-06-13,Bank Transfer
PUR_006089,CUST_01678,PROD_0018,Men's Formal Suit,106.29,2026-06-18,Mobile Money
PUR_006090,CUST_01678,PROD_0067,iPhone 13,1059.2,2026-06-18,Card
PUR_006091,CUST_01678,PROD_0298,Sugar (2kg),61.83,2026-06-20,Mobile Money
PUR_006092,CUST_01678,PROD_0166,Gas Cooker (4-Burner),100.63,2026-06-27,Mobile Money
PUR_006093,CUST_01678,PROD_0135,LED Bulb Pack,2119.99,2026-07-01,Mobile Money
PUR_006094,CUST_01678,PROD_0012,Children's T-Shirt Set,148.0,2026-07-01,Card
PUR_006095,CUST_01678,PROD_0171,Sofa Set,212.01,2026-07-03,Card
PUR_006096,CUST_01678,PROD_0102,Samsung Galaxy A14,1232.85,2026-07-07,Cash on Delivery
PUR_006097,CUST_01678,PROD_0202,Deodorant Roll-on,46.83,2026-07-09,Mobile Money
PUR_006098,CUST_01678,PROD_0162,Blender (4L),315.45,2026-07-15,Mobile Money
PUR_006099,CUST_01678,PROD_0271,Kids' Bicycle,69.36,2026-07-19,Mobile Money
PUR_006100,CUST_01678,PROD_0125,LED Bulb Pack,1583.94,2026-07-19,Cash on Delivery
PUR_006101,CUST_01678,PROD_0012,Children's T-Shirt Set,156.06,2026-07-19,Mobile Money
PUR_006102,CUST_01678,PROD_0210,Braided Hair Extension,102.58,2026-07-23,Card
PUR_006103,CUST_01678,PROD_0212,Perfume (100ml),82.46,2026-07-26,Cash on Delivery
PUR_006104,CUST_01678,PROD_0130,Rechargeable Fan,729.59,2026-08-03,Mobile Money
PUR_006105,CUST_01678,PROD_0284,Baby Bath Tub,105.42,2026-08-03,Card
PUR_006106,CUST_01678,PROD_0036,Leather Sandals,172.5,2026-08-05,Mobile Money
PUR_006107,CUST_01678,PROD_0090,Itel Vision 3,1332.6,2026-08-08,Mobile Money
PUR_006108,CUST_01678,PROD_0005,Men's Casual Blazer,164.48,2026-08-15,Mobile Money
PUR_006109,CUST_01678,PROD_0272,Baby Carrier,209.46,2026-08-15,Mobile Money
PUR_006110,CUST_01678,PROD_0140,Electric Iron,836.94,2026-08-18,Mobile Money
PUR_006111,CUST_01678,PROD_0129,43-inch LED TV,869.26,2026-08-18,Mobile Money
PUR_006112,CUST_01678,PROD_0068,Redmi Note 12,899.06,2026-08-20,Mobile Money
PUR_006113,CUST_01678,PROD_0067,iPhone 13,1826.71,2026-08-24,Mobile Money
PUR_006114,CUST_01678,PROD_0076,Phone Charger (Type-C),439.13,2026-08-25,Mobile Money
PUR_006115,CUST_01678,PROD_0008,Kente Print Shirt,124.09,2026-08-29,Mobile Money
PUR_006116,CUST_01678,PROD_0261,Camping Tent,189.74,2026-08-30,Cash on Delivery
PUR_006117,CUST_01678,PROD_0072,Phone Screen Protector,1337.65,2026-09-04,Card
PUR_006118,CUST_01679,PROD_0172,Curtain Set,698.31,2026-08-17,Mobile Money
PUR_006119,CUST_01680,PROD_0091,iPhone 13,634.98,2025-11-08,Mobile Money
PUR_006120,CUST_01680,PROD_0005,Men's Casual Blazer,60.61,2026-03-19,Cash on Delivery
PUR_006121,CUST_01681,PROD_0288,Scientific Calculator,31.08,2026-04-15,Mobile Money
PUR_006122,CUST_01681,PROD_0265,Cycling Helmet,136.39,2026-04-17,Mobile Money
PUR_006123,CUST_01681,PROD_0232,Bathroom Weighing Scale,187.97,2026-05-30,Card
PUR_006124,CUST_01681,PROD_0072,Phone Screen Protector,726.65,2026-06-29,Mobile Money
PUR_006125,CUST_01681,PROD_0236,Glucometer Kit,125.39,2026-06-30,Mobile Money
PUR_006126,CUST_01681,PROD_0078,Phone Screen Protector,904.83,2026-07-04,Mobile Money
PUR_006127,CUST_01681,PROD_0025,Ladies Handbag,97.3,2026-07-18,Mobile Money
PUR_006128,CUST_01681,PROD_0254,Basketball,422.07,2026-08-02,Cash on Delivery
PUR_006129,CUST_01682,PROD_0001,Traditional Smock (Fugu),128.52,2025-03-28,Mobile Money
PUR_006130,CUST_01682,PROD_0272,Baby Carrier,89.25,2025-11-11,Cash on Delivery
PUR_006131,CUST_01682,PROD_0175,Kitchen Knife Set,251.68,2026-01-13,Mobile Money
PUR_006132,CUST_01682,PROD_0069,Phone Charger (Type-C),1893.09,2026-04-07,Cash on Delivery
PUR_006133,CUST_01682,PROD_0016,Women's Maxi Dress,266.74,2026-08-05,Mobile Money
PUR_006134,CUST_01683,PROD_0086,Tecno Spark 10,3987.49,2026-07-18,Bank Transfer
PUR_006135,CUST_01684,PROD_0111,Infinix Hot 30,2053.32,2025-06-28,Mobile Money
PUR_006136,CUST_01684,PROD_0166,Gas Cooker (4-Burner),194.27,2025-09-21,Mobile Money
PUR_006137,CUST_01686,PROD_0070,Phone Charger (Type-C),1089.46,2025-05-13,Mobile Money
PUR_006138,CUST_01686,PROD_0168,Rice Cooker,399.34,2025-12-23,Mobile Money
PUR_006139,CUST_01686,PROD_0126,Gaming Console,526.6,2026-01-01,Mobile Money
PUR_006140,CUST_01686,PROD_0033,Ankara Print Dress,109.11,2026-03-01,Cash on Delivery
PUR_006141,CUST_01686,PROD_0299,Garri (2kg),45.2,2026-05-12,Mobile Money
PUR_006142,CUST_01686,PROD_0249,First Aid Kit,33.16,2026-08-05,Mobile Money
PUR_006143,CUST_01688,PROD_0166,Gas Cooker (4-Burner),232.18,2026-03-18,Card
PUR_006144,CUST_01689,PROD_0264,Camping Tent,149.18,2026-03-30,Cash on Delivery
PUR_006145,CUST_01689,PROD_0131,Air Conditioner (1.5HP),1979.98,2026-04-27,Cash on Delivery
PUR_006146,CUST_01689,PROD_0135,LED Bulb Pack,994.06,2026-08-14,Cash on Delivery
PUR_006147,CUST_01690,PROD_0267,Cycling Helmet,142.78,2026-04-05,Card
PUR_006148,CUST_01690,PROD_0124,LED Bulb Pack,286.15,2026-07-27,Cash on Delivery
PUR_006149,CUST_01691,PROD_0242,Protein Powder,31.81,2026-07-26,Mobile Money
PUR_006150,CUST_01692,PROD_0007,Kente Print Shirt,39.44,2026-08-01,Mobile Money
PUR_006151,CUST_01694,PROD_0067,iPhone 13,1190.54,2026-08-28,Card
PUR_006152,CUST_01695,PROD_0006,Men's Casual Blazer,146.11,2026-07-18,Cash on Delivery
PUR_006153,CUST_01695,PROD_0098,Power Bank 20000mAh,2798.91,2026-08-06,Mobile Money
PUR_006154,CUST_01699,PROD_0001,Traditional Smock (Fugu),44.44,2023-07-25,Mobile Money
PUR_006155,CUST_01701,PROD_0239,Vitamin C Supplements,45.46,2025-01-29,Cash on Delivery
PUR_006156,CUST_01703,PROD_0216,Skin Toner,74.85,2026-05-15,Mobile Money
PUR_006157,CUST_01704,PROD_0255,Water Bottle (1L),260.03,2026-03-29,Mobile Money
PUR_006158,CUST_01704,PROD_0014,Men's Slim Fit Jeans,135.3,2026-04-12,Mobile Money
PUR_006159,CUST_01704,PROD_0206,Braided Hair Extension,86.49,2026-06-05,Mobile Money
PUR_006160,CUST_01704,PROD_0166,Gas Cooker (4-Burner),267.69,2026-08-09,Card
PUR_006161,CUST_01705,PROD_0233,Multivitamin Tablets,40.43,2026-04-10,Mobile Money
PUR_006162,CUST_01705,PROD_0232,Bathroom Weighing Scale,74.38,2026-04-15,Card
PUR_006163,CUST_01709,PROD_0161,Microwave Oven,372.05,2025-10-15,Cash on Delivery
PUR_006164,CUST_01709,PROD_0084,Samsung Galaxy A14,814.75,2025-10-30,Mobile Money
PUR_006165,CUST_01709,PROD_0234,Multivitamin Tablets,39.01,2026-04-26,Cash on Delivery
PUR_006166,CUST_01709,PROD_0232,Bathroom Weighing Scale,98.45,2026-05-21,Mobile Money
PUR_006167,CUST_01709,PROD_0123,Electric Iron,1264.93,2026-07-09,Cash on Delivery
PUR_006168,CUST_01709,PROD_0202,Deodorant Roll-on,55.32,2026-09-04,Card
PUR_006169,CUST_01710,PROD_0077,Bluetooth Headset,307.76,2025-08-03,Mobile Money
PUR_006170,CUST_01710,PROD_0086,Tecno Spark 10,1384.44,2025-08-07,Cash on Delivery
PUR_006171,CUST_01710,PROD_0190,Wall Clock,67.42,2025-09-06,Bank Transfer
PUR_006172,CUST_01710,PROD_0271,Kids' Bicycle,168.22,2025-09-13,Mobile Money
PUR_006173,CUST_01710,PROD_0075,Redmi Note 12,2474.72,2025-10-18,Mobile Money
PUR_006174,CUST_01710,PROD_0226,Hair Dryer,49.98,2025-11-05,Mobile Money
PUR_006175,CUST_01710,PROD_0205,Deodorant Roll-on,69.3,2025-11-19,Mobile Money
PUR_006176,CUST_01710,PROD_0069,Phone Charger (Type-C),672.79,2025-11-21,Mobile Money
PUR_006177,CUST_01710,PROD_0278,Kids' Bicycle,115.25,2025-11-27,Mobile Money
PUR_006178,CUST_01710,PROD_0253,Running Shoes,100.83,2025-12-05,Cash on Delivery
PUR_006179,CUST_01710,PROD_0017,Men's Formal Suit,233.31,2025-12-16,Mobile Money
PUR_006180,CUST_01710,PROD_0067,iPhone 13,802.11,2025-12-22,Mobile Money
PUR_006181,CUST_01710,PROD_0204,Beard Grooming Kit,108.7,2025-12-22,Mobile Money
PUR_006182,CUST_01710,PROD_0067,iPhone 13,225.07,2026-01-16,Mobile Money
PUR_006183,CUST_01710,PROD_0002,Ladies Kaftan Gown,43.45,2026-01-19,Mobile Money
PUR_006184,CUST_01710,PROD_0208,Perfume (100ml),81.57,2026-01-22,Mobile Money
PUR_006185,CUST_01710,PROD_0062,Kente Print Shirt,111.57,2026-01-23,Mobile Money
PUR_006186,CUST_01710,PROD_0271,Kids' Bicycle,81.39,2026-01-28,Card
PUR_006187,CUST_01710,PROD_0128,Air Conditioner (1.5HP),712.56,2026-02-13,Mobile Money
PUR_006188,CUST_01710,PROD_0261,Camping Tent,116.4,2026-02-15,Cash on Delivery
PUR_006189,CUST_01710,PROD_0084,Samsung Galaxy A14,3684.95,2026-02-21,Cash on Delivery
PUR_006190,CUST_01710,PROD_0066,Men's Slim Fit Jeans,378.14,2026-02-21,Mobile Money
PUR_006191,CUST_01710,PROD_0166,Gas Cooker (4-Burner),104.53,2026-02-25,Mobile Money
PUR_006192,CUST_01710,PROD_0067,iPhone 13,1005.98,2026-03-09,Cash on Delivery
PUR_006193,CUST_01710,PROD_0294,A4 Printing Paper Ream,22.05,2026-03-20,Mobile Money
PUR_006194,CUST_01710,PROD_0128,Air Conditioner (1.5HP),301.36,2026-03-27,Card
PUR_006195,CUST_01710,PROD_0003,Cotton Polo Shirt,200.78,2026-04-10,Mobile Money
PUR_006196,CUST_01710,PROD_0121,Blender (4L),1391.41,2026-04-13,Mobile Money
PUR_006197,CUST_01710,PROD_0116,Universal Phone Case,221.85,2026-04-23,Mobile Money
PUR_006198,CUST_01710,PROD_0234,Multivitamin Tablets,128.5,2026-04-25,Card
PUR_006199,CUST_01710,PROD_0129,43-inch LED TV,965.64,2026-04-27,Card
PUR_006200,CUST_01710,PROD_0006,Men's Casual Blazer,28.37,2026-04-30,Card
PUR_006201,CUST_01710,PROD_0129,43-inch LED TV,1004.01,2026-05-04,Cash on Delivery
PUR_006202,CUST_01710,PROD_0145,Home Theater System,2486.66,2026-05-14,Mobile Money
PUR_006203,CUST_01710,PROD_0012,Children's T-Shirt Set,81.13,2026-05-15,Mobile Money
PUR_006204,CUST_01710,PROD_0254,Basketball,190.4,2026-05-24,Mobile Money
PUR_006205,CUST_01710,PROD_0262,Hiking Backpack,92.48,2026-05-26,Mobile Money
PUR_006206,CUST_01710,PROD_0054,Men's Slim Fit Jeans,47.66,2026-06-01,Mobile Money
PUR_006207,CUST_01710,PROD_0083,Redmi Note 12,898.83,2026-06-01,Cash on Delivery
PUR_006208,CUST_01710,PROD_0073,Redmi Note 12,353.08,2026-06-07,Card
PUR_006209,CUST_01710,PROD_0071,Bluetooth Headset,3966.55,2026-06-09,Card
PUR_006210,CUST_01710,PROD_0088,Universal Phone Case,1313.11,2026-06-13,Cash on Delivery
PUR_006211,CUST_01710,PROD_0004,Men's Slim Fit Jeans,107.05,2026-06-13,Cash on Delivery
PUR_006212,CUST_01710,PROD_0080,Infinix Hot 30,3879.04,2026-06-14,Mobile Money
PUR_006213,CUST_01710,PROD_0067,iPhone 13,943.24,2026-06-25,Cash on Delivery
PUR_006214,CUST_01710,PROD_0002,Ladies Kaftan Gown,453.33,2026-07-12,Bank Transfer
PUR_006215,CUST_01710,PROD_0181,Storage Containers Set,230.79,2026-07-14,Card
PUR_006216,CUST_01710,PROD_0067,iPhone 13,4031.65,2026-07-28,Mobile Money
PUR_006217,CUST_01710,PROD_0121,Blender (4L),705.31,2026-08-07,Mobile Money
PUR_006218,CUST_01710,PROD_0123,Electric Iron,85.28,2026-08-14,Card
PUR_006219,CUST_01710,PROD_0203,Braided Hair Extension,39.7,2026-08-18,Cash on Delivery
PUR_006220,CUST_01710,PROD_0222,Shea Butter Body Lotion,85.51,2026-08-19,Cash on Delivery
PUR_006221,CUST_01710,PROD_0021,Leather Sandals,132.6,2026-08-21,Mobile Money
PUR_006222,CUST_01710,PROD_0095,Phone Charger (Type-C),195.32,2026-09-01,Cash on Delivery
PUR_006223,CUST_01711,PROD_0123,Electric Iron,820.77,2026-08-04,Mobile Money
PUR_006224,CUST_01713,PROD_0259,Basketball,127.41,2025-09-29,Mobile Money
PUR_006225,CUST_01713,PROD_0105,Samsung Galaxy A14,2168.29,2025-11-05,Mobile Money
PUR_006226,CUST_01715,PROD_0053,Traditional Smock (Fugu),236.29,2026-08-18,Cash on Delivery
PUR_006227,CUST_01715,PROD_0191,Rice Cooker,285.33,2026-08-18,Mobile Money
PUR_006228,CUST_01717,PROD_0110,Samsung Galaxy Tab A8,239.06,2026-08-30,Bank Transfer
PUR_006229,CUST_01718,PROD_0234,Multivitamin Tablets,202.79,2025-05-28,Bank Transfer
PUR_006230,CUST_01718,PROD_0232,Bathroom Weighing Scale,44.88,2025-08-19,Card
PUR_006231,CUST_01718,PROD_0222,Shea Butter Body Lotion,95.5,2025-10-07,Cash on Delivery
PUR_006232,CUST_01718,PROD_0136,Laptop (Core i5),218.33,2025-11-10,Card
PUR_006233,CUST_01718,PROD_0001,Traditional Smock (Fugu),114.87,2025-11-21,Cash on Delivery
PUR_006234,CUST_01718,PROD_0087,Huawei MatePad,823.69,2025-12-25,Mobile Money
PUR_006235,CUST_01718,PROD_0003,Cotton Polo Shirt,121.76,2026-01-04,Cash on Delivery
PUR_006236,CUST_01718,PROD_0274,Baby Carrier,74.52,2026-01-18,Bank Transfer
PUR_006237,CUST_01718,PROD_0170,Rice Cooker,174.31,2026-01-18,Mobile Money
PUR_006238,CUST_01718,PROD_0031,Cotton Polo Shirt,96.26,2026-01-25,Mobile Money
PUR_006239,CUST_01718,PROD_0171,Sofa Set,87.21,2026-02-09,Cash on Delivery
PUR_006240,CUST_01718,PROD_0166,Gas Cooker (4-Burner),97.04,2026-03-03,Cash on Delivery
PUR_006241,CUST_01718,PROD_0067,iPhone 13,329.68,2026-04-06,Card
PUR_006242,CUST_01718,PROD_0020,Kente Print Shirt,89.71,2026-04-07,Mobile Money
PUR_006243,CUST_01718,PROD_0295,Canned Tuna,74.27,2026-05-08,Bank Transfer
PUR_006244,CUST_01718,PROD_0204,Beard Grooming Kit,33.39,2026-05-20,Card
PUR_006245,CUST_01718,PROD_0239,Vitamin C Supplements,88.8,2026-05-25,Cash on Delivery
PUR_006246,CUST_01718,PROD_0188,Water Dispenser,257.32,2026-07-07,Mobile Money
PUR_006247,CUST_01718,PROD_0005,Men's Casual Blazer,134.86,2026-07-17,Card
PUR_006248,CUST_01718,PROD_0068,Redmi Note 12,89.19,2026-07-17,Mobile Money
PUR_006249,CUST_01718,PROD_0183,Non-stick Cooking Pot Set,668.51,2026-07-21,Mobile Money
PUR_006250,CUST_01718,PROD_0001,Traditional Smock (Fugu),120.19,2026-08-10,Cash on Delivery
PUR_006251,CUST_01718,PROD_0270,Dumbbell Set,130.43,2026-08-21,Mobile Money
PUR_006252,CUST_01718,PROD_0047,Leather Sandals,284.45,2026-08-28,Mobile Money
PUR_006253,CUST_01718,PROD_0001,Traditional Smock (Fugu),62.36,2026-09-01,Mobile Money
PUR_006254,CUST_01718,PROD_0152,Laptop (Core i5),602.74,2026-09-04,Mobile Money
PUR_006255,CUST_01719,PROD_0238,Digital Blood Pressure Monitor,104.26,2026-02-18,Cash on Delivery
PUR_006256,CUST_01722,PROD_0232,Bathroom Weighing Scale,24.9,2026-08-11,Bank Transfer
PUR_006257,CUST_01725,PROD_0006,Men's Casual Blazer,80.62,2025-07-03,Mobile Money
PUR_006258,CUST_01725,PROD_0071,Bluetooth Headset,1424.97,2026-01-22,Cash on Delivery
PUR_006259,CUST_01725,PROD_0080,Infinix Hot 30,1082.51,2026-03-01,Mobile Money
PUR_006260,CUST_01725,PROD_0001,Traditional Smock (Fugu),68.15,2026-05-09,Bank Transfer
PUR_006261,CUST_01725,PROD_0001,Traditional Smock (Fugu),194.12,2026-05-31,Cash on Delivery
PUR_006262,CUST_01726,PROD_0076,Phone Charger (Type-C),223.51,2026-09-01,Mobile Money
PUR_006263,CUST_01726,PROD_0003,Cotton Polo Shirt,171.44,2026-09-04,Cash on Delivery
PUR_006264,CUST_01726,PROD_0008,Kente Print Shirt,193.98,2026-09-04,Mobile Money
PUR_006265,CUST_01727,PROD_0254,Basketball,102.07,2026-06-07,Cash on Delivery
PUR_006266,CUST_01728,PROD_0041,Denim Jacket,84.11,2024-01-06,Cash on Delivery
PUR_006267,CUST_01728,PROD_0067,iPhone 13,970.68,2024-12-09,Bank Transfer
PUR_006268,CUST_01728,PROD_0292,A4 Printing Paper Ream,36.1,2025-01-01,Mobile Money
PUR_006269,CUST_01728,PROD_0271,Kids' Bicycle,53.4,2025-02-06,Card
PUR_006270,CUST_01728,PROD_0085,Samsung Galaxy Tab A8,796.45,2025-06-27,Bank Transfer
PUR_006271,CUST_01728,PROD_0087,Huawei MatePad,911.6,2025-07-02,Mobile Money
PUR_006272,CUST_01728,PROD_0268,Dumbbell Set,168.24,2025-07-25,Mobile Money
PUR_006273,CUST_01728,PROD_0088,Universal Phone Case,630.75,2026-02-12,Mobile Money
PUR_006274,CUST_01728,PROD_0223,Makeup Kit,55.92,2026-03-20,Mobile Money
PUR_006275,CUST_01728,PROD_0127,Microwave Oven,214.36,2026-06-14,Mobile Money
PUR_006276,CUST_01729,PROD_0275,Kids' Bicycle,68.57,2026-06-16,Mobile Money
PUR_006277,CUST_01729,PROD_0085,Samsung Galaxy Tab A8,658.06,2026-08-02,Mobile Money
PUR_006278,CUST_01731,PROD_0144,Bluetooth Speaker,479.77,2026-07-25,Card
PUR_006279,CUST_01732,PROD_0266,Resistance Bands,295.71,2026-02-02,Mobile Money
PUR_006280,CUST_01732,PROD_0083,Redmi Note 12,856.94,2026-03-23,Mobile Money
PUR_006281,CUST_01732,PROD_0272,Baby Carrier,109.98,2026-04-05,Cash on Delivery
PUR_006282,CUST_01732,PROD_0171,Sofa Set,156.58,2026-05-02,Mobile Money
PUR_006283,CUST_01732,PROD_0001,Traditional Smock (Fugu),264.11,2026-06-01,Mobile Money
PUR_006284,CUST_01732,PROD_0117,Bluetooth Headset,175.76,2026-06-28,Cash on Delivery
PUR_006285,CUST_01732,PROD_0201,Storage Containers Set,367.92,2026-06-29,Cash on Delivery
PUR_006286,CUST_01732,PROD_0122,Electric Iron,436.88,2026-06-30,Cash on Delivery
PUR_006287,CUST_01732,PROD_0179,Wall Clock,242.1,2026-08-22,Cash on Delivery
PUR_006288,CUST_01732,PROD_0254,Basketball,123.19,2026-09-03,Card
PUR_006289,CUST_01733,PROD_0241,Digital Thermometer,63.71,2025-12-20,Cash on Delivery
PUR_006290,CUST_01733,PROD_0019,Men's Casual Blazer,48.61,2026-02-16,Cash on Delivery
PUR_006291,CUST_01733,PROD_0271,Kids' Bicycle,27.7,2026-04-28,Mobile Money
PUR_006292,CUST_01733,PROD_0067,iPhone 13,698.38,2026-06-01,Mobile Money
PUR_006293,CUST_01733,PROD_0276,Baby Bath Tub,76.86,2026-06-10,Mobile Money
PUR_006294,CUST_01733,PROD_0302,Milk Powder (400g),112.33,2026-06-18,Cash on Delivery
PUR_006295,CUST_01733,PROD_0002,Ladies Kaftan Gown,118.47,2026-07-06,Mobile Money
PUR_006296,CUST_01733,PROD_0121,Blender (4L),463.39,2026-07-07,Mobile Money
PUR_006297,CUST_01733,PROD_0008,Kente Print Shirt,73.92,2026-07-09,Card
PUR_006298,CUST_01733,PROD_0006,Men's Casual Blazer,193.05,2026-07-10,Cash on Delivery
PUR_006299,CUST_01733,PROD_0263,Dumbbell Set,105.47,2026-07-31,Card
PUR_006300,CUST_01733,PROD_0070,Phone Charger (Type-C),1332.73,2026-08-03,Cash on Delivery
PUR_006301,CUST_01733,PROD_0121,Blender (4L),1478.39,2026-08-05,Bank Transfer
PUR_006302,CUST_01733,PROD_0096,Bluetooth Headset,1199.02,2026-08-09,Mobile Money
PUR_006303,CUST_01733,PROD_0006,Men's Casual Blazer,52.27,2026-09-03,Mobile Money
PUR_006304,CUST_01736,PROD_0068,Redmi Note 12,1024.67,2025-04-18,Mobile Money
PUR_006305,CUST_01736,PROD_0138,Microwave Oven,656.38,2026-01-01,Mobile Money
PUR_006306,CUST_01736,PROD_0121,Blender (4L),1035.35,2026-05-01,Cash on Delivery
PUR_006307,CUST_01736,PROD_0122,Electric Iron,965.16,2026-07-28,Cash on Delivery
PUR_006308,CUST_01736,PROD_0058,Men's Slim Fit Jeans,160.23,2026-08-20,Mobile Money
PUR_006309,CUST_01737,PROD_0096,Bluetooth Headset,916.59,2026-04-29,Bank Transfer
PUR_006310,CUST_01737,PROD_0214,Deodorant Roll-on,74.41,2026-05-06,Mobile Money
PUR_006311,CUST_01737,PROD_0156,Desktop Computer,549.37,2026-05-17,Bank Transfer
PUR_006312,CUST_01738,PROD_0122,Electric Iron,404.65,2026-08-21,Cash on Delivery
PUR_006313,CUST_01739,PROD_0235,Bathroom Weighing Scale,59.75,2026-06-21,Mobile Money
PUR_006314,CUST_01740,PROD_0001,Traditional Smock (Fugu),243.98,2026-05-07,Mobile Money
PUR_006315,CUST_01741,PROD_0104,Tecno Spark 10,471.74,2025-07-25,Card
PUR_006316,CUST_01741,PROD_0125,LED Bulb Pack,558.67,2025-10-10,Cash on Delivery
PUR_006317,CUST_01741,PROD_0239,Vitamin C Supplements,56.17,2025-11-26,Cash on Delivery
PUR_006318,CUST_01741,PROD_0142,Gaming Console,299.44,2025-12-02,Mobile Money
PUR_006319,CUST_01741,PROD_0067,iPhone 13,650.09,2026-03-02,Mobile Money
PUR_006320,CUST_01741,PROD_0271,Kids' Bicycle,46.58,2026-04-07,Mobile Money
PUR_006321,CUST_01741,PROD_0270,Dumbbell Set,75.75,2026-04-26,Cash on Delivery
PUR_006322,CUST_01742,PROD_0235,Bathroom Weighing Scale,63.31,2025-05-15,Cash on Delivery
PUR_006323,CUST_01742,PROD_0202,Deodorant Roll-on,52.44,2025-10-31,Cash on Delivery
PUR_006324,CUST_01742,PROD_0071,Bluetooth Headset,516.85,2025-11-15,Mobile Money
PUR_006325,CUST_01742,PROD_0118,Power Bank 20000mAh,623.46,2026-01-23,Cash on Delivery
PUR_006326,CUST_01742,PROD_0002,Ladies Kaftan Gown,177.55,2026-03-02,Mobile Money
PUR_006327,CUST_01742,PROD_0232,Bathroom Weighing Scale,38.67,2026-03-05,Mobile Money
PUR_006328,CUST_01742,PROD_0131,Air Conditioner (1.5HP),524.45,2026-03-31,Mobile Money
PUR_006329,CUST_01742,PROD_0130,Rechargeable Fan,423.22,2026-04-22,Cash on Delivery
PUR_006330,CUST_01742,PROD_0067,iPhone 13,384.69,2026-05-12,Mobile Money
PUR_006331,CUST_01742,PROD_0117,Bluetooth Headset,5617.61,2026-07-03,Mobile Money
PUR_006332,CUST_01742,PROD_0069,Phone Charger (Type-C),2530.11,2026-08-02,Cash on Delivery
PUR_006333,CUST_01742,PROD_0167,Bedsheet Set (Queen),165.99,2026-08-19,Card
PUR_006334,CUST_01742,PROD_0144,Bluetooth Speaker,1280.4,2026-09-04,Mobile Money
PUR_006335,CUST_01746,PROD_0215,Skin Toner,77.6,2026-03-22,Mobile Money
PUR_006336,CUST_01746,PROD_0253,Running Shoes,152.65,2026-03-29,Mobile Money
PUR_006337,CUST_01746,PROD_0288,Scientific Calculator,35.08,2026-07-03,Mobile Money
PUR_006338,CUST_01746,PROD_0008,Kente Print Shirt,196.46,2026-08-07,Card
PUR_006339,CUST_01746,PROD_0235,Bathroom Weighing Scale,80.47,2026-08-30,Mobile Money
PUR_006340,CUST_01749,PROD_0085,Samsung Galaxy Tab A8,248.48,2025-06-26,Mobile Money
PUR_006341,CUST_01749,PROD_0001,Traditional Smock (Fugu),103.47,2025-10-14,Mobile Money
PUR_006342,CUST_01749,PROD_0141,LED Bulb Pack,1220.87,2026-04-09,Cash on Delivery
PUR_006343,CUST_01749,PROD_0123,Electric Iron,4044.69,2026-06-04,Mobile Money
PUR_006344,CUST_01749,PROD_0224,Hair Dryer,118.7,2026-07-23,Card
PUR_006345,CUST_01751,PROD_0083,Redmi Note 12,729.03,2026-04-12,Mobile Money
PUR_006346,CUST_01751,PROD_0138,Microwave Oven,265.39,2026-04-25,Cash on Delivery
PUR_006347,CUST_01751,PROD_0205,Deodorant Roll-on,62.75,2026-06-03,Mobile Money
PUR_006348,CUST_01751,PROD_0236,Glucometer Kit,49.16,2026-06-25,Cash on Delivery
PUR_006349,CUST_01751,PROD_0253,Running Shoes,47.71,2026-07-31,Cash on Delivery
PUR_006350,CUST_01751,PROD_0186,Storage Containers Set,152.52,2026-08-27,Mobile Money
PUR_006351,CUST_01752,PROD_0067,iPhone 13,891.54,2026-06-18,Mobile Money
PUR_006352,CUST_01752,PROD_0004,Men's Slim Fit Jeans,93.5,2026-08-22,Bank Transfer
PUR_006353,CUST_01755,PROD_0202,Deodorant Roll-on,56.72,2024-07-23,Mobile Money
PUR_006354,CUST_01755,PROD_0247,Bathroom Weighing Scale,99.31,2025-02-14,Card
PUR_006355,CUST_01755,PROD_0169,Bedsheet Set (Queen),155.54,2026-02-25,Mobile Money
PUR_006356,CUST_01755,PROD_0185,Wall Clock,109.69,2026-05-14,Cash on Delivery
PUR_006357,CUST_01757,PROD_0038,Ladies Handbag,23.66,2025-07-09,Mobile Money
PUR_006358,CUST_01757,PROD_0273,Baby Diapers Pack,46.76,2025-08-18,Cash on Delivery
PUR_006359,CUST_01757,PROD_0208,Perfume (100ml),71.45,2026-01-14,Mobile Money
PUR_006360,CUST_01758,PROD_0078,Phone Screen Protector,1026.75,2026-02-17,Mobile Money
PUR_006361,CUST_01758,PROD_0014,Men's Slim Fit Jeans,169.56,2026-09-04,Mobile Money
PUR_006362,CUST_01760,PROD_0061,Women's Maxi Dress,87.25,2026-02-17,Card
PUR_006363,CUST_01761,PROD_0009,Ladies Kaftan Gown,80.49,2026-06-07,Card
PUR_006364,CUST_01762,PROD_0087,Huawei MatePad,1465.63,2024-10-08,Mobile Money
PUR_006365,CUST_01762,PROD_0122,Electric Iron,339.77,2025-04-30,Mobile Money
PUR_006366,CUST_01762,PROD_0202,Deodorant Roll-on,27.86,2026-07-10,Mobile Money
PUR_006367,CUST_01762,PROD_0166,Gas Cooker (4-Burner),46.34,2026-07-18,Mobile Money
PUR_006368,CUST_01766,PROD_0202,Deodorant Roll-on,29.5,2026-07-05,Cash on Delivery
PUR_006369,CUST_01767,PROD_0265,Cycling Helmet,396.96,2025-06-28,Cash on Delivery
PUR_006370,CUST_01767,PROD_0272,Baby Carrier,65.49,2026-04-15,Cash on Delivery
PUR_006371,CUST_01769,PROD_0065,Wax Print Skirt,82.23,2026-04-30,Mobile Money
PUR_006372,CUST_01769,PROD_0232,Bathroom Weighing Scale,55.15,2026-06-07,Card
PUR_006373,CUST_01770,PROD_0280,Baby Diapers Pack,86.56,2026-04-08,Cash on Delivery
PUR_006374,CUST_01771,PROD_0295,Canned Tuna,51.91,2026-07-11,Card
PUR_006375,CUST_01772,PROD_0125,LED Bulb Pack,984.84,2025-03-31,Mobile Money
PUR_006376,CUST_01772,PROD_0263,Dumbbell Set,184.92,2025-10-04,Cash on Delivery
PUR_006377,CUST_01772,PROD_0010,Traditional Smock (Fugu),99.43,2025-12-04,Bank Transfer
PUR_006378,CUST_01772,PROD_0141,LED Bulb Pack,275.04,2026-03-16,Mobile Money
PUR_006379,CUST_01773,PROD_0001,Traditional Smock (Fugu),147.74,2026-05-04,Mobile Money
PUR_006380,CUST_01775,PROD_0168,Rice Cooker,325.33,2025-10-20,Mobile Money
PUR_006381,CUST_01775,PROD_0072,Phone Screen Protector,226.83,2025-11-25,Mobile Money
PUR_006382,CUST_01775,PROD_0067,iPhone 13,1263.92,2026-08-18,Mobile Money
PUR_006383,CUST_01778,PROD_0122,Electric Iron,1386.68,2026-06-03,Mobile Money
PUR_006384,CUST_01780,PROD_0273,Baby Diapers Pack,127.08,2026-02-07,Mobile Money
PUR_006385,CUST_01780,PROD_0127,Microwave Oven,523.25,2026-03-02,Card
PUR_006386,CUST_01782,PROD_0166,Gas Cooker (4-Burner),207.91,2024-09-22,Mobile Money
PUR_006387,CUST_01782,PROD_0128,Air Conditioner (1.5HP),140.07,2025-10-20,Mobile Money
PUR_006388,CUST_01782,PROD_0008,Kente Print Shirt,188.07,2025-10-23,Mobile Money
PUR_006389,CUST_01782,PROD_0259,Basketball,144.59,2026-01-23,Cash on Delivery
PUR_006390,CUST_01782,PROD_0286,Hardcover Notebook,17.49,2026-07-10,Mobile Money
PUR_006391,CUST_01783,PROD_0113,iPhone 13,506.42,2026-07-11,Cash on Delivery
PUR_006392,CUST_01783,PROD_0001,Traditional Smock (Fugu),128.58,2026-08-01,Cash on Delivery
PUR_006393,CUST_01786,PROD_0067,iPhone 13,3273.91,2025-06-30,Mobile Money
PUR_006394,CUST_01787,PROD_0084,Samsung Galaxy A14,1671.56,2025-10-04,Card
PUR_006395,CUST_01787,PROD_0075,Redmi Note 12,698.96,2026-02-06,Card
PUR_006396,CUST_01787,PROD_0001,Traditional Smock (Fugu),246.12,2026-02-28,Mobile Money
PUR_006397,CUST_01787,PROD_0295,Canned Tuna,164.4,2026-03-08,Mobile Money
PUR_006398,CUST_01788,PROD_0068,Redmi Note 12,758.34,2026-06-10,Cash on Delivery
PUR_006399,CUST_01790,PROD_0039,Men's Slim Fit Jeans,141.9,2026-03-02,Cash on Delivery
PUR_006400,CUST_01790,PROD_0121,Blender (4L),1179.03,2026-07-28,Mobile Money
PUR_006401,CUST_01791,PROD_0254,Basketball,144.47,2026-07-12,Mobile Money
PUR_006402,CUST_01792,PROD_0286,Hardcover Notebook,50.35,2025-07-15,Cash on Delivery
PUR_006403,CUST_01792,PROD_0001,Traditional Smock (Fugu),74.86,2025-09-26,Mobile Money
PUR_006404,CUST_01792,PROD_0068,Redmi Note 12,242.46,2025-12-03,Mobile Money
PUR_006405,CUST_01792,PROD_0067,iPhone 13,1194.62,2026-02-11,Mobile Money
PUR_006406,CUST_01792,PROD_0007,Kente Print Shirt,79.89,2026-03-11,Mobile Money
PUR_006407,CUST_01792,PROD_0181,Storage Containers Set,115.82,2026-03-15,Cash on Delivery
PUR_006408,CUST_01792,PROD_0254,Basketball,178.59,2026-04-13,Mobile Money
PUR_006409,CUST_01792,PROD_0222,Shea Butter Body Lotion,41.38,2026-04-25,Mobile Money
PUR_006410,CUST_01792,PROD_0017,Men's Formal Suit,198.51,2026-05-20,Mobile Money
PUR_006411,CUST_01792,PROD_0129,43-inch LED TV,1692.8,2026-06-05,Mobile Money
PUR_006412,CUST_01794,PROD_0171,Sofa Set,217.9,2026-03-26,Mobile Money
PUR_006413,CUST_01794,PROD_0072,Phone Screen Protector,938.79,2026-04-23,Mobile Money
PUR_006414,CUST_01795,PROD_0218,Skin Toner,153.68,2026-08-27,Mobile Money
PUR_006415,CUST_01795,PROD_0121,Blender (4L),1558.85,2026-08-30,Mobile Money
PUR_006416,CUST_01799,PROD_0272,Baby Carrier,124.74,2026-08-09,Bank Transfer
PUR_006417,CUST_01800,PROD_0295,Canned Tuna,70.67,2026-08-31,Cash on Delivery
PUR_006418,CUST_01802,PROD_0121,Blender (4L),459.59,2025-12-24,Mobile Money
PUR_006419,CUST_01802,PROD_0051,Unisex Sneakers,195.09,2026-01-23,Bank Transfer
PUR_006420,CUST_01802,PROD_0187,Bedsheet Set (Queen),278.7,2026-02-28,Mobile Money
PUR_006421,CUST_01802,PROD_0012,Children's T-Shirt Set,173.04,2026-07-08,Cash on Delivery
PUR_006422,CUST_01802,PROD_0211,Shea Butter Body Lotion,66.73,2026-09-04,Mobile Money
PUR_006423,CUST_01803,PROD_0294,A4 Printing Paper Ream,44.93,2026-08-12,Mobile Money
PUR_006424,CUST_01804,PROD_0272,Baby Carrier,133.57,2026-05-17,Cash on Delivery
PUR_006425,CUST_01804,PROD_0078,Phone Screen Protector,365.86,2026-06-30,Mobile Money
PUR_006426,CUST_01804,PROD_0202,Deodorant Roll-on,67.14,2026-07-04,Mobile Money
PUR_006427,CUST_01804,PROD_0212,Perfume (100ml),56.86,2026-07-10,Mobile Money
PUR_006428,CUST_01804,PROD_0232,Bathroom Weighing Scale,38.95,2026-07-10,Cash on Delivery
PUR_006429,CUST_01804,PROD_0163,Extension Socket,695.03,2026-07-10,Mobile Money
PUR_006430,CUST_01804,PROD_0202,Deodorant Roll-on,49.63,2026-08-01,Mobile Money
PUR_006431,CUST_01804,PROD_0140,Electric Iron,925.29,2026-08-08,Mobile Money
PUR_006432,CUST_01804,PROD_0021,Leather Sandals,104.57,2026-08-11,Mobile Money
PUR_006433,CUST_01804,PROD_0232,Bathroom Weighing Scale,95.51,2026-08-27,Mobile Money
PUR_006434,CUST_01804,PROD_0296,Garri (2kg),143.75,2026-08-27,Card
PUR_006435,CUST_01804,PROD_0204,Beard Grooming Kit,51.52,2026-09-01,Mobile Money
PUR_006436,CUST_01804,PROD_0004,Men's Slim Fit Jeans,89.99,2026-09-04,Mobile Money
PUR_006437,CUST_01805,PROD_0251,Protein Powder,40.09,2026-04-17,Card
PUR_006438,CUST_01806,PROD_0282,Kids Building Blocks,65.34,2026-04-21,Mobile Money
PUR_006439,CUST_01807,PROD_0001,Traditional Smock (Fugu),105.02,2026-01-21,Mobile Money
PUR_006440,CUST_01807,PROD_0003,Cotton Polo Shirt,386.5,2026-04-22,Bank Transfer
PUR_006441,CUST_01807,PROD_0172,Curtain Set,96.48,2026-04-30,Cash on Delivery
PUR_006442,CUST_01807,PROD_0238,Digital Blood Pressure Monitor,58.34,2026-07-02,Mobile Money
PUR_006443,CUST_01811,PROD_0284,Baby Bath Tub,60.84,2026-03-24,Cash on Delivery
PUR_006444,CUST_01811,PROD_0290,Exercise Books Pack,30.02,2026-05-03,Mobile Money
PUR_006445,CUST_01811,PROD_0076,Phone Charger (Type-C),3846.06,2026-06-04,Bank Transfer
PUR_006446,CUST_01812,PROD_0232,Bathroom Weighing Scale,34.19,2025-05-28,Mobile Money
PUR_006447,CUST_01812,PROD_0242,Protein Powder,46.52,2025-07-09,Cash on Delivery
PUR_006448,CUST_01812,PROD_0253,Running Shoes,449.8,2026-01-24,Card
PUR_006449,CUST_01812,PROD_0002,Ladies Kaftan Gown,121.06,2026-03-29,Card
PUR_006450,CUST_01812,PROD_0168,Rice Cooker,143.3,2026-04-02,Mobile Money
PUR_006451,CUST_01812,PROD_0001,Traditional Smock (Fugu),93.98,2026-06-11,Mobile Money
PUR_006452,CUST_01812,PROD_0130,Rechargeable Fan,174.4,2026-07-10,Mobile Money
PUR_006453,CUST_01812,PROD_0070,Phone Charger (Type-C),2231.53,2026-07-29,Card
PUR_006454,CUST_01815,PROD_0271,Kids' Bicycle,49.89,2026-08-23,Mobile Money
PUR_006455,CUST_01815,PROD_0009,Ladies Kaftan Gown,95.9,2026-08-31,Mobile Money
PUR_006456,CUST_01818,PROD_0104,Tecno Spark 10,608.7,2025-09-05,Cash on Delivery
PUR_006457,CUST_01818,PROD_0068,Redmi Note 12,4054.01,2026-06-17,Cash on Delivery
PUR_006458,CUST_01819,PROD_0005,Men's Casual Blazer,221.64,2026-04-05,Mobile Money
PUR_006459,CUST_01819,PROD_0209,Makeup Kit,38.21,2026-05-25,Mobile Money
PUR_006460,CUST_01819,PROD_0068,Redmi Note 12,2274.48,2026-07-15,Mobile Money
PUR_006461,CUST_01823,PROD_0008,Kente Print Shirt,136.95,2025-11-05,Mobile Money
PUR_006462,CUST_01823,PROD_0132,Electric Iron,728.09,2026-02-03,Mobile Money
PUR_006463,CUST_01824,PROD_0011,Unisex Sneakers,383.52,2025-08-12,Mobile Money
PUR_006464,CUST_01824,PROD_0208,Perfume (100ml),28.55,2026-01-10,Card
PUR_006465,CUST_01824,PROD_0205,Deodorant Roll-on,102.58,2026-02-09,Cash on Delivery
PUR_006466,CUST_01824,PROD_0205,Deodorant Roll-on,31.07,2026-05-22,Mobile Money
PUR_006467,CUST_01825,PROD_0097,Phone Screen Protector,517.07,2025-12-15,Mobile Money
PUR_006468,CUST_01826,PROD_0125,LED Bulb Pack,629.76,2026-08-05,Mobile Money
PUR_006469,CUST_01828,PROD_0126,Gaming Console,792.76,2023-10-25,Mobile Money
PUR_006470,CUST_01828,PROD_0243,Protein Powder,22.85,2026-02-13,Mobile Money
PUR_006471,CUST_01829,PROD_0018,Men's Formal Suit,177.91,2025-02-10,Mobile Money
PUR_006472,CUST_01829,PROD_0240,Digital Thermometer,16.63,2025-12-08,Cash on Delivery
PUR_006473,CUST_01829,PROD_0076,Phone Charger (Type-C),621.69,2025-12-13,Mobile Money
PUR_006474,CUST_01829,PROD_0005,Men's Casual Blazer,107.45,2026-04-29,Mobile Money
PUR_006475,CUST_01829,PROD_0150,Extension Socket,1242.33,2026-06-08,Mobile Money
PUR_006476,CUST_01829,PROD_0232,Bathroom Weighing Scale,56.88,2026-06-08,Mobile Money
PUR_006477,CUST_01829,PROD_0021,Leather Sandals,121.56,2026-08-21,Cash on Delivery
PUR_006478,CUST_01829,PROD_0288,Scientific Calculator,26.41,2026-08-24,Cash on Delivery
PUR_006479,CUST_01829,PROD_0204,Beard Grooming Kit,29.1,2026-08-27,Mobile Money
PUR_006480,CUST_01829,PROD_0126,Gaming Console,1151.97,2026-08-31,Cash on Delivery
PUR_006481,CUST_01831,PROD_0090,Itel Vision 3,2082.22,2024-01-18,Card
PUR_006482,CUST_01831,PROD_0281,Educational Toy Set,98.77,2024-05-16,Cash on Delivery
PUR_006483,CUST_01831,PROD_0231,Nail Polish Set,59.64,2025-05-04,Mobile Money
PUR_006484,CUST_01831,PROD_0003,Cotton Polo Shirt,155.79,2026-07-14,Mobile Money
PUR_006485,CUST_01832,PROD_0069,Phone Charger (Type-C),540.23,2026-05-02,Mobile Money
PUR_006486,CUST_01832,PROD_0182,Curtain Set,368.78,2026-05-12,Mobile Money
PUR_006487,CUST_01832,PROD_0067,iPhone 13,1345.21,2026-08-11,Mobile Money
PUR_006488,CUST_01833,PROD_0019,Men's Casual Blazer,84.45,2026-04-01,Mobile Money
PUR_006489,CUST_01834,PROD_0202,Deodorant Roll-on,42.03,2025-03-31,Mobile Money
PUR_006490,CUST_01834,PROD_0253,Running Shoes,478.84,2025-06-14,Cash on Delivery
PUR_006491,CUST_01834,PROD_0026,Men's Casual Blazer,194.24,2025-06-27,Card
PUR_006492,CUST_01834,PROD_0100,Wireless Earbuds,640.46,2025-07-29,Mobile Money
PUR_006493,CUST_01834,PROD_0210,Braided Hair Extension,47.82,2025-08-09,Card
PUR_006494,CUST_01834,PROD_0125,LED Bulb Pack,2393.53,2025-10-30,Mobile Money
PUR_006495,CUST_01834,PROD_0297,Rice (5kg Bag),52.26,2025-12-04,Cash on Delivery
PUR_006496,CUST_01834,PROD_0197,Wall Clock,163.01,2025-12-15,Cash on Delivery
PUR_006497,CUST_01834,PROD_0259,Basketball,321.87,2026-01-08,Card
PUR_006498,CUST_01834,PROD_0256,Camping Tent,106.41,2026-02-13,Cash on Delivery
PUR_006499,CUST_01834,PROD_0202,Deodorant Roll-on,87.89,2026-02-14,Mobile Money
PUR_006500,CUST_01834,PROD_0219,Braided Hair Extension,85.34,2026-02-23,Card
PUR_006501,CUST_01834,PROD_0253,Running Shoes,99.42,2026-03-01,Mobile Money
PUR_006502,CUST_01834,PROD_0007,Kente Print Shirt,135.7,2026-04-01,Card
PUR_006503,CUST_01834,PROD_0174,Bedsheet Set (Queen),146.62,2026-04-06,Card
PUR_006504,CUST_01834,PROD_0046,Ladies Kaftan Gown,82.93,2026-05-04,Mobile Money
PUR_006505,CUST_01834,PROD_0014,Men's Slim Fit Jeans,76.79,2026-05-25,Mobile Money
PUR_006506,CUST_01834,PROD_0072,Phone Screen Protector,391.75,2026-05-31,Cash on Delivery
PUR_006507,CUST_01834,PROD_0126,Gaming Console,344.39,2026-06-01,Mobile Money
PUR_006508,CUST_01834,PROD_0131,Air Conditioner (1.5HP),620.37,2026-06-16,Cash on Delivery
PUR_006509,CUST_01834,PROD_0227,Shea Butter Body Lotion,52.03,2026-07-15,Cash on Delivery
PUR_006510,CUST_01834,PROD_0085,Samsung Galaxy Tab A8,3383.34,2026-07-19,Card
PUR_006511,CUST_01834,PROD_0172,Curtain Set,97.19,2026-08-08,Mobile Money
PUR_006512,CUST_01834,PROD_0173,Non-stick Cooking Pot Set,439.77,2026-08-09,Mobile Money
PUR_006513,CUST_01834,PROD_0121,Blender (4L),402.58,2026-08-10,Mobile Money
PUR_006514,CUST_01834,PROD_0074,Phone Screen Protector,2536.03,2026-08-18,Cash on Delivery
PUR_006515,CUST_01834,PROD_0001,Traditional Smock (Fugu),71.61,2026-08-27,Mobile Money
PUR_006516,CUST_01834,PROD_0241,Digital Thermometer,129.79,2026-09-01,Cash on Delivery
PUR_006517,CUST_01835,PROD_0286,Hardcover Notebook,50.32,2026-04-22,Card
PUR_006518,CUST_01835,PROD_0281,Educational Toy Set,79.86,2026-07-23,Cash on Delivery
PUR_006519,CUST_01836,PROD_0067,iPhone 13,959.65,2026-05-21,Card
PUR_006520,CUST_01836,PROD_0092,Huawei MatePad,908.0,2026-06-07,Mobile Money
PUR_006521,CUST_01836,PROD_0004,Men's Slim Fit Jeans,227.23,2026-07-05,Mobile Money
PUR_006522,CUST_01836,PROD_0001,Traditional Smock (Fugu),132.54,2026-09-03,Mobile Money
PUR_006523,CUST_01839,PROD_0099,Huawei MatePad,789.23,2024-03-19,Cash on Delivery
PUR_006524,CUST_01839,PROD_0011,Unisex Sneakers,216.04,2025-05-16,Card
PUR_006525,CUST_01839,PROD_0001,Traditional Smock (Fugu),101.02,2026-02-28,Cash on Delivery
PUR_006526,CUST_01843,PROD_0219,Braided Hair Extension,65.98,2026-06-13,Mobile Money
PUR_006527,CUST_01844,PROD_0071,Bluetooth Headset,286.97,2026-01-29,Cash on Delivery
PUR_006528,CUST_01844,PROD_0300,Canned Tuna,64.2,2026-02-10,Mobile Money
PUR_006529,CUST_01844,PROD_0187,Bedsheet Set (Queen),79.3,2026-05-12,Mobile Money
PUR_006530,CUST_01844,PROD_0069,Phone Charger (Type-C),2576.98,2026-05-23,Mobile Money
PUR_006531,CUST_01844,PROD_0001,Traditional Smock (Fugu),157.64,2026-06-07,Mobile Money
PUR_006532,CUST_01845,PROD_0136,Laptop (Core i5),898.06,2023-11-03,Mobile Money
PUR_006533,CUST_01849,PROD_0296,Garri (2kg),30.55,2025-11-28,Cash on Delivery
PUR_006534,CUST_01850,PROD_0122,Electric Iron,453.26,2025-12-18,Mobile Money
PUR_006535,CUST_01850,PROD_0001,Traditional Smock (Fugu),541.58,2026-05-09,Cash on Delivery
PUR_006536,CUST_01850,PROD_0232,Bathroom Weighing Scale,35.5,2026-05-18,Mobile Money
PUR_006537,CUST_01850,PROD_0003,Cotton Polo Shirt,132.43,2026-05-23,Cash on Delivery
PUR_006538,CUST_01850,PROD_0002,Ladies Kaftan Gown,325.32,2026-06-03,Card
PUR_006539,CUST_01850,PROD_0122,Electric Iron,737.69,2026-07-10,Mobile Money
PUR_006540,CUST_01851,PROD_0168,Rice Cooker,93.48,2026-06-17,Mobile Money
PUR_006541,CUST_01852,PROD_0277,Feeding Bottle Set,115.31,2025-06-05,Cash on Delivery
PUR_006542,CUST_01852,PROD_0005,Men's Casual Blazer,115.12,2025-07-11,Cash on Delivery
PUR_006543,CUST_01852,PROD_0260,Gym Gloves,127.0,2025-08-06,Mobile Money
PUR_006544,CUST_01852,PROD_0067,iPhone 13,978.07,2025-08-23,Card
PUR_006545,CUST_01852,PROD_0267,Cycling Helmet,76.92,2026-01-23,Mobile Money
PUR_006546,CUST_01852,PROD_0071,Bluetooth Headset,922.19,2026-03-19,Card
PUR_006547,CUST_01852,PROD_0229,Hair Dryer,120.67,2026-03-23,Mobile Money
PUR_006548,CUST_01852,PROD_0253,Running Shoes,110.09,2026-04-29,Mobile Money
PUR_006549,CUST_01853,PROD_0166,Gas Cooker (4-Burner),144.26,2026-02-03,Mobile Money
PUR_006550,CUST_01854,PROD_0052,Ladies Kaftan Gown,102.65,2025-04-07,Cash on Delivery
PUR_006551,CUST_01854,PROD_0255,Water Bottle (1L),119.31,2025-12-06,Mobile Money
PUR_006552,CUST_01854,PROD_0203,Braided Hair Extension,29.45,2026-07-03,Mobile Money
PUR_006553,CUST_01855,PROD_0053,Traditional Smock (Fugu),548.5,2024-05-02,Mobile Money
PUR_006554,CUST_01855,PROD_0070,Phone Charger (Type-C),2150.03,2024-07-09,Mobile Money
PUR_006555,CUST_01855,PROD_0123,Electric Iron,837.32,2024-08-05,Mobile Money
PUR_006556,CUST_01855,PROD_0077,Bluetooth Headset,1930.02,2024-10-27,Mobile Money
PUR_006557,CUST_01855,PROD_0106,Samsung Galaxy Tab A8,284.14,2024-10-31,Cash on Delivery
PUR_006558,CUST_01855,PROD_0240,Digital Thermometer,35.99,2024-11-14,Card
PUR_006559,CUST_01855,PROD_0186,Storage Containers Set,361.94,2024-12-29,Cash on Delivery
PUR_006560,CUST_01855,PROD_0084,Samsung Galaxy A14,514.67,2025-02-19,Cash on Delivery
PUR_006561,CUST_01855,PROD_0085,Samsung Galaxy Tab A8,1197.15,2025-03-26,Cash on Delivery
PUR_006562,CUST_01855,PROD_0258,Yoga Mat,204.63,2025-04-06,Mobile Money
PUR_006563,CUST_01855,PROD_0256,Camping Tent,122.9,2025-04-24,Mobile Money
PUR_006564,CUST_01855,PROD_0233,Multivitamin Tablets,128.53,2025-05-03,Bank Transfer
PUR_006565,CUST_01855,PROD_0068,Redmi Note 12,4230.62,2025-05-23,Mobile Money
PUR_006566,CUST_01855,PROD_0148,Electric Iron,181.49,2025-05-25,Mobile Money
PUR_006567,CUST_01855,PROD_0205,Deodorant Roll-on,109.32,2025-05-29,Card
PUR_006568,CUST_01855,PROD_0286,Hardcover Notebook,24.07,2025-06-02,Card
PUR_006569,CUST_01855,PROD_0168,Rice Cooker,540.46,2025-06-22,Mobile Money
PUR_006570,CUST_01855,PROD_0138,Microwave Oven,385.77,2025-07-06,Cash on Delivery
PUR_006571,CUST_01855,PROD_0237,Multivitamin Tablets,155.95,2025-07-09,Mobile Money
PUR_006572,CUST_01855,PROD_0130,Rechargeable Fan,394.58,2025-07-17,Card
PUR_006573,CUST_01855,PROD_0232,Bathroom Weighing Scale,84.41,2025-08-29,Mobile Money
PUR_006574,CUST_01855,PROD_0203,Braided Hair Extension,90.99,2025-09-05,Cash on Delivery
PUR_006575,CUST_01855,PROD_0169,Bedsheet Set (Queen),161.83,2025-09-05,Cash on Delivery
PUR_006576,CUST_01855,PROD_0067,iPhone 13,1132.29,2025-09-14,Cash on Delivery
PUR_006577,CUST_01855,PROD_0001,Traditional Smock (Fugu),126.44,2025-11-06,Mobile Money
PUR_006578,CUST_01855,PROD_0168,Rice Cooker,339.97,2025-11-18,Mobile Money
PUR_006579,CUST_01855,PROD_0042,Wax Print Skirt,129.3,2025-11-24,Cash on Delivery
PUR_006580,CUST_01855,PROD_0185,Wall Clock,255.62,2026-01-09,Bank Transfer
PUR_006581,CUST_01855,PROD_0083,Redmi Note 12,671.13,2026-01-21,Mobile Money
PUR_006582,CUST_01855,PROD_0168,Rice Cooker,276.53,2026-03-19,Mobile Money
PUR_006583,CUST_01855,PROD_0129,43-inch LED TV,651.66,2026-03-31,Mobile Money
PUR_006584,CUST_01855,PROD_0202,Deodorant Roll-on,56.59,2026-04-19,Mobile Money
PUR_006585,CUST_01855,PROD_0248,Reading Glasses,42.73,2026-04-19,Mobile Money
PUR_006586,CUST_01855,PROD_0162,Blender (4L),626.82,2026-04-23,Mobile Money
PUR_006587,CUST_01855,PROD_0010,Traditional Smock (Fugu),103.68,2026-05-05,Cash on Delivery
PUR_006588,CUST_01855,PROD_0259,Basketball,141.38,2026-06-09,Bank Transfer
PUR_006589,CUST_01855,PROD_0187,Bedsheet Set (Queen),382.77,2026-06-19,Cash on Delivery
PUR_006590,CUST_01855,PROD_0004,Men's Slim Fit Jeans,109.92,2026-06-21,Cash on Delivery
PUR_006591,CUST_01855,PROD_0253,Running Shoes,115.49,2026-06-26,Bank Transfer
PUR_006592,CUST_01855,PROD_0001,Traditional Smock (Fugu),151.75,2026-07-13,Mobile Money
PUR_006593,CUST_01855,PROD_0128,Air Conditioner (1.5HP),381.35,2026-08-05,Mobile Money
PUR_006594,CUST_01855,PROD_0073,Redmi Note 12,4898.09,2026-08-09,Cash on Delivery
PUR_006595,CUST_01855,PROD_0006,Men's Casual Blazer,151.66,2026-08-14,Mobile Money
PUR_006596,CUST_01855,PROD_0199,Bedsheet Set (Queen),303.99,2026-08-24,Mobile Money
PUR_006597,CUST_01856,PROD_0012,Children's T-Shirt Set,78.13,2026-06-23,Mobile Money
PUR_006598,CUST_01856,PROD_0256,Camping Tent,491.33,2026-08-15,Cash on Delivery
PUR_006599,CUST_01856,PROD_0109,Phone Screen Protector,5920.43,2026-08-18,Mobile Money
PUR_006600,CUST_01856,PROD_0122,Electric Iron,363.04,2026-08-25,Cash on Delivery
PUR_006601,CUST_01856,PROD_0016,Women's Maxi Dress,174.64,2026-08-31,Mobile Money
PUR_006602,CUST_01857,PROD_0258,Yoga Mat,97.43,2026-02-12,Cash on Delivery
PUR_006603,CUST_01859,PROD_0271,Kids' Bicycle,76.79,2025-04-10,Mobile Money
PUR_006604,CUST_01859,PROD_0254,Basketball,132.47,2025-09-25,Cash on Delivery
PUR_006605,CUST_01860,PROD_0206,Braided Hair Extension,47.23,2025-04-09,Mobile Money
PUR_006606,CUST_01860,PROD_0002,Ladies Kaftan Gown,137.86,2025-08-17,Mobile Money
PUR_006607,CUST_01860,PROD_0127,Microwave Oven,470.96,2025-08-20,Card
PUR_006608,CUST_01860,PROD_0042,Wax Print Skirt,73.59,2025-08-30,Mobile Money
PUR_006609,CUST_01860,PROD_0295,Canned Tuna,27.11,2025-10-25,Cash on Delivery
PUR_006610,CUST_01860,PROD_0042,Wax Print Skirt,93.49,2025-11-05,Cash on Delivery
PUR_006611,CUST_01860,PROD_0239,Vitamin C Supplements,194.08,2025-11-27,Mobile Money
PUR_006612,CUST_01860,PROD_0139,Digital Camera,973.01,2025-12-09,Cash on Delivery
PUR_006613,CUST_01860,PROD_0067,iPhone 13,401.41,2026-01-06,Bank Transfer
PUR_006614,CUST_01860,PROD_0126,Gaming Console,575.58,2026-01-19,Bank Transfer
PUR_006615,CUST_01860,PROD_0011,Unisex Sneakers,56.57,2026-02-02,Mobile Money
PUR_006616,CUST_01860,PROD_0001,Traditional Smock (Fugu),136.7,2026-02-05,Mobile Money
PUR_006617,CUST_01860,PROD_0078,Phone Screen Protector,2015.11,2026-02-17,Mobile Money
PUR_006618,CUST_01860,PROD_0077,Bluetooth Headset,937.56,2026-02-25,Mobile Money
PUR_006619,CUST_01860,PROD_0207,Skin Toner,51.34,2026-03-30,Cash on Delivery
PUR_006620,CUST_01860,PROD_0204,Beard Grooming Kit,67.55,2026-03-31,Mobile Money
PUR_006621,CUST_01860,PROD_0071,Bluetooth Headset,558.61,2026-04-14,Bank Transfer
PUR_006622,CUST_01860,PROD_0198,Wall Clock,151.11,2026-04-26,Mobile Money
PUR_006623,CUST_01860,PROD_0251,Protein Powder,297.93,2026-05-08,Mobile Money
PUR_006624,CUST_01860,PROD_0253,Running Shoes,57.66,2026-05-18,Cash on Delivery
PUR_006625,CUST_01860,PROD_0121,Blender (4L),187.77,2026-05-30,Mobile Money
PUR_006626,CUST_01860,PROD_0168,Rice Cooker,305.93,2026-06-04,Mobile Money
PUR_006627,CUST_01860,PROD_0169,Bedsheet Set (Queen),184.89,2026-07-01,Cash on Delivery
PUR_006628,CUST_01860,PROD_0072,Phone Screen Protector,915.69,2026-07-21,Mobile Money
PUR_006629,CUST_01860,PROD_0069,Phone Charger (Type-C),297.35,2026-07-21,Card
PUR_006630,CUST_01861,PROD_0038,Ladies Handbag,202.78,2025-09-05,Cash on Delivery
PUR_006631,CUST_01861,PROD_0208,Perfume (100ml),68.21,2025-12-24,Card
PUR_006632,CUST_01861,PROD_0067,iPhone 13,242.01,2026-03-26,Mobile Money
PUR_006633,CUST_01862,PROD_0175,Kitchen Knife Set,142.83,2026-08-07,Mobile Money
PUR_006634,CUST_01863,PROD_0205,Deodorant Roll-on,52.99,2026-08-18,Mobile Money
PUR_006635,CUST_01864,PROD_0067,iPhone 13,854.82,2026-01-30,Mobile Money
PUR_006636,CUST_01864,PROD_0277,Feeding Bottle Set,55.43,2026-06-25,Mobile Money
PUR_006637,CUST_01865,PROD_0166,Gas Cooker (4-Burner),331.32,2024-10-06,Card
PUR_006638,CUST_01865,PROD_0136,Laptop (Core i5),1000.69,2025-10-17,Cash on Delivery
PUR_006639,CUST_01865,PROD_0049,Ladies Handbag,137.12,2026-08-06,Mobile Money
PUR_006640,CUST_01866,PROD_0001,Traditional Smock (Fugu),46.14,2024-03-24,Card
PUR_006641,CUST_01866,PROD_0014,Men's Slim Fit Jeans,57.82,2024-04-14,Mobile Money
PUR_006642,CUST_01866,PROD_0286,Hardcover Notebook,85.26,2024-05-07,Mobile Money
PUR_006643,CUST_01866,PROD_0172,Curtain Set,50.92,2024-05-13,Cash on Delivery
PUR_006644,CUST_01866,PROD_0102,Samsung Galaxy A14,1730.98,2024-05-22,Mobile Money
PUR_006645,CUST_01866,PROD_0001,Traditional Smock (Fugu),161.8,2024-05-22,Bank Transfer
PUR_006646,CUST_01866,PROD_0123,Electric Iron,88.03,2024-05-23,Cash on Delivery
PUR_006647,CUST_01866,PROD_0297,Rice (5kg Bag),99.27,2024-06-09,Card
PUR_006648,CUST_01866,PROD_0121,Blender (4L),767.4,2024-08-16,Mobile Money
PUR_006649,CUST_01866,PROD_0005,Men's Casual Blazer,112.38,2024-11-29,Card
PUR_006650,CUST_01866,PROD_0168,Rice Cooker,141.95,2024-12-02,Cash on Delivery
PUR_006651,CUST_01866,PROD_0248,Reading Glasses,44.78,2024-12-10,Bank Transfer
PUR_006652,CUST_01866,PROD_0271,Kids' Bicycle,47.42,2024-12-17,Cash on Delivery
PUR_006653,CUST_01866,PROD_0259,Basketball,109.68,2024-12-19,Cash on Delivery
PUR_006654,CUST_01866,PROD_0302,Milk Powder (400g),63.13,2025-01-24,Mobile Money
PUR_006655,CUST_01866,PROD_0205,Deodorant Roll-on,28.48,2025-01-26,Mobile Money
PUR_006656,CUST_01866,PROD_0094,Power Bank 20000mAh,775.16,2025-02-13,Mobile Money
PUR_006657,CUST_01866,PROD_0099,Huawei MatePad,528.79,2025-02-21,Cash on Delivery
PUR_006658,CUST_01866,PROD_0233,Multivitamin Tablets,110.4,2025-04-05,Mobile Money
PUR_006659,CUST_01866,PROD_0279,Baby Wipes (80pcs),128.03,2025-05-15,Cash on Delivery
PUR_006660,CUST_01866,PROD_0231,Nail Polish Set,62.58,2025-05-16,Cash on Delivery
PUR_006661,CUST_01866,PROD_0123,Electric Iron,342.71,2025-05-21,Mobile Money
PUR_006662,CUST_01866,PROD_0232,Bathroom Weighing Scale,27.68,2025-05-29,Mobile Money
PUR_006663,CUST_01866,PROD_0130,Rechargeable Fan,164.77,2025-06-17,Mobile Money
PUR_006664,CUST_01866,PROD_0236,Glucometer Kit,102.39,2025-07-25,Cash on Delivery
PUR_006665,CUST_01866,PROD_0265,Cycling Helmet,149.51,2025-07-30,Card
PUR_006666,CUST_01866,PROD_0157,Bluetooth Speaker,732.91,2025-09-07,Mobile Money
PUR_006667,CUST_01866,PROD_0001,Traditional Smock (Fugu),149.35,2025-09-09,Mobile Money
PUR_006668,CUST_01866,PROD_0125,LED Bulb Pack,700.03,2025-09-19,Card
PUR_006669,CUST_01866,PROD_0234,Multivitamin Tablets,54.75,2025-09-19,Cash on Delivery
PUR_006670,CUST_01866,PROD_0036,Leather Sandals,46.56,2025-10-22,Cash on Delivery
PUR_006671,CUST_01866,PROD_0167,Bedsheet Set (Queen),334.55,2025-11-09,Mobile Money
PUR_006672,CUST_01866,PROD_0182,Curtain Set,423.72,2025-11-14,Mobile Money
PUR_006673,CUST_01866,PROD_0108,Wireless Earbuds,1915.48,2025-12-07,Mobile Money
PUR_006674,CUST_01866,PROD_0183,Non-stick Cooking Pot Set,455.63,2025-12-12,Mobile Money
PUR_006675,CUST_01866,PROD_0241,Digital Thermometer,158.16,2026-01-04,Cash on Delivery
PUR_006676,CUST_01866,PROD_0090,Itel Vision 3,351.64,2026-01-09,Bank Transfer
PUR_006677,CUST_01866,PROD_0204,Beard Grooming Kit,28.51,2026-02-25,Cash on Delivery
PUR_006678,CUST_01866,PROD_0127,Microwave Oven,2905.58,2026-02-28,Cash on Delivery
PUR_006679,CUST_01866,PROD_0167,Bedsheet Set (Queen),158.35,2026-03-26,Bank Transfer
PUR_006680,CUST_01866,PROD_0149,Gaming Console,215.27,2026-06-04,Mobile Money
PUR_006681,CUST_01866,PROD_0263,Dumbbell Set,48.7,2026-06-09,Mobile Money
PUR_006682,CUST_01866,PROD_0136,Laptop (Core i5),1242.0,2026-07-31,Mobile Money
PUR_006683,CUST_01866,PROD_0281,Educational Toy Set,152.01,2026-08-10,Mobile Money
PUR_006684,CUST_01866,PROD_0202,Deodorant Roll-on,33.03,2026-09-04,Mobile Money
PUR_006685,CUST_01866,PROD_0202,Deodorant Roll-on,89.13,2026-09-04,Mobile Money
PUR_006686,CUST_01867,PROD_0285,Baby Bath Tub,175.98,2026-08-23,Mobile Money
PUR_006687,CUST_01867,PROD_0178,Gas Cooker (4-Burner),367.0,2026-08-26,Mobile Money
PUR_006688,CUST_01867,PROD_0072,Phone Screen Protector,1002.4,2026-08-27,Mobile Money
PUR_006689,CUST_01867,PROD_0067,iPhone 13,1093.69,2026-08-29,Mobile Money
PUR_006690,CUST_01867,PROD_0221,Nail Polish Set,38.48,2026-08-31,Mobile Money
PUR_006691,CUST_01867,PROD_0085,Samsung Galaxy Tab A8,1103.03,2026-09-01,Cash on Delivery
PUR_006692,CUST_01867,PROD_0254,Basketball,73.58,2026-09-03,Mobile Money
PUR_006693,CUST_01867,PROD_0121,Blender (4L),930.71,2026-09-04,Mobile Money
PUR_006694,CUST_01867,PROD_0166,Gas Cooker (4-Burner),247.3,2026-09-04,Mobile Money
PUR_006695,CUST_01867,PROD_0068,Redmi Note 12,504.93,2026-09-04,Bank Transfer
PUR_006696,CUST_01869,PROD_0132,Electric Iron,455.08,2026-08-04,Cash on Delivery
PUR_006697,CUST_01871,PROD_0121,Blender (4L),1580.79,2026-05-11,Cash on Delivery
PUR_006698,CUST_01872,PROD_0067,iPhone 13,1142.36,2026-07-16,Cash on Delivery
PUR_006699,CUST_01872,PROD_0150,Extension Socket,654.22,2026-07-29,Mobile Money
PUR_006700,CUST_01873,PROD_0253,Running Shoes,43.57,2026-08-22,Mobile Money
PUR_006701,CUST_01873,PROD_0176,Curtain Set,267.2,2026-08-27,Cash on Delivery
PUR_006702,CUST_01874,PROD_0002,Ladies Kaftan Gown,289.04,2026-04-20,Mobile Money
PUR_006703,CUST_01874,PROD_0174,Bedsheet Set (Queen),566.64,2026-08-26,Mobile Money
PUR_006704,CUST_01875,PROD_0204,Beard Grooming Kit,50.1,2025-06-23,Mobile Money
PUR_006705,CUST_01875,PROD_0236,Glucometer Kit,101.72,2025-08-22,Cash on Delivery
PUR_006706,CUST_01875,PROD_0072,Phone Screen Protector,399.61,2025-09-18,Mobile Money
PUR_006707,CUST_01875,PROD_0069,Phone Charger (Type-C),1079.41,2025-10-30,Cash on Delivery
PUR_006708,CUST_01875,PROD_0125,LED Bulb Pack,350.7,2025-11-11,Mobile Money
PUR_006709,CUST_01875,PROD_0287,Highlighter Set,31.08,2025-11-12,Mobile Money
PUR_006710,CUST_01875,PROD_0069,Phone Charger (Type-C),1201.02,2025-11-29,Mobile Money
PUR_006711,CUST_01875,PROD_0078,Phone Screen Protector,1270.75,2025-11-30,Mobile Money
PUR_006712,CUST_01875,PROD_0183,Non-stick Cooking Pot Set,188.39,2025-12-14,Mobile Money
PUR_006713,CUST_01875,PROD_0076,Phone Charger (Type-C),695.48,2025-12-22,Mobile Money
PUR_006714,CUST_01875,PROD_0122,Electric Iron,711.76,2026-01-14,Bank Transfer
PUR_006715,CUST_01875,PROD_0124,LED Bulb Pack,959.39,2026-01-21,Mobile Money
PUR_006716,CUST_01875,PROD_0277,Feeding Bottle Set,185.2,2026-01-26,Bank Transfer
PUR_006717,CUST_01875,PROD_0168,Rice Cooker,354.81,2026-01-31,Mobile Money
PUR_006718,CUST_01875,PROD_0288,Scientific Calculator,20.25,2026-02-26,Mobile Money
PUR_006719,CUST_01875,PROD_0205,Deodorant Roll-on,36.45,2026-03-02,Card
PUR_006720,CUST_01875,PROD_0126,Gaming Console,1276.01,2026-03-22,Mobile Money
PUR_006721,CUST_01875,PROD_0105,Samsung Galaxy A14,563.23,2026-03-29,Cash on Delivery
PUR_006722,CUST_01875,PROD_0046,Ladies Kaftan Gown,166.92,2026-04-04,Mobile Money
PUR_006723,CUST_01875,PROD_0124,LED Bulb Pack,212.46,2026-04-05,Card
PUR_006724,CUST_01875,PROD_0001,Traditional Smock (Fugu),143.95,2026-05-12,Mobile Money
PUR_006725,CUST_01875,PROD_0001,Traditional Smock (Fugu),133.17,2026-05-26,Mobile Money
PUR_006726,CUST_01875,PROD_0019,Men's Casual Blazer,123.76,2026-06-07,Card
PUR_006727,CUST_01875,PROD_0289,Kids' Storybook,38.78,2026-06-17,Mobile Money
PUR_006728,CUST_01875,PROD_0098,Power Bank 20000mAh,4886.15,2026-07-04,Cash on Delivery
PUR_006729,CUST_01875,PROD_0275,Kids' Bicycle,142.69,2026-07-11,Card
PUR_006730,CUST_01875,PROD_0287,Highlighter Set,52.65,2026-07-14,Cash on Delivery
PUR_006731,CUST_01875,PROD_0128,Air Conditioner (1.5HP),888.36,2026-07-17,Mobile Money
PUR_006732,CUST_01875,PROD_0266,Resistance Bands,298.62,2026-07-27,Mobile Money
PUR_006733,CUST_01875,PROD_0067,iPhone 13,342.09,2026-08-02,Card
PUR_006734,CUST_01875,PROD_0122,Electric Iron,625.71,2026-08-04,Mobile Money
PUR_006735,CUST_01875,PROD_0215,Skin Toner,65.77,2026-08-14,Mobile Money
PUR_006736,CUST_01875,PROD_0030,Men's Casual Blazer,90.77,2026-08-24,Mobile Money
PUR_006737,CUST_01876,PROD_0072,Phone Screen Protector,453.99,2026-03-08,Mobile Money
PUR_006738,CUST_01878,PROD_0067,iPhone 13,770.25,2026-04-07,Card
PUR_006739,CUST_01878,PROD_0272,Baby Carrier,94.87,2026-07-30,Mobile Money
PUR_006740,CUST_01878,PROD_0177,Rice Cooker,116.51,2026-08-24,Cash on Delivery
PUR_006741,CUST_01880,PROD_0173,Non-stick Cooking Pot Set,408.59,2025-11-27,Cash on Delivery
PUR_006742,CUST_01880,PROD_0202,Deodorant Roll-on,74.36,2026-03-16,Cash on Delivery
PUR_006743,CUST_01881,PROD_0105,Samsung Galaxy A14,312.11,2025-10-08,Cash on Delivery
PUR_006744,CUST_01881,PROD_0166,Gas Cooker (4-Burner),317.74,2025-10-11,Card
PUR_006745,CUST_01881,PROD_0004,Men's Slim Fit Jeans,74.95,2026-01-05,Mobile Money
PUR_006746,CUST_01881,PROD_0106,Samsung Galaxy Tab A8,1436.87,2026-01-12,Mobile Money
PUR_006747,CUST_01881,PROD_0070,Phone Charger (Type-C),1696.54,2026-07-15,Cash on Delivery
PUR_006748,CUST_01882,PROD_0179,Wall Clock,79.86,2025-04-27,Card
PUR_006749,CUST_01882,PROD_0202,Deodorant Roll-on,52.92,2026-06-27,Cash on Delivery
PUR_006750,CUST_01883,PROD_0131,Air Conditioner (1.5HP),1002.36,2026-01-22,Mobile Money
PUR_006751,CUST_01883,PROD_0290,Exercise Books Pack,34.13,2026-03-05,Card
PUR_006752,CUST_01884,PROD_0275,Kids' Bicycle,85.12,2025-11-21,Mobile Money
PUR_006753,CUST_01884,PROD_0204,Beard Grooming Kit,105.75,2025-12-18,Mobile Money
PUR_006754,CUST_01884,PROD_0226,Hair Dryer,42.02,2026-03-30,Mobile Money
PUR_006755,CUST_01886,PROD_0232,Bathroom Weighing Scale,62.62,2026-06-13,Mobile Money
PUR_006756,CUST_01886,PROD_0254,Basketball,43.05,2026-07-18,Mobile Money
PUR_006757,CUST_01886,PROD_0148,Electric Iron,1466.65,2026-08-23,Cash on Delivery
PUR_006758,CUST_01889,PROD_0266,Resistance Bands,149.91,2025-12-16,Card
PUR_006759,CUST_01889,PROD_0075,Redmi Note 12,744.55,2026-01-07,Cash on Delivery
PUR_006760,CUST_01889,PROD_0088,Universal Phone Case,2070.55,2026-05-24,Mobile Money
PUR_006761,CUST_01893,PROD_0172,Curtain Set,263.16,2025-07-15,Cash on Delivery
PUR_006762,CUST_01893,PROD_0253,Running Shoes,143.37,2025-11-04,Card
PUR_006763,CUST_01895,PROD_0095,Phone Charger (Type-C),3415.16,2026-02-07,Mobile Money
PUR_006764,CUST_01896,PROD_0215,Skin Toner,62.92,2025-09-08,Mobile Money
PUR_006765,CUST_01896,PROD_0121,Blender (4L),735.65,2026-01-07,Mobile Money
PUR_006766,CUST_01896,PROD_0080,Infinix Hot 30,1302.48,2026-04-10,Mobile Money
PUR_006767,CUST_01896,PROD_0255,Water Bottle (1L),273.84,2026-07-24,Cash on Delivery
PUR_006768,CUST_01896,PROD_0272,Baby Carrier,73.36,2026-09-02,Cash on Delivery
PUR_006769,CUST_01898,PROD_0133,Bluetooth Speaker,728.22,2026-07-01,Bank Transfer
PUR_006770,CUST_01898,PROD_0168,Rice Cooker,340.12,2026-07-17,Card
PUR_006771,CUST_01898,PROD_0061,Women's Maxi Dress,202.72,2026-09-01,Mobile Money
PUR_006772,CUST_01900,PROD_0207,Skin Toner,87.71,2026-04-14,Mobile Money
PUR_006773,CUST_01900,PROD_0255,Water Bottle (1L),219.88,2026-08-07,Mobile Money
PUR_006774,CUST_01902,PROD_0233,Multivitamin Tablets,90.63,2026-09-03,Cash on Delivery
PUR_006775,CUST_01903,PROD_0087,Huawei MatePad,1519.73,2025-06-07,Card
PUR_006776,CUST_01903,PROD_0204,Beard Grooming Kit,76.47,2025-09-21,Mobile Money
PUR_006777,CUST_01903,PROD_0293,A4 Printing Paper Ream,60.3,2025-10-04,Cash on Delivery
PUR_006778,CUST_01903,PROD_0078,Phone Screen Protector,1034.5,2025-11-20,Mobile Money
PUR_006779,CUST_01903,PROD_0247,Bathroom Weighing Scale,150.92,2025-12-20,Cash on Delivery
PUR_006780,CUST_01903,PROD_0016,Women's Maxi Dress,119.78,2026-03-27,Mobile Money
PUR_006781,CUST_01903,PROD_0131,Air Conditioner (1.5HP),806.63,2026-06-16,Mobile Money
PUR_006782,CUST_01904,PROD_0121,Blender (4L),290.6,2026-09-03,Mobile Money
PUR_006783,CUST_01905,PROD_0175,Kitchen Knife Set,122.65,2026-03-25,Mobile Money
PUR_006784,CUST_01905,PROD_0230,Black Soap Bar,59.7,2026-05-19,Cash on Delivery
PUR_006785,CUST_01907,PROD_0221,Nail Polish Set,79.51,2025-06-02,Mobile Money
PUR_006786,CUST_01907,PROD_0068,Redmi Note 12,726.26,2026-01-20,Card
PUR_006787,CUST_01910,PROD_0093,Samsung Galaxy A14,670.26,2026-07-09,Cash on Delivery
PUR_006788,CUST_01910,PROD_0185,Wall Clock,503.6,2026-08-01,Cash on Delivery
PUR_006789,CUST_01910,PROD_0061,Women's Maxi Dress,99.89,2026-08-05,Card
PUR_006790,CUST_01910,PROD_0219,Braided Hair Extension,59.9,2026-08-13,Mobile Money
PUR_006791,CUST_01910,PROD_0068,Redmi Note 12,379.13,2026-08-15,Mobile Money
PUR_006792,CUST_01910,PROD_0001,Traditional Smock (Fugu),252.82,2026-08-20,Cash on Delivery
PUR_006793,CUST_01910,PROD_0171,Sofa Set,253.81,2026-08-24,Cash on Delivery
PUR_006794,CUST_01910,PROD_0264,Camping Tent,146.95,2026-08-24,Mobile Money
PUR_006795,CUST_01910,PROD_0209,Makeup Kit,198.23,2026-08-27,Cash on Delivery
PUR_006796,CUST_01910,PROD_0167,Bedsheet Set (Queen),250.08,2026-08-31,Mobile Money
PUR_006797,CUST_01910,PROD_0210,Braided Hair Extension,44.65,2026-08-31,Mobile Money
PUR_006798,CUST_01910,PROD_0209,Makeup Kit,59.39,2026-09-03,Mobile Money
PUR_006799,CUST_01910,PROD_0020,Kente Print Shirt,87.25,2026-09-04,Mobile Money
PUR_006800,CUST_01912,PROD_0297,Rice (5kg Bag),81.78,2025-07-27,Cash on Delivery
PUR_006801,CUST_01912,PROD_0166,Gas Cooker (4-Burner),351.28,2025-08-10,Card
PUR_006802,CUST_01912,PROD_0193,Cutlery Set,319.16,2025-08-11,Cash on Delivery
PUR_006803,CUST_01912,PROD_0124,LED Bulb Pack,670.24,2026-02-12,Bank Transfer
PUR_006804,CUST_01912,PROD_0185,Wall Clock,375.44,2026-03-11,Mobile Money
PUR_006805,CUST_01912,PROD_0079,iPhone 13,472.72,2026-03-24,Cash on Delivery
PUR_006806,CUST_01912,PROD_0255,Water Bottle (1L),139.49,2026-04-17,Mobile Money
PUR_006807,CUST_01912,PROD_0270,Dumbbell Set,85.25,2026-04-30,Mobile Money
PUR_006808,CUST_01913,PROD_0017,Men's Formal Suit,182.67,2026-05-14,Mobile Money
PUR_006809,CUST_01917,PROD_0164,43-inch LED TV,4818.29,2024-11-20,Cash on Delivery
PUR_006810,CUST_01917,PROD_0044,Women's Maxi Dress,47.14,2025-06-20,Card
PUR_006811,CUST_01917,PROD_0177,Rice Cooker,89.32,2025-09-30,Mobile Money
PUR_006812,CUST_01917,PROD_0267,Cycling Helmet,97.0,2026-04-18,Cash on Delivery
PUR_006813,CUST_01917,PROD_0066,Men's Slim Fit Jeans,208.01,2026-06-02,Mobile Money
PUR_006814,CUST_01917,PROD_0069,Phone Charger (Type-C),1209.9,2026-07-21,Bank Transfer
PUR_006815,CUST_01918,PROD_0121,Blender (4L),4356.53,2026-02-16,Mobile Money
PUR_006816,CUST_01918,PROD_0077,Bluetooth Headset,4143.71,2026-03-24,Mobile Money
PUR_006817,CUST_01919,PROD_0208,Perfume (100ml),64.56,2026-04-06,Cash on Delivery
PUR_006818,CUST_01919,PROD_0071,Bluetooth Headset,1029.05,2026-05-06,Mobile Money
PUR_006819,CUST_01920,PROD_0178,Gas Cooker (4-Burner),104.91,2026-06-30,Mobile Money
PUR_006820,CUST_01921,PROD_0127,Microwave Oven,325.85,2025-10-25,Mobile Money
PUR_006821,CUST_01921,PROD_0067,iPhone 13,1777.74,2026-02-07,Mobile Money
PUR_006822,CUST_01921,PROD_0291,Exercise Books Pack,56.42,2026-03-25,Mobile Money
PUR_006823,CUST_01921,PROD_0020,Kente Print Shirt,88.9,2026-03-26,Card
PUR_006824,CUST_01921,PROD_0069,Phone Charger (Type-C),996.31,2026-04-07,Mobile Money
PUR_006825,CUST_01921,PROD_0258,Yoga Mat,196.21,2026-07-08,Mobile Money
PUR_006826,CUST_01921,PROD_0210,Braided Hair Extension,31.33,2026-08-08,Mobile Money
PUR_006827,CUST_01923,PROD_0096,Bluetooth Headset,4845.02,2026-03-15,Mobile Money
PUR_006828,CUST_01923,PROD_0007,Kente Print Shirt,531.61,2026-04-27,Mobile Money
PUR_006829,CUST_01924,PROD_0084,Samsung Galaxy A14,2169.23,2026-05-29,Cash on Delivery
PUR_006830,CUST_01925,PROD_0217,Sunscreen SPF50,25.45,2025-09-21,Cash on Delivery
PUR_006831,CUST_01925,PROD_0232,Bathroom Weighing Scale,54.86,2025-12-23,Mobile Money
PUR_006832,CUST_01925,PROD_0125,LED Bulb Pack,362.92,2026-04-21,Cash on Delivery
PUR_006833,CUST_01928,PROD_0232,Bathroom Weighing Scale,53.25,2026-02-28,Mobile Money
PUR_006834,CUST_01928,PROD_0118,Power Bank 20000mAh,1626.19,2026-03-25,Mobile Money
PUR_006835,CUST_01928,PROD_0235,Bathroom Weighing Scale,132.57,2026-04-15,Mobile Money
PUR_006836,CUST_01928,PROD_0001,Traditional Smock (Fugu),69.45,2026-04-25,Card
PUR_006837,CUST_01928,PROD_0005,Men's Casual Blazer,138.81,2026-05-30,Mobile Money
PUR_006838,CUST_01928,PROD_0275,Kids' Bicycle,172.88,2026-06-05,Mobile Money
PUR_006839,CUST_01928,PROD_0287,Highlighter Set,26.02,2026-06-21,Mobile Money
PUR_006840,CUST_01928,PROD_0004,Men's Slim Fit Jeans,94.9,2026-07-14,Mobile Money
PUR_006841,CUST_01928,PROD_0055,Kente Print Shirt,171.73,2026-08-02,Mobile Money
PUR_006842,CUST_01928,PROD_0234,Multivitamin Tablets,70.13,2026-08-12,Mobile Money
PUR_006843,CUST_01929,PROD_0126,Gaming Console,1402.75,2026-05-07,Bank Transfer
PUR_006844,CUST_01931,PROD_0172,Curtain Set,85.91,2025-12-14,Card
PUR_006845,CUST_01931,PROD_0023,Kente Print Shirt,257.89,2026-01-16,Mobile Money
PUR_006846,CUST_01931,PROD_0109,Phone Screen Protector,190.21,2026-02-16,Card
PUR_006847,CUST_01931,PROD_0272,Baby Carrier,109.65,2026-04-01,Card
PUR_006848,CUST_01931,PROD_0166,Gas Cooker (4-Burner),295.71,2026-06-02,Mobile Money
PUR_006849,CUST_01931,PROD_0121,Blender (4L),292.05,2026-07-17,Mobile Money
PUR_006850,CUST_01931,PROD_0121,Blender (4L),446.53,2026-08-05,Mobile Money
PUR_006851,CUST_01932,PROD_0176,Curtain Set,198.46,2026-03-08,Cash on Delivery
PUR_006852,CUST_01932,PROD_0238,Digital Blood Pressure Monitor,161.67,2026-03-15,Mobile Money
PUR_006853,CUST_01932,PROD_0272,Baby Carrier,94.75,2026-05-07,Bank Transfer
PUR_006854,CUST_01932,PROD_0203,Braided Hair Extension,57.28,2026-05-27,Cash on Delivery
PUR_006855,CUST_01932,PROD_0246,Face Mask Pack (50pcs),109.31,2026-05-28,Card
PUR_006856,CUST_01932,PROD_0023,Kente Print Shirt,322.42,2026-07-07,Mobile Money
PUR_006857,CUST_01932,PROD_0166,Gas Cooker (4-Burner),512.02,2026-07-22,Mobile Money
PUR_006858,CUST_01933,PROD_0001,Traditional Smock (Fugu),117.42,2026-04-28,Mobile Money
PUR_006859,CUST_01933,PROD_0290,Exercise Books Pack,27.49,2026-06-13,Cash on Delivery
PUR_006860,CUST_01933,PROD_0179,Wall Clock,197.43,2026-06-29,Mobile Money
PUR_006861,CUST_01934,PROD_0074,Phone Screen Protector,300.03,2026-01-10,Mobile Money
PUR_006862,CUST_01934,PROD_0086,Tecno Spark 10,1833.71,2026-05-07,Mobile Money
PUR_006863,CUST_01934,PROD_0001,Traditional Smock (Fugu),98.06,2026-06-22,Mobile Money
PUR_006864,CUST_01934,PROD_0204,Beard Grooming Kit,37.01,2026-06-23,Mobile Money
PUR_006865,CUST_01934,PROD_0234,Multivitamin Tablets,71.9,2026-07-12,Mobile Money
PUR_006866,CUST_01934,PROD_0284,Baby Bath Tub,320.32,2026-09-02,Card
PUR_006867,CUST_01935,PROD_0206,Braided Hair Extension,49.33,2026-03-01,Mobile Money
PUR_006868,CUST_01935,PROD_0255,Water Bottle (1L),243.09,2026-06-09,Mobile Money
PUR_006869,CUST_01935,PROD_0026,Men's Casual Blazer,61.72,2026-08-26,Mobile Money
PUR_006870,CUST_01936,PROD_0002,Ladies Kaftan Gown,213.43,2025-04-21,Card
PUR_006871,CUST_01936,PROD_0081,Phone Charger (Type-C),193.4,2025-12-30,Bank Transfer
PUR_006872,CUST_01937,PROD_0121,Blender (4L),98.13,2026-05-16,Card
PUR_006873,CUST_01937,PROD_0149,Gaming Console,973.46,2026-06-10,Cash on Delivery
PUR_006874,CUST_01937,PROD_0075,Redmi Note 12,5120.82,2026-07-15,Cash on Delivery
PUR_006875,CUST_01937,PROD_0007,Kente Print Shirt,131.59,2026-08-05,Mobile Money
PUR_006876,CUST_01937,PROD_0203,Braided Hair Extension,130.5,2026-08-06,Card
PUR_006877,CUST_01938,PROD_0080,Infinix Hot 30,161.2,2025-08-19,Cash on Delivery
PUR_006878,CUST_01938,PROD_0225,Facial Cleanser,97.44,2026-02-19,Mobile Money
PUR_006879,CUST_01943,PROD_0257,Running Shoes,385.23,2025-07-10,Card
PUR_006880,CUST_01943,PROD_0067,iPhone 13,2403.57,2026-02-07,Mobile Money
PUR_006881,CUST_01943,PROD_0067,iPhone 13,1915.0,2026-08-03,Bank Transfer
PUR_006882,CUST_01944,PROD_0133,Bluetooth Speaker,2132.12,2026-08-10,Cash on Delivery
PUR_006883,CUST_01945,PROD_0221,Nail Polish Set,55.89,2025-04-22,Mobile Money
PUR_006884,CUST_01945,PROD_0202,Deodorant Roll-on,115.59,2025-08-20,Cash on Delivery
PUR_006885,CUST_01945,PROD_0073,Redmi Note 12,207.24,2025-11-12,Cash on Delivery
PUR_006886,CUST_01945,PROD_0017,Men's Formal Suit,93.3,2026-02-05,Mobile Money
PUR_006887,CUST_01945,PROD_0161,Microwave Oven,629.76,2026-02-08,Cash on Delivery
PUR_006888,CUST_01945,PROD_0122,Electric Iron,192.3,2026-02-15,Cash on Delivery
PUR_006889,CUST_01945,PROD_0053,Traditional Smock (Fugu),67.29,2026-03-30,Cash on Delivery
PUR_006890,CUST_01945,PROD_0296,Garri (2kg),93.69,2026-08-10,Bank Transfer
PUR_006891,CUST_01946,PROD_0271,Kids' Bicycle,54.03,2026-05-15,Cash on Delivery
PUR_006892,CUST_01947,PROD_0079,iPhone 13,4482.51,2026-06-20,Card
PUR_006893,CUST_01947,PROD_0243,Protein Powder,23.14,2026-07-20,Mobile Money
PUR_006894,CUST_01947,PROD_0195,Kitchen Knife Set,63.88,2026-08-12,Mobile Money
PUR_006895,CUST_01947,PROD_0241,Digital Thermometer,55.4,2026-08-28,Mobile Money
PUR_006896,CUST_01949,PROD_0121,Blender (4L),532.44,2026-06-03,Mobile Money
PUR_006897,CUST_01949,PROD_0081,Phone Charger (Type-C),2471.18,2026-06-10,Mobile Money
PUR_006898,CUST_01950,PROD_0166,Gas Cooker (4-Burner),211.08,2026-03-13,Cash on Delivery
PUR_006899,CUST_01950,PROD_0058,Men's Slim Fit Jeans,295.45,2026-03-19,Mobile Money
PUR_006900,CUST_01950,PROD_0184,Wall Clock,326.12,2026-03-21,Mobile Money
PUR_006901,CUST_01950,PROD_0020,Kente Print Shirt,43.17,2026-03-24,Cash on Delivery
PUR_006902,CUST_01950,PROD_0253,Running Shoes,114.81,2026-03-27,Mobile Money
PUR_006903,CUST_01950,PROD_0136,Laptop (Core i5),125.16,2026-03-29,Cash on Delivery
PUR_006904,CUST_01950,PROD_0178,Gas Cooker (4-Burner),111.91,2026-03-30,Cash on Delivery
PUR_006905,CUST_01950,PROD_0280,Baby Diapers Pack,113.5,2026-04-09,Mobile Money
PUR_006906,CUST_01950,PROD_0069,Phone Charger (Type-C),528.66,2026-04-24,Mobile Money
PUR_006907,CUST_01950,PROD_0256,Camping Tent,78.91,2026-04-27,Cash on Delivery
PUR_006908,CUST_01950,PROD_0001,Traditional Smock (Fugu),121.55,2026-05-01,Card
PUR_006909,CUST_01950,PROD_0277,Feeding Bottle Set,71.21,2026-05-09,Mobile Money
PUR_006910,CUST_01950,PROD_0095,Phone Charger (Type-C),855.54,2026-05-10,Card
PUR_006911,CUST_01950,PROD_0186,Storage Containers Set,73.49,2026-05-15,Mobile Money
PUR_006912,CUST_01950,PROD_0036,Leather Sandals,93.08,2026-05-15,Mobile Money
PUR_006913,CUST_01950,PROD_0258,Yoga Mat,155.48,2026-05-15,Mobile Money
PUR_006914,CUST_01950,PROD_0070,Phone Charger (Type-C),5106.76,2026-05-17,Mobile Money
PUR_006915,CUST_01950,PROD_0256,Camping Tent,134.67,2026-05-18,Cash on Delivery
PUR_006916,CUST_01950,PROD_0256,Camping Tent,271.65,2026-05-19,Card
PUR_006917,CUST_01950,PROD_0119,iPhone 13,1197.54,2026-05-20,Mobile Money
PUR_006918,CUST_01950,PROD_0177,Rice Cooker,194.1,2026-05-23,Bank Transfer
PUR_006919,CUST_01950,PROD_0006,Men's Casual Blazer,222.56,2026-05-24,Cash on Delivery
PUR_006920,CUST_01950,PROD_0132,Electric Iron,208.2,2026-05-28,Mobile Money
PUR_006921,CUST_01950,PROD_0008,Kente Print Shirt,120.89,2026-05-31,Cash on Delivery
PUR_006922,CUST_01950,PROD_0068,Redmi Note 12,351.4,2026-06-01,Mobile Money
PUR_006923,CUST_01950,PROD_0132,Electric Iron,315.05,2026-06-01,Cash on Delivery
PUR_006924,CUST_01950,PROD_0241,Digital Thermometer,147.84,2026-06-04,Cash on Delivery
PUR_006925,CUST_01950,PROD_0009,Ladies Kaftan Gown,125.6,2026-06-04,Cash on Delivery
PUR_006926,CUST_01950,PROD_0286,Hardcover Notebook,70.72,2026-06-14,Mobile Money
PUR_006927,CUST_01950,PROD_0239,Vitamin C Supplements,121.82,2026-06-18,Card
PUR_006928,CUST_01950,PROD_0002,Ladies Kaftan Gown,535.48,2026-06-28,Cash on Delivery
PUR_006929,CUST_01950,PROD_0001,Traditional Smock (Fugu),145.87,2026-07-04,Mobile Money
PUR_006930,CUST_01950,PROD_0071,Bluetooth Headset,149.06,2026-07-06,Cash on Delivery
PUR_006931,CUST_01950,PROD_0121,Blender (4L),564.91,2026-07-06,Card
PUR_006932,CUST_01950,PROD_0066,Men's Slim Fit Jeans,837.73,2026-07-07,Cash on Delivery
PUR_006933,CUST_01950,PROD_0206,Braided Hair Extension,77.33,2026-07-09,Mobile Money
PUR_006934,CUST_01950,PROD_0136,Laptop (Core i5),305.51,2026-07-12,Cash on Delivery
PUR_006935,CUST_01950,PROD_0240,Digital Thermometer,44.7,2026-07-14,Mobile Money
PUR_006936,CUST_01950,PROD_0288,Scientific Calculator,43.69,2026-07-15,Card
PUR_006937,CUST_01950,PROD_0200,Dining Table Set,343.17,2026-07-16,Mobile Money
PUR_006938,CUST_01950,PROD_0239,Vitamin C Supplements,55.67,2026-07-19,Mobile Money
PUR_006939,CUST_01950,PROD_0130,Rechargeable Fan,105.13,2026-07-20,Card
PUR_006940,CUST_01950,PROD_0096,Bluetooth Headset,1463.68,2026-07-22,Mobile Money
PUR_006941,CUST_01950,PROD_0272,Baby Carrier,115.89,2026-07-22,Mobile Money
PUR_006942,CUST_01950,PROD_0122,Electric Iron,382.52,2026-07-22,Mobile Money
PUR_006943,CUST_01950,PROD_0072,Phone Screen Protector,2837.89,2026-07-22,Card
PUR_006944,CUST_01950,PROD_0040,Men's Slim Fit Jeans,75.83,2026-07-27,Mobile Money
PUR_006945,CUST_01950,PROD_0202,Deodorant Roll-on,48.58,2026-07-28,Card
PUR_006946,CUST_01950,PROD_0170,Rice Cooker,257.77,2026-07-29,Card
PUR_006947,CUST_01950,PROD_0166,Gas Cooker (4-Burner),1030.78,2026-07-30,Cash on Delivery
PUR_006948,CUST_01950,PROD_0207,Skin Toner,81.85,2026-08-04,Mobile Money
PUR_006949,CUST_01950,PROD_0202,Deodorant Roll-on,42.76,2026-08-06,Bank Transfer
PUR_006950,CUST_01950,PROD_0067,iPhone 13,2221.23,2026-08-12,Cash on Delivery
PUR_006951,CUST_01950,PROD_0003,Cotton Polo Shirt,178.19,2026-08-15,Cash on Delivery
PUR_006952,CUST_01950,PROD_0263,Dumbbell Set,378.76,2026-08-16,Mobile Money
PUR_006953,CUST_01950,PROD_0128,Air Conditioner (1.5HP),143.29,2026-08-19,Cash on Delivery
PUR_006954,CUST_01950,PROD_0134,Gaming Console,586.97,2026-08-19,Mobile Money
PUR_006955,CUST_01950,PROD_0125,LED Bulb Pack,1345.69,2026-08-23,Mobile Money
PUR_006956,CUST_01950,PROD_0236,Glucometer Kit,21.61,2026-08-25,Mobile Money
PUR_006957,CUST_01950,PROD_0151,Extension Socket,581.85,2026-08-27,Mobile Money
PUR_006958,CUST_01950,PROD_0155,Bluetooth Speaker,431.06,2026-08-29,Mobile Money
PUR_006959,CUST_01950,PROD_0243,Protein Powder,158.87,2026-08-30,Card
PUR_006960,CUST_01950,PROD_0008,Kente Print Shirt,79.87,2026-08-30,Card
PUR_006961,CUST_01950,PROD_0154,Gaming Console,366.57,2026-08-31,Mobile Money
PUR_006962,CUST_01950,PROD_0219,Braided Hair Extension,42.75,2026-09-01,Cash on Delivery
PUR_006963,CUST_01950,PROD_0234,Multivitamin Tablets,117.99,2026-09-04,Mobile Money
PUR_006964,CUST_01953,PROD_0233,Multivitamin Tablets,83.13,2025-09-22,Mobile Money
PUR_006965,CUST_01953,PROD_0214,Deodorant Roll-on,51.41,2025-10-14,Mobile Money
PUR_006966,CUST_01953,PROD_0271,Kids' Bicycle,124.77,2025-10-18,Mobile Money
PUR_006967,CUST_01953,PROD_0261,Camping Tent,789.72,2025-11-02,Cash on Delivery
PUR_006968,CUST_01953,PROD_0102,Samsung Galaxy A14,1215.69,2025-11-24,Card
PUR_006969,CUST_01953,PROD_0001,Traditional Smock (Fugu),147.83,2025-11-30,Cash on Delivery
PUR_006970,CUST_01953,PROD_0240,Digital Thermometer,53.77,2026-02-18,Mobile Money
PUR_006971,CUST_01953,PROD_0018,Men's Formal Suit,70.22,2026-02-23,Mobile Money
PUR_006972,CUST_01953,PROD_0259,Basketball,94.46,2026-03-26,Mobile Money
PUR_006973,CUST_01953,PROD_0284,Baby Bath Tub,23.83,2026-03-27,Mobile Money
PUR_006974,CUST_01953,PROD_0077,Bluetooth Headset,494.96,2026-04-12,Mobile Money
PUR_006975,CUST_01953,PROD_0075,Redmi Note 12,610.81,2026-04-21,Cash on Delivery
PUR_006976,CUST_01953,PROD_0232,Bathroom Weighing Scale,48.47,2026-04-25,Cash on Delivery
PUR_006977,CUST_01953,PROD_0123,Electric Iron,222.72,2026-04-26,Card
PUR_006978,CUST_01953,PROD_0290,Exercise Books Pack,49.89,2026-04-27,Mobile Money
PUR_006979,CUST_01953,PROD_0008,Kente Print Shirt,95.11,2026-04-28,Cash on Delivery
PUR_006980,CUST_01953,PROD_0288,Scientific Calculator,29.32,2026-05-03,Card
PUR_006981,CUST_01953,PROD_0080,Infinix Hot 30,438.17,2026-05-05,Mobile Money
PUR_006982,CUST_01953,PROD_0001,Traditional Smock (Fugu),89.14,2026-05-06,Card
PUR_006983,CUST_01953,PROD_0010,Traditional Smock (Fugu),130.03,2026-05-07,Mobile Money
PUR_006984,CUST_01953,PROD_0232,Bathroom Weighing Scale,207.5,2026-05-08,Mobile Money
PUR_006985,CUST_01953,PROD_0175,Kitchen Knife Set,617.02,2026-05-15,Mobile Money
PUR_006986,CUST_01953,PROD_0001,Traditional Smock (Fugu),190.84,2026-05-19,Mobile Money
PUR_006987,CUST_01953,PROD_0014,Men's Slim Fit Jeans,97.14,2026-05-26,Mobile Money
PUR_006988,CUST_01953,PROD_0022,Denim Jacket,62.05,2026-06-06,Mobile Money
PUR_006989,CUST_01953,PROD_0074,Phone Screen Protector,394.04,2026-06-07,Mobile Money
PUR_006990,CUST_01953,PROD_0007,Kente Print Shirt,38.34,2026-06-07,Card
PUR_006991,CUST_01953,PROD_0273,Baby Diapers Pack,74.21,2026-06-10,Cash on Delivery
PUR_006992,CUST_01953,PROD_0011,Unisex Sneakers,82.77,2026-06-11,Cash on Delivery
PUR_006993,CUST_01953,PROD_0166,Gas Cooker (4-Burner),145.99,2026-06-11,Cash on Delivery
PUR_006994,CUST_01953,PROD_0126,Gaming Console,670.32,2026-06-14,Mobile Money
PUR_006995,CUST_01953,PROD_0144,Bluetooth Speaker,400.77,2026-06-18,Card
PUR_006996,CUST_01953,PROD_0006,Men's Casual Blazer,99.8,2026-06-22,Mobile Money
PUR_006997,CUST_01953,PROD_0088,Universal Phone Case,3262.79,2026-07-02,Mobile Money
PUR_006998,CUST_01953,PROD_0201,Storage Containers Set,369.69,2026-07-04,Mobile Money
PUR_006999,CUST_01953,PROD_0074,Phone Screen Protector,830.89,2026-07-07,Cash on Delivery
PUR_007000,CUST_01953,PROD_0269,Yoga Mat,227.96,2026-07-08,Cash on Delivery
PUR_007001,CUST_01953,PROD_0112,Itel Vision 3,476.73,2026-07-22,Mobile Money
PUR_007002,CUST_01953,PROD_0087,Huawei MatePad,2129.47,2026-07-30,Cash on Delivery
PUR_007003,CUST_01953,PROD_0079,iPhone 13,261.12,2026-08-05,Bank Transfer
PUR_007004,CUST_01953,PROD_0235,Bathroom Weighing Scale,42.6,2026-08-20,Cash on Delivery
PUR_007005,CUST_01953,PROD_0024,Women's Maxi Dress,36.59,2026-08-28,Cash on Delivery
PUR_007006,CUST_01953,PROD_0002,Ladies Kaftan Gown,163.1,2026-09-04,Cash on Delivery
PUR_007007,CUST_01954,PROD_0007,Kente Print Shirt,43.15,2026-01-31,Mobile Money
PUR_007008,CUST_01954,PROD_0121,Blender (4L),171.35,2026-02-03,Card
PUR_007009,CUST_01954,PROD_0059,Men's Casual Blazer,99.86,2026-03-10,Cash on Delivery
PUR_007010,CUST_01954,PROD_0228,Sunscreen SPF50,57.93,2026-03-22,Cash on Delivery
PUR_007011,CUST_01954,PROD_0067,iPhone 13,1123.36,2026-05-09,Mobile Money
PUR_007012,CUST_01954,PROD_0001,Traditional Smock (Fugu),294.85,2026-08-14,Mobile Money
PUR_007013,CUST_01954,PROD_0167,Bedsheet Set (Queen),218.39,2026-08-22,Mobile Money
PUR_007014,CUST_01955,PROD_0041,Denim Jacket,66.61,2024-01-04,Mobile Money
PUR_007015,CUST_01955,PROD_0116,Universal Phone Case,1300.11,2024-01-23,Mobile Money
PUR_007016,CUST_01955,PROD_0014,Men's Slim Fit Jeans,64.06,2026-03-01,Mobile Money
PUR_007017,CUST_01956,PROD_0018,Men's Formal Suit,65.04,2024-04-15,Cash on Delivery
PUR_007018,CUST_01956,PROD_0012,Children's T-Shirt Set,124.65,2024-09-05,Mobile Money
PUR_007019,CUST_01956,PROD_0003,Cotton Polo Shirt,95.44,2025-04-04,Cash on Delivery
PUR_007020,CUST_01956,PROD_0167,Bedsheet Set (Queen),130.82,2025-12-03,Mobile Money
PUR_007021,CUST_01956,PROD_0103,Power Bank 20000mAh,632.82,2026-03-01,Cash on Delivery
PUR_007022,CUST_01957,PROD_0203,Braided Hair Extension,46.77,2026-01-19,Mobile Money
PUR_007023,CUST_01957,PROD_0146,Home Theater System,1567.52,2026-04-01,Cash on Delivery
PUR_007024,CUST_01957,PROD_0002,Ladies Kaftan Gown,156.93,2026-04-22,Card
PUR_007025,CUST_01957,PROD_0245,Protein Powder,51.08,2026-08-16,Mobile Money
PUR_007026,CUST_01959,PROD_0272,Baby Carrier,43.2,2026-06-18,Card
PUR_007027,CUST_01959,PROD_0265,Cycling Helmet,635.35,2026-07-29,Cash on Delivery
PUR_007028,CUST_01960,PROD_0232,Bathroom Weighing Scale,66.71,2026-03-06,Cash on Delivery
PUR_007029,CUST_01960,PROD_0232,Bathroom Weighing Scale,20.54,2026-05-13,Card
PUR_007030,CUST_01961,PROD_0165,Microwave Oven,247.03,2026-07-22,Mobile Money
PUR_007031,CUST_01962,PROD_0009,Ladies Kaftan Gown,156.43,2026-03-24,Mobile Money
PUR_007032,CUST_01962,PROD_0204,Beard Grooming Kit,80.05,2026-04-01,Mobile Money
PUR_007033,CUST_01962,PROD_0123,Electric Iron,246.49,2026-04-12,Mobile Money
PUR_007034,CUST_01962,PROD_0166,Gas Cooker (4-Burner),95.02,2026-04-17,Cash on Delivery
PUR_007035,CUST_01962,PROD_0001,Traditional Smock (Fugu),57.32,2026-04-24,Cash on Delivery
PUR_007036,CUST_01962,PROD_0127,Microwave Oven,829.0,2026-04-25,Mobile Money
PUR_007037,CUST_01962,PROD_0114,Phone Charger (Type-C),268.43,2026-04-29,Bank Transfer
PUR_007038,CUST_01962,PROD_0121,Blender (4L),2269.66,2026-05-02,Cash on Delivery
PUR_007039,CUST_01962,PROD_0050,Leather Sandals,146.3,2026-05-10,Mobile Money
PUR_007040,CUST_01962,PROD_0289,Kids' Storybook,38.8,2026-05-21,Mobile Money
PUR_007041,CUST_01962,PROD_0221,Nail Polish Set,50.32,2026-05-25,Cash on Delivery
PUR_007042,CUST_01962,PROD_0004,Men's Slim Fit Jeans,281.0,2026-06-06,Mobile Money
PUR_007043,CUST_01962,PROD_0253,Running Shoes,60.83,2026-06-12,Mobile Money
PUR_007044,CUST_01962,PROD_0050,Leather Sandals,197.4,2026-06-16,Card
PUR_007045,CUST_01962,PROD_0067,iPhone 13,2471.37,2026-06-17,Mobile Money
PUR_007046,CUST_01962,PROD_0215,Skin Toner,106.81,2026-07-02,Mobile Money
PUR_007047,CUST_01962,PROD_0004,Men's Slim Fit Jeans,138.32,2026-07-04,Mobile Money
PUR_007048,CUST_01962,PROD_0005,Men's Casual Blazer,385.04,2026-07-05,Cash on Delivery
PUR_007049,CUST_01962,PROD_0010,Traditional Smock (Fugu),157.36,2026-07-06,Mobile Money
PUR_007050,CUST_01962,PROD_0202,Deodorant Roll-on,69.72,2026-07-07,Mobile Money
PUR_007051,CUST_01962,PROD_0168,Rice Cooker,217.98,2026-07-12,Cash on Delivery
PUR_007052,CUST_01962,PROD_0138,Microwave Oven,382.26,2026-07-16,Mobile Money
PUR_007053,CUST_01962,PROD_0002,Ladies Kaftan Gown,310.42,2026-07-17,Mobile Money
PUR_007054,CUST_01962,PROD_0126,Gaming Console,408.13,2026-07-21,Mobile Money
PUR_007055,CUST_01962,PROD_0001,Traditional Smock (Fugu),228.02,2026-07-28,Mobile Money
PUR_007056,CUST_01962,PROD_0001,Traditional Smock (Fugu),113.98,2026-07-29,Cash on Delivery
PUR_007057,CUST_01962,PROD_0079,iPhone 13,853.28,2026-07-31,Cash on Delivery
PUR_007058,CUST_01962,PROD_0171,Sofa Set,199.36,2026-08-02,Cash on Delivery
PUR_007059,CUST_01962,PROD_0204,Beard Grooming Kit,236.27,2026-08-03,Mobile Money
PUR_007060,CUST_01962,PROD_0191,Rice Cooker,152.25,2026-08-05,Card
PUR_007061,CUST_01962,PROD_0067,iPhone 13,3343.51,2026-08-06,Mobile Money
PUR_007062,CUST_01962,PROD_0073,Redmi Note 12,1709.68,2026-08-06,Mobile Money
PUR_007063,CUST_01962,PROD_0121,Blender (4L),3139.25,2026-08-13,Mobile Money
PUR_007064,CUST_01962,PROD_0211,Shea Butter Body Lotion,64.14,2026-08-13,Card
PUR_007065,CUST_01962,PROD_0151,Extension Socket,522.06,2026-08-16,Mobile Money
PUR_007066,CUST_01962,PROD_0272,Baby Carrier,153.39,2026-08-16,Bank Transfer
PUR_007067,CUST_01962,PROD_0226,Hair Dryer,102.37,2026-08-16,Cash on Delivery
PUR_007068,CUST_01962,PROD_0090,Itel Vision 3,1061.25,2026-08-18,Cash on Delivery
PUR_007069,CUST_01962,PROD_0037,Wax Print Skirt,100.23,2026-08-21,Mobile Money
PUR_007070,CUST_01962,PROD_0232,Bathroom Weighing Scale,96.76,2026-08-23,Mobile Money
PUR_007071,CUST_01962,PROD_0135,LED Bulb Pack,223.23,2026-08-24,Card
PUR_007072,CUST_01962,PROD_0192,Dining Table Set,173.23,2026-08-27,Mobile Money
PUR_007073,CUST_01962,PROD_0300,Canned Tuna,46.02,2026-08-29,Mobile Money
PUR_007074,CUST_01962,PROD_0294,A4 Printing Paper Ream,41.06,2026-08-29,Card
PUR_007075,CUST_01963,PROD_0075,Redmi Note 12,497.2,2025-12-23,Cash on Delivery
PUR_007076,CUST_01963,PROD_0001,Traditional Smock (Fugu),139.07,2026-06-03,Mobile Money
PUR_007077,CUST_01964,PROD_0121,Blender (4L),706.1,2026-06-02,Mobile Money
PUR_007078,CUST_01965,PROD_0041,Denim Jacket,91.38,2025-12-22,Card
PUR_007079,CUST_01965,PROD_0098,Power Bank 20000mAh,1922.74,2026-01-17,Card
PUR_007080,CUST_01965,PROD_0142,Gaming Console,439.47,2026-03-15,Card
PUR_007081,CUST_01965,PROD_0072,Phone Screen Protector,4592.88,2026-04-03,Cash on Delivery
PUR_007082,CUST_01965,PROD_0060,Ankara Print Dress,176.11,2026-08-27,Card
PUR_007083,CUST_01966,PROD_0007,Kente Print Shirt,225.82,2026-01-22,Mobile Money
PUR_007084,CUST_01966,PROD_0126,Gaming Console,537.43,2026-04-29,Mobile Money
PUR_007085,CUST_01966,PROD_0015,Unisex Sneakers,101.85,2026-06-02,Mobile Money
PUR_007086,CUST_01966,PROD_0206,Braided Hair Extension,45.55,2026-08-15,Cash on Delivery
PUR_007087,CUST_01974,PROD_0210,Braided Hair Extension,134.17,2026-05-24,Cash on Delivery
PUR_007088,CUST_01974,PROD_0058,Men's Slim Fit Jeans,152.77,2026-06-16,Mobile Money
PUR_007089,CUST_01974,PROD_0168,Rice Cooker,489.14,2026-07-20,Mobile Money
PUR_007090,CUST_01974,PROD_0184,Wall Clock,123.74,2026-08-31,Mobile Money
PUR_007091,CUST_01975,PROD_0294,A4 Printing Paper Ream,100.47,2026-08-22,Mobile Money
PUR_007092,CUST_01976,PROD_0067,iPhone 13,618.59,2024-08-30,Cash on Delivery
PUR_007093,CUST_01976,PROD_0130,Rechargeable Fan,2335.34,2024-12-01,Mobile Money
PUR_007094,CUST_01976,PROD_0286,Hardcover Notebook,35.35,2025-01-29,Card
PUR_007095,CUST_01976,PROD_0170,Rice Cooker,226.65,2025-10-02,Cash on Delivery
PUR_007096,CUST_01976,PROD_0067,iPhone 13,1647.06,2026-08-30,Card
PUR_007097,CUST_01979,PROD_0041,Denim Jacket,99.11,2025-07-13,Mobile Money
PUR_007098,CUST_01979,PROD_0005,Men's Casual Blazer,85.55,2026-06-23,Bank Transfer
PUR_007099,CUST_01979,PROD_0070,Phone Charger (Type-C),1318.2,2026-07-22,Mobile Money
PUR_007100,CUST_01980,PROD_0075,Redmi Note 12,3063.23,2025-05-14,Cash on Delivery
PUR_007101,CUST_01980,PROD_0232,Bathroom Weighing Scale,35.48,2026-04-04,Mobile Money
PUR_007102,CUST_01980,PROD_0166,Gas Cooker (4-Burner),136.89,2026-05-08,Bank Transfer
PUR_007103,CUST_01980,PROD_0259,Basketball,237.31,2026-05-30,Bank Transfer
PUR_007104,CUST_01980,PROD_0171,Sofa Set,221.46,2026-06-17,Mobile Money
PUR_007105,CUST_01981,PROD_0003,Cotton Polo Shirt,150.34,2026-08-24,Cash on Delivery
PUR_007106,CUST_01982,PROD_0218,Skin Toner,39.04,2026-02-07,Mobile Money
PUR_007107,CUST_01983,PROD_0042,Wax Print Skirt,283.98,2026-07-05,Mobile Money
PUR_007108,CUST_01985,PROD_0178,Gas Cooker (4-Burner),132.01,2026-08-08,Card
PUR_007109,CUST_01985,PROD_0001,Traditional Smock (Fugu),301.19,2026-09-03,Mobile Money
PUR_007110,CUST_01987,PROD_0093,Samsung Galaxy A14,1252.48,2025-11-07,Cash on Delivery
PUR_007111,CUST_01988,PROD_0281,Educational Toy Set,87.34,2026-07-16,Bank Transfer
PUR_007112,CUST_01990,PROD_0286,Hardcover Notebook,20.71,2026-06-12,Card
PUR_007113,CUST_01990,PROD_0067,iPhone 13,292.77,2026-08-28,Mobile Money
PUR_007114,CUST_01991,PROD_0115,Phone Charger (Type-C),1878.07,2025-04-04,Mobile Money
PUR_007115,CUST_01991,PROD_0002,Ladies Kaftan Gown,140.55,2025-12-19,Cash on Delivery
PUR_007116,CUST_01991,PROD_0011,Unisex Sneakers,250.61,2025-12-19,Mobile Money
PUR_007117,CUST_01996,PROD_0202,Deodorant Roll-on,42.52,2025-09-01,Cash on Delivery
PUR_007118,CUST_01996,PROD_0067,iPhone 13,277.29,2025-10-30,Cash on Delivery
PUR_007119,CUST_01996,PROD_0005,Men's Casual Blazer,290.74,2025-12-25,Mobile Money
PUR_007120,CUST_01996,PROD_0181,Storage Containers Set,164.95,2025-12-28,Mobile Money
PUR_007121,CUST_01996,PROD_0168,Rice Cooker,518.53,2026-02-04,Cash on Delivery
PUR_007122,CUST_01996,PROD_0029,Women's Maxi Dress,126.26,2026-02-25,Mobile Money
PUR_007123,CUST_01996,PROD_0071,Bluetooth Headset,548.23,2026-05-18,Mobile Money
PUR_007124,CUST_01996,PROD_0099,Huawei MatePad,1154.32,2026-06-16,Bank Transfer
PUR_007125,CUST_01996,PROD_0193,Cutlery Set,424.44,2026-06-20,Mobile Money
PUR_007126,CUST_01996,PROD_0021,Leather Sandals,104.06,2026-06-21,Card
PUR_007127,CUST_01996,PROD_0255,Water Bottle (1L),195.81,2026-06-26,Cash on Delivery
PUR_007128,CUST_01996,PROD_0146,Home Theater System,1462.69,2026-07-12,Card
PUR_007129,CUST_01996,PROD_0019,Men's Casual Blazer,106.53,2026-08-01,Card
PUR_007130,CUST_01996,PROD_0003,Cotton Polo Shirt,40.63,2026-08-07,Mobile Money
PUR_007131,CUST_01996,PROD_0166,Gas Cooker (4-Burner),130.12,2026-08-15,Mobile Money
PUR_007132,CUST_01996,PROD_0032,Men's Formal Suit,179.11,2026-08-31,Mobile Money
PUR_007133,CUST_01997,PROD_0123,Electric Iron,2894.18,2024-05-26,Cash on Delivery
PUR_007134,CUST_02002,PROD_0267,Cycling Helmet,131.62,2026-05-29,Cash on Delivery
PUR_007135,CUST_02002,PROD_0166,Gas Cooker (4-Burner),252.89,2026-08-08,Mobile Money
PUR_007136,CUST_02004,PROD_0006,Men's Casual Blazer,315.6,2026-06-19,Mobile Money
PUR_007137,CUST_02004,PROD_0128,Air Conditioner (1.5HP),788.39,2026-07-12,Card
PUR_007138,CUST_02004,PROD_0068,Redmi Note 12,1071.69,2026-08-10,Mobile Money
PUR_007139,CUST_02004,PROD_0009,Ladies Kaftan Gown,336.32,2026-08-16,Card
PUR_007140,CUST_02005,PROD_0221,Nail Polish Set,52.66,2026-07-20,Mobile Money
PUR_007141,CUST_02005,PROD_0253,Running Shoes,313.75,2026-08-17,Cash on Delivery
PUR_007142,CUST_02006,PROD_0077,Bluetooth Headset,5682.1,2026-01-10,Card
PUR_007143,CUST_02006,PROD_0232,Bathroom Weighing Scale,26.43,2026-05-21,Mobile Money
PUR_007144,CUST_02006,PROD_0069,Phone Charger (Type-C),877.67,2026-05-28,Cash on Delivery
PUR_007145,CUST_02007,PROD_0099,Huawei MatePad,734.44,2026-03-04,Mobile Money
PUR_007146,CUST_02007,PROD_0273,Baby Diapers Pack,91.15,2026-03-08,Mobile Money
PUR_007147,CUST_02007,PROD_0239,Vitamin C Supplements,125.05,2026-03-26,Cash on Delivery
PUR_007148,CUST_02007,PROD_0122,Electric Iron,902.24,2026-04-23,Mobile Money
PUR_007149,CUST_02007,PROD_0176,Curtain Set,141.82,2026-05-02,Mobile Money
PUR_007150,CUST_02007,PROD_0287,Highlighter Set,46.39,2026-05-04,Mobile Money
PUR_007151,CUST_02007,PROD_0031,Cotton Polo Shirt,208.85,2026-05-11,Mobile Money
PUR_007152,CUST_02007,PROD_0149,Gaming Console,371.0,2026-05-28,Card
PUR_007153,CUST_02007,PROD_0008,Kente Print Shirt,151.92,2026-06-09,Mobile Money
PUR_007154,CUST_02007,PROD_0067,iPhone 13,1828.12,2026-06-24,Mobile Money
PUR_007155,CUST_02007,PROD_0129,43-inch LED TV,1114.31,2026-07-04,Mobile Money
PUR_007156,CUST_02007,PROD_0105,Samsung Galaxy A14,1820.63,2026-07-12,Mobile Money
PUR_007157,CUST_02007,PROD_0267,Cycling Helmet,301.87,2026-08-12,Mobile Money
PUR_007158,CUST_02007,PROD_0297,Rice (5kg Bag),73.33,2026-08-14,Cash on Delivery
PUR_007159,CUST_02007,PROD_0272,Baby Carrier,33.5,2026-08-16,Card
PUR_007160,CUST_02007,PROD_0067,iPhone 13,581.34,2026-08-22,Mobile Money
PUR_007161,CUST_02007,PROD_0219,Braided Hair Extension,44.17,2026-08-25,Mobile Money
PUR_007162,CUST_02007,PROD_0108,Wireless Earbuds,543.51,2026-08-28,Mobile Money
PUR_007163,CUST_02008,PROD_0212,Perfume (100ml),96.88,2025-10-01,Cash on Delivery
PUR_007164,CUST_02008,PROD_0271,Kids' Bicycle,124.82,2025-11-07,Cash on Delivery
PUR_007165,CUST_02008,PROD_0002,Ladies Kaftan Gown,50.51,2026-01-08,Mobile Money
PUR_007166,CUST_02008,PROD_0202,Deodorant Roll-on,127.1,2026-02-01,Mobile Money
PUR_007167,CUST_02008,PROD_0001,Traditional Smock (Fugu),63.21,2026-03-09,Cash on Delivery
PUR_007168,CUST_02008,PROD_0287,Highlighter Set,28.46,2026-04-18,Card
PUR_007169,CUST_02008,PROD_0276,Baby Bath Tub,185.65,2026-04-18,Mobile Money
PUR_007170,CUST_02008,PROD_0123,Electric Iron,189.35,2026-04-25,Mobile Money
PUR_007171,CUST_02008,PROD_0002,Ladies Kaftan Gown,84.98,2026-06-27,Mobile Money
PUR_007172,CUST_02008,PROD_0002,Ladies Kaftan Gown,272.41,2026-07-10,Card
PUR_007173,CUST_02008,PROD_0224,Hair Dryer,30.49,2026-07-12,Card
PUR_007174,CUST_02008,PROD_0255,Water Bottle (1L),132.92,2026-07-21,Mobile Money
PUR_007175,CUST_02008,PROD_0121,Blender (4L),907.75,2026-08-05,Cash on Delivery
PUR_007176,CUST_02008,PROD_0069,Phone Charger (Type-C),239.63,2026-08-10,Mobile Money
PUR_007177,CUST_02008,PROD_0011,Unisex Sneakers,193.65,2026-08-19,Card
PUR_007178,CUST_02008,PROD_0010,Traditional Smock (Fugu),432.55,2026-09-04,Mobile Money
PUR_007179,CUST_02010,PROD_0166,Gas Cooker (4-Burner),233.22,2026-06-24,Mobile Money
PUR_007180,CUST_02013,PROD_0110,Samsung Galaxy Tab A8,974.61,2024-05-29,Bank Transfer
PUR_007181,CUST_02013,PROD_0209,Makeup Kit,38.45,2026-04-02,Mobile Money
PUR_007182,CUST_02014,PROD_0004,Men's Slim Fit Jeans,198.38,2026-09-03,Cash on Delivery
PUR_007183,CUST_02015,PROD_0168,Rice Cooker,429.68,2025-12-11,Mobile Money
PUR_007184,CUST_02015,PROD_0123,Electric Iron,1597.52,2026-03-31,Mobile Money
PUR_007185,CUST_02016,PROD_0274,Baby Carrier,102.91,2026-03-20,Mobile Money
PUR_007186,CUST_02016,PROD_0094,Power Bank 20000mAh,1601.11,2026-04-09,Cash on Delivery
PUR_007187,CUST_02016,PROD_0082,Samsung Galaxy A14,545.8,2026-05-15,Mobile Money
PUR_007188,CUST_02016,PROD_0041,Denim Jacket,75.98,2026-05-16,Cash on Delivery
PUR_007189,CUST_02016,PROD_0086,Tecno Spark 10,1111.21,2026-06-03,Mobile Money
PUR_007190,CUST_02016,PROD_0256,Camping Tent,157.38,2026-06-15,Cash on Delivery
PUR_007191,CUST_02016,PROD_0005,Men's Casual Blazer,70.91,2026-07-18,Cash on Delivery
PUR_007192,CUST_02016,PROD_0197,Wall Clock,297.88,2026-07-20,Mobile Money
PUR_007193,CUST_02016,PROD_0075,Redmi Note 12,667.04,2026-08-02,Mobile Money
PUR_007194,CUST_02016,PROD_0001,Traditional Smock (Fugu),53.31,2026-08-08,Mobile Money
PUR_007195,CUST_02016,PROD_0295,Canned Tuna,47.03,2026-08-09,Mobile Money
PUR_007196,CUST_02016,PROD_0171,Sofa Set,221.88,2026-08-11,Card
PUR_007197,CUST_02016,PROD_0035,Children's T-Shirt Set,105.85,2026-08-16,Cash on Delivery
PUR_007198,CUST_02016,PROD_0279,Baby Wipes (80pcs),211.33,2026-08-17,Bank Transfer
PUR_007199,CUST_02016,PROD_0073,Redmi Note 12,704.48,2026-08-17,Mobile Money
PUR_007200,CUST_02016,PROD_0216,Skin Toner,50.16,2026-08-20,Card
PUR_007201,CUST_02016,PROD_0172,Curtain Set,424.73,2026-08-24,Mobile Money
PUR_007202,CUST_02016,PROD_0169,Bedsheet Set (Queen),445.43,2026-09-03,Cash on Delivery
PUR_007203,CUST_02017,PROD_0243,Protein Powder,59.77,2026-07-24,Cash on Delivery
PUR_007204,CUST_02017,PROD_0258,Yoga Mat,109.61,2026-08-10,Mobile Money
PUR_007205,CUST_02017,PROD_0232,Bathroom Weighing Scale,56.87,2026-08-27,Mobile Money
PUR_007206,CUST_02017,PROD_0292,A4 Printing Paper Ream,43.8,2026-08-30,Mobile Money
PUR_007207,CUST_02020,PROD_0184,Wall Clock,228.78,2025-12-05,Card
PUR_007208,CUST_02020,PROD_0121,Blender (4L),1119.0,2026-03-10,Card
PUR_007209,CUST_02020,PROD_0014,Men's Slim Fit Jeans,430.59,2026-03-15,Mobile Money
PUR_007210,CUST_02021,PROD_0274,Baby Carrier,158.49,2024-12-28,Card
PUR_007211,CUST_02021,PROD_0074,Phone Screen Protector,210.03,2025-09-29,Mobile Money
PUR_007212,CUST_02021,PROD_0128,Air Conditioner (1.5HP),808.69,2026-03-03,Cash on Delivery
PUR_007213,CUST_02021,PROD_0122,Electric Iron,792.61,2026-05-08,Mobile Money
PUR_007214,CUST_02021,PROD_0067,iPhone 13,1262.38,2026-06-14,Cash on Delivery
PUR_007215,CUST_02022,PROD_0067,iPhone 13,1423.53,2026-08-21,Card
PUR_007216,CUST_02023,PROD_0167,Bedsheet Set (Queen),428.88,2025-04-10,Card
PUR_007217,CUST_02023,PROD_0289,Kids' Storybook,36.38,2025-05-17,Cash on Delivery
PUR_007218,CUST_02023,PROD_0166,Gas Cooker (4-Burner),166.42,2025-09-24,Mobile Money
PUR_007219,CUST_02023,PROD_0033,Ankara Print Dress,48.58,2025-10-13,Card
PUR_007220,CUST_02023,PROD_0293,A4 Printing Paper Ream,43.95,2026-01-02,Mobile Money
PUR_007221,CUST_02024,PROD_0175,Kitchen Knife Set,118.26,2026-09-04,Cash on Delivery
PUR_007222,CUST_02025,PROD_0198,Wall Clock,551.98,2026-06-04,Cash on Delivery
PUR_007223,CUST_02026,PROD_0144,Bluetooth Speaker,668.42,2026-07-26,Cash on Delivery
PUR_007224,CUST_02026,PROD_0167,Bedsheet Set (Queen),230.0,2026-08-18,Mobile Money
PUR_007225,CUST_02027,PROD_0001,Traditional Smock (Fugu),169.45,2026-06-20,Cash on Delivery
PUR_007226,CUST_02027,PROD_0130,Rechargeable Fan,557.08,2026-06-22,Mobile Money
PUR_007227,CUST_02031,PROD_0164,43-inch LED TV,436.72,2026-06-20,Mobile Money
PUR_007228,CUST_02031,PROD_0076,Phone Charger (Type-C),1676.86,2026-07-04,Mobile Money
PUR_007229,CUST_02031,PROD_0071,Bluetooth Headset,3647.69,2026-07-10,Mobile Money
PUR_007230,CUST_02031,PROD_0091,iPhone 13,5142.03,2026-08-18,Mobile Money
PUR_007231,CUST_02031,PROD_0234,Multivitamin Tablets,65.48,2026-09-02,Cash on Delivery
PUR_007232,CUST_02032,PROD_0122,Electric Iron,437.34,2026-06-20,Card
PUR_007233,CUST_02034,PROD_0002,Ladies Kaftan Gown,68.06,2024-12-01,Cash on Delivery
PUR_007234,CUST_02034,PROD_0017,Men's Formal Suit,42.31,2025-05-14,Cash on Delivery
PUR_007235,CUST_02034,PROD_0020,Kente Print Shirt,154.71,2026-01-22,Mobile Money
PUR_007236,CUST_02038,PROD_0209,Makeup Kit,160.75,2026-07-18,Mobile Money
PUR_007237,CUST_02038,PROD_0087,Huawei MatePad,1250.57,2026-07-26,Cash on Delivery
PUR_007238,CUST_02038,PROD_0239,Vitamin C Supplements,82.09,2026-07-29,Cash on Delivery
PUR_007239,CUST_02038,PROD_0103,Power Bank 20000mAh,1315.9,2026-07-31,Cash on Delivery
PUR_007240,CUST_02038,PROD_0229,Hair Dryer,45.23,2026-08-04,Mobile Money
PUR_007241,CUST_02038,PROD_0008,Kente Print Shirt,122.21,2026-08-06,Card
PUR_007242,CUST_02038,PROD_0041,Denim Jacket,59.55,2026-08-06,Mobile Money
PUR_007243,CUST_02038,PROD_0190,Wall Clock,146.6,2026-08-19,Cash on Delivery
PUR_007244,CUST_02038,PROD_0151,Extension Socket,425.63,2026-08-20,Mobile Money
PUR_007245,CUST_02038,PROD_0166,Gas Cooker (4-Burner),146.32,2026-08-23,Mobile Money
PUR_007246,CUST_02038,PROD_0027,Ladies Kaftan Gown,296.56,2026-08-24,Mobile Money
PUR_007247,CUST_02038,PROD_0218,Skin Toner,43.28,2026-08-24,Mobile Money
PUR_007248,CUST_02038,PROD_0003,Cotton Polo Shirt,220.65,2026-08-27,Cash on Delivery
PUR_007249,CUST_02038,PROD_0001,Traditional Smock (Fugu),104.05,2026-08-27,Bank Transfer
PUR_007250,CUST_02038,PROD_0067,iPhone 13,1070.5,2026-09-01,Cash on Delivery
PUR_007251,CUST_02038,PROD_0088,Universal Phone Case,1369.76,2026-09-01,Cash on Delivery
PUR_007252,CUST_02038,PROD_0247,Bathroom Weighing Scale,251.89,2026-09-01,Card
PUR_007253,CUST_02038,PROD_0202,Deodorant Roll-on,50.84,2026-09-02,Mobile Money
PUR_007254,CUST_02038,PROD_0208,Perfume (100ml),74.14,2026-09-02,Cash on Delivery
PUR_007255,CUST_02038,PROD_0028,Men's Casual Blazer,23.72,2026-09-03,Mobile Money
PUR_007256,CUST_02039,PROD_0199,Bedsheet Set (Queen),207.68,2026-08-15,Mobile Money
PUR_007257,CUST_02043,PROD_0177,Rice Cooker,103.18,2026-02-14,Mobile Money
PUR_007258,CUST_02043,PROD_0075,Redmi Note 12,3114.82,2026-04-25,Cash on Delivery
PUR_007259,CUST_02043,PROD_0203,Braided Hair Extension,33.01,2026-05-31,Cash on Delivery
PUR_007260,CUST_02043,PROD_0009,Ladies Kaftan Gown,70.64,2026-06-02,Mobile Money
PUR_007261,CUST_02043,PROD_0249,First Aid Kit,33.42,2026-08-28,Cash on Delivery
PUR_007262,CUST_02045,PROD_0038,Ladies Handbag,207.95,2025-03-14,Cash on Delivery
PUR_007263,CUST_02045,PROD_0094,Power Bank 20000mAh,501.18,2025-06-01,Cash on Delivery
PUR_007264,CUST_02045,PROD_0023,Kente Print Shirt,40.42,2025-06-04,Mobile Money
PUR_007265,CUST_02045,PROD_0079,iPhone 13,1210.07,2025-09-28,Mobile Money
PUR_007266,CUST_02045,PROD_0126,Gaming Console,808.36,2026-01-09,Mobile Money
PUR_007267,CUST_02045,PROD_0225,Facial Cleanser,46.68,2026-03-28,Cash on Delivery
PUR_007268,CUST_02045,PROD_0033,Ankara Print Dress,195.38,2026-07-04,Mobile Money
PUR_007269,CUST_02045,PROD_0165,Microwave Oven,900.85,2026-07-14,Cash on Delivery
PUR_007270,CUST_02045,PROD_0122,Electric Iron,619.93,2026-08-04,Mobile Money
PUR_007271,CUST_02045,PROD_0300,Canned Tuna,54.66,2026-08-28,Mobile Money
PUR_007272,CUST_02046,PROD_0247,Bathroom Weighing Scale,147.21,2025-10-17,Cash on Delivery
PUR_007273,CUST_02046,PROD_0271,Kids' Bicycle,70.56,2025-10-29,Bank Transfer
PUR_007274,CUST_02046,PROD_0092,Huawei MatePad,568.86,2026-01-17,Mobile Money
PUR_007275,CUST_02046,PROD_0179,Wall Clock,71.23,2026-03-01,Mobile Money
PUR_007276,CUST_02046,PROD_0126,Gaming Console,231.37,2026-04-26,Card
PUR_007277,CUST_02046,PROD_0237,Multivitamin Tablets,196.9,2026-05-01,Mobile Money
PUR_007278,CUST_02046,PROD_0097,Phone Screen Protector,1333.71,2026-05-26,Card
PUR_007279,CUST_02046,PROD_0127,Microwave Oven,686.72,2026-07-21,Cash on Delivery
PUR_007280,CUST_02048,PROD_0057,Ladies Handbag,182.24,2026-02-14,Mobile Money
PUR_007281,CUST_02048,PROD_0185,Wall Clock,708.75,2026-05-03,Mobile Money
PUR_007282,CUST_02048,PROD_0235,Bathroom Weighing Scale,138.13,2026-05-03,Mobile Money
PUR_007283,CUST_02048,PROD_0205,Deodorant Roll-on,56.39,2026-08-08,Bank Transfer
PUR_007284,CUST_02049,PROD_0171,Sofa Set,115.03,2026-04-09,Mobile Money
PUR_007285,CUST_02051,PROD_0202,Deodorant Roll-on,39.05,2026-05-26,Mobile Money
PUR_007286,CUST_02051,PROD_0288,Scientific Calculator,30.1,2026-05-26,Mobile Money
PUR_007287,CUST_02051,PROD_0152,Laptop (Core i5),644.91,2026-07-10,Cash on Delivery
PUR_007288,CUST_02052,PROD_0069,Phone Charger (Type-C),526.3,2026-09-03,Cash on Delivery
PUR_007289,CUST_02053,PROD_0188,Water Dispenser,150.77,2026-07-22,Card
PUR_007290,CUST_02053,PROD_0214,Deodorant Roll-on,66.4,2026-07-23,Mobile Money
PUR_007291,CUST_02053,PROD_0122,Electric Iron,1067.72,2026-08-11,Cash on Delivery
PUR_007292,CUST_02053,PROD_0001,Traditional Smock (Fugu),124.0,2026-08-22,Mobile Money
PUR_007293,CUST_02055,PROD_0157,Bluetooth Speaker,327.71,2026-04-30,Mobile Money
PUR_007294,CUST_02056,PROD_0271,Kids' Bicycle,51.2,2025-12-27,Mobile Money
PUR_007295,CUST_02056,PROD_0011,Unisex Sneakers,179.23,2026-01-17,Card
PUR_007296,CUST_02056,PROD_0122,Electric Iron,1289.95,2026-03-09,Cash on Delivery
PUR_007297,CUST_02056,PROD_0079,iPhone 13,2060.24,2026-04-29,Mobile Money
PUR_007298,CUST_02057,PROD_0259,Basketball,450.51,2026-04-19,Mobile Money
PUR_007299,CUST_02058,PROD_0249,First Aid Kit,43.79,2026-07-24,Bank Transfer
PUR_007300,CUST_02059,PROD_0211,Shea Butter Body Lotion,51.9,2025-11-15,Mobile Money
PUR_007301,CUST_02059,PROD_0207,Skin Toner,51.71,2026-03-11,Mobile Money
PUR_007302,CUST_02059,PROD_0031,Cotton Polo Shirt,146.26,2026-04-03,Mobile Money
PUR_007303,CUST_02059,PROD_0135,LED Bulb Pack,521.56,2026-06-07,Cash on Delivery
PUR_007304,CUST_02060,PROD_0022,Denim Jacket,289.48,2026-05-08,Mobile Money
PUR_007305,CUST_02060,PROD_0167,Bedsheet Set (Queen),183.33,2026-05-23,Cash on Delivery
PUR_007306,CUST_02060,PROD_0288,Scientific Calculator,36.48,2026-08-16,Mobile Money
PUR_007307,CUST_02061,PROD_0249,First Aid Kit,122.19,2026-08-22,Cash on Delivery
PUR_007308,CUST_02062,PROD_0174,Bedsheet Set (Queen),604.01,2026-05-10,Cash on Delivery
PUR_007309,CUST_02063,PROD_0067,iPhone 13,1355.6,2025-06-19,Cash on Delivery
PUR_007310,CUST_02063,PROD_0117,Bluetooth Headset,551.16,2026-04-10,Bank Transfer
PUR_007311,CUST_02064,PROD_0067,iPhone 13,167.85,2026-05-30,Mobile Money
PUR_007312,CUST_02066,PROD_0166,Gas Cooker (4-Burner),503.3,2025-08-22,Mobile Money
PUR_007313,CUST_02066,PROD_0202,Deodorant Roll-on,104.39,2026-02-21,Cash on Delivery
PUR_007314,CUST_02066,PROD_0077,Bluetooth Headset,3684.51,2026-05-26,Card
PUR_007315,CUST_02066,PROD_0228,Sunscreen SPF50,47.54,2026-07-23,Mobile Money
PUR_007316,CUST_02067,PROD_0002,Ladies Kaftan Gown,373.71,2026-08-31,Mobile Money
PUR_007317,CUST_02067,PROD_0189,Non-stick Cooking Pot Set,109.95,2026-09-02,Mobile Money
PUR_007318,CUST_02069,PROD_0286,Hardcover Notebook,92.34,2026-07-16,Mobile Money
PUR_007319,CUST_02069,PROD_0040,Men's Slim Fit Jeans,212.68,2026-08-20,Mobile Money
PUR_007320,CUST_02071,PROD_0004,Men's Slim Fit Jeans,67.36,2025-05-11,Mobile Money
PUR_007321,CUST_02071,PROD_0076,Phone Charger (Type-C),1791.67,2025-08-12,Mobile Money
PUR_007322,CUST_02071,PROD_0001,Traditional Smock (Fugu),183.99,2025-09-04,Card
PUR_007323,CUST_02071,PROD_0126,Gaming Console,263.8,2025-09-09,Cash on Delivery
PUR_007324,CUST_02071,PROD_0068,Redmi Note 12,994.58,2026-01-07,Card
PUR_007325,CUST_02071,PROD_0204,Beard Grooming Kit,43.77,2026-03-09,Bank Transfer
PUR_007326,CUST_02071,PROD_0008,Kente Print Shirt,111.5,2026-03-13,Card
PUR_007327,CUST_02071,PROD_0255,Water Bottle (1L),269.77,2026-07-04,Mobile Money
PUR_007328,CUST_02071,PROD_0004,Men's Slim Fit Jeans,76.89,2026-08-13,Card
PUR_007329,CUST_02071,PROD_0253,Running Shoes,672.06,2026-08-14,Mobile Money
PUR_007330,CUST_02074,PROD_0139,Digital Camera,460.37,2025-03-24,Cash on Delivery
PUR_007331,CUST_02074,PROD_0126,Gaming Console,486.27,2026-02-24,Mobile Money
PUR_007332,CUST_02074,PROD_0071,Bluetooth Headset,1350.6,2026-06-24,Cash on Delivery
PUR_007333,CUST_02075,PROD_0124,LED Bulb Pack,1592.62,2025-01-16,Card
PUR_007334,CUST_02076,PROD_0170,Rice Cooker,387.46,2025-06-15,Cash on Delivery
PUR_007335,CUST_02076,PROD_0021,Leather Sandals,52.34,2026-01-02,Cash on Delivery
PUR_007336,CUST_02076,PROD_0174,Bedsheet Set (Queen),1099.72,2026-04-20,Cash on Delivery
PUR_007337,CUST_02076,PROD_0011,Unisex Sneakers,98.88,2026-06-17,Mobile Money
PUR_007338,CUST_02076,PROD_0223,Makeup Kit,59.6,2026-08-07,Cash on Delivery
PUR_007339,CUST_02076,PROD_0068,Redmi Note 12,1681.95,2026-08-11,Mobile Money
PUR_007340,CUST_02078,PROD_0232,Bathroom Weighing Scale,29.27,2026-03-08,Cash on Delivery
PUR_007341,CUST_02078,PROD_0202,Deodorant Roll-on,67.96,2026-04-24,Cash on Delivery
PUR_007342,CUST_02078,PROD_0144,Bluetooth Speaker,332.42,2026-08-10,Mobile Money
PUR_007343,CUST_02079,PROD_0128,Air Conditioner (1.5HP),700.88,2023-12-06,Mobile Money
PUR_007344,CUST_02079,PROD_0271,Kids' Bicycle,72.74,2024-05-06,Card
PUR_007345,CUST_02079,PROD_0177,Rice Cooker,82.67,2024-05-12,Cash on Delivery
PUR_007346,CUST_02079,PROD_0154,Gaming Console,279.84,2024-12-28,Card
PUR_007347,CUST_02079,PROD_0150,Extension Socket,1244.41,2025-07-23,Mobile Money
PUR_007348,CUST_02079,PROD_0025,Ladies Handbag,153.74,2025-12-18,Mobile Money
PUR_007349,CUST_02079,PROD_0174,Bedsheet Set (Queen),179.24,2026-02-12,Mobile Money
PUR_007350,CUST_02079,PROD_0203,Braided Hair Extension,79.2,2026-03-21,Cash on Delivery
PUR_007351,CUST_02079,PROD_0266,Resistance Bands,78.71,2026-08-06,Cash on Delivery
PUR_007352,CUST_02080,PROD_0067,iPhone 13,438.8,2025-11-09,Mobile Money
PUR_007353,CUST_02080,PROD_0067,iPhone 13,1551.59,2026-01-22,Cash on Delivery
PUR_007354,CUST_02080,PROD_0241,Digital Thermometer,90.28,2026-01-29,Mobile Money
PUR_007355,CUST_02080,PROD_0209,Makeup Kit,63.78,2026-01-30,Card
PUR_007356,CUST_02080,PROD_0104,Tecno Spark 10,1017.27,2026-02-04,Card
PUR_007357,CUST_02080,PROD_0189,Non-stick Cooking Pot Set,168.74,2026-03-26,Bank Transfer
PUR_007358,CUST_02080,PROD_0070,Phone Charger (Type-C),1482.08,2026-03-31,Mobile Money
PUR_007359,CUST_02080,PROD_0152,Laptop (Core i5),587.67,2026-04-28,Bank Transfer
PUR_007360,CUST_02080,PROD_0066,Men's Slim Fit Jeans,167.49,2026-05-06,Mobile Money
PUR_007361,CUST_02080,PROD_0202,Deodorant Roll-on,56.79,2026-05-16,Mobile Money
PUR_007362,CUST_02080,PROD_0217,Sunscreen SPF50,38.9,2026-05-16,Bank Transfer
PUR_007363,CUST_02080,PROD_0003,Cotton Polo Shirt,127.96,2026-05-26,Cash on Delivery
PUR_007364,CUST_02080,PROD_0003,Cotton Polo Shirt,61.3,2026-06-21,Mobile Money
PUR_007365,CUST_02080,PROD_0168,Rice Cooker,167.86,2026-08-18,Cash on Delivery
PUR_007366,CUST_02081,PROD_0253,Running Shoes,68.83,2026-08-31,Card
PUR_007367,CUST_02081,PROD_0004,Men's Slim Fit Jeans,193.43,2026-09-02,Mobile Money
PUR_007368,CUST_02081,PROD_0105,Samsung Galaxy A14,459.08,2026-09-04,Cash on Delivery
PUR_007369,CUST_02081,PROD_0271,Kids' Bicycle,78.51,2026-09-04,Card
PUR_007370,CUST_02083,PROD_0107,Samsung Galaxy Tab A8,1992.13,2026-05-22,Mobile Money
PUR_007371,CUST_02083,PROD_0036,Leather Sandals,73.31,2026-06-03,Mobile Money
PUR_007372,CUST_02083,PROD_0177,Rice Cooker,393.4,2026-06-08,Cash on Delivery
PUR_007373,CUST_02083,PROD_0121,Blender (4L),307.11,2026-06-29,Card
PUR_007374,CUST_02083,PROD_0043,Men's Formal Suit,189.55,2026-07-25,Cash on Delivery
PUR_007375,CUST_02083,PROD_0067,iPhone 13,1363.56,2026-08-11,Mobile Money
PUR_007376,CUST_02083,PROD_0251,Protein Powder,62.21,2026-08-21,Mobile Money
PUR_007377,CUST_02083,PROD_0299,Garri (2kg),90.01,2026-09-04,Cash on Delivery
PUR_007378,CUST_02084,PROD_0232,Bathroom Weighing Scale,65.84,2024-04-15,Mobile Money
PUR_007379,CUST_02084,PROD_0003,Cotton Polo Shirt,133.87,2025-06-15,Cash on Delivery
PUR_007380,CUST_02084,PROD_0293,A4 Printing Paper Ream,57.04,2025-07-20,Cash on Delivery
PUR_007381,CUST_02084,PROD_0038,Ladies Handbag,76.37,2025-09-27,Mobile Money
PUR_007382,CUST_02084,PROD_0022,Denim Jacket,219.43,2025-10-27,Cash on Delivery
PUR_007383,CUST_02084,PROD_0177,Rice Cooker,69.17,2026-03-02,Mobile Money
PUR_007384,CUST_02084,PROD_0105,Samsung Galaxy A14,215.34,2026-04-10,Mobile Money
PUR_007385,CUST_02085,PROD_0273,Baby Diapers Pack,152.59,2026-01-23,Card
PUR_007386,CUST_02085,PROD_0011,Unisex Sneakers,164.91,2026-05-09,Mobile Money
PUR_007387,CUST_02085,PROD_0069,Phone Charger (Type-C),472.65,2026-07-02,Cash on Delivery
PUR_007388,CUST_02088,PROD_0199,Bedsheet Set (Queen),121.53,2026-02-24,Mobile Money
PUR_007389,CUST_02088,PROD_0075,Redmi Note 12,1016.62,2026-04-25,Mobile Money
PUR_007390,CUST_02088,PROD_0235,Bathroom Weighing Scale,70.2,2026-04-26,Cash on Delivery
PUR_007391,CUST_02089,PROD_0252,Reading Glasses,46.71,2025-09-14,Cash on Delivery
PUR_007392,CUST_02089,PROD_0264,Camping Tent,129.1,2026-01-23,Cash on Delivery
PUR_007393,CUST_02089,PROD_0084,Samsung Galaxy A14,520.53,2026-03-01,Card
PUR_007394,CUST_02091,PROD_0001,Traditional Smock (Fugu),51.19,2025-09-28,Cash on Delivery
PUR_007395,CUST_02091,PROD_0110,Samsung Galaxy Tab A8,1786.8,2025-10-07,Mobile Money
PUR_007396,CUST_02092,PROD_0240,Digital Thermometer,56.93,2024-06-24,Mobile Money
PUR_007397,CUST_02092,PROD_0126,Gaming Console,280.49,2025-11-05,Mobile Money
PUR_007398,CUST_02093,PROD_0144,Bluetooth Speaker,98.33,2026-07-10,Mobile Money
PUR_007399,CUST_02096,PROD_0086,Tecno Spark 10,243.87,2024-12-27,Mobile Money
PUR_007400,CUST_02096,PROD_0169,Bedsheet Set (Queen),210.47,2025-02-08,Mobile Money
PUR_007401,CUST_02096,PROD_0126,Gaming Console,554.32,2025-02-14,Card
PUR_007402,CUST_02096,PROD_0271,Kids' Bicycle,173.27,2025-04-01,Mobile Money
PUR_007403,CUST_02096,PROD_0287,Highlighter Set,23.94,2025-07-04,Mobile Money
PUR_007404,CUST_02096,PROD_0136,Laptop (Core i5),323.1,2025-08-10,Mobile Money
PUR_007405,CUST_02096,PROD_0071,Bluetooth Headset,2945.83,2025-08-12,Mobile Money
PUR_007406,CUST_02096,PROD_0010,Traditional Smock (Fugu),283.67,2025-11-08,Cash on Delivery
PUR_007407,CUST_02096,PROD_0260,Gym Gloves,80.16,2025-11-23,Card
PUR_007408,CUST_02096,PROD_0260,Gym Gloves,153.32,2026-01-14,Mobile Money
PUR_007409,CUST_02096,PROD_0070,Phone Charger (Type-C),1160.9,2026-02-04,Cash on Delivery
PUR_007410,CUST_02096,PROD_0002,Ladies Kaftan Gown,35.58,2026-03-19,Cash on Delivery
PUR_007411,CUST_02096,PROD_0168,Rice Cooker,181.21,2026-04-22,Cash on Delivery
PUR_007412,CUST_02096,PROD_0213,Deodorant Roll-on,58.67,2026-04-25,Mobile Money
PUR_007413,CUST_02096,PROD_0084,Samsung Galaxy A14,1823.44,2026-04-28,Card
PUR_007414,CUST_02096,PROD_0011,Unisex Sneakers,188.22,2026-05-04,Mobile Money
PUR_007415,CUST_02096,PROD_0004,Men's Slim Fit Jeans,136.26,2026-05-23,Mobile Money
PUR_007416,CUST_02096,PROD_0197,Wall Clock,78.58,2026-07-18,Bank Transfer
PUR_007417,CUST_02096,PROD_0003,Cotton Polo Shirt,103.54,2026-07-20,Mobile Money
PUR_007418,CUST_02096,PROD_0275,Kids' Bicycle,108.48,2026-08-18,Cash on Delivery
PUR_007419,CUST_02096,PROD_0026,Men's Casual Blazer,40.68,2026-08-25,Mobile Money
PUR_007420,CUST_02096,PROD_0295,Canned Tuna,129.59,2026-08-28,Card
PUR_007421,CUST_02097,PROD_0204,Beard Grooming Kit,38.05,2026-07-04,Mobile Money
PUR_007422,CUST_02098,PROD_0135,LED Bulb Pack,732.45,2026-02-23,Mobile Money
PUR_007423,CUST_02099,PROD_0256,Camping Tent,120.72,2025-05-05,Mobile Money
PUR_007424,CUST_02099,PROD_0045,Women's Maxi Dress,32.28,2025-07-06,Bank Transfer
PUR_007425,CUST_02099,PROD_0121,Blender (4L),836.69,2025-08-18,Bank Transfer
PUR_007426,CUST_02099,PROD_0010,Traditional Smock (Fugu),75.66,2025-10-01,Cash on Delivery
PUR_007427,CUST_02099,PROD_0265,Cycling Helmet,452.25,2025-10-16,Mobile Money
PUR_007428,CUST_02099,PROD_0020,Kente Print Shirt,260.46,2025-11-16,Bank Transfer
PUR_007429,CUST_02099,PROD_0286,Hardcover Notebook,54.59,2025-11-28,Mobile Money
PUR_007430,CUST_02099,PROD_0128,Air Conditioner (1.5HP),1299.76,2025-12-01,Mobile Money
PUR_007431,CUST_02099,PROD_0046,Ladies Kaftan Gown,66.22,2026-03-23,Cash on Delivery
PUR_007432,CUST_02099,PROD_0247,Bathroom Weighing Scale,64.67,2026-04-25,Mobile Money
PUR_007433,CUST_02099,PROD_0232,Bathroom Weighing Scale,42.18,2026-04-30,Cash on Delivery
PUR_007434,CUST_02099,PROD_0070,Phone Charger (Type-C),317.01,2026-06-05,Cash on Delivery
PUR_007435,CUST_02100,PROD_0179,Wall Clock,189.68,2026-06-20,Mobile Money
PUR_007436,CUST_02100,PROD_0001,Traditional Smock (Fugu),403.74,2026-08-07,Cash on Delivery
PUR_007437,CUST_02101,PROD_0129,43-inch LED TV,666.45,2024-12-30,Cash on Delivery
PUR_007438,CUST_02101,PROD_0271,Kids' Bicycle,84.8,2025-10-05,Mobile Money
PUR_007439,CUST_02102,PROD_0003,Cotton Polo Shirt,121.47,2026-06-10,Mobile Money
PUR_007440,CUST_02106,PROD_0207,Skin Toner,60.15,2026-08-12,Cash on Delivery
PUR_007441,CUST_02107,PROD_0216,Skin Toner,44.83,2025-06-02,Mobile Money
PUR_007442,CUST_02107,PROD_0236,Glucometer Kit,100.66,2026-02-16,Mobile Money
PUR_007443,CUST_02107,PROD_0271,Kids' Bicycle,38.2,2026-03-08,Mobile Money
PUR_007444,CUST_02107,PROD_0067,iPhone 13,2132.72,2026-06-26,Mobile Money
PUR_007445,CUST_02108,PROD_0264,Camping Tent,76.48,2025-10-23,Mobile Money
PUR_007446,CUST_02108,PROD_0209,Makeup Kit,49.18,2026-08-30,Mobile Money
PUR_007447,CUST_02109,PROD_0004,Men's Slim Fit Jeans,54.73,2026-07-17,Mobile Money
PUR_007448,CUST_02110,PROD_0204,Beard Grooming Kit,84.27,2024-12-13,Cash on Delivery
PUR_007449,CUST_02110,PROD_0160,Rechargeable Fan,338.27,2025-02-01,Cash on Delivery
PUR_007450,CUST_02110,PROD_0184,Wall Clock,401.03,2025-04-18,Mobile Money
PUR_007451,CUST_02110,PROD_0074,Phone Screen Protector,102.1,2025-09-01,Mobile Money
PUR_007452,CUST_02110,PROD_0205,Deodorant Roll-on,50.84,2025-10-16,Mobile Money
PUR_007453,CUST_02110,PROD_0170,Rice Cooker,178.33,2025-12-21,Mobile Money
PUR_007454,CUST_02110,PROD_0008,Kente Print Shirt,193.43,2026-01-16,Cash on Delivery
PUR_007455,CUST_02110,PROD_0241,Digital Thermometer,93.95,2026-01-22,Cash on Delivery
PUR_007456,CUST_02110,PROD_0225,Facial Cleanser,51.28,2026-02-28,Mobile Money
PUR_007457,CUST_02110,PROD_0106,Samsung Galaxy Tab A8,2481.33,2026-06-19,Mobile Money
PUR_007458,CUST_02110,PROD_0115,Phone Charger (Type-C),1116.12,2026-08-03,Cash on Delivery
PUR_007459,CUST_02110,PROD_0001,Traditional Smock (Fugu),39.58,2026-09-03,Cash on Delivery
PUR_007460,CUST_02111,PROD_0030,Men's Casual Blazer,202.22,2026-09-04,Mobile Money
PUR_007461,CUST_02112,PROD_0172,Curtain Set,389.56,2026-08-19,Bank Transfer
PUR_007462,CUST_02113,PROD_0129,43-inch LED TV,529.31,2026-08-07,Mobile Money
PUR_007463,CUST_02113,PROD_0262,Hiking Backpack,82.36,2026-08-27,Card
PUR_007464,CUST_02114,PROD_0281,Educational Toy Set,170.12,2024-06-21,Cash on Delivery
PUR_007465,CUST_02114,PROD_0128,Air Conditioner (1.5HP),696.01,2024-06-26,Bank Transfer
PUR_007466,CUST_02114,PROD_0003,Cotton Polo Shirt,85.74,2024-07-10,Mobile Money
PUR_007467,CUST_02114,PROD_0010,Traditional Smock (Fugu),75.11,2024-10-25,Card
PUR_007468,CUST_02114,PROD_0006,Men's Casual Blazer,76.06,2024-11-30,Mobile Money
PUR_007469,CUST_02114,PROD_0288,Scientific Calculator,72.03,2024-12-14,Card
PUR_007470,CUST_02114,PROD_0002,Ladies Kaftan Gown,83.85,2024-12-30,Mobile Money
PUR_007471,CUST_02114,PROD_0193,Cutlery Set,97.0,2025-02-12,Cash on Delivery
PUR_007472,CUST_02114,PROD_0077,Bluetooth Headset,1070.87,2025-03-21,Mobile Money
PUR_007473,CUST_02114,PROD_0226,Hair Dryer,28.42,2025-05-27,Mobile Money
PUR_007474,CUST_02114,PROD_0166,Gas Cooker (4-Burner),287.45,2025-07-30,Mobile Money
PUR_007475,CUST_02114,PROD_0001,Traditional Smock (Fugu),149.37,2025-08-03,Mobile Money
PUR_007476,CUST_02114,PROD_0027,Ladies Kaftan Gown,124.47,2025-08-14,Mobile Money
PUR_007477,CUST_02114,PROD_0204,Beard Grooming Kit,84.99,2025-09-17,Card
PUR_007478,CUST_02114,PROD_0004,Men's Slim Fit Jeans,103.36,2025-10-14,Card
PUR_007479,CUST_02114,PROD_0121,Blender (4L),1330.23,2025-10-25,Mobile Money
PUR_007480,CUST_02114,PROD_0185,Wall Clock,135.63,2025-11-04,Mobile Money
PUR_007481,CUST_02114,PROD_0281,Educational Toy Set,59.43,2025-11-15,Cash on Delivery
PUR_007482,CUST_02114,PROD_0146,Home Theater System,464.9,2025-12-18,Mobile Money
PUR_007483,CUST_02114,PROD_0130,Rechargeable Fan,726.29,2025-12-26,Mobile Money
PUR_007484,CUST_02114,PROD_0271,Kids' Bicycle,62.71,2026-01-06,Card
PUR_007485,CUST_02114,PROD_0123,Electric Iron,360.68,2026-01-25,Mobile Money
PUR_007486,CUST_02114,PROD_0210,Braided Hair Extension,91.96,2026-02-25,Cash on Delivery
PUR_007487,CUST_02114,PROD_0202,Deodorant Roll-on,17.84,2026-03-12,Cash on Delivery
PUR_007488,CUST_02114,PROD_0069,Phone Charger (Type-C),984.75,2026-03-23,Cash on Delivery
PUR_007489,CUST_02114,PROD_0107,Samsung Galaxy Tab A8,481.77,2026-03-28,Mobile Money
PUR_007490,CUST_02114,PROD_0208,Perfume (100ml),64.07,2026-04-23,Card
PUR_007491,CUST_02114,PROD_0002,Ladies Kaftan Gown,142.26,2026-05-18,Mobile Money
PUR_007492,CUST_02114,PROD_0212,Perfume (100ml),52.87,2026-07-06,Mobile Money
PUR_007493,CUST_02117,PROD_0283,Toddler Shoes,72.16,2026-05-03,Mobile Money
PUR_007494,CUST_02117,PROD_0259,Basketball,154.31,2026-05-30,Cash on Delivery
PUR_007495,CUST_02117,PROD_0238,Digital Blood Pressure Monitor,89.61,2026-06-29,Mobile Money
PUR_007496,CUST_02118,PROD_0172,Curtain Set,290.62,2026-06-05,Mobile Money
PUR_007497,CUST_02118,PROD_0277,Feeding Bottle Set,198.13,2026-07-02,Mobile Money
PUR_007498,CUST_02118,PROD_0168,Rice Cooker,146.88,2026-08-19,Mobile Money
PUR_007499,CUST_02120,PROD_0121,Blender (4L),431.05,2024-09-01,Card
PUR_007500,CUST_02120,PROD_0202,Deodorant Roll-on,42.26,2025-12-08,Cash on Delivery
PUR_007501,CUST_02120,PROD_0295,Canned Tuna,63.81,2026-07-05,Mobile Money
PUR_007502,CUST_02121,PROD_0130,Rechargeable Fan,257.93,2024-12-14,Mobile Money
PUR_007503,CUST_02121,PROD_0070,Phone Charger (Type-C),802.96,2025-11-16,Bank Transfer
PUR_007504,CUST_02121,PROD_0068,Redmi Note 12,657.03,2026-02-08,Mobile Money
PUR_007505,CUST_02121,PROD_0182,Curtain Set,162.89,2026-04-16,Card
PUR_007506,CUST_02121,PROD_0078,Phone Screen Protector,1059.01,2026-05-09,Mobile Money
PUR_007507,CUST_02121,PROD_0042,Wax Print Skirt,42.61,2026-06-05,Cash on Delivery
PUR_007508,CUST_02122,PROD_0232,Bathroom Weighing Scale,59.35,2026-02-28,Mobile Money
PUR_007509,CUST_02122,PROD_0187,Bedsheet Set (Queen),313.44,2026-03-07,Bank Transfer
PUR_007510,CUST_02122,PROD_0205,Deodorant Roll-on,44.98,2026-03-25,Mobile Money
PUR_007511,CUST_02122,PROD_0166,Gas Cooker (4-Burner),347.92,2026-04-07,Mobile Money
PUR_007512,CUST_02122,PROD_0249,First Aid Kit,68.62,2026-06-27,Cash on Delivery
PUR_007513,CUST_02122,PROD_0247,Bathroom Weighing Scale,45.62,2026-07-01,Mobile Money
PUR_007514,CUST_02123,PROD_0179,Wall Clock,218.89,2023-12-30,Mobile Money
PUR_007515,CUST_02123,PROD_0205,Deodorant Roll-on,31.38,2024-03-02,Cash on Delivery
PUR_007516,CUST_02123,PROD_0236,Glucometer Kit,48.73,2025-09-30,Cash on Delivery
PUR_007517,CUST_02123,PROD_0299,Garri (2kg),61.98,2026-02-13,Mobile Money
PUR_007518,CUST_02125,PROD_0171,Sofa Set,224.59,2024-03-31,Mobile Money
PUR_007519,CUST_02125,PROD_0167,Bedsheet Set (Queen),92.42,2024-11-10,Mobile Money
PUR_007520,CUST_02125,PROD_0071,Bluetooth Headset,979.21,2025-08-06,Mobile Money
PUR_007521,CUST_02125,PROD_0278,Kids' Bicycle,64.24,2025-09-14,Cash on Delivery
PUR_007522,CUST_02125,PROD_0273,Baby Diapers Pack,49.15,2026-01-09,Cash on Delivery
PUR_007523,CUST_02127,PROD_0056,Leather Sandals,132.24,2025-12-08,Mobile Money
PUR_007524,CUST_02127,PROD_0002,Ladies Kaftan Gown,196.92,2026-03-15,Cash on Delivery
PUR_007525,CUST_02127,PROD_0276,Baby Bath Tub,30.86,2026-05-19,Mobile Money
PUR_007526,CUST_02129,PROD_0067,iPhone 13,631.89,2025-01-30,Card
PUR_007527,CUST_02129,PROD_0132,Electric Iron,782.5,2025-11-05,Mobile Money
PUR_007528,CUST_02129,PROD_0290,Exercise Books Pack,42.78,2025-12-28,Mobile Money
PUR_007529,CUST_02129,PROD_0204,Beard Grooming Kit,176.86,2026-05-14,Cash on Delivery
PUR_007530,CUST_02129,PROD_0042,Wax Print Skirt,30.47,2026-08-08,Mobile Money
PUR_007531,CUST_02130,PROD_0263,Dumbbell Set,44.07,2026-08-15,Mobile Money
PUR_007532,CUST_02130,PROD_0289,Kids' Storybook,27.53,2026-09-04,Cash on Delivery
PUR_007533,CUST_02133,PROD_0068,Redmi Note 12,994.22,2025-12-16,Cash on Delivery
PUR_007534,CUST_02133,PROD_0014,Men's Slim Fit Jeans,178.35,2025-12-30,Mobile Money
PUR_007535,CUST_02133,PROD_0285,Baby Bath Tub,56.45,2026-02-14,Mobile Money
PUR_007536,CUST_02133,PROD_0121,Blender (4L),178.19,2026-05-18,Mobile Money
PUR_007537,CUST_02133,PROD_0203,Braided Hair Extension,40.37,2026-05-27,Mobile Money
PUR_007538,CUST_02133,PROD_0076,Phone Charger (Type-C),242.82,2026-08-02,Cash on Delivery
PUR_007539,CUST_02133,PROD_0054,Men's Slim Fit Jeans,236.51,2026-08-31,Mobile Money
PUR_007540,CUST_02133,PROD_0170,Rice Cooker,260.22,2026-09-02,Mobile Money
PUR_007541,CUST_02133,PROD_0232,Bathroom Weighing Scale,126.02,2026-09-03,Card
PUR_007542,CUST_02134,PROD_0094,Power Bank 20000mAh,1680.96,2026-07-03,Mobile Money
PUR_007543,CUST_02135,PROD_0126,Gaming Console,672.25,2026-02-20,Mobile Money
PUR_007544,CUST_02136,PROD_0068,Redmi Note 12,214.87,2025-01-19,Cash on Delivery
PUR_007545,CUST_02136,PROD_0203,Braided Hair Extension,124.5,2025-04-08,Cash on Delivery
PUR_007546,CUST_02136,PROD_0171,Sofa Set,511.71,2025-04-27,Mobile Money
PUR_007547,CUST_02136,PROD_0133,Bluetooth Speaker,1108.04,2026-01-14,Cash on Delivery
PUR_007548,CUST_02136,PROD_0203,Braided Hair Extension,106.3,2026-04-04,Mobile Money
PUR_007549,CUST_02137,PROD_0143,LED Bulb Pack,718.1,2026-09-04,Cash on Delivery
PUR_007550,CUST_02138,PROD_0006,Men's Casual Blazer,129.77,2026-03-05,Cash on Delivery
PUR_007551,CUST_02138,PROD_0008,Kente Print Shirt,97.88,2026-07-06,Cash on Delivery
PUR_007552,CUST_02138,PROD_0067,iPhone 13,1704.64,2026-07-24,Cash on Delivery
PUR_007553,CUST_02138,PROD_0262,Hiking Backpack,157.18,2026-08-15,Mobile Money
PUR_007554,CUST_02138,PROD_0072,Phone Screen Protector,1000.5,2026-08-31,Mobile Money
PUR_007555,CUST_02140,PROD_0001,Traditional Smock (Fugu),210.02,2025-02-20,Mobile Money
PUR_007556,CUST_02140,PROD_0043,Men's Formal Suit,110.55,2025-09-23,Bank Transfer
PUR_007557,CUST_02141,PROD_0185,Wall Clock,132.27,2025-07-01,Mobile Money
PUR_007558,CUST_02141,PROD_0077,Bluetooth Headset,494.84,2026-01-13,Mobile Money
PUR_007559,CUST_02141,PROD_0131,Air Conditioner (1.5HP),674.2,2026-06-07,Mobile Money
PUR_007560,CUST_02141,PROD_0187,Bedsheet Set (Queen),352.47,2026-06-22,Mobile Money
PUR_007561,CUST_02141,PROD_0179,Wall Clock,149.87,2026-07-16,Mobile Money
PUR_007562,CUST_02141,PROD_0257,Running Shoes,76.43,2026-07-22,Mobile Money
PUR_007563,CUST_02144,PROD_0221,Nail Polish Set,84.1,2026-04-25,Cash on Delivery
PUR_007564,CUST_02144,PROD_0273,Baby Diapers Pack,122.02,2026-07-30,Cash on Delivery
PUR_007565,CUST_02144,PROD_0037,Wax Print Skirt,82.43,2026-08-08,Cash on Delivery
PUR_007566,CUST_02146,PROD_0140,Electric Iron,738.55,2024-12-22,Cash on Delivery
PUR_007567,CUST_02146,PROD_0001,Traditional Smock (Fugu),52.57,2025-04-28,Cash on Delivery
PUR_007568,CUST_02146,PROD_0077,Bluetooth Headset,3327.22,2025-06-16,Cash on Delivery
PUR_007569,CUST_02146,PROD_0126,Gaming Console,792.25,2025-06-18,Card
PUR_007570,CUST_02146,PROD_0015,Unisex Sneakers,248.76,2026-01-22,Mobile Money
PUR_007571,CUST_02146,PROD_0010,Traditional Smock (Fugu),183.23,2026-04-08,Card
PUR_007572,CUST_02147,PROD_0253,Running Shoes,233.92,2026-05-28,Mobile Money
PUR_007573,CUST_02148,PROD_0270,Dumbbell Set,270.45,2026-09-01,Mobile Money
PUR_007574,CUST_02150,PROD_0078,Phone Screen Protector,264.79,2025-02-15,Mobile Money
PUR_007575,CUST_02150,PROD_0204,Beard Grooming Kit,50.36,2025-02-16,Mobile Money
PUR_007576,CUST_02150,PROD_0270,Dumbbell Set,79.02,2026-01-02,Card
PUR_007577,CUST_02150,PROD_0115,Phone Charger (Type-C),827.38,2026-01-07,Mobile Money
PUR_007578,CUST_02150,PROD_0074,Phone Screen Protector,2441.73,2026-02-17,Mobile Money
PUR_007579,CUST_02150,PROD_0003,Cotton Polo Shirt,242.84,2026-03-13,Cash on Delivery
PUR_007580,CUST_02150,PROD_0031,Cotton Polo Shirt,80.77,2026-04-11,Mobile Money
PUR_007581,CUST_02151,PROD_0002,Ladies Kaftan Gown,163.83,2026-05-13,Cash on Delivery
PUR_007582,CUST_02152,PROD_0161,Microwave Oven,306.72,2026-08-18,Card
PUR_007583,CUST_02153,PROD_0004,Men's Slim Fit Jeans,114.04,2025-12-25,Mobile Money
PUR_007584,CUST_02153,PROD_0101,Phone Charger (Type-C),177.25,2026-03-20,Mobile Money
PUR_007585,CUST_02154,PROD_0285,Baby Bath Tub,142.92,2025-06-29,Cash on Delivery
PUR_007586,CUST_02154,PROD_0067,iPhone 13,1071.86,2025-08-17,Cash on Delivery
PUR_007587,CUST_02156,PROD_0203,Braided Hair Extension,63.26,2026-07-09,Mobile Money
PUR_007588,CUST_02156,PROD_0101,Phone Charger (Type-C),1348.2,2026-07-27,Mobile Money
PUR_007589,CUST_02159,PROD_0291,Exercise Books Pack,35.94,2026-01-15,Cash on Delivery
PUR_007590,CUST_02159,PROD_0170,Rice Cooker,113.01,2026-02-12,Cash on Delivery
PUR_007591,CUST_02159,PROD_0024,Women's Maxi Dress,129.02,2026-02-28,Mobile Money
PUR_007592,CUST_02159,PROD_0131,Air Conditioner (1.5HP),199.88,2026-03-21,Card
PUR_007593,CUST_02159,PROD_0148,Electric Iron,302.82,2026-03-23,Cash on Delivery
PUR_007594,CUST_02159,PROD_0211,Shea Butter Body Lotion,35.3,2026-03-24,Bank Transfer
PUR_007595,CUST_02159,PROD_0232,Bathroom Weighing Scale,61.54,2026-03-25,Cash on Delivery
PUR_007596,CUST_02159,PROD_0003,Cotton Polo Shirt,154.41,2026-04-28,Card
PUR_007597,CUST_02159,PROD_0077,Bluetooth Headset,1854.69,2026-05-01,Card
PUR_007598,CUST_02159,PROD_0040,Men's Slim Fit Jeans,88.83,2026-05-10,Mobile Money
PUR_007599,CUST_02159,PROD_0004,Men's Slim Fit Jeans,224.05,2026-05-12,Bank Transfer
PUR_007600,CUST_02159,PROD_0204,Beard Grooming Kit,57.36,2026-05-25,Mobile Money
PUR_007601,CUST_02159,PROD_0067,iPhone 13,882.01,2026-05-30,Card
PUR_007602,CUST_02159,PROD_0234,Multivitamin Tablets,57.69,2026-06-03,Mobile Money
PUR_007603,CUST_02159,PROD_0079,iPhone 13,911.61,2026-06-07,Card
PUR_007604,CUST_02159,PROD_0264,Camping Tent,103.21,2026-06-15,Mobile Money
PUR_007605,CUST_02159,PROD_0060,Ankara Print Dress,216.62,2026-06-15,Mobile Money
PUR_007606,CUST_02159,PROD_0250,Herbal Tea Pack,64.16,2026-06-26,Cash on Delivery
PUR_007607,CUST_02159,PROD_0006,Men's Casual Blazer,119.95,2026-06-29,Cash on Delivery
PUR_007608,CUST_02159,PROD_0297,Rice (5kg Bag),64.39,2026-06-30,Mobile Money
PUR_007609,CUST_02159,PROD_0170,Rice Cooker,91.23,2026-07-19,Mobile Money
PUR_007610,CUST_02159,PROD_0067,iPhone 13,733.25,2026-07-19,Cash on Delivery
PUR_007611,CUST_02159,PROD_0121,Blender (4L),408.09,2026-07-22,Mobile Money
PUR_007612,CUST_02159,PROD_0097,Phone Screen Protector,598.31,2026-07-29,Mobile Money
PUR_007613,CUST_02159,PROD_0159,Bluetooth Speaker,1474.91,2026-08-08,Mobile Money
PUR_007614,CUST_02159,PROD_0238,Digital Blood Pressure Monitor,32.64,2026-08-08,Mobile Money
PUR_007615,CUST_02159,PROD_0001,Traditional Smock (Fugu),62.99,2026-08-14,Mobile Money
PUR_007616,CUST_02159,PROD_0081,Phone Charger (Type-C),1164.92,2026-08-14,Mobile Money
PUR_007617,CUST_02159,PROD_0087,Huawei MatePad,221.29,2026-08-15,Mobile Money
PUR_007618,CUST_02159,PROD_0244,Bathroom Weighing Scale,128.89,2026-08-18,Cash on Delivery
PUR_007619,CUST_02159,PROD_0003,Cotton Polo Shirt,67.82,2026-08-27,Mobile Money
PUR_007620,CUST_02159,PROD_0122,Electric Iron,244.64,2026-09-04,Cash on Delivery
PUR_007621,CUST_02160,PROD_0243,Protein Powder,64.94,2025-12-20,Mobile Money
PUR_007622,CUST_02160,PROD_0260,Gym Gloves,92.29,2026-02-01,Mobile Money
PUR_007623,CUST_02160,PROD_0072,Phone Screen Protector,179.42,2026-06-29,Mobile Money
PUR_007624,CUST_02160,PROD_0093,Samsung Galaxy A14,130.56,2026-06-30,Mobile Money
PUR_007625,CUST_02161,PROD_0170,Rice Cooker,206.23,2026-04-16,Mobile Money
PUR_007626,CUST_02162,PROD_0253,Running Shoes,245.31,2026-03-25,Cash on Delivery
PUR_007627,CUST_02162,PROD_0067,iPhone 13,302.55,2026-04-10,Mobile Money
PUR_007628,CUST_02162,PROD_0232,Bathroom Weighing Scale,98.25,2026-04-13,Mobile Money
PUR_007629,CUST_02162,PROD_0272,Baby Carrier,72.64,2026-06-11,Mobile Money
PUR_007630,CUST_02162,PROD_0021,Leather Sandals,65.39,2026-06-19,Cash on Delivery
PUR_007631,CUST_02162,PROD_0254,Basketball,83.27,2026-06-29,Mobile Money
PUR_007632,CUST_02164,PROD_0019,Men's Casual Blazer,210.98,2024-11-14,Cash on Delivery
PUR_007633,CUST_02164,PROD_0127,Microwave Oven,306.34,2026-02-04,Cash on Delivery
PUR_007634,CUST_02165,PROD_0004,Men's Slim Fit Jeans,113.9,2026-02-17,Mobile Money
PUR_007635,CUST_02165,PROD_0217,Sunscreen SPF50,38.01,2026-02-24,Mobile Money
PUR_007636,CUST_02165,PROD_0122,Electric Iron,747.25,2026-04-10,Card
PUR_007637,CUST_02165,PROD_0234,Multivitamin Tablets,95.65,2026-05-01,Cash on Delivery
PUR_007638,CUST_02165,PROD_0231,Nail Polish Set,40.38,2026-05-04,Cash on Delivery
PUR_007639,CUST_02165,PROD_0203,Braided Hair Extension,69.25,2026-05-05,Mobile Money
PUR_007640,CUST_02165,PROD_0147,LED Bulb Pack,1285.42,2026-05-08,Cash on Delivery
PUR_007641,CUST_02165,PROD_0078,Phone Screen Protector,787.62,2026-05-13,Mobile Money
PUR_007642,CUST_02165,PROD_0253,Running Shoes,143.32,2026-05-26,Bank Transfer
PUR_007643,CUST_02165,PROD_0001,Traditional Smock (Fugu),176.75,2026-06-04,Card
PUR_007644,CUST_02165,PROD_0262,Hiking Backpack,380.65,2026-06-16,Cash on Delivery
PUR_007645,CUST_02165,PROD_0001,Traditional Smock (Fugu),108.87,2026-06-23,Cash on Delivery
PUR_007646,CUST_02165,PROD_0067,iPhone 13,415.51,2026-06-23,Mobile Money
PUR_007647,CUST_02165,PROD_0237,Multivitamin Tablets,108.26,2026-07-03,Card
PUR_007648,CUST_02165,PROD_0003,Cotton Polo Shirt,161.9,2026-07-12,Mobile Money
PUR_007649,CUST_02165,PROD_0281,Educational Toy Set,85.86,2026-07-18,Mobile Money
PUR_007650,CUST_02165,PROD_0271,Kids' Bicycle,58.87,2026-07-23,Card
PUR_007651,CUST_02165,PROD_0122,Electric Iron,1031.57,2026-08-07,Mobile Money
PUR_007652,CUST_02165,PROD_0023,Kente Print Shirt,48.16,2026-09-02,Mobile Money
PUR_007653,CUST_02166,PROD_0243,Protein Powder,112.57,2024-05-12,Cash on Delivery
PUR_007654,CUST_02166,PROD_0078,Phone Screen Protector,1331.18,2024-12-08,Card
PUR_007655,CUST_02166,PROD_0271,Kids' Bicycle,54.63,2025-03-05,Mobile Money
PUR_007656,CUST_02166,PROD_0121,Blender (4L),1213.25,2025-06-25,Mobile Money
PUR_007657,CUST_02166,PROD_0287,Highlighter Set,36.27,2025-11-25,Cash on Delivery
PUR_007658,CUST_02166,PROD_0065,Wax Print Skirt,335.67,2026-03-25,Mobile Money
PUR_007659,CUST_02166,PROD_0001,Traditional Smock (Fugu),158.97,2026-07-12,Mobile Money
PUR_007660,CUST_02166,PROD_0203,Braided Hair Extension,58.91,2026-09-04,Cash on Delivery
PUR_007661,CUST_02169,PROD_0254,Basketball,84.45,2025-10-05,Mobile Money
PUR_007662,CUST_02170,PROD_0029,Women's Maxi Dress,156.61,2026-08-01,Card
PUR_007663,CUST_02170,PROD_0074,Phone Screen Protector,479.42,2026-08-01,Cash on Delivery
PUR_007664,CUST_02173,PROD_0138,Microwave Oven,60.33,2026-07-27,Cash on Delivery
PUR_007665,CUST_02173,PROD_0006,Men's Casual Blazer,136.01,2026-08-02,Cash on Delivery
PUR_007666,CUST_02173,PROD_0204,Beard Grooming Kit,64.91,2026-08-30,Cash on Delivery
PUR_007667,CUST_02174,PROD_0003,Cotton Polo Shirt,186.25,2025-08-13,Cash on Delivery
PUR_007668,CUST_02174,PROD_0166,Gas Cooker (4-Burner),53.02,2025-08-15,Mobile Money
PUR_007669,CUST_02174,PROD_0205,Deodorant Roll-on,46.4,2025-11-14,Cash on Delivery
PUR_007670,CUST_02174,PROD_0254,Basketball,367.74,2026-06-01,Mobile Money
PUR_007671,CUST_02174,PROD_0001,Traditional Smock (Fugu),110.54,2026-06-15,Card
PUR_007672,CUST_02174,PROD_0168,Rice Cooker,416.82,2026-07-21,Bank Transfer
PUR_007673,CUST_02176,PROD_0019,Men's Casual Blazer,63.37,2025-09-26,Bank Transfer
PUR_007674,CUST_02176,PROD_0295,Canned Tuna,49.98,2025-10-06,Mobile Money
PUR_007675,CUST_02176,PROD_0233,Multivitamin Tablets,91.23,2025-11-07,Mobile Money
PUR_007676,CUST_02176,PROD_0172,Curtain Set,94.42,2025-12-24,Cash on Delivery
PUR_007677,CUST_02176,PROD_0122,Electric Iron,347.71,2026-02-02,Mobile Money
PUR_007678,CUST_02176,PROD_0005,Men's Casual Blazer,69.58,2026-02-19,Card
PUR_007679,CUST_02176,PROD_0005,Men's Casual Blazer,177.63,2026-04-04,Mobile Money
PUR_007680,CUST_02176,PROD_0208,Perfume (100ml),109.13,2026-08-05,Cash on Delivery
PUR_007681,CUST_02177,PROD_0257,Running Shoes,59.77,2026-05-25,Cash on Delivery
PUR_007682,CUST_02177,PROD_0125,LED Bulb Pack,1518.0,2026-06-05,Cash on Delivery
PUR_007683,CUST_02177,PROD_0001,Traditional Smock (Fugu),161.69,2026-07-05,Cash on Delivery
PUR_007684,CUST_02177,PROD_0299,Garri (2kg),47.63,2026-08-10,Mobile Money
PUR_007685,CUST_02177,PROD_0001,Traditional Smock (Fugu),104.49,2026-08-28,Mobile Money
PUR_007686,CUST_02178,PROD_0059,Men's Casual Blazer,212.51,2025-08-10,Mobile Money
PUR_007687,CUST_02178,PROD_0220,Beard Grooming Kit,43.79,2025-09-06,Mobile Money
PUR_007688,CUST_02178,PROD_0023,Kente Print Shirt,102.3,2025-09-23,Mobile Money
PUR_007689,CUST_02178,PROD_0068,Redmi Note 12,556.43,2025-10-09,Mobile Money
PUR_007690,CUST_02178,PROD_0109,Phone Screen Protector,1428.02,2025-10-14,Mobile Money
PUR_007691,CUST_02178,PROD_0242,Protein Powder,77.82,2025-12-18,Card
PUR_007692,CUST_02178,PROD_0205,Deodorant Roll-on,66.72,2026-01-13,Mobile Money
PUR_007693,CUST_02178,PROD_0253,Running Shoes,132.84,2026-02-17,Mobile Money
PUR_007694,CUST_02178,PROD_0021,Leather Sandals,246.96,2026-02-20,Card
PUR_007695,CUST_02178,PROD_0177,Rice Cooker,133.88,2026-06-06,Mobile Money
PUR_007696,CUST_02178,PROD_0008,Kente Print Shirt,363.15,2026-06-13,Cash on Delivery
PUR_007697,CUST_02178,PROD_0172,Curtain Set,481.79,2026-07-02,Bank Transfer
PUR_007698,CUST_02178,PROD_0126,Gaming Console,1121.32,2026-08-05,Mobile Money
PUR_007699,CUST_02178,PROD_0001,Traditional Smock (Fugu),334.54,2026-08-22,Mobile Money
PUR_007700,CUST_02178,PROD_0156,Desktop Computer,508.12,2026-08-28,Mobile Money
PUR_007701,CUST_02178,PROD_0255,Water Bottle (1L),154.93,2026-08-30,Mobile Money
PUR_007702,CUST_02178,PROD_0121,Blender (4L),129.9,2026-09-04,Mobile Money
PUR_007703,CUST_02181,PROD_0001,Traditional Smock (Fugu),326.69,2026-08-02,Card
PUR_007704,CUST_02185,PROD_0015,Unisex Sneakers,208.49,2025-10-17,Mobile Money
PUR_007705,CUST_02185,PROD_0243,Protein Powder,51.62,2025-10-28,Mobile Money
PUR_007706,CUST_02185,PROD_0055,Kente Print Shirt,187.73,2025-12-17,Mobile Money
PUR_007707,CUST_02185,PROD_0214,Deodorant Roll-on,123.54,2026-02-24,Card
PUR_007708,CUST_02185,PROD_0181,Storage Containers Set,247.27,2026-03-21,Cash on Delivery
PUR_007709,CUST_02185,PROD_0300,Canned Tuna,97.36,2026-05-17,Mobile Money
PUR_007710,CUST_02185,PROD_0054,Men's Slim Fit Jeans,157.52,2026-08-24,Cash on Delivery
PUR_007711,CUST_02186,PROD_0289,Kids' Storybook,48.89,2026-07-16,Mobile Money
PUR_007712,CUST_02187,PROD_0235,Bathroom Weighing Scale,72.02,2025-08-03,Mobile Money
PUR_007713,CUST_02188,PROD_0258,Yoga Mat,98.02,2025-07-20,Mobile Money
PUR_007714,CUST_02188,PROD_0006,Men's Casual Blazer,175.84,2025-09-21,Card
PUR_007715,CUST_02188,PROD_0166,Gas Cooker (4-Burner),84.78,2025-10-05,Mobile Money
PUR_007716,CUST_02188,PROD_0067,iPhone 13,561.99,2025-11-24,Mobile Money
PUR_007717,CUST_02188,PROD_0121,Blender (4L),209.66,2026-06-20,Mobile Money
PUR_007718,CUST_02188,PROD_0252,Reading Glasses,45.5,2026-06-24,Mobile Money
PUR_007719,CUST_02188,PROD_0284,Baby Bath Tub,70.52,2026-08-08,Mobile Money
PUR_007720,CUST_02188,PROD_0153,Rechargeable Fan,427.44,2026-08-13,Mobile Money
PUR_007721,CUST_02189,PROD_0166,Gas Cooker (4-Burner),707.96,2025-05-28,Mobile Money
PUR_007722,CUST_02189,PROD_0091,iPhone 13,460.87,2025-06-28,Mobile Money
PUR_007723,CUST_02189,PROD_0170,Rice Cooker,147.24,2025-06-29,Mobile Money
PUR_007724,CUST_02189,PROD_0069,Phone Charger (Type-C),2695.35,2025-07-12,Card
PUR_007725,CUST_02189,PROD_0259,Basketball,119.85,2025-09-21,Mobile Money
PUR_007726,CUST_02189,PROD_0161,Microwave Oven,154.82,2025-09-23,Cash on Delivery
PUR_007727,CUST_02189,PROD_0203,Braided Hair Extension,169.92,2025-09-26,Cash on Delivery
PUR_007728,CUST_02189,PROD_0183,Non-stick Cooking Pot Set,182.58,2025-11-01,Mobile Money
PUR_007729,CUST_02189,PROD_0210,Braided Hair Extension,28.31,2025-11-17,Mobile Money
PUR_007730,CUST_02189,PROD_0049,Ladies Handbag,89.14,2025-12-23,Mobile Money
PUR_007731,CUST_02189,PROD_0214,Deodorant Roll-on,77.95,2026-02-03,Cash on Delivery
PUR_007732,CUST_02189,PROD_0004,Men's Slim Fit Jeans,55.35,2026-03-03,Mobile Money
PUR_007733,CUST_02189,PROD_0086,Tecno Spark 10,1947.68,2026-03-05,Mobile Money
PUR_007734,CUST_02189,PROD_0173,Non-stick Cooking Pot Set,128.06,2026-03-18,Card
PUR_007735,CUST_02189,PROD_0067,iPhone 13,644.79,2026-03-20,Mobile Money
PUR_007736,CUST_02189,PROD_0232,Bathroom Weighing Scale,103.62,2026-03-22,Mobile Money
PUR_007737,CUST_02189,PROD_0255,Water Bottle (1L),474.31,2026-04-28,Mobile Money
PUR_007738,CUST_02189,PROD_0040,Men's Slim Fit Jeans,178.1,2026-05-28,Cash on Delivery
PUR_007739,CUST_02189,PROD_0001,Traditional Smock (Fugu),142.35,2026-05-30,Cash on Delivery
PUR_007740,CUST_02189,PROD_0202,Deodorant Roll-on,39.15,2026-06-02,Mobile Money
PUR_007741,CUST_02189,PROD_0125,LED Bulb Pack,1338.14,2026-06-11,Mobile Money
PUR_007742,CUST_02189,PROD_0024,Women's Maxi Dress,122.55,2026-07-03,Mobile Money
PUR_007743,CUST_02189,PROD_0029,Women's Maxi Dress,158.54,2026-07-05,Card
PUR_007744,CUST_02189,PROD_0073,Redmi Note 12,6707.46,2026-07-15,Cash on Delivery
PUR_007745,CUST_02189,PROD_0084,Samsung Galaxy A14,1352.66,2026-07-16,Cash on Delivery
PUR_007746,CUST_02189,PROD_0147,LED Bulb Pack,659.15,2026-07-17,Cash on Delivery
PUR_007747,CUST_02189,PROD_0026,Men's Casual Blazer,237.36,2026-07-28,Cash on Delivery
PUR_007748,CUST_02189,PROD_0067,iPhone 13,341.76,2026-07-28,Mobile Money
PUR_007749,CUST_02189,PROD_0067,iPhone 13,744.98,2026-07-30,Card
PUR_007750,CUST_02189,PROD_0135,LED Bulb Pack,2375.68,2026-08-04,Mobile Money
PUR_007751,CUST_02189,PROD_0236,Glucometer Kit,149.41,2026-08-18,Cash on Delivery
PUR_007752,CUST_02189,PROD_0247,Bathroom Weighing Scale,16.29,2026-08-28,Mobile Money
PUR_007753,CUST_02189,PROD_0067,iPhone 13,481.01,2026-09-04,Card
PUR_007754,CUST_02190,PROD_0283,Toddler Shoes,44.55,2025-12-03,Card
PUR_007755,CUST_02190,PROD_0069,Phone Charger (Type-C),1447.47,2026-02-12,Mobile Money
PUR_007756,CUST_02190,PROD_0283,Toddler Shoes,161.47,2026-06-12,Bank Transfer
PUR_007757,CUST_02190,PROD_0202,Deodorant Roll-on,47.13,2026-08-15,Mobile Money
PUR_007758,CUST_02192,PROD_0274,Baby Carrier,143.97,2024-02-24,Cash on Delivery
PUR_007759,CUST_02192,PROD_0125,LED Bulb Pack,49.59,2024-05-11,Bank Transfer
PUR_007760,CUST_02192,PROD_0279,Baby Wipes (80pcs),50.33,2024-05-22,Mobile Money
PUR_007761,CUST_02192,PROD_0012,Children's T-Shirt Set,199.69,2025-06-12,Card
PUR_007762,CUST_02192,PROD_0257,Running Shoes,229.05,2025-07-16,Cash on Delivery
PUR_007763,CUST_02192,PROD_0089,Samsung Galaxy A14,951.64,2025-08-06,Cash on Delivery
PUR_007764,CUST_02192,PROD_0202,Deodorant Roll-on,65.56,2025-08-14,Cash on Delivery
PUR_007765,CUST_02192,PROD_0024,Women's Maxi Dress,49.09,2025-11-15,Cash on Delivery
PUR_007766,CUST_02192,PROD_0264,Camping Tent,97.25,2026-01-07,Mobile Money
PUR_007767,CUST_02192,PROD_0224,Hair Dryer,33.97,2026-02-19,Cash on Delivery
PUR_007768,CUST_02192,PROD_0002,Ladies Kaftan Gown,131.41,2026-06-16,Cash on Delivery
PUR_007769,CUST_02192,PROD_0167,Bedsheet Set (Queen),252.35,2026-07-27,Card
PUR_007770,CUST_02192,PROD_0208,Perfume (100ml),29.05,2026-08-06,Bank Transfer
PUR_007771,CUST_02193,PROD_0067,iPhone 13,886.62,2026-01-27,Mobile Money
PUR_007772,CUST_02193,PROD_0234,Multivitamin Tablets,62.13,2026-01-31,Card
PUR_007773,CUST_02193,PROD_0258,Yoga Mat,66.49,2026-02-19,Bank Transfer
PUR_007774,CUST_02193,PROD_0064,Leather Sandals,36.54,2026-04-15,Cash on Delivery
PUR_007775,CUST_02193,PROD_0242,Protein Powder,39.04,2026-05-01,Card
PUR_007776,CUST_02193,PROD_0208,Perfume (100ml),57.11,2026-05-31,Cash on Delivery
PUR_007777,CUST_02194,PROD_0208,Perfume (100ml),43.14,2026-05-23,Mobile Money
PUR_007778,CUST_02195,PROD_0070,Phone Charger (Type-C),748.13,2026-08-21,Card
PUR_007779,CUST_02197,PROD_0202,Deodorant Roll-on,83.38,2026-05-28,Mobile Money
PUR_007780,CUST_02198,PROD_0134,Gaming Console,457.56,2025-12-15,Cash on Delivery
PUR_007781,CUST_02198,PROD_0216,Skin Toner,31.29,2026-03-08,Card
PUR_007782,CUST_02198,PROD_0232,Bathroom Weighing Scale,73.46,2026-06-08,Card
PUR_007783,CUST_02200,PROD_0180,Bedsheet Set (Queen),292.29,2026-05-16,Cash on Delivery
PUR_007784,CUST_02200,PROD_0136,Laptop (Core i5),567.53,2026-06-29,Mobile Money
PUR_007785,CUST_02200,PROD_0046,Ladies Kaftan Gown,50.38,2026-07-25,Mobile Money
PUR_007786,CUST_02200,PROD_0166,Gas Cooker (4-Burner),74.11,2026-08-20,Bank Transfer
PUR_007787,CUST_02200,PROD_0296,Garri (2kg),53.42,2026-08-22,Mobile Money
PUR_007788,CUST_02201,PROD_0108,Wireless Earbuds,2800.44,2024-12-06,Mobile Money
PUR_007789,CUST_02201,PROD_0068,Redmi Note 12,2336.03,2025-07-10,Mobile Money
PUR_007790,CUST_02201,PROD_0091,iPhone 13,2773.59,2025-10-28,Mobile Money
PUR_007791,CUST_02201,PROD_0170,Rice Cooker,165.03,2026-02-10,Mobile Money
PUR_007792,CUST_02201,PROD_0079,iPhone 13,622.91,2026-05-28,Mobile Money
PUR_007793,CUST_02204,PROD_0124,LED Bulb Pack,484.97,2026-08-20,Cash on Delivery
PUR_007794,CUST_02205,PROD_0003,Cotton Polo Shirt,51.63,2026-02-07,Mobile Money
PUR_007795,CUST_02205,PROD_0010,Traditional Smock (Fugu),84.97,2026-05-22,Cash on Delivery
PUR_007796,CUST_02206,PROD_0122,Electric Iron,2589.4,2025-05-17,Card
PUR_007797,CUST_02206,PROD_0205,Deodorant Roll-on,131.33,2025-08-27,Cash on Delivery
PUR_007798,CUST_02206,PROD_0124,LED Bulb Pack,1039.23,2025-10-09,Cash on Delivery
PUR_007799,CUST_02206,PROD_0239,Vitamin C Supplements,54.49,2025-11-14,Mobile Money
PUR_007800,CUST_02206,PROD_0167,Bedsheet Set (Queen),108.86,2026-01-02,Card
PUR_007801,CUST_02206,PROD_0207,Skin Toner,48.91,2026-01-17,Mobile Money
PUR_007802,CUST_02206,PROD_0017,Men's Formal Suit,158.62,2026-01-22,Card
PUR_007803,CUST_02206,PROD_0171,Sofa Set,113.18,2026-03-06,Card
PUR_007804,CUST_02206,PROD_0207,Skin Toner,84.73,2026-03-07,Card
PUR_007805,CUST_02206,PROD_0286,Hardcover Notebook,30.81,2026-03-16,Mobile Money
PUR_007806,CUST_02206,PROD_0007,Kente Print Shirt,104.94,2026-03-22,Mobile Money
PUR_007807,CUST_02206,PROD_0068,Redmi Note 12,1181.69,2026-06-02,Mobile Money
PUR_007808,CUST_02208,PROD_0259,Basketball,173.27,2025-07-11,Bank Transfer
PUR_007809,CUST_02208,PROD_0060,Ankara Print Dress,77.44,2025-11-24,Cash on Delivery
PUR_007810,CUST_02208,PROD_0258,Yoga Mat,91.97,2026-01-12,Cash on Delivery
PUR_007811,CUST_02208,PROD_0067,iPhone 13,180.68,2026-04-27,Mobile Money
PUR_007812,CUST_02210,PROD_0042,Wax Print Skirt,165.59,2024-10-07,Mobile Money
PUR_007813,CUST_02210,PROD_0089,Samsung Galaxy A14,1576.7,2024-11-04,Mobile Money
PUR_007814,CUST_02210,PROD_0076,Phone Charger (Type-C),1227.96,2024-12-16,Card
PUR_007815,CUST_02210,PROD_0024,Women's Maxi Dress,647.15,2025-05-30,Mobile Money
PUR_007816,CUST_02210,PROD_0009,Ladies Kaftan Gown,74.73,2025-11-21,Mobile Money
PUR_007817,CUST_02210,PROD_0019,Men's Casual Blazer,65.92,2026-01-26,Mobile Money
PUR_007818,CUST_02210,PROD_0168,Rice Cooker,451.11,2026-02-02,Cash on Delivery
PUR_007819,CUST_02210,PROD_0122,Electric Iron,316.05,2026-02-15,Mobile Money
PUR_007820,CUST_02210,PROD_0172,Curtain Set,160.26,2026-03-18,Mobile Money
PUR_007821,CUST_02210,PROD_0133,Bluetooth Speaker,304.41,2026-04-28,Mobile Money
PUR_007822,CUST_02210,PROD_0073,Redmi Note 12,336.31,2026-04-29,Card
PUR_007823,CUST_02210,PROD_0169,Bedsheet Set (Queen),380.51,2026-06-20,Mobile Money
PUR_007824,CUST_02211,PROD_0068,Redmi Note 12,688.26,2025-09-28,Mobile Money
PUR_007825,CUST_02212,PROD_0237,Multivitamin Tablets,98.76,2026-06-19,Mobile Money
PUR_007826,CUST_02214,PROD_0057,Ladies Handbag,122.02,2024-09-25,Card
PUR_007827,CUST_02214,PROD_0198,Wall Clock,166.31,2025-12-27,Mobile Money
PUR_007828,CUST_02214,PROD_0215,Skin Toner,27.07,2026-04-09,Mobile Money
PUR_007829,CUST_02214,PROD_0233,Multivitamin Tablets,31.16,2026-04-27,Cash on Delivery
PUR_007830,CUST_02214,PROD_0071,Bluetooth Headset,815.79,2026-05-17,Mobile Money
PUR_007831,CUST_02214,PROD_0197,Wall Clock,278.05,2026-07-31,Card
PUR_007832,CUST_02215,PROD_0088,Universal Phone Case,444.95,2026-04-29,Mobile Money
PUR_007833,CUST_02217,PROD_0099,Huawei MatePad,1004.16,2026-07-02,Mobile Money
PUR_007834,CUST_02217,PROD_0002,Ladies Kaftan Gown,126.62,2026-08-26,Mobile Money
PUR_007835,CUST_02218,PROD_0029,Women's Maxi Dress,78.81,2026-06-05,Mobile Money
PUR_007836,CUST_02219,PROD_0253,Running Shoes,95.69,2025-01-04,Mobile Money
PUR_007837,CUST_02219,PROD_0154,Gaming Console,1095.52,2025-01-25,Bank Transfer
PUR_007838,CUST_02219,PROD_0096,Bluetooth Headset,1362.25,2025-03-26,Mobile Money
PUR_007839,CUST_02219,PROD_0011,Unisex Sneakers,164.05,2025-06-03,Mobile Money
PUR_007840,CUST_02219,PROD_0121,Blender (4L),574.81,2025-08-07,Mobile Money
PUR_007841,CUST_02219,PROD_0084,Samsung Galaxy A14,1535.42,2025-12-14,Card
PUR_007842,CUST_02219,PROD_0060,Ankara Print Dress,215.94,2025-12-27,Mobile Money
PUR_007843,CUST_02219,PROD_0257,Running Shoes,130.94,2026-05-05,Cash on Delivery
PUR_007844,CUST_02219,PROD_0124,LED Bulb Pack,469.51,2026-06-11,Mobile Money
PUR_007845,CUST_02220,PROD_0067,iPhone 13,1207.95,2026-08-28,Cash on Delivery
PUR_007846,CUST_02222,PROD_0203,Braided Hair Extension,47.9,2026-06-23,Mobile Money
PUR_007847,CUST_02222,PROD_0035,Children's T-Shirt Set,154.14,2026-07-26,Cash on Delivery
PUR_007848,CUST_02226,PROD_0188,Water Dispenser,164.35,2026-09-04,Card
PUR_007849,CUST_02228,PROD_0166,Gas Cooker (4-Burner),535.57,2026-02-24,Cash on Delivery
PUR_007850,CUST_02228,PROD_0179,Wall Clock,230.16,2026-05-10,Mobile Money
PUR_007851,CUST_02228,PROD_0007,Kente Print Shirt,246.44,2026-06-19,Mobile Money
PUR_007852,CUST_02229,PROD_0015,Unisex Sneakers,155.31,2026-06-05,Cash on Delivery
PUR_007853,CUST_02229,PROD_0259,Basketball,343.67,2026-07-11,Cash on Delivery
PUR_007854,CUST_02229,PROD_0287,Highlighter Set,27.03,2026-07-16,Mobile Money
PUR_007855,CUST_02229,PROD_0003,Cotton Polo Shirt,164.28,2026-07-17,Card
PUR_007856,CUST_02229,PROD_0210,Braided Hair Extension,40.15,2026-08-07,Cash on Delivery
PUR_007857,CUST_02229,PROD_0067,iPhone 13,945.23,2026-09-01,Mobile Money
PUR_007858,CUST_02230,PROD_0232,Bathroom Weighing Scale,48.47,2026-08-24,Mobile Money
PUR_007859,CUST_02230,PROD_0034,Men's Casual Blazer,145.38,2026-08-29,Cash on Delivery
PUR_007860,CUST_02231,PROD_0203,Braided Hair Extension,47.59,2025-08-25,Card
PUR_007861,CUST_02231,PROD_0001,Traditional Smock (Fugu),253.36,2026-01-21,Mobile Money
PUR_007862,CUST_02231,PROD_0252,Reading Glasses,56.75,2026-03-15,Card
PUR_007863,CUST_02231,PROD_0178,Gas Cooker (4-Burner),226.41,2026-04-12,Card
PUR_007864,CUST_02231,PROD_0005,Men's Casual Blazer,182.8,2026-04-23,Mobile Money
PUR_007865,CUST_02231,PROD_0168,Rice Cooker,241.58,2026-07-08,Mobile Money
PUR_007866,CUST_02231,PROD_0092,Huawei MatePad,3299.5,2026-07-12,Card
PUR_007867,CUST_02231,PROD_0072,Phone Screen Protector,132.29,2026-08-22,Mobile Money
PUR_007868,CUST_02233,PROD_0168,Rice Cooker,92.12,2025-06-03,Mobile Money
PUR_007869,CUST_02233,PROD_0093,Samsung Galaxy A14,1309.06,2025-10-12,Cash on Delivery
PUR_007870,CUST_02233,PROD_0131,Air Conditioner (1.5HP),182.07,2025-11-20,Mobile Money
PUR_007871,CUST_02233,PROD_0079,iPhone 13,231.77,2026-04-23,Mobile Money
PUR_007872,CUST_02233,PROD_0001,Traditional Smock (Fugu),74.98,2026-05-24,Mobile Money
PUR_007873,CUST_02233,PROD_0105,Samsung Galaxy A14,354.12,2026-07-27,Mobile Money
PUR_007874,CUST_02234,PROD_0202,Deodorant Roll-on,95.64,2025-03-20,Cash on Delivery
PUR_007875,CUST_02234,PROD_0005,Men's Casual Blazer,125.18,2025-06-10,Mobile Money
PUR_007876,CUST_02234,PROD_0068,Redmi Note 12,1180.41,2025-09-30,Card
PUR_007877,CUST_02234,PROD_0123,Electric Iron,709.55,2025-11-01,Card
PUR_007878,CUST_02234,PROD_0286,Hardcover Notebook,39.55,2026-03-08,Mobile Money
PUR_007879,CUST_02234,PROD_0140,Electric Iron,156.83,2026-08-18,Mobile Money
PUR_007880,CUST_02234,PROD_0256,Camping Tent,418.04,2026-08-23,Mobile Money
PUR_007881,CUST_02235,PROD_0256,Camping Tent,502.02,2025-11-22,Mobile Money
PUR_007882,CUST_02235,PROD_0211,Shea Butter Body Lotion,59.35,2026-03-19,Mobile Money
PUR_007883,CUST_02235,PROD_0126,Gaming Console,1034.64,2026-03-23,Mobile Money
PUR_007884,CUST_02235,PROD_0203,Braided Hair Extension,38.7,2026-03-31,Bank Transfer
PUR_007885,CUST_02235,PROD_0143,LED Bulb Pack,375.86,2026-08-13,Cash on Delivery
PUR_007886,CUST_02235,PROD_0004,Men's Slim Fit Jeans,108.51,2026-08-19,Mobile Money
PUR_007887,CUST_02235,PROD_0269,Yoga Mat,60.59,2026-09-04,Bank Transfer
PUR_007888,CUST_02236,PROD_0286,Hardcover Notebook,27.63,2026-02-11,Cash on Delivery
PUR_007889,CUST_02237,PROD_0070,Phone Charger (Type-C),698.54,2024-12-22,Mobile Money
PUR_007890,CUST_02237,PROD_0120,Redmi Note 12,1389.03,2024-12-25,Cash on Delivery
PUR_007891,CUST_02237,PROD_0048,Women's Maxi Dress,149.21,2025-05-08,Mobile Money
PUR_007892,CUST_02237,PROD_0127,Microwave Oven,546.89,2025-05-20,Mobile Money
PUR_007893,CUST_02237,PROD_0030,Men's Casual Blazer,95.94,2025-09-04,Bank Transfer
PUR_007894,CUST_02237,PROD_0272,Baby Carrier,71.52,2025-09-19,Bank Transfer
PUR_007895,CUST_02237,PROD_0202,Deodorant Roll-on,99.69,2025-11-06,Mobile Money
PUR_007896,CUST_02237,PROD_0245,Protein Powder,53.63,2025-11-30,Mobile Money
PUR_007897,CUST_02237,PROD_0002,Ladies Kaftan Gown,131.87,2026-01-12,Mobile Money
PUR_007898,CUST_02237,PROD_0239,Vitamin C Supplements,57.62,2026-01-31,Mobile Money
PUR_007899,CUST_02237,PROD_0068,Redmi Note 12,2220.59,2026-02-18,Cash on Delivery
PUR_007900,CUST_02237,PROD_0167,Bedsheet Set (Queen),213.23,2026-04-22,Mobile Money
PUR_007901,CUST_02238,PROD_0259,Basketball,151.52,2026-08-03,Mobile Money
PUR_007902,CUST_02238,PROD_0103,Power Bank 20000mAh,4183.0,2026-08-06,Mobile Money
PUR_007903,CUST_02238,PROD_0236,Glucometer Kit,38.43,2026-08-18,Mobile Money
PUR_007904,CUST_02239,PROD_0001,Traditional Smock (Fugu),89.29,2026-09-03,Bank Transfer
PUR_007905,CUST_02240,PROD_0069,Phone Charger (Type-C),902.17,2026-08-10,Mobile Money
PUR_007906,CUST_02241,PROD_0175,Kitchen Knife Set,198.05,2025-07-14,Bank Transfer
PUR_007907,CUST_02242,PROD_0080,Infinix Hot 30,184.78,2026-09-03,Mobile Money
PUR_007908,CUST_02243,PROD_0009,Ladies Kaftan Gown,141.79,2026-07-28,Cash on Delivery
PUR_007909,CUST_02244,PROD_0299,Garri (2kg),110.09,2024-02-11,Cash on Delivery
PUR_007910,CUST_02244,PROD_0080,Infinix Hot 30,2263.23,2024-04-14,Mobile Money
PUR_007911,CUST_02244,PROD_0189,Non-stick Cooking Pot Set,62.51,2024-04-16,Bank Transfer
PUR_007912,CUST_02244,PROD_0107,Samsung Galaxy Tab A8,862.49,2024-06-23,Mobile Money
PUR_007913,CUST_02244,PROD_0013,Ankara Print Dress,52.27,2024-11-24,Mobile Money
PUR_007914,CUST_02244,PROD_0018,Men's Formal Suit,115.71,2025-12-24,Mobile Money
PUR_007915,CUST_02244,PROD_0172,Curtain Set,218.2,2026-01-07,Cash on Delivery
PUR_007916,CUST_02244,PROD_0250,Herbal Tea Pack,144.48,2026-02-17,Cash on Delivery
PUR_007917,CUST_02245,PROD_0008,Kente Print Shirt,72.64,2024-08-11,Mobile Money
PUR_007918,CUST_02245,PROD_0067,iPhone 13,985.63,2025-01-18,Mobile Money
PUR_007919,CUST_02245,PROD_0221,Nail Polish Set,28.13,2025-06-16,Mobile Money
PUR_007920,CUST_02245,PROD_0272,Baby Carrier,52.02,2026-08-12,Bank Transfer
PUR_007921,CUST_02249,PROD_0103,Power Bank 20000mAh,468.84,2026-06-02,Mobile Money
PUR_007922,CUST_02249,PROD_0017,Men's Formal Suit,82.87,2026-06-12,Bank Transfer
PUR_007923,CUST_02251,PROD_0264,Camping Tent,295.84,2026-08-19,Cash on Delivery
PUR_007924,CUST_02252,PROD_0009,Ladies Kaftan Gown,43.02,2026-01-07,Mobile Money
PUR_007925,CUST_02252,PROD_0215,Skin Toner,16.99,2026-03-19,Mobile Money
PUR_007926,CUST_02253,PROD_0202,Deodorant Roll-on,96.57,2026-04-22,Mobile Money
PUR_007927,CUST_02254,PROD_0068,Redmi Note 12,932.75,2026-06-25,Mobile Money
PUR_007928,CUST_02254,PROD_0235,Bathroom Weighing Scale,74.29,2026-07-20,Cash on Delivery
PUR_007929,CUST_02255,PROD_0015,Unisex Sneakers,117.19,2024-12-14,Mobile Money
PUR_007930,CUST_02255,PROD_0235,Bathroom Weighing Scale,40.23,2025-01-14,Mobile Money
PUR_007931,CUST_02255,PROD_0073,Redmi Note 12,432.18,2025-06-20,Mobile Money
PUR_007932,CUST_02255,PROD_0127,Microwave Oven,1100.38,2025-06-22,Cash on Delivery
PUR_007933,CUST_02255,PROD_0296,Garri (2kg),72.6,2025-09-14,Card
PUR_007934,CUST_02255,PROD_0004,Men's Slim Fit Jeans,65.42,2025-11-15,Mobile Money
PUR_007935,CUST_02255,PROD_0122,Electric Iron,961.03,2025-11-21,Cash on Delivery
PUR_007936,CUST_02255,PROD_0121,Blender (4L),312.85,2025-12-17,Mobile Money
PUR_007937,CUST_02255,PROD_0182,Curtain Set,275.9,2026-02-05,Mobile Money
PUR_007938,CUST_02255,PROD_0233,Multivitamin Tablets,67.86,2026-02-23,Cash on Delivery
PUR_007939,CUST_02255,PROD_0178,Gas Cooker (4-Burner),301.72,2026-03-05,Card
PUR_007940,CUST_02255,PROD_0003,Cotton Polo Shirt,105.34,2026-05-07,Cash on Delivery
PUR_007941,CUST_02255,PROD_0149,Gaming Console,246.92,2026-05-13,Mobile Money
PUR_007942,CUST_02255,PROD_0300,Canned Tuna,39.37,2026-05-13,Cash on Delivery
PUR_007943,CUST_02255,PROD_0008,Kente Print Shirt,169.42,2026-07-04,Bank Transfer
PUR_007944,CUST_02255,PROD_0253,Running Shoes,86.69,2026-07-07,Mobile Money
PUR_007945,CUST_02255,PROD_0112,Itel Vision 3,596.28,2026-07-09,Mobile Money
PUR_007946,CUST_02255,PROD_0070,Phone Charger (Type-C),694.7,2026-07-25,Mobile Money
PUR_007947,CUST_02255,PROD_0219,Braided Hair Extension,102.09,2026-08-25,Mobile Money
PUR_007948,CUST_02256,PROD_0158,LED Bulb Pack,523.5,2026-01-02,Card
PUR_007949,CUST_02257,PROD_0125,LED Bulb Pack,2080.33,2026-01-19,Mobile Money
PUR_007950,CUST_02257,PROD_0201,Storage Containers Set,56.45,2026-07-15,Mobile Money
PUR_007951,CUST_02258,PROD_0125,LED Bulb Pack,2555.41,2026-05-24,Mobile Money
PUR_007952,CUST_02258,PROD_0010,Traditional Smock (Fugu),85.75,2026-08-15,Mobile Money
PUR_007953,CUST_02258,PROD_0240,Digital Thermometer,141.19,2026-08-31,Mobile Money
PUR_007954,CUST_02259,PROD_0008,Kente Print Shirt,251.53,2026-07-03,Mobile Money
PUR_007955,CUST_02259,PROD_0105,Samsung Galaxy A14,3053.32,2026-08-27,Mobile Money
PUR_007956,CUST_02260,PROD_0001,Traditional Smock (Fugu),90.59,2026-09-03,Bank Transfer
PUR_007957,CUST_02261,PROD_0067,iPhone 13,422.28,2025-09-25,Bank Transfer
PUR_007958,CUST_02261,PROD_0001,Traditional Smock (Fugu),111.79,2025-12-04,Cash on Delivery
PUR_007959,CUST_02263,PROD_0072,Phone Screen Protector,861.69,2025-01-15,Cash on Delivery
PUR_007960,CUST_02263,PROD_0232,Bathroom Weighing Scale,84.69,2025-04-03,Mobile Money
PUR_007961,CUST_02263,PROD_0067,iPhone 13,168.25,2026-03-29,Mobile Money
PUR_007962,CUST_02265,PROD_0067,iPhone 13,679.47,2026-09-04,Mobile Money
PUR_007963,CUST_02266,PROD_0128,Air Conditioner (1.5HP),263.22,2025-11-29,Cash on Delivery
PUR_007964,CUST_02266,PROD_0170,Rice Cooker,241.39,2026-01-06,Mobile Money
PUR_007965,CUST_02266,PROD_0254,Basketball,209.48,2026-02-02,Mobile Money
PUR_007966,CUST_02266,PROD_0125,LED Bulb Pack,722.85,2026-02-28,Mobile Money
PUR_007967,CUST_02266,PROD_0023,Kente Print Shirt,70.36,2026-04-04,Cash on Delivery
PUR_007968,CUST_02266,PROD_0167,Bedsheet Set (Queen),217.56,2026-05-10,Mobile Money
PUR_007969,CUST_02266,PROD_0206,Braided Hair Extension,36.38,2026-06-22,Cash on Delivery
PUR_007970,CUST_02266,PROD_0072,Phone Screen Protector,764.68,2026-07-19,Mobile Money
PUR_007971,CUST_02267,PROD_0108,Wireless Earbuds,703.74,2026-08-30,Mobile Money
PUR_007972,CUST_02268,PROD_0067,iPhone 13,3804.1,2025-12-31,Cash on Delivery
PUR_007973,CUST_02268,PROD_0126,Gaming Console,1610.25,2026-04-20,Mobile Money
PUR_007974,CUST_02269,PROD_0129,43-inch LED TV,636.9,2026-06-06,Mobile Money
PUR_007975,CUST_02269,PROD_0128,Air Conditioner (1.5HP),897.13,2026-07-01,Card
PUR_007976,CUST_02269,PROD_0002,Ladies Kaftan Gown,84.87,2026-07-02,Cash on Delivery
PUR_007977,CUST_02269,PROD_0166,Gas Cooker (4-Burner),231.28,2026-07-04,Cash on Delivery
PUR_007978,CUST_02269,PROD_0302,Milk Powder (400g),61.81,2026-07-04,Cash on Delivery
PUR_007979,CUST_02269,PROD_0001,Traditional Smock (Fugu),167.69,2026-07-17,Mobile Money
PUR_007980,CUST_02269,PROD_0003,Cotton Polo Shirt,109.07,2026-08-04,Card
PUR_007981,CUST_02269,PROD_0124,LED Bulb Pack,1339.85,2026-08-11,Mobile Money
PUR_007982,CUST_02269,PROD_0256,Camping Tent,129.11,2026-08-28,Card
PUR_007983,CUST_02270,PROD_0166,Gas Cooker (4-Burner),478.85,2025-12-31,Cash on Delivery
PUR_007984,CUST_02270,PROD_0279,Baby Wipes (80pcs),141.17,2026-02-05,Mobile Money
PUR_007985,CUST_02270,PROD_0300,Canned Tuna,62.7,2026-03-19,Mobile Money
PUR_007986,CUST_02270,PROD_0236,Glucometer Kit,84.73,2026-03-31,Cash on Delivery
PUR_007987,CUST_02270,PROD_0142,Gaming Console,1308.57,2026-04-25,Card
PUR_007988,CUST_02270,PROD_0198,Wall Clock,92.4,2026-05-14,Card
PUR_007989,CUST_02270,PROD_0034,Men's Casual Blazer,455.28,2026-06-09,Bank Transfer
PUR_007990,CUST_02270,PROD_0245,Protein Powder,137.92,2026-06-21,Mobile Money
PUR_007991,CUST_02274,PROD_0116,Universal Phone Case,1752.49,2026-02-23,Mobile Money
PUR_007992,CUST_02276,PROD_0097,Phone Screen Protector,1144.01,2025-10-06,Bank Transfer
PUR_007993,CUST_02276,PROD_0109,Phone Screen Protector,475.88,2026-04-20,Bank Transfer
PUR_007994,CUST_02277,PROD_0204,Beard Grooming Kit,84.21,2026-08-02,Card
PUR_007995,CUST_02278,PROD_0123,Electric Iron,3952.87,2026-07-23,Mobile Money
PUR_007996,CUST_02279,PROD_0012,Children's T-Shirt Set,121.85,2026-02-25,Cash on Delivery
PUR_007997,CUST_02279,PROD_0069,Phone Charger (Type-C),1614.89,2026-03-14,Mobile Money
PUR_007998,CUST_02279,PROD_0067,iPhone 13,654.54,2026-04-30,Mobile Money
PUR_007999,CUST_02281,PROD_0209,Makeup Kit,64.32,2026-08-04,Mobile Money
PUR_008000,CUST_02282,PROD_0233,Multivitamin Tablets,54.17,2026-08-20,Cash on Delivery
PUR_008001,CUST_02283,PROD_0250,Herbal Tea Pack,52.02,2026-03-06,Mobile Money
PUR_008002,CUST_02283,PROD_0078,Phone Screen Protector,333.5,2026-06-05,Cash on Delivery
PUR_008003,CUST_02284,PROD_0261,Camping Tent,252.52,2026-08-30,Card
PUR_008004,CUST_02285,PROD_0181,Storage Containers Set,196.92,2026-08-31,Mobile Money
PUR_008005,CUST_02287,PROD_0296,Garri (2kg),36.81,2024-04-28,Cash on Delivery
PUR_008006,CUST_02287,PROD_0001,Traditional Smock (Fugu),86.88,2025-01-26,Cash on Delivery
PUR_008007,CUST_02287,PROD_0202,Deodorant Roll-on,147.91,2025-09-07,Mobile Money
PUR_008008,CUST_02287,PROD_0075,Redmi Note 12,1518.57,2025-11-13,Cash on Delivery
PUR_008009,CUST_02287,PROD_0070,Phone Charger (Type-C),1765.67,2026-03-04,Cash on Delivery
PUR_008010,CUST_02289,PROD_0166,Gas Cooker (4-Burner),288.56,2026-01-22,Cash on Delivery
PUR_008011,CUST_02289,PROD_0205,Deodorant Roll-on,40.95,2026-01-25,Cash on Delivery
PUR_008012,CUST_02289,PROD_0254,Basketball,133.58,2026-01-30,Cash on Delivery
PUR_008013,CUST_02289,PROD_0249,First Aid Kit,20.99,2026-02-05,Mobile Money
PUR_008014,CUST_02289,PROD_0020,Kente Print Shirt,165.45,2026-02-09,Cash on Delivery
PUR_008015,CUST_02289,PROD_0070,Phone Charger (Type-C),344.13,2026-02-17,Cash on Delivery
PUR_008016,CUST_02289,PROD_0186,Storage Containers Set,167.7,2026-02-19,Mobile Money
PUR_008017,CUST_02289,PROD_0167,Bedsheet Set (Queen),521.66,2026-02-22,Card
PUR_008018,CUST_02289,PROD_0249,First Aid Kit,88.62,2026-03-02,Mobile Money
PUR_008019,CUST_02289,PROD_0098,Power Bank 20000mAh,282.04,2026-03-15,Mobile Money
PUR_008020,CUST_02289,PROD_0013,Ankara Print Dress,120.67,2026-03-16,Mobile Money
PUR_008021,CUST_02289,PROD_0186,Storage Containers Set,151.74,2026-03-18,Cash on Delivery
PUR_008022,CUST_02289,PROD_0012,Children's T-Shirt Set,102.37,2026-03-19,Mobile Money
PUR_008023,CUST_02289,PROD_0004,Men's Slim Fit Jeans,178.78,2026-04-22,Mobile Money
PUR_008024,CUST_02289,PROD_0072,Phone Screen Protector,2900.04,2026-04-24,Mobile Money
PUR_008025,CUST_02289,PROD_0079,iPhone 13,7432.37,2026-05-12,Mobile Money
PUR_008026,CUST_02289,PROD_0286,Hardcover Notebook,41.93,2026-05-17,Mobile Money
PUR_008027,CUST_02289,PROD_0122,Electric Iron,1480.36,2026-05-19,Cash on Delivery
PUR_008028,CUST_02289,PROD_0072,Phone Screen Protector,2569.71,2026-05-26,Card
PUR_008029,CUST_02289,PROD_0232,Bathroom Weighing Scale,138.65,2026-05-26,Card
PUR_008030,CUST_02289,PROD_0273,Baby Diapers Pack,84.24,2026-06-08,Mobile Money
PUR_008031,CUST_02289,PROD_0149,Gaming Console,530.28,2026-06-11,Mobile Money
PUR_008032,CUST_02289,PROD_0239,Vitamin C Supplements,168.86,2026-07-13,Cash on Delivery
PUR_008033,CUST_02289,PROD_0203,Braided Hair Extension,141.75,2026-07-16,Card
PUR_008034,CUST_02289,PROD_0025,Ladies Handbag,171.89,2026-07-23,Card
PUR_008035,CUST_02289,PROD_0053,Traditional Smock (Fugu),54.46,2026-07-23,Mobile Money
PUR_008036,CUST_02289,PROD_0277,Feeding Bottle Set,163.41,2026-08-04,Mobile Money
PUR_008037,CUST_02289,PROD_0071,Bluetooth Headset,3133.88,2026-08-20,Card
PUR_008038,CUST_02289,PROD_0066,Men's Slim Fit Jeans,310.93,2026-08-22,Mobile Money
PUR_008039,CUST_02289,PROD_0160,Rechargeable Fan,2647.8,2026-08-23,Cash on Delivery
PUR_008040,CUST_02289,PROD_0286,Hardcover Notebook,92.66,2026-08-27,Mobile Money
PUR_008041,CUST_02289,PROD_0253,Running Shoes,298.19,2026-08-28,Cash on Delivery
PUR_008042,CUST_02289,PROD_0103,Power Bank 20000mAh,1944.58,2026-09-01,Cash on Delivery
PUR_008043,CUST_02289,PROD_0238,Digital Blood Pressure Monitor,36.62,2026-09-02,Mobile Money
PUR_008044,CUST_02291,PROD_0070,Phone Charger (Type-C),1185.73,2025-12-05,Cash on Delivery
PUR_008045,CUST_02291,PROD_0002,Ladies Kaftan Gown,139.39,2025-12-08,Mobile Money
PUR_008046,CUST_02291,PROD_0150,Extension Socket,522.32,2026-05-22,Bank Transfer
PUR_008047,CUST_02291,PROD_0128,Air Conditioner (1.5HP),416.68,2026-07-15,Mobile Money
PUR_008048,CUST_02291,PROD_0103,Power Bank 20000mAh,181.88,2026-07-22,Mobile Money
PUR_008049,CUST_02292,PROD_0266,Resistance Bands,181.78,2026-05-23,Bank Transfer
PUR_008050,CUST_02292,PROD_0268,Dumbbell Set,103.55,2026-05-25,Mobile Money
PUR_008051,CUST_02300,PROD_0003,Cotton Polo Shirt,68.62,2026-08-25,Mobile Money
PUR_008052,CUST_02301,PROD_0010,Traditional Smock (Fugu),114.34,2024-12-18,Cash on Delivery
PUR_008053,CUST_02301,PROD_0137,43-inch LED TV,1308.19,2025-02-26,Cash on Delivery
PUR_008054,CUST_02301,PROD_0067,iPhone 13,769.81,2025-03-09,Cash on Delivery
PUR_008055,CUST_02301,PROD_0122,Electric Iron,343.37,2025-03-11,Mobile Money
PUR_008056,CUST_02301,PROD_0253,Running Shoes,87.3,2025-06-17,Mobile Money
PUR_008057,CUST_02301,PROD_0121,Blender (4L),418.71,2025-06-20,Bank Transfer
PUR_008058,CUST_02301,PROD_0038,Ladies Handbag,85.82,2025-09-12,Card
PUR_008059,CUST_02301,PROD_0255,Water Bottle (1L),239.19,2025-09-16,Mobile Money
PUR_008060,CUST_02301,PROD_0246,Face Mask Pack (50pcs),51.11,2025-09-21,Mobile Money
PUR_008061,CUST_02301,PROD_0091,iPhone 13,1423.43,2025-09-29,Mobile Money
PUR_008062,CUST_02301,PROD_0129,43-inch LED TV,1196.82,2025-10-06,Mobile Money
PUR_008063,CUST_02301,PROD_0220,Beard Grooming Kit,61.55,2025-10-12,Card
PUR_008064,CUST_02301,PROD_0271,Kids' Bicycle,114.75,2025-10-26,Mobile Money
PUR_008065,CUST_02301,PROD_0172,Curtain Set,201.69,2025-11-23,Mobile Money
PUR_008066,CUST_02301,PROD_0206,Braided Hair Extension,31.19,2025-12-01,Mobile Money
PUR_008067,CUST_02301,PROD_0129,43-inch LED TV,2337.87,2026-01-24,Mobile Money
PUR_008068,CUST_02301,PROD_0003,Cotton Polo Shirt,105.88,2026-02-01,Cash on Delivery
PUR_008069,CUST_02301,PROD_0141,LED Bulb Pack,918.74,2026-02-16,Cash on Delivery
PUR_008070,CUST_02301,PROD_0123,Electric Iron,1280.6,2026-02-22,Mobile Money
PUR_008071,CUST_02301,PROD_0126,Gaming Console,1004.03,2026-02-28,Cash on Delivery
PUR_008072,CUST_02301,PROD_0240,Digital Thermometer,110.68,2026-03-12,Card
PUR_008073,CUST_02301,PROD_0073,Redmi Note 12,635.12,2026-03-26,Mobile Money
PUR_008074,CUST_02301,PROD_0067,iPhone 13,5689.27,2026-03-31,Cash on Delivery
PUR_008075,CUST_02301,PROD_0121,Blender (4L),718.42,2026-04-07,Mobile Money
PUR_008076,CUST_02301,PROD_0164,43-inch LED TV,628.2,2026-04-09,Mobile Money
PUR_008077,CUST_02301,PROD_0067,iPhone 13,1012.1,2026-04-23,Mobile Money
PUR_008078,CUST_02301,PROD_0056,Leather Sandals,42.16,2026-04-25,Mobile Money
PUR_008079,CUST_02301,PROD_0127,Microwave Oven,1413.15,2026-05-01,Mobile Money
PUR_008080,CUST_02301,PROD_0083,Redmi Note 12,646.59,2026-05-09,Mobile Money
PUR_008081,CUST_02301,PROD_0260,Gym Gloves,246.96,2026-05-10,Mobile Money
PUR_008082,CUST_02301,PROD_0204,Beard Grooming Kit,80.52,2026-05-15,Mobile Money
PUR_008083,CUST_02301,PROD_0147,LED Bulb Pack,313.75,2026-05-25,Cash on Delivery
PUR_008084,CUST_02301,PROD_0271,Kids' Bicycle,160.23,2026-06-05,Cash on Delivery
PUR_008085,CUST_02301,PROD_0044,Women's Maxi Dress,77.44,2026-06-08,Cash on Delivery
PUR_008086,CUST_02301,PROD_0233,Multivitamin Tablets,114.39,2026-06-10,Mobile Money
PUR_008087,CUST_02301,PROD_0122,Electric Iron,532.16,2026-06-11,Mobile Money
PUR_008088,CUST_02301,PROD_0120,Redmi Note 12,3025.95,2026-06-13,Card
PUR_008089,CUST_02301,PROD_0166,Gas Cooker (4-Burner),557.42,2026-06-17,Cash on Delivery
PUR_008090,CUST_02301,PROD_0103,Power Bank 20000mAh,589.71,2026-06-20,Mobile Money
PUR_008091,CUST_02301,PROD_0060,Ankara Print Dress,97.04,2026-07-09,Mobile Money
PUR_008092,CUST_02301,PROD_0068,Redmi Note 12,527.09,2026-07-19,Mobile Money
PUR_008093,CUST_02301,PROD_0121,Blender (4L),283.99,2026-07-21,Cash on Delivery
PUR_008094,CUST_02301,PROD_0298,Sugar (2kg),48.62,2026-07-28,Cash on Delivery
PUR_008095,CUST_02301,PROD_0175,Kitchen Knife Set,169.36,2026-07-28,Card
PUR_008096,CUST_02301,PROD_0002,Ladies Kaftan Gown,214.53,2026-08-02,Mobile Money
PUR_008097,CUST_02301,PROD_0233,Multivitamin Tablets,153.96,2026-08-07,Mobile Money
PUR_008098,CUST_02301,PROD_0170,Rice Cooker,105.56,2026-08-27,Mobile Money
PUR_008099,CUST_02301,PROD_0081,Phone Charger (Type-C),924.22,2026-08-29,Mobile Money
PUR_008100,CUST_02301,PROD_0125,LED Bulb Pack,1081.94,2026-09-03,Mobile Money
PUR_008101,CUST_02302,PROD_0296,Garri (2kg),63.29,2025-12-21,Card
PUR_008102,CUST_02303,PROD_0170,Rice Cooker,194.86,2026-01-21,Card
PUR_008103,CUST_02303,PROD_0001,Traditional Smock (Fugu),140.51,2026-02-06,Mobile Money
PUR_008104,CUST_02303,PROD_0037,Wax Print Skirt,200.8,2026-02-20,Mobile Money
PUR_008105,CUST_02303,PROD_0068,Redmi Note 12,2868.82,2026-02-22,Mobile Money
PUR_008106,CUST_02303,PROD_0112,Itel Vision 3,1378.05,2026-03-06,Card
PUR_008107,CUST_02303,PROD_0002,Ladies Kaftan Gown,144.05,2026-03-10,Cash on Delivery
PUR_008108,CUST_02303,PROD_0012,Children's T-Shirt Set,132.23,2026-03-29,Cash on Delivery
PUR_008109,CUST_02303,PROD_0169,Bedsheet Set (Queen),198.48,2026-04-04,Cash on Delivery
PUR_008110,CUST_02303,PROD_0166,Gas Cooker (4-Burner),314.83,2026-04-18,Cash on Delivery
PUR_008111,CUST_02303,PROD_0166,Gas Cooker (4-Burner),105.64,2026-04-18,Mobile Money
PUR_008112,CUST_02303,PROD_0246,Face Mask Pack (50pcs),38.55,2026-04-22,Mobile Money
PUR_008113,CUST_02303,PROD_0230,Black Soap Bar,61.1,2026-04-23,Card
PUR_008114,CUST_02303,PROD_0256,Camping Tent,87.42,2026-04-26,Bank Transfer
PUR_008115,CUST_02303,PROD_0074,Phone Screen Protector,5251.16,2026-04-29,Mobile Money
PUR_008116,CUST_02303,PROD_0005,Men's Casual Blazer,136.72,2026-04-30,Cash on Delivery
PUR_008117,CUST_02303,PROD_0210,Braided Hair Extension,55.21,2026-05-03,Mobile Money
PUR_008118,CUST_02303,PROD_0239,Vitamin C Supplements,117.41,2026-05-04,Cash on Delivery
PUR_008119,CUST_02303,PROD_0138,Microwave Oven,418.3,2026-05-23,Cash on Delivery
PUR_008120,CUST_02303,PROD_0123,Electric Iron,175.08,2026-05-29,Mobile Money
PUR_008121,CUST_02303,PROD_0194,Rice Cooker,280.1,2026-06-01,Card
PUR_008122,CUST_02303,PROD_0296,Garri (2kg),73.65,2026-06-05,Cash on Delivery
PUR_008123,CUST_02303,PROD_0224,Hair Dryer,47.61,2026-06-06,Card
PUR_008124,CUST_02303,PROD_0205,Deodorant Roll-on,41.46,2026-06-08,Mobile Money
PUR_008125,CUST_02303,PROD_0172,Curtain Set,244.95,2026-06-14,Mobile Money
PUR_008126,CUST_02303,PROD_0118,Power Bank 20000mAh,6200.82,2026-06-17,Mobile Money
PUR_008127,CUST_02303,PROD_0095,Phone Charger (Type-C),2321.1,2026-06-22,Mobile Money
PUR_008128,CUST_02303,PROD_0007,Kente Print Shirt,207.48,2026-06-24,Mobile Money
PUR_008129,CUST_02303,PROD_0231,Nail Polish Set,39.73,2026-06-25,Bank Transfer
PUR_008130,CUST_02303,PROD_0068,Redmi Note 12,1921.64,2026-06-27,Mobile Money
PUR_008131,CUST_02303,PROD_0167,Bedsheet Set (Queen),619.99,2026-06-27,Bank Transfer
PUR_008132,CUST_02303,PROD_0069,Phone Charger (Type-C),306.62,2026-06-29,Card
PUR_008133,CUST_02303,PROD_0002,Ladies Kaftan Gown,242.17,2026-07-03,Cash on Delivery
PUR_008134,CUST_02303,PROD_0110,Samsung Galaxy Tab A8,578.29,2026-07-03,Mobile Money
PUR_008135,CUST_02303,PROD_0075,Redmi Note 12,393.88,2026-07-07,Mobile Money
PUR_008136,CUST_02303,PROD_0181,Storage Containers Set,237.98,2026-07-09,Cash on Delivery
PUR_008137,CUST_02303,PROD_0167,Bedsheet Set (Queen),69.2,2026-07-09,Cash on Delivery
PUR_008138,CUST_02303,PROD_0232,Bathroom Weighing Scale,149.09,2026-07-12,Mobile Money
PUR_008139,CUST_02303,PROD_0274,Baby Carrier,218.72,2026-07-14,Card
PUR_008140,CUST_02303,PROD_0127,Microwave Oven,809.55,2026-07-18,Mobile Money
PUR_008141,CUST_02303,PROD_0143,LED Bulb Pack,117.81,2026-07-20,Mobile Money
PUR_008142,CUST_02303,PROD_0140,Electric Iron,740.33,2026-07-26,Cash on Delivery
PUR_008143,CUST_02303,PROD_0254,Basketball,74.34,2026-07-31,Mobile Money
PUR_008144,CUST_02303,PROD_0050,Leather Sandals,119.74,2026-07-31,Mobile Money
PUR_008145,CUST_02303,PROD_0232,Bathroom Weighing Scale,147.98,2026-08-03,Mobile Money
PUR_008146,CUST_02303,PROD_0274,Baby Carrier,108.34,2026-08-06,Cash on Delivery
PUR_008147,CUST_02303,PROD_0219,Braided Hair Extension,13.99,2026-08-06,Card
PUR_008148,CUST_02303,PROD_0069,Phone Charger (Type-C),1937.45,2026-08-18,Mobile Money
PUR_008149,CUST_02303,PROD_0018,Men's Formal Suit,237.27,2026-08-20,Mobile Money
PUR_008150,CUST_02303,PROD_0073,Redmi Note 12,248.13,2026-08-23,Card
PUR_008151,CUST_02303,PROD_0094,Power Bank 20000mAh,835.35,2026-08-23,Cash on Delivery
PUR_008152,CUST_02303,PROD_0203,Braided Hair Extension,45.32,2026-08-24,Mobile Money
PUR_008153,CUST_02303,PROD_0093,Samsung Galaxy A14,918.63,2026-08-25,Mobile Money
PUR_008154,CUST_02303,PROD_0123,Electric Iron,1085.4,2026-08-26,Card
PUR_008155,CUST_02303,PROD_0004,Men's Slim Fit Jeans,76.75,2026-08-29,Card
PUR_008156,CUST_02303,PROD_0271,Kids' Bicycle,86.53,2026-08-31,Mobile Money
PUR_008157,CUST_02303,PROD_0007,Kente Print Shirt,92.27,2026-09-01,Mobile Money
PUR_008158,CUST_02303,PROD_0002,Ladies Kaftan Gown,108.92,2026-09-01,Card
PUR_008159,CUST_02303,PROD_0002,Ladies Kaftan Gown,143.02,2026-09-02,Card
PUR_008160,CUST_02303,PROD_0122,Electric Iron,934.97,2026-09-03,Cash on Delivery
PUR_008161,CUST_02303,PROD_0286,Hardcover Notebook,20.04,2026-09-03,Mobile Money
PUR_008162,CUST_02303,PROD_0166,Gas Cooker (4-Burner),390.01,2026-09-04,Mobile Money
PUR_008163,CUST_02303,PROD_0095,Phone Charger (Type-C),1477.0,2026-09-04,Mobile Money
PUR_008164,CUST_02304,PROD_0299,Garri (2kg),179.06,2026-06-10,Mobile Money
PUR_008165,CUST_02304,PROD_0063,Men's Slim Fit Jeans,254.77,2026-08-27,Mobile Money
PUR_008166,CUST_02305,PROD_0209,Makeup Kit,64.82,2024-05-16,Card
PUR_008167,CUST_02305,PROD_0127,Microwave Oven,858.0,2025-01-03,Mobile Money
PUR_008168,CUST_02305,PROD_0090,Itel Vision 3,1588.73,2025-03-01,Mobile Money
PUR_008169,CUST_02305,PROD_0121,Blender (4L),479.56,2025-05-27,Card
PUR_008170,CUST_02305,PROD_0272,Baby Carrier,101.7,2025-12-11,Card
PUR_008171,CUST_02305,PROD_0162,Blender (4L),306.45,2026-04-02,Bank Transfer
PUR_008172,CUST_02305,PROD_0232,Bathroom Weighing Scale,34.7,2026-07-29,Mobile Money
PUR_008173,CUST_02306,PROD_0128,Air Conditioner (1.5HP),161.73,2026-05-24,Card
PUR_008174,CUST_02306,PROD_0098,Power Bank 20000mAh,2051.82,2026-06-03,Mobile Money
PUR_008175,CUST_02306,PROD_0175,Kitchen Knife Set,167.79,2026-08-09,Bank Transfer
PUR_008176,CUST_02306,PROD_0194,Rice Cooker,138.77,2026-09-04,Mobile Money
PUR_008177,CUST_02311,PROD_0146,Home Theater System,813.13,2026-04-22,Cash on Delivery
PUR_008178,CUST_02311,PROD_0080,Infinix Hot 30,915.42,2026-05-05,Cash on Delivery
PUR_008179,CUST_02311,PROD_0005,Men's Casual Blazer,83.14,2026-05-09,Card
PUR_008180,CUST_02311,PROD_0283,Toddler Shoes,161.07,2026-08-25,Cash on Delivery
PUR_008181,CUST_02312,PROD_0236,Glucometer Kit,74.49,2025-12-29,Mobile Money
PUR_008182,CUST_02312,PROD_0044,Women's Maxi Dress,58.32,2026-01-11,Cash on Delivery
PUR_008183,CUST_02312,PROD_0072,Phone Screen Protector,1580.3,2026-06-06,Cash on Delivery
PUR_008184,CUST_02313,PROD_0073,Redmi Note 12,1225.55,2026-06-17,Mobile Money
PUR_008185,CUST_02313,PROD_0255,Water Bottle (1L),366.73,2026-08-17,Mobile Money
PUR_008186,CUST_02314,PROD_0260,Gym Gloves,189.64,2026-02-17,Mobile Money
PUR_008187,CUST_02315,PROD_0253,Running Shoes,71.2,2024-05-20,Cash on Delivery
PUR_008188,CUST_02315,PROD_0128,Air Conditioner (1.5HP),160.59,2025-10-17,Cash on Delivery
PUR_008189,CUST_02315,PROD_0006,Men's Casual Blazer,246.6,2025-10-28,Mobile Money
PUR_008190,CUST_02316,PROD_0205,Deodorant Roll-on,102.85,2026-08-17,Mobile Money
PUR_008191,CUST_02316,PROD_0205,Deodorant Roll-on,48.94,2026-08-23,Mobile Money
PUR_008192,CUST_02317,PROD_0119,iPhone 13,795.02,2026-06-09,Mobile Money
PUR_008193,CUST_02317,PROD_0075,Redmi Note 12,1005.25,2026-08-29,Mobile Money
PUR_008194,CUST_02319,PROD_0125,LED Bulb Pack,663.39,2026-03-30,Cash on Delivery
PUR_008195,CUST_02319,PROD_0255,Water Bottle (1L),90.43,2026-06-07,Mobile Money
PUR_008196,CUST_02319,PROD_0006,Men's Casual Blazer,105.83,2026-06-15,Card
PUR_008197,CUST_02319,PROD_0167,Bedsheet Set (Queen),123.72,2026-08-15,Cash on Delivery
PUR_008198,CUST_02319,PROD_0124,LED Bulb Pack,318.75,2026-09-04,Card
PUR_008199,CUST_02320,PROD_0002,Ladies Kaftan Gown,125.58,2026-02-23,Mobile Money
PUR_008200,CUST_02320,PROD_0296,Garri (2kg),193.46,2026-03-15,Cash on Delivery
PUR_008201,CUST_02320,PROD_0076,Phone Charger (Type-C),583.68,2026-03-26,Mobile Money
PUR_008202,CUST_02320,PROD_0253,Running Shoes,116.09,2026-04-10,Cash on Delivery
PUR_008203,CUST_02320,PROD_0068,Redmi Note 12,892.39,2026-05-13,Mobile Money
PUR_008204,CUST_02320,PROD_0001,Traditional Smock (Fugu),34.99,2026-05-16,Mobile Money
PUR_008205,CUST_02320,PROD_0174,Bedsheet Set (Queen),322.37,2026-05-16,Cash on Delivery
PUR_008206,CUST_02320,PROD_0055,Kente Print Shirt,112.18,2026-05-23,Bank Transfer
PUR_008207,CUST_02320,PROD_0001,Traditional Smock (Fugu),288.0,2026-05-24,Mobile Money
PUR_008208,CUST_02320,PROD_0256,Camping Tent,115.35,2026-05-25,Cash on Delivery
PUR_008209,CUST_02320,PROD_0082,Samsung Galaxy A14,890.32,2026-06-05,Cash on Delivery
PUR_008210,CUST_02320,PROD_0205,Deodorant Roll-on,91.05,2026-06-27,Cash on Delivery
PUR_008211,CUST_02320,PROD_0257,Running Shoes,231.67,2026-07-07,Cash on Delivery
PUR_008212,CUST_02320,PROD_0121,Blender (4L),2588.85,2026-07-16,Mobile Money
PUR_008213,CUST_02320,PROD_0191,Rice Cooker,364.42,2026-07-28,Mobile Money
PUR_008214,CUST_02320,PROD_0058,Men's Slim Fit Jeans,121.4,2026-07-31,Mobile Money
PUR_008215,CUST_02320,PROD_0149,Gaming Console,1299.18,2026-08-01,Mobile Money
PUR_008216,CUST_02320,PROD_0296,Garri (2kg),94.52,2026-08-02,Cash on Delivery
PUR_008217,CUST_02320,PROD_0030,Men's Casual Blazer,211.7,2026-08-10,Card
PUR_008218,CUST_02320,PROD_0210,Braided Hair Extension,31.46,2026-08-15,Cash on Delivery
PUR_008219,CUST_02320,PROD_0254,Basketball,51.22,2026-08-17,Mobile Money
PUR_008220,CUST_02320,PROD_0272,Baby Carrier,134.27,2026-08-23,Mobile Money
PUR_008221,CUST_02320,PROD_0176,Curtain Set,72.85,2026-08-29,Cash on Delivery
PUR_008222,CUST_02320,PROD_0285,Baby Bath Tub,154.23,2026-08-29,Cash on Delivery
PUR_008223,CUST_02320,PROD_0123,Electric Iron,572.47,2026-08-31,Mobile Money
PUR_008224,CUST_02320,PROD_0072,Phone Screen Protector,364.24,2026-09-04,Mobile Money
PUR_008225,CUST_02321,PROD_0005,Men's Casual Blazer,193.33,2025-03-15,Mobile Money
PUR_008226,CUST_02321,PROD_0202,Deodorant Roll-on,66.85,2025-11-04,Mobile Money
PUR_008227,CUST_02321,PROD_0238,Digital Blood Pressure Monitor,40.56,2025-11-19,Mobile Money
PUR_008228,CUST_02321,PROD_0291,Exercise Books Pack,51.94,2026-03-07,Cash on Delivery
PUR_008229,CUST_02321,PROD_0001,Traditional Smock (Fugu),104.93,2026-04-13,Cash on Delivery
PUR_008230,CUST_02321,PROD_0128,Air Conditioner (1.5HP),735.69,2026-08-04,Mobile Money
PUR_008231,CUST_02321,PROD_0124,LED Bulb Pack,461.17,2026-08-09,Mobile Money
PUR_008232,CUST_02322,PROD_0032,Men's Formal Suit,47.09,2025-07-09,Card
PUR_008233,CUST_02322,PROD_0003,Cotton Polo Shirt,252.69,2025-09-21,Mobile Money
PUR_008234,CUST_02322,PROD_0068,Redmi Note 12,479.15,2025-11-13,Mobile Money
PUR_008235,CUST_02322,PROD_0295,Canned Tuna,61.6,2025-11-26,Mobile Money
PUR_008236,CUST_02322,PROD_0286,Hardcover Notebook,85.84,2026-02-22,Mobile Money
PUR_008237,CUST_02322,PROD_0069,Phone Charger (Type-C),404.19,2026-02-22,Card
PUR_008238,CUST_02322,PROD_0205,Deodorant Roll-on,188.05,2026-04-02,Bank Transfer
PUR_008239,CUST_02322,PROD_0053,Traditional Smock (Fugu),233.24,2026-04-02,Card
PUR_008240,CUST_02322,PROD_0250,Herbal Tea Pack,66.76,2026-04-20,Mobile Money
PUR_008241,CUST_02323,PROD_0088,Universal Phone Case,233.65,2025-11-21,Bank Transfer
PUR_008242,CUST_02323,PROD_0254,Basketball,452.92,2025-11-23,Bank Transfer
PUR_008243,CUST_02323,PROD_0194,Rice Cooker,72.68,2026-03-29,Mobile Money
PUR_008244,CUST_02323,PROD_0271,Kids' Bicycle,207.32,2026-05-27,Mobile Money
PUR_008245,CUST_02323,PROD_0124,LED Bulb Pack,175.92,2026-05-31,Cash on Delivery
PUR_008246,CUST_02323,PROD_0273,Baby Diapers Pack,183.77,2026-06-18,Mobile Money
PUR_008247,CUST_02323,PROD_0145,Home Theater System,204.18,2026-07-25,Card
PUR_008248,CUST_02323,PROD_0077,Bluetooth Headset,1366.27,2026-07-30,Mobile Money
PUR_008249,CUST_02323,PROD_0254,Basketball,67.17,2026-08-11,Cash on Delivery
PUR_008250,CUST_02325,PROD_0031,Cotton Polo Shirt,183.16,2026-04-24,Card
PUR_008251,CUST_02326,PROD_0105,Samsung Galaxy A14,448.46,2024-09-20,Cash on Delivery
PUR_008252,CUST_02326,PROD_0158,LED Bulb Pack,636.56,2025-01-23,Card
PUR_008253,CUST_02326,PROD_0073,Redmi Note 12,866.93,2025-04-23,Mobile Money
PUR_008254,CUST_02326,PROD_0001,Traditional Smock (Fugu),231.17,2026-04-16,Mobile Money
PUR_008255,CUST_02326,PROD_0074,Phone Screen Protector,1305.15,2026-08-21,Card
PUR_008256,CUST_02327,PROD_0166,Gas Cooker (4-Burner),150.2,2025-12-16,Card
PUR_008257,CUST_02327,PROD_0013,Ankara Print Dress,182.01,2026-05-15,Cash on Delivery
PUR_008258,CUST_02327,PROD_0122,Electric Iron,2952.19,2026-07-04,Cash on Delivery
PUR_008259,CUST_02327,PROD_0067,iPhone 13,4795.34,2026-07-05,Cash on Delivery
PUR_008260,CUST_02328,PROD_0026,Men's Casual Blazer,78.23,2026-09-04,Bank Transfer
PUR_008261,CUST_02329,PROD_0087,Huawei MatePad,803.99,2025-09-13,Card
PUR_008262,CUST_02329,PROD_0200,Dining Table Set,378.24,2025-11-05,Mobile Money
PUR_008263,CUST_02329,PROD_0019,Men's Casual Blazer,169.87,2025-12-20,Mobile Money
PUR_008264,CUST_02329,PROD_0277,Feeding Bottle Set,226.85,2026-01-21,Mobile Money
PUR_008265,CUST_02329,PROD_0112,Itel Vision 3,324.56,2026-02-10,Card
PUR_008266,CUST_02329,PROD_0072,Phone Screen Protector,832.47,2026-03-16,Cash on Delivery
PUR_008267,CUST_02329,PROD_0006,Men's Casual Blazer,108.47,2026-03-17,Mobile Money
PUR_008268,CUST_02329,PROD_0092,Huawei MatePad,846.69,2026-03-27,Mobile Money
PUR_008269,CUST_02329,PROD_0192,Dining Table Set,287.17,2026-04-04,Cash on Delivery
PUR_008270,CUST_02329,PROD_0221,Nail Polish Set,60.78,2026-04-13,Mobile Money
PUR_008271,CUST_02329,PROD_0002,Ladies Kaftan Gown,239.98,2026-04-30,Mobile Money
PUR_008272,CUST_02329,PROD_0131,Air Conditioner (1.5HP),876.67,2026-05-12,Bank Transfer
PUR_008273,CUST_02329,PROD_0202,Deodorant Roll-on,119.64,2026-05-17,Mobile Money
PUR_008274,CUST_02329,PROD_0274,Baby Carrier,72.06,2026-06-05,Bank Transfer
PUR_008275,CUST_02329,PROD_0290,Exercise Books Pack,39.94,2026-06-29,Card
PUR_008276,CUST_02329,PROD_0131,Air Conditioner (1.5HP),1002.29,2026-07-13,Mobile Money
PUR_008277,CUST_02329,PROD_0158,LED Bulb Pack,422.72,2026-07-21,Mobile Money
PUR_008278,CUST_02329,PROD_0067,iPhone 13,659.53,2026-07-29,Mobile Money
PUR_008279,CUST_02329,PROD_0188,Water Dispenser,243.85,2026-08-07,Cash on Delivery
PUR_008280,CUST_02329,PROD_0068,Redmi Note 12,326.86,2026-09-03,Mobile Money
PUR_008281,CUST_02331,PROD_0278,Kids' Bicycle,58.07,2026-06-02,Mobile Money
PUR_008282,CUST_02332,PROD_0269,Yoga Mat,179.21,2026-08-31,Cash on Delivery
PUR_008283,CUST_02336,PROD_0191,Rice Cooker,439.3,2026-07-03,Mobile Money
PUR_008284,CUST_02336,PROD_0166,Gas Cooker (4-Burner),157.23,2026-07-31,Mobile Money
PUR_008285,CUST_02337,PROD_0119,iPhone 13,1069.44,2026-03-29,Mobile Money
PUR_008286,CUST_02337,PROD_0256,Camping Tent,70.69,2026-04-04,Mobile Money
PUR_008287,CUST_02337,PROD_0232,Bathroom Weighing Scale,123.63,2026-04-23,Mobile Money
PUR_008288,CUST_02337,PROD_0279,Baby Wipes (80pcs),98.11,2026-05-06,Mobile Money
PUR_008289,CUST_02337,PROD_0085,Samsung Galaxy Tab A8,632.45,2026-05-26,Card
PUR_008290,CUST_02337,PROD_0273,Baby Diapers Pack,229.06,2026-06-01,Cash on Delivery
PUR_008291,CUST_02337,PROD_0125,LED Bulb Pack,652.28,2026-06-24,Cash on Delivery
PUR_008292,CUST_02337,PROD_0001,Traditional Smock (Fugu),132.95,2026-06-24,Mobile Money
PUR_008293,CUST_02337,PROD_0011,Unisex Sneakers,175.93,2026-06-30,Cash on Delivery
PUR_008294,CUST_02337,PROD_0072,Phone Screen Protector,1364.68,2026-07-03,Cash on Delivery
PUR_008295,CUST_02337,PROD_0067,iPhone 13,1991.21,2026-07-14,Cash on Delivery
PUR_008296,CUST_02337,PROD_0125,LED Bulb Pack,1020.64,2026-07-31,Mobile Money
PUR_008297,CUST_02337,PROD_0105,Samsung Galaxy A14,741.09,2026-08-13,Mobile Money
PUR_008298,CUST_02340,PROD_0175,Kitchen Knife Set,158.47,2026-08-26,Mobile Money
PUR_008299,CUST_02340,PROD_0261,Camping Tent,87.72,2026-08-30,Cash on Delivery
PUR_008300,CUST_02341,PROD_0297,Rice (5kg Bag),51.0,2025-03-27,Mobile Money
PUR_008301,CUST_02341,PROD_0079,iPhone 13,2011.9,2025-03-27,Mobile Money
PUR_008302,CUST_02341,PROD_0044,Women's Maxi Dress,32.69,2025-06-24,Mobile Money
PUR_008303,CUST_02341,PROD_0176,Curtain Set,167.25,2025-07-03,Mobile Money
PUR_008304,CUST_02341,PROD_0193,Cutlery Set,153.47,2025-07-20,Cash on Delivery
PUR_008305,CUST_02341,PROD_0202,Deodorant Roll-on,46.31,2025-07-31,Card
PUR_008306,CUST_02341,PROD_0156,Desktop Computer,1833.65,2025-08-03,Mobile Money
PUR_008307,CUST_02341,PROD_0255,Water Bottle (1L),111.56,2025-08-07,Mobile Money
PUR_008308,CUST_02341,PROD_0166,Gas Cooker (4-Burner),223.33,2025-08-09,Mobile Money
PUR_008309,CUST_02341,PROD_0015,Unisex Sneakers,627.54,2025-08-13,Mobile Money
PUR_008310,CUST_02341,PROD_0169,Bedsheet Set (Queen),691.14,2025-08-22,Mobile Money
PUR_008311,CUST_02341,PROD_0002,Ladies Kaftan Gown,699.05,2025-08-24,Mobile Money
PUR_008312,CUST_02341,PROD_0030,Men's Casual Blazer,126.36,2025-09-24,Mobile Money
PUR_008313,CUST_02341,PROD_0001,Traditional Smock (Fugu),69.44,2025-09-26,Mobile Money
PUR_008314,CUST_02341,PROD_0001,Traditional Smock (Fugu),93.9,2025-10-01,Mobile Money
PUR_008315,CUST_02341,PROD_0070,Phone Charger (Type-C),2502.91,2025-10-01,Mobile Money
PUR_008316,CUST_02341,PROD_0201,Storage Containers Set,100.25,2025-10-05,Mobile Money
PUR_008317,CUST_02341,PROD_0006,Men's Casual Blazer,131.46,2025-10-11,Card
PUR_008318,CUST_02341,PROD_0292,A4 Printing Paper Ream,25.63,2025-10-17,Cash on Delivery
PUR_008319,CUST_02341,PROD_0001,Traditional Smock (Fugu),142.12,2025-12-01,Mobile Money
PUR_008320,CUST_02341,PROD_0003,Cotton Polo Shirt,393.84,2025-12-02,Mobile Money
PUR_008321,CUST_02341,PROD_0171,Sofa Set,403.73,2025-12-03,Card
PUR_008322,CUST_02341,PROD_0001,Traditional Smock (Fugu),77.58,2025-12-14,Cash on Delivery
PUR_008323,CUST_02341,PROD_0067,iPhone 13,829.03,2025-12-16,Mobile Money
PUR_008324,CUST_02341,PROD_0223,Makeup Kit,163.29,2025-12-26,Mobile Money
PUR_008325,CUST_02341,PROD_0286,Hardcover Notebook,44.04,2025-12-28,Mobile Money
PUR_008326,CUST_02341,PROD_0068,Redmi Note 12,850.98,2026-01-03,Cash on Delivery
PUR_008327,CUST_02341,PROD_0131,Air Conditioner (1.5HP),386.86,2026-01-04,Cash on Delivery
PUR_008328,CUST_02341,PROD_0075,Redmi Note 12,588.69,2026-01-06,Cash on Delivery
PUR_008329,CUST_02341,PROD_0054,Men's Slim Fit Jeans,190.34,2026-01-07,Mobile Money
PUR_008330,CUST_02341,PROD_0121,Blender (4L),648.76,2026-01-14,Mobile Money
PUR_008331,CUST_02341,PROD_0141,LED Bulb Pack,514.29,2026-01-18,Mobile Money
PUR_008332,CUST_02341,PROD_0091,iPhone 13,285.2,2026-01-19,Mobile Money
PUR_008333,CUST_02341,PROD_0014,Men's Slim Fit Jeans,127.92,2026-01-31,Cash on Delivery
PUR_008334,CUST_02341,PROD_0001,Traditional Smock (Fugu),105.13,2026-02-05,Cash on Delivery
PUR_008335,CUST_02341,PROD_0241,Digital Thermometer,31.72,2026-02-13,Mobile Money
PUR_008336,CUST_02341,PROD_0129,43-inch LED TV,975.58,2026-02-14,Mobile Money
PUR_008337,CUST_02341,PROD_0204,Beard Grooming Kit,49.29,2026-02-24,Cash on Delivery
PUR_008338,CUST_02341,PROD_0070,Phone Charger (Type-C),1663.3,2026-02-28,Mobile Money
PUR_008339,CUST_02341,PROD_0067,iPhone 13,1792.39,2026-03-27,Card
PUR_008340,CUST_02341,PROD_0121,Blender (4L),481.68,2026-03-28,Mobile Money
PUR_008341,CUST_02341,PROD_0068,Redmi Note 12,3562.86,2026-04-01,Mobile Money
PUR_008342,CUST_02341,PROD_0194,Rice Cooker,256.39,2026-04-07,Mobile Money
PUR_008343,CUST_02341,PROD_0179,Wall Clock,118.09,2026-04-11,Card
PUR_008344,CUST_02341,PROD_0054,Men's Slim Fit Jeans,149.68,2026-04-12,Cash on Delivery
PUR_008345,CUST_02341,PROD_0266,Resistance Bands,170.92,2026-04-20,Bank Transfer
PUR_008346,CUST_02341,PROD_0290,Exercise Books Pack,23.39,2026-04-24,Cash on Delivery
PUR_008347,CUST_02341,PROD_0266,Resistance Bands,285.6,2026-04-26,Mobile Money
PUR_008348,CUST_02341,PROD_0293,A4 Printing Paper Ream,27.7,2026-04-28,Cash on Delivery
PUR_008349,CUST_02341,PROD_0067,iPhone 13,705.16,2026-05-07,Mobile Money
PUR_008350,CUST_02341,PROD_0004,Men's Slim Fit Jeans,146.04,2026-05-10,Mobile Money
PUR_008351,CUST_02341,PROD_0193,Cutlery Set,119.71,2026-05-10,Card
PUR_008352,CUST_02341,PROD_0091,iPhone 13,585.51,2026-05-17,Mobile Money
PUR_008353,CUST_02341,PROD_0172,Curtain Set,149.39,2026-05-29,Cash on Delivery
PUR_008354,CUST_02341,PROD_0135,LED Bulb Pack,279.88,2026-05-29,Card
PUR_008355,CUST_02341,PROD_0035,Children's T-Shirt Set,149.02,2026-06-06,Cash on Delivery
PUR_008356,CUST_02341,PROD_0082,Samsung Galaxy A14,899.28,2026-06-07,Mobile Money
PUR_008357,CUST_02341,PROD_0271,Kids' Bicycle,252.52,2026-07-01,Card
PUR_008358,CUST_02341,PROD_0202,Deodorant Roll-on,63.99,2026-07-02,Mobile Money
PUR_008359,CUST_02341,PROD_0127,Microwave Oven,711.11,2026-07-04,Cash on Delivery
PUR_008360,CUST_02341,PROD_0274,Baby Carrier,200.3,2026-07-05,Mobile Money
PUR_008361,CUST_02341,PROD_0211,Shea Butter Body Lotion,121.32,2026-07-05,Mobile Money
PUR_008362,CUST_02341,PROD_0202,Deodorant Roll-on,30.82,2026-07-10,Mobile Money
PUR_008363,CUST_02341,PROD_0168,Rice Cooker,374.68,2026-07-19,Cash on Delivery
PUR_008364,CUST_02341,PROD_0207,Skin Toner,144.45,2026-07-21,Mobile Money
PUR_008365,CUST_02341,PROD_0126,Gaming Console,470.45,2026-07-24,Cash on Delivery
PUR_008366,CUST_02341,PROD_0198,Wall Clock,369.66,2026-07-29,Mobile Money
PUR_008367,CUST_02341,PROD_0218,Skin Toner,85.77,2026-07-31,Card
PUR_008368,CUST_02341,PROD_0245,Protein Powder,169.17,2026-08-03,Bank Transfer
PUR_008369,CUST_02341,PROD_0202,Deodorant Roll-on,69.75,2026-08-05,Bank Transfer
PUR_008370,CUST_02341,PROD_0002,Ladies Kaftan Gown,566.69,2026-08-09,Card
PUR_008371,CUST_02341,PROD_0185,Wall Clock,359.44,2026-08-16,Bank Transfer
PUR_008372,CUST_02341,PROD_0001,Traditional Smock (Fugu),91.61,2026-08-16,Cash on Delivery
PUR_008373,CUST_02341,PROD_0174,Bedsheet Set (Queen),280.71,2026-08-20,Mobile Money
PUR_008374,CUST_02341,PROD_0006,Men's Casual Blazer,105.25,2026-08-28,Cash on Delivery
PUR_008375,CUST_02341,PROD_0168,Rice Cooker,101.75,2026-09-04,Card
PUR_008376,CUST_02341,PROD_0230,Black Soap Bar,43.91,2026-09-04,Cash on Delivery
PUR_008377,CUST_02341,PROD_0121,Blender (4L),524.96,2026-09-04,Cash on Delivery
PUR_008378,CUST_02342,PROD_0271,Kids' Bicycle,72.96,2026-08-28,Card
PUR_008379,CUST_02345,PROD_0200,Dining Table Set,687.19,2024-09-25,Mobile Money
PUR_008380,CUST_02345,PROD_0240,Digital Thermometer,114.24,2025-05-24,Cash on Delivery
PUR_008381,CUST_02345,PROD_0140,Electric Iron,444.64,2026-07-06,Card
PUR_008382,CUST_02345,PROD_0255,Water Bottle (1L),56.89,2026-08-03,Bank Transfer
PUR_008383,CUST_02346,PROD_0273,Baby Diapers Pack,71.49,2025-07-19,Mobile Money
PUR_008384,CUST_02346,PROD_0185,Wall Clock,258.68,2025-08-09,Card
PUR_008385,CUST_02346,PROD_0169,Bedsheet Set (Queen),288.04,2026-05-27,Bank Transfer
PUR_008386,CUST_02349,PROD_0202,Deodorant Roll-on,52.87,2026-01-26,Mobile Money
PUR_008387,CUST_02351,PROD_0067,iPhone 13,1083.17,2025-10-30,Cash on Delivery
PUR_008388,CUST_02351,PROD_0293,A4 Printing Paper Ream,39.0,2025-11-01,Mobile Money
PUR_008389,CUST_02351,PROD_0150,Extension Socket,1812.21,2025-12-20,Cash on Delivery
PUR_008390,CUST_02351,PROD_0248,Reading Glasses,91.75,2026-01-08,Bank Transfer
PUR_008391,CUST_02351,PROD_0166,Gas Cooker (4-Burner),355.27,2026-02-01,Mobile Money
PUR_008392,CUST_02351,PROD_0172,Curtain Set,195.71,2026-03-07,Cash on Delivery
PUR_008393,CUST_02351,PROD_0300,Canned Tuna,87.29,2026-03-09,Card
PUR_008394,CUST_02351,PROD_0009,Ladies Kaftan Gown,45.33,2026-03-09,Mobile Money
PUR_008395,CUST_02351,PROD_0174,Bedsheet Set (Queen),69.31,2026-03-14,Mobile Money
PUR_008396,CUST_02351,PROD_0239,Vitamin C Supplements,60.52,2026-03-15,Mobile Money
PUR_008397,CUST_02351,PROD_0272,Baby Carrier,81.88,2026-03-20,Mobile Money
PUR_008398,CUST_02351,PROD_0250,Herbal Tea Pack,26.56,2026-03-29,Mobile Money
PUR_008399,CUST_02351,PROD_0024,Women's Maxi Dress,43.94,2026-04-08,Mobile Money
PUR_008400,CUST_02351,PROD_0068,Redmi Note 12,1174.14,2026-04-19,Mobile Money
PUR_008401,CUST_02351,PROD_0236,Glucometer Kit,97.56,2026-05-04,Cash on Delivery
PUR_008402,CUST_02351,PROD_0174,Bedsheet Set (Queen),71.01,2026-05-08,Cash on Delivery
PUR_008403,CUST_02351,PROD_0126,Gaming Console,1082.74,2026-05-16,Card
PUR_008404,CUST_02351,PROD_0174,Bedsheet Set (Queen),343.24,2026-05-30,Mobile Money
PUR_008405,CUST_02351,PROD_0130,Rechargeable Fan,417.56,2026-06-20,Mobile Money
PUR_008406,CUST_02351,PROD_0095,Phone Charger (Type-C),653.75,2026-06-22,Mobile Money
PUR_008407,CUST_02351,PROD_0068,Redmi Note 12,2734.44,2026-07-14,Mobile Money
PUR_008408,CUST_02351,PROD_0168,Rice Cooker,129.81,2026-07-20,Mobile Money
PUR_008409,CUST_02351,PROD_0007,Kente Print Shirt,105.59,2026-08-02,Mobile Money
PUR_008410,CUST_02351,PROD_0202,Deodorant Roll-on,40.47,2026-08-05,Card
PUR_008411,CUST_02351,PROD_0192,Dining Table Set,104.26,2026-08-27,Mobile Money
PUR_008412,CUST_02351,PROD_0163,Extension Socket,1109.43,2026-08-31,Card
PUR_008413,CUST_02351,PROD_0179,Wall Clock,389.63,2026-09-01,Mobile Money
PUR_008414,CUST_02353,PROD_0001,Traditional Smock (Fugu),78.87,2025-12-27,Mobile Money
PUR_008415,CUST_02353,PROD_0233,Multivitamin Tablets,112.79,2026-04-05,Mobile Money
PUR_008416,CUST_02357,PROD_0272,Baby Carrier,221.06,2025-08-06,Mobile Money
PUR_008417,CUST_02357,PROD_0070,Phone Charger (Type-C),414.44,2026-07-15,Mobile Money
PUR_008418,CUST_02361,PROD_0258,Yoga Mat,123.99,2026-09-04,Card
PUR_008419,CUST_02361,PROD_0085,Samsung Galaxy Tab A8,2069.65,2026-09-04,Cash on Delivery
PUR_008420,CUST_02361,PROD_0126,Gaming Console,1358.66,2026-09-04,Cash on Delivery
PUR_008421,CUST_02361,PROD_0298,Sugar (2kg),90.48,2026-09-04,Cash on Delivery
PUR_008422,CUST_02363,PROD_0069,Phone Charger (Type-C),1727.18,2026-05-19,Cash on Delivery
PUR_008423,CUST_02364,PROD_0116,Universal Phone Case,1096.35,2026-07-18,Mobile Money
PUR_008424,CUST_02365,PROD_0139,Digital Camera,253.76,2026-05-18,Cash on Delivery
PUR_008425,CUST_02366,PROD_0214,Deodorant Roll-on,90.32,2026-09-01,Mobile Money
PUR_008426,CUST_02368,PROD_0015,Unisex Sneakers,157.87,2026-02-22,Cash on Delivery
PUR_008427,CUST_02369,PROD_0121,Blender (4L),248.3,2026-07-01,Card
PUR_008428,CUST_02369,PROD_0122,Electric Iron,159.07,2026-07-30,Cash on Delivery
PUR_008429,CUST_02371,PROD_0167,Bedsheet Set (Queen),208.16,2025-09-23,Mobile Money
PUR_008430,CUST_02371,PROD_0095,Phone Charger (Type-C),760.26,2025-09-28,Mobile Money
PUR_008431,CUST_02371,PROD_0002,Ladies Kaftan Gown,51.09,2025-12-19,Cash on Delivery
PUR_008432,CUST_02371,PROD_0255,Water Bottle (1L),84.93,2026-01-30,Mobile Money
PUR_008433,CUST_02371,PROD_0002,Ladies Kaftan Gown,139.8,2026-02-05,Card
PUR_008434,CUST_02371,PROD_0262,Hiking Backpack,209.45,2026-05-11,Mobile Money
PUR_008435,CUST_02371,PROD_0206,Braided Hair Extension,59.12,2026-07-18,Mobile Money
PUR_008436,CUST_02371,PROD_0043,Men's Formal Suit,159.12,2026-08-30,Mobile Money
PUR_008437,CUST_02372,PROD_0136,Laptop (Core i5),1447.9,2025-11-03,Card
PUR_008438,CUST_02372,PROD_0002,Ladies Kaftan Gown,61.18,2026-01-09,Mobile Money
PUR_008439,CUST_02373,PROD_0286,Hardcover Notebook,53.74,2025-12-28,Mobile Money
PUR_008440,CUST_02373,PROD_0121,Blender (4L),608.21,2026-05-18,Cash on Delivery
PUR_008441,CUST_02373,PROD_0001,Traditional Smock (Fugu),102.9,2026-07-16,Mobile Money
PUR_008442,CUST_02373,PROD_0001,Traditional Smock (Fugu),153.19,2026-08-19,Cash on Delivery
PUR_008443,CUST_02373,PROD_0087,Huawei MatePad,726.97,2026-09-04,Mobile Money
PUR_008444,CUST_02374,PROD_0092,Huawei MatePad,981.8,2026-07-16,Mobile Money
PUR_008445,CUST_02374,PROD_0205,Deodorant Roll-on,67.48,2026-07-24,Cash on Delivery
PUR_008446,CUST_02374,PROD_0224,Hair Dryer,118.88,2026-08-03,Mobile Money
PUR_008447,CUST_02374,PROD_0259,Basketball,197.59,2026-08-12,Mobile Money
PUR_008448,CUST_02374,PROD_0029,Women's Maxi Dress,79.5,2026-08-26,Mobile Money
PUR_008449,CUST_02375,PROD_0169,Bedsheet Set (Queen),112.19,2025-11-24,Bank Transfer
PUR_008450,CUST_02375,PROD_0206,Braided Hair Extension,121.12,2026-05-30,Mobile Money
PUR_008451,CUST_02375,PROD_0078,Phone Screen Protector,6080.0,2026-06-12,Cash on Delivery
PUR_008452,CUST_02375,PROD_0245,Protein Powder,23.89,2026-07-28,Mobile Money
PUR_008453,CUST_02375,PROD_0233,Multivitamin Tablets,78.88,2026-08-14,Mobile Money
PUR_008454,CUST_02375,PROD_0202,Deodorant Roll-on,130.45,2026-08-25,Cash on Delivery
PUR_008455,CUST_02376,PROD_0121,Blender (4L),188.88,2026-07-12,Cash on Delivery
PUR_008456,CUST_02376,PROD_0068,Redmi Note 12,4529.18,2026-09-04,Cash on Delivery
PUR_008457,CUST_02378,PROD_0124,LED Bulb Pack,422.99,2025-06-02,Mobile Money
PUR_008458,CUST_02379,PROD_0202,Deodorant Roll-on,28.93,2026-02-25,Mobile Money
PUR_008459,CUST_02379,PROD_0208,Perfume (100ml),66.88,2026-07-26,Bank Transfer
PUR_008460,CUST_02380,PROD_0005,Men's Casual Blazer,64.01,2025-08-17,Mobile Money
PUR_008461,CUST_02380,PROD_0094,Power Bank 20000mAh,4794.15,2026-07-05,Mobile Money
PUR_008462,CUST_02380,PROD_0070,Phone Charger (Type-C),270.43,2026-07-24,Cash on Delivery
PUR_008463,CUST_02380,PROD_0271,Kids' Bicycle,101.16,2026-08-12,Cash on Delivery
PUR_008464,CUST_02381,PROD_0171,Sofa Set,112.2,2025-03-27,Mobile Money
PUR_008465,CUST_02382,PROD_0203,Braided Hair Extension,59.79,2025-01-30,Cash on Delivery
PUR_008466,CUST_02382,PROD_0234,Multivitamin Tablets,82.74,2025-05-27,Bank Transfer
PUR_008467,CUST_02382,PROD_0289,Kids' Storybook,53.65,2025-08-22,Cash on Delivery
PUR_008468,CUST_02382,PROD_0170,Rice Cooker,230.08,2025-11-23,Mobile Money
PUR_008469,CUST_02382,PROD_0254,Basketball,57.62,2026-07-16,Cash on Delivery
PUR_008470,CUST_02383,PROD_0289,Kids' Storybook,30.68,2025-03-04,Mobile Money
PUR_008471,CUST_02383,PROD_0183,Non-stick Cooking Pot Set,449.01,2025-08-18,Cash on Delivery
PUR_008472,CUST_02383,PROD_0048,Women's Maxi Dress,123.53,2025-10-30,Mobile Money
PUR_008473,CUST_02384,PROD_0206,Braided Hair Extension,112.36,2026-05-05,Cash on Delivery
PUR_008474,CUST_02384,PROD_0260,Gym Gloves,91.48,2026-08-31,Card
PUR_008475,CUST_02385,PROD_0248,Reading Glasses,30.01,2026-05-11,Cash on Delivery
PUR_008476,CUST_02386,PROD_0273,Baby Diapers Pack,34.95,2026-03-20,Card
PUR_008477,CUST_02386,PROD_0001,Traditional Smock (Fugu),141.19,2026-03-27,Card
PUR_008478,CUST_02386,PROD_0166,Gas Cooker (4-Burner),155.5,2026-04-06,Mobile Money
PUR_008479,CUST_02386,PROD_0213,Deodorant Roll-on,62.73,2026-06-04,Cash on Delivery
PUR_008480,CUST_02386,PROD_0018,Men's Formal Suit,101.03,2026-06-14,Cash on Delivery
PUR_008481,CUST_02386,PROD_0186,Storage Containers Set,186.21,2026-07-27,Card
PUR_008482,CUST_02386,PROD_0123,Electric Iron,2336.0,2026-07-27,Card
PUR_008483,CUST_02386,PROD_0296,Garri (2kg),64.59,2026-08-18,Card
PUR_008484,CUST_02386,PROD_0001,Traditional Smock (Fugu),89.25,2026-08-27,Mobile Money
PUR_008485,CUST_02388,PROD_0089,Samsung Galaxy A14,821.42,2025-09-27,Bank Transfer
PUR_008486,CUST_02388,PROD_0062,Kente Print Shirt,234.95,2025-10-19,Mobile Money
PUR_008487,CUST_02388,PROD_0211,Shea Butter Body Lotion,48.21,2025-11-05,Cash on Delivery
PUR_008488,CUST_02388,PROD_0234,Multivitamin Tablets,251.8,2026-01-09,Mobile Money
PUR_008489,CUST_02388,PROD_0164,43-inch LED TV,600.35,2026-01-28,Cash on Delivery
PUR_008490,CUST_02388,PROD_0138,Microwave Oven,155.69,2026-02-13,Cash on Delivery
PUR_008491,CUST_02388,PROD_0280,Baby Diapers Pack,101.72,2026-02-13,Cash on Delivery
PUR_008492,CUST_02388,PROD_0013,Ankara Print Dress,125.41,2026-02-18,Mobile Money
PUR_008493,CUST_02388,PROD_0069,Phone Charger (Type-C),523.15,2026-02-18,Card
PUR_008494,CUST_02388,PROD_0232,Bathroom Weighing Scale,61.42,2026-02-19,Mobile Money
PUR_008495,CUST_02388,PROD_0136,Laptop (Core i5),2670.8,2026-03-10,Cash on Delivery
PUR_008496,CUST_02388,PROD_0276,Baby Bath Tub,140.04,2026-04-15,Mobile Money
PUR_008497,CUST_02388,PROD_0176,Curtain Set,575.69,2026-04-17,Cash on Delivery
PUR_008498,CUST_02388,PROD_0137,43-inch LED TV,1418.79,2026-05-05,Mobile Money
PUR_008499,CUST_02388,PROD_0290,Exercise Books Pack,35.13,2026-05-07,Mobile Money
PUR_008500,CUST_02388,PROD_0011,Unisex Sneakers,300.15,2026-05-21,Mobile Money
PUR_008501,CUST_02388,PROD_0254,Basketball,39.36,2026-05-30,Cash on Delivery
PUR_008502,CUST_02388,PROD_0117,Bluetooth Headset,4381.55,2026-07-02,Card
PUR_008503,CUST_02388,PROD_0001,Traditional Smock (Fugu),135.68,2026-07-07,Cash on Delivery
PUR_008504,CUST_02388,PROD_0015,Unisex Sneakers,132.91,2026-07-11,Mobile Money
PUR_008505,CUST_02388,PROD_0166,Gas Cooker (4-Burner),432.49,2026-07-18,Card
PUR_008506,CUST_02388,PROD_0132,Electric Iron,2595.15,2026-07-25,Mobile Money
PUR_008507,CUST_02388,PROD_0208,Perfume (100ml),25.86,2026-08-03,Mobile Money
PUR_008508,CUST_02388,PROD_0123,Electric Iron,1338.78,2026-08-12,Mobile Money
PUR_008509,CUST_02388,PROD_0014,Men's Slim Fit Jeans,181.36,2026-08-14,Cash on Delivery
PUR_008510,CUST_02388,PROD_0249,First Aid Kit,88.5,2026-08-18,Cash on Delivery
PUR_008511,CUST_02388,PROD_0152,Laptop (Core i5),988.07,2026-08-31,Card
PUR_008512,CUST_02388,PROD_0027,Ladies Kaftan Gown,128.68,2026-08-31,Mobile Money
PUR_008513,CUST_02389,PROD_0001,Traditional Smock (Fugu),233.66,2025-07-09,Cash on Delivery
PUR_008514,CUST_02389,PROD_0003,Cotton Polo Shirt,61.92,2025-07-28,Cash on Delivery
PUR_008515,CUST_02389,PROD_0202,Deodorant Roll-on,39.07,2025-10-19,Mobile Money
PUR_008516,CUST_02389,PROD_0252,Reading Glasses,80.16,2025-10-24,Mobile Money
PUR_008517,CUST_02389,PROD_0254,Basketball,97.85,2025-12-07,Cash on Delivery
PUR_008518,CUST_02389,PROD_0255,Water Bottle (1L),115.89,2026-01-27,Card
PUR_008519,CUST_02389,PROD_0006,Men's Casual Blazer,98.12,2026-02-15,Card
PUR_008520,CUST_02389,PROD_0234,Multivitamin Tablets,73.38,2026-04-18,Mobile Money
PUR_008521,CUST_02389,PROD_0008,Kente Print Shirt,373.46,2026-05-27,Bank Transfer
PUR_008522,CUST_02389,PROD_0140,Electric Iron,458.28,2026-05-30,Card
PUR_008523,CUST_02389,PROD_0001,Traditional Smock (Fugu),122.16,2026-06-18,Mobile Money
PUR_008524,CUST_02389,PROD_0070,Phone Charger (Type-C),1418.09,2026-06-25,Cash on Delivery
PUR_008525,CUST_02389,PROD_0151,Extension Socket,663.3,2026-07-28,Cash on Delivery
PUR_008526,CUST_02389,PROD_0121,Blender (4L),532.8,2026-08-08,Bank Transfer
PUR_008527,CUST_02389,PROD_0121,Blender (4L),707.59,2026-08-08,Mobile Money
PUR_008528,CUST_02389,PROD_0282,Kids Building Blocks,34.27,2026-08-15,Mobile Money
PUR_008529,CUST_02389,PROD_0222,Shea Butter Body Lotion,61.5,2026-09-01,Mobile Money
PUR_008530,CUST_02390,PROD_0127,Microwave Oven,115.08,2025-12-12,Cash on Delivery
PUR_008531,CUST_02390,PROD_0169,Bedsheet Set (Queen),334.49,2026-03-29,Mobile Money
PUR_008532,CUST_02390,PROD_0171,Sofa Set,142.46,2026-04-14,Mobile Money
PUR_008533,CUST_02390,PROD_0166,Gas Cooker (4-Burner),256.35,2026-04-21,Mobile Money
PUR_008534,CUST_02390,PROD_0048,Women's Maxi Dress,244.91,2026-04-28,Mobile Money
PUR_008535,CUST_02390,PROD_0175,Kitchen Knife Set,311.44,2026-05-27,Mobile Money
PUR_008536,CUST_02390,PROD_0083,Redmi Note 12,1556.48,2026-06-13,Mobile Money
PUR_008537,CUST_02390,PROD_0097,Phone Screen Protector,3973.01,2026-06-18,Mobile Money
PUR_008538,CUST_02390,PROD_0123,Electric Iron,3096.97,2026-07-22,Cash on Delivery
PUR_008539,CUST_02390,PROD_0074,Phone Screen Protector,863.9,2026-08-18,Bank Transfer
PUR_008540,CUST_02390,PROD_0010,Traditional Smock (Fugu),108.72,2026-08-23,Mobile Money
PUR_008541,CUST_02392,PROD_0286,Hardcover Notebook,34.79,2026-08-17,Cash on Delivery
PUR_008542,CUST_02392,PROD_0286,Hardcover Notebook,21.7,2026-08-20,Bank Transfer
PUR_008543,CUST_02392,PROD_0039,Men's Slim Fit Jeans,113.65,2026-08-30,Mobile Money
PUR_008544,CUST_02395,PROD_0272,Baby Carrier,104.92,2024-08-13,Mobile Money
PUR_008545,CUST_02395,PROD_0078,Phone Screen Protector,1782.29,2025-01-05,Mobile Money
PUR_008546,CUST_02395,PROD_0271,Kids' Bicycle,123.45,2026-01-07,Card
PUR_008547,CUST_02395,PROD_0003,Cotton Polo Shirt,118.6,2026-03-13,Mobile Money
PUR_008548,CUST_02395,PROD_0247,Bathroom Weighing Scale,121.17,2026-06-16,Bank Transfer
PUR_008549,CUST_02395,PROD_0202,Deodorant Roll-on,42.17,2026-07-06,Cash on Delivery
PUR_008550,CUST_02396,PROD_0015,Unisex Sneakers,164.04,2026-08-25,Cash on Delivery
PUR_008551,CUST_02398,PROD_0232,Bathroom Weighing Scale,65.24,2026-09-03,Mobile Money
PUR_008552,CUST_02399,PROD_0276,Baby Bath Tub,205.97,2026-05-09,Mobile Money
PUR_008553,CUST_02399,PROD_0167,Bedsheet Set (Queen),165.52,2026-08-16,Bank Transfer
PUR_008554,CUST_02400,PROD_0252,Reading Glasses,144.78,2025-09-26,Card
PUR_008555,CUST_02400,PROD_0202,Deodorant Roll-on,23.28,2025-10-13,Mobile Money
PUR_008556,CUST_02400,PROD_0233,Multivitamin Tablets,19.48,2026-01-26,Cash on Delivery
PUR_008557,CUST_02400,PROD_0266,Resistance Bands,203.91,2026-02-15,Mobile Money
PUR_008558,CUST_02400,PROD_0069,Phone Charger (Type-C),465.51,2026-04-19,Mobile Money
PUR_008559,CUST_02400,PROD_0256,Camping Tent,332.83,2026-07-04,Cash on Delivery
PUR_008560,CUST_02400,PROD_0012,Children's T-Shirt Set,157.38,2026-08-12,Bank Transfer
PUR_008561,CUST_02400,PROD_0063,Men's Slim Fit Jeans,228.39,2026-08-20,Mobile Money
PUR_008562,CUST_02401,PROD_0186,Storage Containers Set,371.06,2026-07-29,Bank Transfer
PUR_008563,CUST_02401,PROD_0169,Bedsheet Set (Queen),191.92,2026-08-03,Mobile Money
PUR_008564,CUST_02401,PROD_0257,Running Shoes,162.86,2026-08-04,Card
PUR_008565,CUST_02401,PROD_0071,Bluetooth Headset,1657.84,2026-09-04,Cash on Delivery
PUR_008566,CUST_02404,PROD_0166,Gas Cooker (4-Burner),235.71,2026-06-19,Cash on Delivery
PUR_008567,CUST_02404,PROD_0042,Wax Print Skirt,109.6,2026-08-18,Mobile Money
PUR_008568,CUST_02404,PROD_0065,Wax Print Skirt,55.44,2026-08-19,Cash on Delivery
PUR_008569,CUST_02406,PROD_0130,Rechargeable Fan,573.72,2026-04-30,Cash on Delivery
PUR_008570,CUST_02406,PROD_0004,Men's Slim Fit Jeans,126.4,2026-08-27,Cash on Delivery
PUR_008571,CUST_02407,PROD_0187,Bedsheet Set (Queen),372.78,2026-05-20,Mobile Money
PUR_008572,CUST_02409,PROD_0068,Redmi Note 12,294.05,2024-07-15,Bank Transfer
PUR_008573,CUST_02409,PROD_0001,Traditional Smock (Fugu),77.21,2024-11-10,Mobile Money
PUR_008574,CUST_02409,PROD_0102,Samsung Galaxy A14,885.08,2025-04-11,Mobile Money
PUR_008575,CUST_02409,PROD_0001,Traditional Smock (Fugu),275.29,2025-07-29,Mobile Money
PUR_008576,CUST_02409,PROD_0092,Huawei MatePad,495.37,2025-07-31,Cash on Delivery
PUR_008577,CUST_02409,PROD_0062,Kente Print Shirt,164.78,2025-08-18,Card
PUR_008578,CUST_02409,PROD_0121,Blender (4L),214.18,2025-09-15,Card
PUR_008579,CUST_02409,PROD_0115,Phone Charger (Type-C),3089.39,2025-10-30,Mobile Money
PUR_008580,CUST_02409,PROD_0073,Redmi Note 12,2309.36,2026-01-07,Cash on Delivery
PUR_008581,CUST_02409,PROD_0071,Bluetooth Headset,1229.73,2026-02-10,Mobile Money
PUR_008582,CUST_02409,PROD_0225,Facial Cleanser,80.22,2026-04-10,Cash on Delivery
PUR_008583,CUST_02410,PROD_0068,Redmi Note 12,1027.18,2026-03-05,Mobile Money
PUR_008584,CUST_02410,PROD_0228,Sunscreen SPF50,35.58,2026-03-22,Cash on Delivery
PUR_008585,CUST_02410,PROD_0273,Baby Diapers Pack,118.72,2026-03-23,Mobile Money
PUR_008586,CUST_02410,PROD_0209,Makeup Kit,38.23,2026-04-04,Mobile Money
PUR_008587,CUST_02410,PROD_0005,Men's Casual Blazer,217.95,2026-04-07,Mobile Money
PUR_008588,CUST_02410,PROD_0110,Samsung Galaxy Tab A8,535.9,2026-04-20,Mobile Money
PUR_008589,CUST_02410,PROD_0172,Curtain Set,153.8,2026-05-01,Mobile Money
PUR_008590,CUST_02410,PROD_0001,Traditional Smock (Fugu),143.92,2026-05-08,Card
PUR_008591,CUST_02410,PROD_0170,Rice Cooker,281.92,2026-05-14,Mobile Money
PUR_008592,CUST_02410,PROD_0199,Bedsheet Set (Queen),475.91,2026-05-23,Mobile Money
PUR_008593,CUST_02410,PROD_0122,Electric Iron,1882.28,2026-05-30,Mobile Money
PUR_008594,CUST_02410,PROD_0103,Power Bank 20000mAh,460.97,2026-06-05,Card
PUR_008595,CUST_02410,PROD_0245,Protein Powder,96.51,2026-06-12,Card
PUR_008596,CUST_02410,PROD_0078,Phone Screen Protector,703.44,2026-06-22,Mobile Money
PUR_008597,CUST_02410,PROD_0089,Samsung Galaxy A14,773.43,2026-06-30,Cash on Delivery
PUR_008598,CUST_02410,PROD_0132,Electric Iron,2030.05,2026-07-03,Mobile Money
PUR_008599,CUST_02410,PROD_0205,Deodorant Roll-on,24.53,2026-07-04,Mobile Money
PUR_008600,CUST_02410,PROD_0125,LED Bulb Pack,614.48,2026-07-10,Card
PUR_008601,CUST_02410,PROD_0276,Baby Bath Tub,125.02,2026-07-13,Cash on Delivery
PUR_008602,CUST_02410,PROD_0007,Kente Print Shirt,118.53,2026-07-16,Card
PUR_008603,CUST_02410,PROD_0167,Bedsheet Set (Queen),134.51,2026-07-16,Mobile Money
PUR_008604,CUST_02410,PROD_0151,Extension Socket,154.91,2026-07-18,Mobile Money
PUR_008605,CUST_02410,PROD_0181,Storage Containers Set,244.27,2026-07-23,Mobile Money
PUR_008606,CUST_02410,PROD_0153,Rechargeable Fan,343.56,2026-07-24,Mobile Money
PUR_008607,CUST_02410,PROD_0289,Kids' Storybook,50.23,2026-07-29,Cash on Delivery
PUR_008608,CUST_02410,PROD_0077,Bluetooth Headset,1606.13,2026-08-05,Mobile Money
PUR_008609,CUST_02410,PROD_0001,Traditional Smock (Fugu),126.53,2026-08-10,Mobile Money
PUR_008610,CUST_02410,PROD_0182,Curtain Set,922.48,2026-08-15,Cash on Delivery
PUR_008611,CUST_02410,PROD_0052,Ladies Kaftan Gown,108.16,2026-08-25,Mobile Money
PUR_008612,CUST_02410,PROD_0033,Ankara Print Dress,115.37,2026-08-27,Cash on Delivery
PUR_008613,CUST_02410,PROD_0211,Shea Butter Body Lotion,20.77,2026-09-01,Mobile Money
PUR_008614,CUST_02410,PROD_0184,Wall Clock,213.14,2026-09-02,Mobile Money
PUR_008615,CUST_02410,PROD_0202,Deodorant Roll-on,70.03,2026-09-04,Mobile Money
PUR_008616,CUST_02411,PROD_0110,Samsung Galaxy Tab A8,346.52,2026-03-13,Card
PUR_008617,CUST_02414,PROD_0092,Huawei MatePad,442.28,2026-09-04,Mobile Money
PUR_008618,CUST_02415,PROD_0179,Wall Clock,239.69,2026-07-01,Mobile Money
PUR_008619,CUST_02415,PROD_0002,Ladies Kaftan Gown,106.69,2026-08-21,Mobile Money
PUR_008620,CUST_02416,PROD_0072,Phone Screen Protector,916.14,2026-02-26,Bank Transfer
PUR_008621,CUST_02416,PROD_0084,Samsung Galaxy A14,1362.1,2026-03-17,Mobile Money
PUR_008622,CUST_02416,PROD_0273,Baby Diapers Pack,54.74,2026-04-08,Mobile Money
PUR_008623,CUST_02416,PROD_0253,Running Shoes,131.44,2026-09-01,Cash on Delivery
PUR_008624,CUST_02417,PROD_0042,Wax Print Skirt,151.26,2026-07-19,Mobile Money
PUR_008625,CUST_02417,PROD_0212,Perfume (100ml),47.08,2026-08-03,Card
PUR_008626,CUST_02419,PROD_0016,Women's Maxi Dress,149.77,2026-08-31,Mobile Money
PUR_008627,CUST_02419,PROD_0079,iPhone 13,2055.1,2026-09-02,Mobile Money
PUR_008628,CUST_02419,PROD_0147,LED Bulb Pack,513.03,2026-09-02,Card
PUR_008629,CUST_02419,PROD_0239,Vitamin C Supplements,42.77,2026-09-04,Cash on Delivery
PUR_008630,CUST_02420,PROD_0200,Dining Table Set,220.18,2026-04-22,Cash on Delivery
PUR_008631,CUST_02420,PROD_0257,Running Shoes,470.98,2026-05-01,Cash on Delivery
PUR_008632,CUST_02420,PROD_0233,Multivitamin Tablets,121.89,2026-06-05,Mobile Money
PUR_008633,CUST_02420,PROD_0291,Exercise Books Pack,26.19,2026-06-08,Mobile Money
PUR_008634,CUST_02420,PROD_0139,Digital Camera,2163.81,2026-06-12,Cash on Delivery
PUR_008635,CUST_02420,PROD_0166,Gas Cooker (4-Burner),76.41,2026-08-02,Mobile Money
PUR_008636,CUST_02420,PROD_0006,Men's Casual Blazer,69.71,2026-08-04,Mobile Money
PUR_008637,CUST_02420,PROD_0281,Educational Toy Set,59.35,2026-08-30,Cash on Delivery
PUR_008638,CUST_02422,PROD_0070,Phone Charger (Type-C),523.01,2026-09-03,Cash on Delivery
PUR_008639,CUST_02423,PROD_0233,Multivitamin Tablets,77.5,2025-07-20,Cash on Delivery
PUR_008640,CUST_02423,PROD_0270,Dumbbell Set,86.04,2025-09-14,Cash on Delivery
PUR_008641,CUST_02423,PROD_0003,Cotton Polo Shirt,47.06,2025-09-25,Card
PUR_008642,CUST_02423,PROD_0126,Gaming Console,447.25,2025-11-07,Card
PUR_008643,CUST_02423,PROD_0151,Extension Socket,150.28,2025-12-18,Mobile Money
PUR_008644,CUST_02423,PROD_0093,Samsung Galaxy A14,1004.35,2026-07-16,Cash on Delivery
PUR_008645,CUST_02423,PROD_0069,Phone Charger (Type-C),585.32,2026-08-16,Cash on Delivery
PUR_008646,CUST_02423,PROD_0256,Camping Tent,154.65,2026-08-18,Cash on Delivery
PUR_008647,CUST_02423,PROD_0002,Ladies Kaftan Gown,375.17,2026-08-19,Cash on Delivery
PUR_008648,CUST_02424,PROD_0011,Unisex Sneakers,268.0,2026-05-05,Mobile Money
PUR_008649,CUST_02425,PROD_0166,Gas Cooker (4-Burner),55.13,2026-09-01,Bank Transfer
PUR_008650,CUST_02426,PROD_0001,Traditional Smock (Fugu),143.18,2024-12-01,Cash on Delivery
PUR_008651,CUST_02426,PROD_0027,Ladies Kaftan Gown,80.09,2024-12-13,Cash on Delivery
PUR_008652,CUST_02426,PROD_0180,Bedsheet Set (Queen),161.94,2025-02-05,Cash on Delivery
PUR_008653,CUST_02426,PROD_0287,Highlighter Set,42.03,2025-05-28,Mobile Money
PUR_008654,CUST_02426,PROD_0151,Extension Socket,2342.08,2025-10-29,Bank Transfer
PUR_008655,CUST_02428,PROD_0077,Bluetooth Headset,4432.0,2024-09-05,Card
PUR_008656,CUST_02428,PROD_0005,Men's Casual Blazer,108.39,2025-09-07,Mobile Money
PUR_008657,CUST_02430,PROD_0271,Kids' Bicycle,127.11,2026-05-11,Mobile Money
PUR_008658,CUST_02431,PROD_0204,Beard Grooming Kit,64.92,2026-08-26,Mobile Money
PUR_008659,CUST_02432,PROD_0204,Beard Grooming Kit,45.26,2026-02-25,Mobile Money
PUR_008660,CUST_02434,PROD_0017,Men's Formal Suit,31.2,2026-05-25,Mobile Money
PUR_008661,CUST_02435,PROD_0067,iPhone 13,5614.86,2025-04-18,Card
PUR_008662,CUST_02435,PROD_0003,Cotton Polo Shirt,132.07,2026-05-28,Mobile Money
PUR_008663,CUST_02436,PROD_0123,Electric Iron,3050.38,2026-07-24,Mobile Money
PUR_008664,CUST_02436,PROD_0122,Electric Iron,959.92,2026-07-26,Cash on Delivery
PUR_008665,CUST_02437,PROD_0040,Men's Slim Fit Jeans,169.23,2026-06-23,Mobile Money
PUR_008666,CUST_02437,PROD_0131,Air Conditioner (1.5HP),1104.5,2026-08-24,Cash on Delivery
PUR_008667,CUST_02439,PROD_0218,Skin Toner,23.34,2026-03-22,Cash on Delivery
PUR_008668,CUST_02439,PROD_0155,Bluetooth Speaker,117.34,2026-03-26,Mobile Money
PUR_008669,CUST_02439,PROD_0067,iPhone 13,601.17,2026-04-14,Card
PUR_008670,CUST_02439,PROD_0205,Deodorant Roll-on,23.07,2026-06-03,Mobile Money
PUR_008671,CUST_02441,PROD_0272,Baby Carrier,259.97,2026-04-17,Mobile Money
PUR_008672,CUST_02444,PROD_0168,Rice Cooker,142.51,2025-05-12,Bank Transfer
PUR_008673,CUST_02444,PROD_0121,Blender (4L),426.07,2025-05-23,Card
PUR_008674,CUST_02444,PROD_0274,Baby Carrier,39.94,2025-06-27,Mobile Money
PUR_008675,CUST_02444,PROD_0166,Gas Cooker (4-Burner),102.44,2025-07-02,Mobile Money
PUR_008676,CUST_02444,PROD_0204,Beard Grooming Kit,47.09,2025-07-08,Mobile Money
PUR_008677,CUST_02444,PROD_0006,Men's Casual Blazer,55.9,2025-07-16,Mobile Money
PUR_008678,CUST_02444,PROD_0121,Blender (4L),241.22,2025-09-06,Cash on Delivery
PUR_008679,CUST_02444,PROD_0072,Phone Screen Protector,947.2,2025-09-09,Mobile Money
PUR_008680,CUST_02444,PROD_0134,Gaming Console,1624.83,2026-05-18,Mobile Money
PUR_008681,CUST_02444,PROD_0169,Bedsheet Set (Queen),109.22,2026-08-12,Mobile Money
PUR_008682,CUST_02445,PROD_0085,Samsung Galaxy Tab A8,417.09,2026-04-11,Mobile Money
PUR_008683,CUST_02446,PROD_0194,Rice Cooker,181.64,2026-07-13,Cash on Delivery
PUR_008684,CUST_02447,PROD_0232,Bathroom Weighing Scale,47.76,2026-08-13,Card
PUR_008685,CUST_02449,PROD_0122,Electric Iron,2572.7,2026-08-21,Mobile Money
PUR_008686,CUST_02449,PROD_0102,Samsung Galaxy A14,820.48,2026-08-26,Mobile Money
PUR_008687,CUST_02449,PROD_0005,Men's Casual Blazer,380.6,2026-08-28,Mobile Money
PUR_008688,CUST_02449,PROD_0029,Women's Maxi Dress,102.23,2026-09-01,Cash on Delivery
PUR_008689,CUST_02449,PROD_0020,Kente Print Shirt,110.93,2026-09-04,Mobile Money
PUR_008690,CUST_02451,PROD_0188,Water Dispenser,228.31,2026-08-10,Cash on Delivery
PUR_008691,CUST_02452,PROD_0070,Phone Charger (Type-C),821.62,2024-12-18,Cash on Delivery
PUR_008692,CUST_02452,PROD_0001,Traditional Smock (Fugu),75.78,2025-04-11,Mobile Money
PUR_008693,CUST_02452,PROD_0178,Gas Cooker (4-Burner),83.85,2025-09-20,Cash on Delivery
PUR_008694,CUST_02457,PROD_0052,Ladies Kaftan Gown,96.7,2026-03-10,Cash on Delivery
PUR_008695,CUST_02457,PROD_0144,Bluetooth Speaker,147.76,2026-05-17,Mobile Money
PUR_008696,CUST_02457,PROD_0205,Deodorant Roll-on,112.67,2026-06-25,Mobile Money
PUR_008697,CUST_02457,PROD_0204,Beard Grooming Kit,74.92,2026-06-27,Cash on Delivery
PUR_008698,CUST_02457,PROD_0073,Redmi Note 12,1124.44,2026-07-01,Mobile Money
PUR_008699,CUST_02457,PROD_0128,Air Conditioner (1.5HP),18.93,2026-07-11,Mobile Money
PUR_008700,CUST_02457,PROD_0087,Huawei MatePad,1816.76,2026-08-03,Card
PUR_008701,CUST_02457,PROD_0253,Running Shoes,152.43,2026-08-16,Mobile Money
PUR_008702,CUST_02457,PROD_0169,Bedsheet Set (Queen),108.96,2026-08-23,Mobile Money
PUR_008703,CUST_02457,PROD_0001,Traditional Smock (Fugu),85.24,2026-09-02,Mobile Money
PUR_008704,CUST_02458,PROD_0204,Beard Grooming Kit,17.34,2026-03-17,Cash on Delivery
PUR_008705,CUST_02458,PROD_0233,Multivitamin Tablets,94.77,2026-04-05,Bank Transfer
PUR_008706,CUST_02459,PROD_0243,Protein Powder,75.75,2026-08-28,Card
PUR_008707,CUST_02460,PROD_0217,Sunscreen SPF50,28.81,2026-04-28,Card
PUR_008708,CUST_02460,PROD_0209,Makeup Kit,56.29,2026-05-08,Card
PUR_008709,CUST_02460,PROD_0243,Protein Powder,117.68,2026-05-08,Mobile Money
PUR_008710,CUST_02460,PROD_0128,Air Conditioner (1.5HP),326.54,2026-06-27,Mobile Money
PUR_008711,CUST_02460,PROD_0232,Bathroom Weighing Scale,66.53,2026-06-29,Mobile Money
PUR_008712,CUST_02460,PROD_0167,Bedsheet Set (Queen),77.8,2026-07-10,Cash on Delivery
PUR_008713,CUST_02460,PROD_0271,Kids' Bicycle,283.47,2026-07-11,Mobile Money
PUR_008714,CUST_02460,PROD_0081,Phone Charger (Type-C),614.85,2026-07-15,Mobile Money
PUR_008715,CUST_02460,PROD_0230,Black Soap Bar,70.62,2026-07-17,Cash on Delivery
PUR_008716,CUST_02460,PROD_0166,Gas Cooker (4-Burner),256.21,2026-07-27,Card
PUR_008717,CUST_02460,PROD_0215,Skin Toner,98.3,2026-08-02,Card
PUR_008718,CUST_02460,PROD_0086,Tecno Spark 10,6168.07,2026-08-03,Cash on Delivery
PUR_008719,CUST_02460,PROD_0002,Ladies Kaftan Gown,133.41,2026-08-07,Cash on Delivery
PUR_008720,CUST_02460,PROD_0004,Men's Slim Fit Jeans,91.4,2026-08-09,Cash on Delivery
PUR_008721,CUST_02460,PROD_0123,Electric Iron,243.53,2026-08-10,Mobile Money
PUR_008722,CUST_02460,PROD_0167,Bedsheet Set (Queen),145.53,2026-08-10,Cash on Delivery
PUR_008723,CUST_02460,PROD_0119,iPhone 13,919.2,2026-08-11,Mobile Money
PUR_008724,CUST_02460,PROD_0119,iPhone 13,1739.17,2026-08-20,Mobile Money
PUR_008725,CUST_02460,PROD_0171,Sofa Set,324.2,2026-08-22,Card
PUR_008726,CUST_02460,PROD_0001,Traditional Smock (Fugu),100.16,2026-09-03,Mobile Money
PUR_008727,CUST_02460,PROD_0203,Braided Hair Extension,126.89,2026-09-03,Mobile Money
PUR_008728,CUST_02461,PROD_0272,Baby Carrier,67.71,2025-05-24,Mobile Money
PUR_008729,CUST_02461,PROD_0286,Hardcover Notebook,24.21,2025-07-01,Cash on Delivery
PUR_008730,CUST_02462,PROD_0093,Samsung Galaxy A14,640.1,2025-03-06,Cash on Delivery
PUR_008731,CUST_02462,PROD_0168,Rice Cooker,301.89,2025-06-02,Mobile Money
PUR_008732,CUST_02462,PROD_0122,Electric Iron,331.06,2025-11-06,Cash on Delivery
PUR_008733,CUST_02462,PROD_0011,Unisex Sneakers,55.32,2026-05-01,Mobile Money
PUR_008734,CUST_02462,PROD_0043,Men's Formal Suit,91.19,2026-07-12,Mobile Money
PUR_008735,CUST_02463,PROD_0068,Redmi Note 12,4602.45,2026-03-17,Mobile Money
PUR_008736,CUST_02465,PROD_0008,Kente Print Shirt,68.02,2025-12-10,Cash on Delivery
PUR_008737,CUST_02465,PROD_0093,Samsung Galaxy A14,835.15,2025-12-20,Cash on Delivery
PUR_008738,CUST_02465,PROD_0203,Braided Hair Extension,71.87,2026-02-19,Mobile Money
PUR_008739,CUST_02465,PROD_0203,Braided Hair Extension,36.1,2026-06-05,Cash on Delivery
PUR_008740,CUST_02465,PROD_0253,Running Shoes,61.34,2026-07-20,Mobile Money
PUR_008741,CUST_02465,PROD_0233,Multivitamin Tablets,112.71,2026-08-02,Mobile Money
PUR_008742,CUST_02467,PROD_0124,LED Bulb Pack,132.55,2026-04-03,Cash on Delivery
PUR_008743,CUST_02469,PROD_0180,Bedsheet Set (Queen),66.93,2026-04-08,Mobile Money
PUR_008744,CUST_02470,PROD_0187,Bedsheet Set (Queen),297.31,2026-07-17,Cash on Delivery
PUR_008745,CUST_02471,PROD_0202,Deodorant Roll-on,84.04,2026-08-23,Mobile Money
PUR_008746,CUST_02471,PROD_0004,Men's Slim Fit Jeans,159.28,2026-08-24,Mobile Money
PUR_008747,CUST_02472,PROD_0022,Denim Jacket,146.69,2025-03-06,Card
PUR_008748,CUST_02472,PROD_0005,Men's Casual Blazer,66.21,2025-05-06,Card
PUR_008749,CUST_02472,PROD_0002,Ladies Kaftan Gown,52.65,2025-06-21,Mobile Money
PUR_008750,CUST_02472,PROD_0202,Deodorant Roll-on,177.12,2026-03-25,Mobile Money
PUR_008751,CUST_02473,PROD_0141,LED Bulb Pack,1269.25,2024-09-15,Cash on Delivery
PUR_008752,CUST_02473,PROD_0286,Hardcover Notebook,56.89,2024-10-26,Mobile Money
PUR_008753,CUST_02473,PROD_0238,Digital Blood Pressure Monitor,34.3,2025-02-24,Card
PUR_008754,CUST_02473,PROD_0006,Men's Casual Blazer,39.65,2025-08-29,Cash on Delivery
PUR_008755,CUST_02473,PROD_0255,Water Bottle (1L),52.66,2025-09-09,Cash on Delivery
PUR_008756,CUST_02473,PROD_0114,Phone Charger (Type-C),248.32,2026-03-27,Mobile Money
PUR_008757,CUST_02474,PROD_0129,43-inch LED TV,587.83,2025-08-07,Cash on Delivery
PUR_008758,CUST_02474,PROD_0247,Bathroom Weighing Scale,49.06,2025-12-20,Mobile Money
PUR_008759,CUST_02474,PROD_0070,Phone Charger (Type-C),352.34,2026-03-02,Cash on Delivery
PUR_008760,CUST_02474,PROD_0017,Men's Formal Suit,48.66,2026-03-30,Card
PUR_008761,CUST_02474,PROD_0261,Camping Tent,49.7,2026-04-22,Mobile Money
PUR_008762,CUST_02474,PROD_0033,Ankara Print Dress,187.27,2026-06-12,Mobile Money
PUR_008763,CUST_02474,PROD_0294,A4 Printing Paper Ream,50.98,2026-08-02,Mobile Money
PUR_008764,CUST_02474,PROD_0168,Rice Cooker,308.79,2026-08-05,Cash on Delivery
PUR_008765,CUST_02474,PROD_0260,Gym Gloves,386.56,2026-08-20,Cash on Delivery
PUR_008766,CUST_02476,PROD_0136,Laptop (Core i5),170.83,2025-07-12,Mobile Money
PUR_008767,CUST_02476,PROD_0067,iPhone 13,1671.35,2026-04-23,Cash on Delivery
PUR_008768,CUST_02478,PROD_0176,Curtain Set,250.55,2025-07-19,Mobile Money
PUR_008769,CUST_02478,PROD_0081,Phone Charger (Type-C),655.28,2025-11-26,Mobile Money
PUR_008770,CUST_02479,PROD_0169,Bedsheet Set (Queen),673.66,2026-08-04,Mobile Money
PUR_008771,CUST_02480,PROD_0121,Blender (4L),632.55,2026-08-29,Cash on Delivery
PUR_008772,CUST_02482,PROD_0224,Hair Dryer,99.01,2024-09-13,Cash on Delivery
PUR_008773,CUST_02482,PROD_0258,Yoga Mat,88.85,2025-07-10,Mobile Money
PUR_008774,CUST_02482,PROD_0121,Blender (4L),648.04,2025-12-27,Mobile Money
PUR_008775,CUST_02482,PROD_0073,Redmi Note 12,1113.82,2026-02-25,Cash on Delivery
PUR_008776,CUST_02482,PROD_0234,Multivitamin Tablets,48.4,2026-05-27,Cash on Delivery
PUR_008777,CUST_02483,PROD_0122,Electric Iron,520.95,2024-08-14,Card
PUR_008778,CUST_02483,PROD_0169,Bedsheet Set (Queen),332.3,2024-10-29,Bank Transfer
PUR_008779,CUST_02483,PROD_0141,LED Bulb Pack,392.26,2025-03-20,Mobile Money
PUR_008780,CUST_02483,PROD_0223,Makeup Kit,55.54,2025-05-20,Mobile Money
PUR_008781,CUST_02483,PROD_0197,Wall Clock,353.79,2025-10-05,Mobile Money
PUR_008782,CUST_02483,PROD_0035,Children's T-Shirt Set,238.76,2025-10-30,Card
PUR_008783,CUST_02483,PROD_0068,Redmi Note 12,861.46,2026-02-09,Card
PUR_008784,CUST_02483,PROD_0043,Men's Formal Suit,32.18,2026-03-06,Cash on Delivery
PUR_008785,CUST_02485,PROD_0253,Running Shoes,291.07,2026-02-16,Cash on Delivery
PUR_008786,CUST_02485,PROD_0257,Running Shoes,144.86,2026-03-30,Mobile Money
PUR_008787,CUST_02485,PROD_0166,Gas Cooker (4-Burner),178.41,2026-03-31,Mobile Money
PUR_008788,CUST_02485,PROD_0074,Phone Screen Protector,947.12,2026-05-31,Mobile Money
PUR_008789,CUST_02485,PROD_0264,Camping Tent,153.33,2026-07-31,Bank Transfer
PUR_008790,CUST_02485,PROD_0209,Makeup Kit,82.92,2026-08-01,Mobile Money
PUR_008791,CUST_02485,PROD_0001,Traditional Smock (Fugu),42.99,2026-08-20,Mobile Money
PUR_008792,CUST_02485,PROD_0034,Men's Casual Blazer,185.94,2026-08-29,Cash on Delivery
PUR_008793,CUST_02488,PROD_0081,Phone Charger (Type-C),546.08,2025-11-07,Mobile Money
PUR_008794,CUST_02488,PROD_0169,Bedsheet Set (Queen),335.54,2026-02-20,Mobile Money
PUR_008795,CUST_02488,PROD_0176,Curtain Set,218.38,2026-06-30,Card
PUR_008796,CUST_02489,PROD_0008,Kente Print Shirt,104.45,2025-12-08,Mobile Money
PUR_008797,CUST_02489,PROD_0289,Kids' Storybook,30.46,2026-01-31,Cash on Delivery
PUR_008798,CUST_02489,PROD_0276,Baby Bath Tub,93.33,2026-02-16,Mobile Money
PUR_008799,CUST_02489,PROD_0273,Baby Diapers Pack,194.72,2026-05-01,Mobile Money
PUR_008800,CUST_02489,PROD_0298,Sugar (2kg),41.76,2026-05-09,Mobile Money
PUR_008801,CUST_02489,PROD_0211,Shea Butter Body Lotion,48.57,2026-06-19,Mobile Money
PUR_008802,CUST_02489,PROD_0255,Water Bottle (1L),119.56,2026-06-25,Card
PUR_008803,CUST_02489,PROD_0199,Bedsheet Set (Queen),179.29,2026-07-03,Mobile Money
PUR_008804,CUST_02489,PROD_0180,Bedsheet Set (Queen),62.67,2026-07-17,Mobile Money
PUR_008805,CUST_02489,PROD_0255,Water Bottle (1L),278.0,2026-07-19,Mobile Money
PUR_008806,CUST_02489,PROD_0006,Men's Casual Blazer,219.73,2026-07-20,Card
PUR_008807,CUST_02489,PROD_0287,Highlighter Set,56.73,2026-08-26,Card
PUR_008808,CUST_02491,PROD_0178,Gas Cooker (4-Burner),143.8,2026-07-11,Bank Transfer
PUR_008809,CUST_02493,PROD_0273,Baby Diapers Pack,104.81,2025-11-18,Mobile Money
PUR_008810,CUST_02493,PROD_0020,Kente Print Shirt,59.64,2026-01-22,Mobile Money
PUR_008811,CUST_02493,PROD_0249,First Aid Kit,177.35,2026-03-31,Mobile Money
PUR_008812,CUST_02493,PROD_0271,Kids' Bicycle,128.88,2026-04-17,Mobile Money
PUR_008813,CUST_02493,PROD_0078,Phone Screen Protector,884.95,2026-04-19,Card
PUR_008814,CUST_02493,PROD_0059,Men's Casual Blazer,232.07,2026-06-17,Mobile Money
PUR_008815,CUST_02493,PROD_0158,LED Bulb Pack,305.88,2026-09-03,Mobile Money
PUR_008816,CUST_02493,PROD_0019,Men's Casual Blazer,123.69,2026-09-03,Cash on Delivery
PUR_008817,CUST_02494,PROD_0176,Curtain Set,219.48,2026-08-01,Mobile Money
PUR_008818,CUST_02497,PROD_0068,Redmi Note 12,664.78,2026-07-03,Cash on Delivery
PUR_008819,CUST_02497,PROD_0001,Traditional Smock (Fugu),172.52,2026-08-18,Card
PUR_008820,CUST_02498,PROD_0045,Women's Maxi Dress,105.65,2025-02-23,Bank Transfer
PUR_008821,CUST_02498,PROD_0171,Sofa Set,184.97,2025-04-10,Mobile Money
PUR_008822,CUST_02498,PROD_0240,Digital Thermometer,53.55,2025-04-26,Mobile Money
PUR_008823,CUST_02498,PROD_0271,Kids' Bicycle,103.62,2025-07-22,Mobile Money
PUR_008824,CUST_02498,PROD_0132,Electric Iron,317.77,2025-07-29,Card
PUR_008825,CUST_02498,PROD_0009,Ladies Kaftan Gown,147.57,2025-09-23,Card
PUR_008826,CUST_02498,PROD_0155,Bluetooth Speaker,798.74,2025-10-20,Cash on Delivery
PUR_008827,CUST_02498,PROD_0100,Wireless Earbuds,184.94,2025-11-21,Mobile Money
PUR_008828,CUST_02498,PROD_0248,Reading Glasses,42.88,2026-04-07,Mobile Money
PUR_008829,CUST_02498,PROD_0086,Tecno Spark 10,733.21,2026-05-12,Mobile Money
PUR_008830,CUST_02498,PROD_0139,Digital Camera,1010.04,2026-05-17,Mobile Money
PUR_008831,CUST_02498,PROD_0071,Bluetooth Headset,1457.7,2026-05-20,Card
PUR_008832,CUST_02498,PROD_0149,Gaming Console,457.93,2026-07-08,Cash on Delivery
PUR_008833,CUST_02499,PROD_0164,43-inch LED TV,1982.25,2023-12-02,Cash on Delivery
PUR_008834,CUST_02499,PROD_0232,Bathroom Weighing Scale,63.23,2024-06-04,Mobile Money
PUR_008835,CUST_02499,PROD_0068,Redmi Note 12,1697.06,2024-07-14,Mobile Money
PUR_008836,CUST_02499,PROD_0067,iPhone 13,385.1,2024-12-11,Cash on Delivery
PUR_008837,CUST_02499,PROD_0001,Traditional Smock (Fugu),118.24,2025-03-13,Mobile Money
PUR_008838,CUST_02499,PROD_0232,Bathroom Weighing Scale,131.17,2025-10-12,Mobile Money
PUR_008839,CUST_02499,PROD_0239,Vitamin C Supplements,59.4,2025-11-07,Mobile Money
PUR_008840,CUST_02499,PROD_0004,Men's Slim Fit Jeans,492.89,2026-02-06,Cash on Delivery
PUR_008841,CUST_02499,PROD_0001,Traditional Smock (Fugu),87.62,2026-02-26,Card
PUR_008842,CUST_02500,PROD_0074,Phone Screen Protector,336.69,2026-05-13,Mobile Money
PUR_008843,CUST_02500,PROD_0133,Bluetooth Speaker,583.22,2026-05-28,Mobile Money
PUR_008844,CUST_02500,PROD_0026,Men's Casual Blazer,98.04,2026-06-02,Mobile Money
PUR_008845,CUST_02500,PROD_0012,Children's T-Shirt Set,127.02,2026-06-21,Mobile Money
PUR_008846,CUST_02500,PROD_0059,Men's Casual Blazer,70.13,2026-07-01,Card
PUR_008847,CUST_02500,PROD_0032,Men's Formal Suit,195.71,2026-07-14,Mobile Money
PUR_008848,CUST_02500,PROD_0232,Bathroom Weighing Scale,138.45,2026-08-03,Mobile Money
PUR_008849,CUST_02500,PROD_0167,Bedsheet Set (Queen),317.28,2026-08-04,Cash on Delivery
PUR_008850,CUST_02500,PROD_0263,Dumbbell Set,180.91,2026-08-17,Mobile Money
PUR_008851,CUST_02500,PROD_0271,Kids' Bicycle,99.47,2026-09-03,Mobile Money
PUR_008852,CUST_02500,PROD_0087,Huawei MatePad,1069.04,2026-09-04,Cash on Delivery
PUR_008853,CUST_02501,PROD_0048,Women's Maxi Dress,137.07,2025-02-23,Mobile Money
PUR_008854,CUST_02501,PROD_0124,LED Bulb Pack,613.43,2025-04-17,Mobile Money
PUR_008855,CUST_02501,PROD_0203,Braided Hair Extension,103.22,2025-06-14,Mobile Money
PUR_008856,CUST_02501,PROD_0253,Running Shoes,289.38,2026-01-13,Mobile Money
PUR_008857,CUST_02501,PROD_0295,Canned Tuna,23.93,2026-05-03,Mobile Money
PUR_008858,CUST_02502,PROD_0002,Ladies Kaftan Gown,141.06,2025-09-10,Mobile Money
PUR_008859,CUST_02502,PROD_0072,Phone Screen Protector,841.63,2026-03-04,Mobile Money
PUR_008860,CUST_02503,PROD_0253,Running Shoes,595.55,2025-11-29,Mobile Money
PUR_008861,CUST_02503,PROD_0069,Phone Charger (Type-C),674.34,2026-05-03,Mobile Money
PUR_008862,CUST_02503,PROD_0026,Men's Casual Blazer,293.92,2026-07-13,Mobile Money
PUR_008863,CUST_02504,PROD_0007,Kente Print Shirt,90.51,2024-12-27,Cash on Delivery
PUR_008864,CUST_02506,PROD_0096,Bluetooth Headset,4363.49,2026-08-06,Cash on Delivery
PUR_008865,CUST_02506,PROD_0057,Ladies Handbag,274.49,2026-08-21,Cash on Delivery
PUR_008866,CUST_02507,PROD_0172,Curtain Set,38.93,2025-07-14,Mobile Money
PUR_008867,CUST_02507,PROD_0075,Redmi Note 12,736.96,2025-08-29,Mobile Money
PUR_008868,CUST_02507,PROD_0239,Vitamin C Supplements,32.83,2026-02-21,Card
PUR_008869,CUST_02507,PROD_0022,Denim Jacket,157.74,2026-03-07,Mobile Money
PUR_008870,CUST_02507,PROD_0289,Kids' Storybook,55.19,2026-03-09,Cash on Delivery
PUR_008871,CUST_02507,PROD_0253,Running Shoes,201.32,2026-03-29,Cash on Delivery
PUR_008872,CUST_02507,PROD_0285,Baby Bath Tub,104.02,2026-05-08,Cash on Delivery
PUR_008873,CUST_02508,PROD_0007,Kente Print Shirt,89.54,2026-02-12,Mobile Money
PUR_008874,CUST_02508,PROD_0137,43-inch LED TV,301.68,2026-03-04,Mobile Money
PUR_008875,CUST_02508,PROD_0187,Bedsheet Set (Queen),286.44,2026-03-11,Cash on Delivery
PUR_008876,CUST_02508,PROD_0163,Extension Socket,289.79,2026-04-04,Cash on Delivery
PUR_008877,CUST_02508,PROD_0157,Bluetooth Speaker,1854.53,2026-04-24,Mobile Money
PUR_008878,CUST_02508,PROD_0003,Cotton Polo Shirt,99.94,2026-04-25,Mobile Money
PUR_008879,CUST_02508,PROD_0093,Samsung Galaxy A14,2024.56,2026-04-26,Cash on Delivery
PUR_008880,CUST_02508,PROD_0094,Power Bank 20000mAh,556.24,2026-05-19,Mobile Money
PUR_008881,CUST_02508,PROD_0069,Phone Charger (Type-C),956.14,2026-05-22,Mobile Money
PUR_008882,CUST_02508,PROD_0147,LED Bulb Pack,1240.87,2026-05-25,Bank Transfer
PUR_008883,CUST_02508,PROD_0254,Basketball,302.51,2026-05-25,Bank Transfer
PUR_008884,CUST_02508,PROD_0068,Redmi Note 12,444.61,2026-05-29,Mobile Money
PUR_008885,CUST_02508,PROD_0231,Nail Polish Set,37.19,2026-06-02,Card
PUR_008886,CUST_02508,PROD_0253,Running Shoes,194.35,2026-06-10,Card
PUR_008887,CUST_02508,PROD_0271,Kids' Bicycle,172.78,2026-06-14,Mobile Money
PUR_008888,CUST_02508,PROD_0002,Ladies Kaftan Gown,84.62,2026-06-14,Mobile Money
PUR_008889,CUST_02508,PROD_0001,Traditional Smock (Fugu),47.15,2026-06-19,Cash on Delivery
PUR_008890,CUST_02508,PROD_0273,Baby Diapers Pack,88.05,2026-06-25,Cash on Delivery
PUR_008891,CUST_02508,PROD_0031,Cotton Polo Shirt,212.18,2026-07-05,Mobile Money
PUR_008892,CUST_02508,PROD_0009,Ladies Kaftan Gown,88.83,2026-07-08,Mobile Money
PUR_008893,CUST_02508,PROD_0121,Blender (4L),471.86,2026-07-23,Bank Transfer
PUR_008894,CUST_02508,PROD_0067,iPhone 13,697.22,2026-07-25,Cash on Delivery
PUR_008895,CUST_02508,PROD_0067,iPhone 13,414.58,2026-07-29,Mobile Money
PUR_008896,CUST_02508,PROD_0295,Canned Tuna,66.15,2026-08-04,Cash on Delivery
PUR_008897,CUST_02508,PROD_0216,Skin Toner,31.62,2026-08-10,Card
PUR_008898,CUST_02508,PROD_0170,Rice Cooker,303.67,2026-08-20,Card
PUR_008899,CUST_02508,PROD_0258,Yoga Mat,290.45,2026-09-03,Card
PUR_008900,CUST_02508,PROD_0208,Perfume (100ml),61.7,2026-09-04,Cash on Delivery
PUR_008901,CUST_02509,PROD_0173,Non-stick Cooking Pot Set,279.45,2025-04-17,Mobile Money
PUR_008902,CUST_02510,PROD_0210,Braided Hair Extension,79.63,2025-04-20,Mobile Money
PUR_008903,CUST_02510,PROD_0279,Baby Wipes (80pcs),78.69,2026-01-13,Card
PUR_008904,CUST_02510,PROD_0169,Bedsheet Set (Queen),47.2,2026-02-03,Mobile Money
PUR_008905,CUST_02511,PROD_0072,Phone Screen Protector,429.54,2026-08-27,Mobile Money
PUR_008906,CUST_02512,PROD_0132,Electric Iron,427.54,2026-06-16,Mobile Money
PUR_008907,CUST_02513,PROD_0071,Bluetooth Headset,828.49,2026-03-07,Mobile Money
PUR_008908,CUST_02513,PROD_0209,Makeup Kit,20.79,2026-07-19,Mobile Money
PUR_008909,CUST_02513,PROD_0209,Makeup Kit,70.55,2026-07-20,Mobile Money
PUR_008910,CUST_02513,PROD_0001,Traditional Smock (Fugu),761.31,2026-07-24,Bank Transfer
PUR_008911,CUST_02513,PROD_0069,Phone Charger (Type-C),699.03,2026-07-31,Mobile Money
PUR_008912,CUST_02515,PROD_0070,Phone Charger (Type-C),2131.73,2026-01-24,Cash on Delivery
PUR_008913,CUST_02516,PROD_0290,Exercise Books Pack,57.38,2025-03-07,Card
PUR_008914,CUST_02516,PROD_0068,Redmi Note 12,645.8,2026-04-18,Cash on Delivery
PUR_008915,CUST_02518,PROD_0204,Beard Grooming Kit,140.43,2026-04-24,Mobile Money
PUR_008916,CUST_02518,PROD_0206,Braided Hair Extension,18.41,2026-07-07,Mobile Money
PUR_008917,CUST_02519,PROD_0001,Traditional Smock (Fugu),191.08,2025-08-02,Mobile Money
PUR_008918,CUST_02519,PROD_0001,Traditional Smock (Fugu),153.66,2026-07-08,Cash on Delivery
PUR_008919,CUST_02520,PROD_0244,Bathroom Weighing Scale,79.18,2025-10-16,Mobile Money
PUR_008920,CUST_02520,PROD_0259,Basketball,188.58,2025-10-24,Cash on Delivery
PUR_008921,CUST_02520,PROD_0172,Curtain Set,232.95,2025-11-11,Card
PUR_008922,CUST_02520,PROD_0271,Kids' Bicycle,106.32,2026-02-06,Cash on Delivery
PUR_008923,CUST_02520,PROD_0286,Hardcover Notebook,25.44,2026-02-16,Mobile Money
PUR_008924,CUST_02520,PROD_0253,Running Shoes,69.18,2026-03-24,Mobile Money
PUR_008925,CUST_02520,PROD_0133,Bluetooth Speaker,370.47,2026-08-08,Bank Transfer
PUR_008926,CUST_02520,PROD_0041,Denim Jacket,67.41,2026-08-12,Cash on Delivery
PUR_008927,CUST_02522,PROD_0251,Protein Powder,136.69,2026-08-07,Mobile Money
PUR_008928,CUST_02523,PROD_0002,Ladies Kaftan Gown,89.81,2026-07-19,Mobile Money
PUR_008929,CUST_02524,PROD_0288,Scientific Calculator,51.37,2026-06-22,Mobile Money
PUR_008930,CUST_02524,PROD_0001,Traditional Smock (Fugu),84.12,2026-07-23,Mobile Money
PUR_008931,CUST_02524,PROD_0170,Rice Cooker,508.81,2026-08-17,Card
PUR_008932,CUST_02524,PROD_0204,Beard Grooming Kit,51.5,2026-08-22,Mobile Money
PUR_008933,CUST_02525,PROD_0160,Rechargeable Fan,278.44,2025-06-30,Mobile Money
PUR_008934,CUST_02525,PROD_0015,Unisex Sneakers,196.65,2025-09-22,Cash on Delivery
PUR_008935,CUST_02525,PROD_0009,Ladies Kaftan Gown,274.0,2025-10-24,Mobile Money
PUR_008936,CUST_02525,PROD_0138,Microwave Oven,385.25,2025-12-19,Mobile Money
PUR_008937,CUST_02525,PROD_0286,Hardcover Notebook,34.66,2026-03-14,Mobile Money
PUR_008938,CUST_02525,PROD_0279,Baby Wipes (80pcs),42.62,2026-05-21,Cash on Delivery
PUR_008939,CUST_02525,PROD_0039,Men's Slim Fit Jeans,219.04,2026-08-17,Cash on Delivery
PUR_008940,CUST_02528,PROD_0187,Bedsheet Set (Queen),379.99,2025-01-07,Mobile Money
PUR_008941,CUST_02528,PROD_0272,Baby Carrier,85.7,2026-02-20,Cash on Delivery
PUR_008942,CUST_02528,PROD_0070,Phone Charger (Type-C),629.25,2026-07-13,Cash on Delivery
PUR_008943,CUST_02530,PROD_0152,Laptop (Core i5),2227.45,2023-03-15,Mobile Money
PUR_008944,CUST_02530,PROD_0015,Unisex Sneakers,41.99,2025-05-31,Mobile Money
PUR_008945,CUST_02530,PROD_0079,iPhone 13,216.19,2025-11-02,Mobile Money
PUR_008946,CUST_02530,PROD_0248,Reading Glasses,40.13,2026-03-15,Cash on Delivery
PUR_008947,CUST_02531,PROD_0167,Bedsheet Set (Queen),465.79,2026-03-10,Mobile Money
PUR_008948,CUST_02531,PROD_0232,Bathroom Weighing Scale,87.34,2026-08-21,Cash on Delivery
PUR_008949,CUST_02532,PROD_0088,Universal Phone Case,1150.23,2025-01-11,Card
PUR_008950,CUST_02532,PROD_0202,Deodorant Roll-on,96.11,2025-05-24,Card
PUR_008951,CUST_02532,PROD_0005,Men's Casual Blazer,77.87,2025-10-26,Mobile Money
PUR_008952,CUST_02532,PROD_0013,Ankara Print Dress,55.98,2026-02-19,Card
PUR_008953,CUST_02532,PROD_0123,Electric Iron,309.75,2026-03-20,Card
PUR_008954,CUST_02532,PROD_0171,Sofa Set,61.42,2026-03-27,Mobile Money
PUR_008955,CUST_02532,PROD_0181,Storage Containers Set,296.52,2026-06-20,Mobile Money
PUR_008956,CUST_02532,PROD_0128,Air Conditioner (1.5HP),309.48,2026-08-13,Mobile Money
PUR_008957,CUST_02532,PROD_0001,Traditional Smock (Fugu),320.07,2026-08-13,Mobile Money
PUR_008958,CUST_02535,PROD_0204,Beard Grooming Kit,98.25,2025-08-28,Mobile Money
PUR_008959,CUST_02535,PROD_0166,Gas Cooker (4-Burner),197.47,2026-01-10,Mobile Money
PUR_008960,CUST_02535,PROD_0010,Traditional Smock (Fugu),145.99,2026-02-17,Cash on Delivery
PUR_008961,CUST_02535,PROD_0169,Bedsheet Set (Queen),395.98,2026-03-19,Mobile Money
PUR_008962,CUST_02535,PROD_0146,Home Theater System,1594.28,2026-04-07,Mobile Money
PUR_008963,CUST_02536,PROD_0123,Electric Iron,784.25,2026-06-13,Mobile Money
PUR_008964,CUST_02537,PROD_0194,Rice Cooker,713.77,2025-07-28,Cash on Delivery
PUR_008965,CUST_02537,PROD_0202,Deodorant Roll-on,74.95,2025-10-14,Cash on Delivery
PUR_008966,CUST_02537,PROD_0122,Electric Iron,618.29,2025-11-13,Mobile Money
PUR_008967,CUST_02537,PROD_0258,Yoga Mat,255.51,2026-01-30,Mobile Money
PUR_008968,CUST_02537,PROD_0014,Men's Slim Fit Jeans,58.46,2026-02-22,Mobile Money
PUR_008969,CUST_02537,PROD_0212,Perfume (100ml),134.57,2026-03-04,Mobile Money
PUR_008970,CUST_02537,PROD_0202,Deodorant Roll-on,67.43,2026-03-27,Mobile Money
PUR_008971,CUST_02537,PROD_0202,Deodorant Roll-on,85.23,2026-04-14,Bank Transfer
PUR_008972,CUST_02537,PROD_0013,Ankara Print Dress,66.96,2026-05-29,Mobile Money
PUR_008973,CUST_02537,PROD_0016,Women's Maxi Dress,80.23,2026-05-29,Cash on Delivery
PUR_008974,CUST_02539,PROD_0088,Universal Phone Case,2226.0,2025-11-20,Card
PUR_008975,CUST_02539,PROD_0105,Samsung Galaxy A14,1101.61,2026-03-31,Card
PUR_008976,CUST_02539,PROD_0128,Air Conditioner (1.5HP),267.01,2026-05-28,Mobile Money
PUR_008977,CUST_02540,PROD_0007,Kente Print Shirt,168.62,2025-11-29,Mobile Money
PUR_008978,CUST_02540,PROD_0121,Blender (4L),264.53,2026-02-06,Mobile Money
PUR_008979,CUST_02540,PROD_0290,Exercise Books Pack,32.66,2026-02-19,Cash on Delivery
PUR_008980,CUST_02540,PROD_0206,Braided Hair Extension,47.14,2026-06-25,Cash on Delivery
PUR_008981,CUST_02540,PROD_0168,Rice Cooker,477.31,2026-08-17,Cash on Delivery
PUR_008982,CUST_02541,PROD_0240,Digital Thermometer,74.6,2026-03-30,Card
PUR_008983,CUST_02541,PROD_0123,Electric Iron,664.3,2026-07-29,Mobile Money
PUR_008984,CUST_02542,PROD_0068,Redmi Note 12,3206.44,2025-05-31,Mobile Money
PUR_008985,CUST_02542,PROD_0002,Ladies Kaftan Gown,98.27,2025-07-09,Bank Transfer
PUR_008986,CUST_02542,PROD_0088,Universal Phone Case,2435.47,2025-08-15,Mobile Money
PUR_008987,CUST_02542,PROD_0139,Digital Camera,115.38,2025-09-20,Mobile Money
PUR_008988,CUST_02542,PROD_0285,Baby Bath Tub,187.95,2025-09-24,Mobile Money
PUR_008989,CUST_02542,PROD_0274,Baby Carrier,37.07,2025-09-28,Mobile Money
PUR_008990,CUST_02542,PROD_0185,Wall Clock,143.83,2025-10-04,Cash on Delivery
PUR_008991,CUST_02542,PROD_0166,Gas Cooker (4-Burner),63.72,2025-10-10,Cash on Delivery
PUR_008992,CUST_02542,PROD_0013,Ankara Print Dress,202.34,2025-10-12,Mobile Money
PUR_008993,CUST_02542,PROD_0177,Rice Cooker,297.24,2025-10-13,Cash on Delivery
PUR_008994,CUST_02542,PROD_0040,Men's Slim Fit Jeans,105.03,2025-10-13,Mobile Money
PUR_008995,CUST_02542,PROD_0171,Sofa Set,320.95,2025-10-18,Mobile Money
PUR_008996,CUST_02542,PROD_0202,Deodorant Roll-on,83.48,2025-10-23,Mobile Money
PUR_008997,CUST_02542,PROD_0060,Ankara Print Dress,173.24,2025-11-03,Card
PUR_008998,CUST_02542,PROD_0210,Braided Hair Extension,80.31,2025-11-09,Bank Transfer
PUR_008999,CUST_02542,PROD_0067,iPhone 13,508.02,2025-11-22,Mobile Money
PUR_009000,CUST_02542,PROD_0198,Wall Clock,348.76,2025-12-05,Mobile Money
PUR_009001,CUST_02542,PROD_0263,Dumbbell Set,98.98,2025-12-15,Mobile Money
PUR_009002,CUST_02542,PROD_0272,Baby Carrier,71.69,2025-12-17,Mobile Money
PUR_009003,CUST_02542,PROD_0165,Microwave Oven,196.06,2026-01-18,Cash on Delivery
PUR_009004,CUST_02542,PROD_0239,Vitamin C Supplements,59.98,2026-01-19,Mobile Money
PUR_009005,CUST_02542,PROD_0269,Yoga Mat,145.75,2026-01-20,Mobile Money
PUR_009006,CUST_02542,PROD_0122,Electric Iron,242.91,2026-02-28,Mobile Money
PUR_009007,CUST_02542,PROD_0261,Camping Tent,51.18,2026-03-01,Mobile Money
PUR_009008,CUST_02542,PROD_0175,Kitchen Knife Set,133.5,2026-03-08,Mobile Money
PUR_009009,CUST_02542,PROD_0239,Vitamin C Supplements,101.65,2026-03-09,Cash on Delivery
PUR_009010,CUST_02542,PROD_0232,Bathroom Weighing Scale,58.8,2026-03-15,Card
PUR_009011,CUST_02542,PROD_0205,Deodorant Roll-on,183.33,2026-03-19,Mobile Money
PUR_009012,CUST_02542,PROD_0167,Bedsheet Set (Queen),603.22,2026-03-25,Mobile Money
PUR_009013,CUST_02542,PROD_0067,iPhone 13,669.72,2026-04-02,Cash on Delivery
PUR_009014,CUST_02542,PROD_0217,Sunscreen SPF50,54.97,2026-04-10,Cash on Delivery
PUR_009015,CUST_02542,PROD_0242,Protein Powder,104.56,2026-04-22,Mobile Money
PUR_009016,CUST_02542,PROD_0067,iPhone 13,1137.74,2026-04-30,Card
PUR_009017,CUST_02542,PROD_0166,Gas Cooker (4-Burner),204.07,2026-05-06,Cash on Delivery
PUR_009018,CUST_02542,PROD_0013,Ankara Print Dress,56.5,2026-05-14,Bank Transfer
PUR_009019,CUST_02542,PROD_0263,Dumbbell Set,292.48,2026-06-04,Cash on Delivery
PUR_009020,CUST_02542,PROD_0206,Braided Hair Extension,78.25,2026-06-16,Bank Transfer
PUR_009021,CUST_02542,PROD_0154,Gaming Console,329.39,2026-06-21,Mobile Money
PUR_009022,CUST_02542,PROD_0233,Multivitamin Tablets,139.69,2026-06-28,Cash on Delivery
PUR_009023,CUST_02542,PROD_0100,Wireless Earbuds,789.46,2026-07-03,Bank Transfer
PUR_009024,CUST_02542,PROD_0258,Yoga Mat,140.93,2026-07-13,Mobile Money
PUR_009025,CUST_02542,PROD_0221,Nail Polish Set,94.88,2026-07-13,Card
PUR_009026,CUST_02542,PROD_0167,Bedsheet Set (Queen),379.61,2026-07-15,Cash on Delivery
PUR_009027,CUST_02542,PROD_0266,Resistance Bands,125.07,2026-07-16,Mobile Money
PUR_009028,CUST_02542,PROD_0254,Basketball,61.5,2026-07-24,Card
PUR_009029,CUST_02542,PROD_0293,A4 Printing Paper Ream,34.13,2026-07-25,Card
PUR_009030,CUST_02542,PROD_0008,Kente Print Shirt,109.55,2026-07-28,Mobile Money
PUR_009031,CUST_02542,PROD_0237,Multivitamin Tablets,143.33,2026-08-02,Mobile Money
PUR_009032,CUST_02542,PROD_0171,Sofa Set,401.88,2026-08-08,Mobile Money
PUR_009033,CUST_02542,PROD_0255,Water Bottle (1L),148.11,2026-08-31,Mobile Money
PUR_009034,CUST_02542,PROD_0286,Hardcover Notebook,19.53,2026-09-01,Cash on Delivery
PUR_009035,CUST_02542,PROD_0292,A4 Printing Paper Ream,29.73,2026-09-04,Cash on Delivery
PUR_009036,CUST_02542,PROD_0232,Bathroom Weighing Scale,78.59,2026-09-04,Mobile Money
PUR_009037,CUST_02543,PROD_0207,Skin Toner,40.66,2026-06-29,Mobile Money
PUR_009038,CUST_02543,PROD_0076,Phone Charger (Type-C),353.64,2026-07-11,Mobile Money
PUR_009039,CUST_02543,PROD_0274,Baby Carrier,365.45,2026-08-31,Mobile Money
PUR_009040,CUST_02544,PROD_0232,Bathroom Weighing Scale,95.65,2025-11-04,Cash on Delivery
PUR_009041,CUST_02544,PROD_0020,Kente Print Shirt,105.92,2026-01-26,Card
PUR_009042,CUST_02544,PROD_0085,Samsung Galaxy Tab A8,1283.97,2026-06-14,Card
PUR_009043,CUST_02547,PROD_0002,Ladies Kaftan Gown,98.86,2026-08-30,Cash on Delivery
PUR_009044,CUST_02548,PROD_0236,Glucometer Kit,103.37,2026-06-16,Mobile Money
PUR_009045,CUST_02551,PROD_0273,Baby Diapers Pack,27.23,2026-08-07,Cash on Delivery
PUR_009046,CUST_02553,PROD_0148,Electric Iron,865.27,2024-12-21,Card
PUR_009047,CUST_02553,PROD_0166,Gas Cooker (4-Burner),264.57,2025-06-17,Mobile Money
PUR_009048,CUST_02553,PROD_0157,Bluetooth Speaker,805.04,2025-09-05,Mobile Money
PUR_009049,CUST_02553,PROD_0070,Phone Charger (Type-C),1620.51,2025-11-25,Mobile Money
PUR_009050,CUST_02553,PROD_0006,Men's Casual Blazer,68.14,2025-12-02,Mobile Money
PUR_009051,CUST_02553,PROD_0166,Gas Cooker (4-Burner),281.51,2025-12-21,Card
PUR_009052,CUST_02553,PROD_0020,Kente Print Shirt,157.5,2026-01-11,Cash on Delivery
PUR_009053,CUST_02553,PROD_0022,Denim Jacket,60.66,2026-03-15,Card
PUR_009054,CUST_02553,PROD_0102,Samsung Galaxy A14,439.98,2026-04-20,Mobile Money
PUR_009055,CUST_02553,PROD_0204,Beard Grooming Kit,63.83,2026-04-29,Cash on Delivery
PUR_009056,CUST_02553,PROD_0165,Microwave Oven,1666.04,2026-05-12,Mobile Money
PUR_009057,CUST_02553,PROD_0285,Baby Bath Tub,66.7,2026-05-16,Card
PUR_009058,CUST_02553,PROD_0130,Rechargeable Fan,963.78,2026-05-23,Mobile Money
PUR_009059,CUST_02553,PROD_0116,Universal Phone Case,450.26,2026-06-19,Cash on Delivery
PUR_009060,CUST_02553,PROD_0077,Bluetooth Headset,452.47,2026-08-17,Mobile Money
PUR_009061,CUST_02554,PROD_0068,Redmi Note 12,508.82,2024-08-04,Mobile Money
PUR_009062,CUST_02554,PROD_0067,iPhone 13,1338.67,2025-05-07,Cash on Delivery
PUR_009063,CUST_02554,PROD_0272,Baby Carrier,103.48,2025-08-21,Cash on Delivery
PUR_009064,CUST_02554,PROD_0189,Non-stick Cooking Pot Set,199.02,2026-01-20,Mobile Money
PUR_009065,CUST_02555,PROD_0075,Redmi Note 12,1408.86,2026-08-29,Mobile Money
PUR_009066,CUST_02557,PROD_0077,Bluetooth Headset,2452.56,2026-02-07,Cash on Delivery
PUR_009067,CUST_02557,PROD_0134,Gaming Console,939.59,2026-03-18,Cash on Delivery
PUR_009068,CUST_02557,PROD_0210,Braided Hair Extension,28.33,2026-03-31,Mobile Money
PUR_009069,CUST_02557,PROD_0001,Traditional Smock (Fugu),158.55,2026-05-21,Cash on Delivery
PUR_009070,CUST_02557,PROD_0179,Wall Clock,357.39,2026-05-26,Mobile Money
PUR_009071,CUST_02557,PROD_0166,Gas Cooker (4-Burner),189.96,2026-06-06,Mobile Money
PUR_009072,CUST_02557,PROD_0010,Traditional Smock (Fugu),226.07,2026-06-10,Mobile Money
PUR_009073,CUST_02557,PROD_0121,Blender (4L),101.05,2026-06-15,Mobile Money
PUR_009074,CUST_02557,PROD_0125,LED Bulb Pack,183.33,2026-06-24,Cash on Delivery
PUR_009075,CUST_02557,PROD_0166,Gas Cooker (4-Burner),161.23,2026-06-30,Cash on Delivery
PUR_009076,CUST_02557,PROD_0244,Bathroom Weighing Scale,168.87,2026-07-07,Cash on Delivery
PUR_009077,CUST_02557,PROD_0255,Water Bottle (1L),75.8,2026-07-09,Mobile Money
PUR_009078,CUST_02557,PROD_0242,Protein Powder,45.35,2026-07-11,Mobile Money
PUR_009079,CUST_02557,PROD_0184,Wall Clock,262.54,2026-07-13,Mobile Money
PUR_009080,CUST_02557,PROD_0267,Cycling Helmet,147.12,2026-07-18,Cash on Delivery
PUR_009081,CUST_02557,PROD_0233,Multivitamin Tablets,98.42,2026-07-18,Cash on Delivery
PUR_009082,CUST_02557,PROD_0264,Camping Tent,35.84,2026-07-21,Cash on Delivery
PUR_009083,CUST_02557,PROD_0122,Electric Iron,2293.44,2026-07-30,Mobile Money
PUR_009084,CUST_02557,PROD_0076,Phone Charger (Type-C),1280.2,2026-08-01,Card
PUR_009085,CUST_02557,PROD_0010,Traditional Smock (Fugu),194.85,2026-08-03,Mobile Money
PUR_009086,CUST_02557,PROD_0004,Men's Slim Fit Jeans,131.03,2026-08-07,Bank Transfer
PUR_009087,CUST_02557,PROD_0204,Beard Grooming Kit,91.67,2026-08-08,Mobile Money
PUR_009088,CUST_02557,PROD_0004,Men's Slim Fit Jeans,130.8,2026-08-10,Mobile Money
PUR_009089,CUST_02557,PROD_0121,Blender (4L),286.71,2026-08-29,Cash on Delivery
PUR_009090,CUST_02560,PROD_0005,Men's Casual Blazer,257.17,2026-01-02,Mobile Money
PUR_009091,CUST_02560,PROD_0003,Cotton Polo Shirt,234.15,2026-07-30,Card
PUR_009092,CUST_02561,PROD_0232,Bathroom Weighing Scale,77.58,2025-10-28,Mobile Money
PUR_009093,CUST_02562,PROD_0198,Wall Clock,82.88,2025-06-09,Cash on Delivery
PUR_009094,CUST_02562,PROD_0118,Power Bank 20000mAh,1097.69,2025-08-02,Cash on Delivery
PUR_009095,CUST_02562,PROD_0109,Phone Screen Protector,1686.41,2025-08-23,Cash on Delivery
PUR_009096,CUST_02562,PROD_0074,Phone Screen Protector,3583.21,2025-10-05,Cash on Delivery
PUR_009097,CUST_02562,PROD_0082,Samsung Galaxy A14,764.46,2025-12-09,Card
PUR_009098,CUST_02562,PROD_0048,Women's Maxi Dress,112.37,2025-12-15,Mobile Money
PUR_009099,CUST_02562,PROD_0297,Rice (5kg Bag),107.85,2026-03-19,Mobile Money
PUR_009100,CUST_02562,PROD_0087,Huawei MatePad,646.98,2026-03-23,Card
PUR_009101,CUST_02562,PROD_0130,Rechargeable Fan,626.88,2026-03-23,Mobile Money
PUR_009102,CUST_02562,PROD_0122,Electric Iron,972.08,2026-03-30,Mobile Money
PUR_009103,CUST_02562,PROD_0082,Samsung Galaxy A14,137.72,2026-04-13,Cash on Delivery
PUR_009104,CUST_02562,PROD_0175,Kitchen Knife Set,377.9,2026-05-05,Mobile Money
PUR_009105,CUST_02562,PROD_0262,Hiking Backpack,77.3,2026-05-13,Mobile Money
PUR_009106,CUST_02562,PROD_0173,Non-stick Cooking Pot Set,215.87,2026-05-17,Mobile Money
PUR_009107,CUST_02562,PROD_0180,Bedsheet Set (Queen),130.82,2026-05-29,Cash on Delivery
PUR_009108,CUST_02562,PROD_0212,Perfume (100ml),61.25,2026-06-03,Mobile Money
PUR_009109,CUST_02562,PROD_0126,Gaming Console,468.93,2026-06-21,Cash on Delivery
PUR_009110,CUST_02562,PROD_0106,Samsung Galaxy Tab A8,1691.93,2026-06-21,Card
PUR_009111,CUST_02562,PROD_0104,Tecno Spark 10,530.89,2026-06-26,Card
PUR_009112,CUST_02562,PROD_0015,Unisex Sneakers,129.76,2026-06-27,Mobile Money
PUR_009113,CUST_02562,PROD_0110,Samsung Galaxy Tab A8,1618.6,2026-07-14,Mobile Money
PUR_009114,CUST_02562,PROD_0066,Men's Slim Fit Jeans,25.16,2026-07-14,Cash on Delivery
PUR_009115,CUST_02562,PROD_0016,Women's Maxi Dress,139.73,2026-07-24,Mobile Money
PUR_009116,CUST_02562,PROD_0270,Dumbbell Set,179.35,2026-07-29,Mobile Money
PUR_009117,CUST_02562,PROD_0143,LED Bulb Pack,639.39,2026-08-05,Mobile Money
PUR_009118,CUST_02562,PROD_0002,Ladies Kaftan Gown,146.15,2026-08-14,Cash on Delivery
PUR_009119,CUST_02562,PROD_0132,Electric Iron,329.72,2026-08-21,Mobile Money
PUR_009120,CUST_02562,PROD_0289,Kids' Storybook,37.73,2026-08-22,Card
PUR_009121,CUST_02562,PROD_0087,Huawei MatePad,570.47,2026-08-24,Cash on Delivery
PUR_009122,CUST_02562,PROD_0023,Kente Print Shirt,108.39,2026-08-27,Card
PUR_009123,CUST_02562,PROD_0272,Baby Carrier,129.88,2026-08-29,Bank Transfer
PUR_009124,CUST_02562,PROD_0130,Rechargeable Fan,345.34,2026-09-04,Bank Transfer
PUR_009125,CUST_02565,PROD_0001,Traditional Smock (Fugu),278.05,2026-04-19,Mobile Money
PUR_009126,CUST_02565,PROD_0167,Bedsheet Set (Queen),291.35,2026-06-14,Mobile Money
PUR_009127,CUST_02566,PROD_0286,Hardcover Notebook,53.87,2026-08-22,Mobile Money
PUR_009128,CUST_02569,PROD_0244,Bathroom Weighing Scale,41.73,2025-04-20,Mobile Money
PUR_009129,CUST_02569,PROD_0283,Toddler Shoes,248.65,2026-02-06,Cash on Delivery
PUR_009130,CUST_02569,PROD_0059,Men's Casual Blazer,92.09,2026-08-23,Mobile Money
PUR_009131,CUST_02570,PROD_0076,Phone Charger (Type-C),786.95,2024-10-30,Mobile Money
PUR_009132,CUST_02571,PROD_0109,Phone Screen Protector,683.64,2026-07-23,Cash on Delivery
PUR_009133,CUST_02572,PROD_0174,Bedsheet Set (Queen),343.1,2024-07-25,Mobile Money
PUR_009134,CUST_02572,PROD_0010,Traditional Smock (Fugu),125.5,2025-11-15,Cash on Delivery
PUR_009135,CUST_02572,PROD_0288,Scientific Calculator,23.87,2025-12-01,Mobile Money
PUR_009136,CUST_02572,PROD_0016,Women's Maxi Dress,108.17,2026-08-17,Cash on Delivery
PUR_009137,CUST_02576,PROD_0301,Sugar (2kg),22.06,2025-10-18,Card
PUR_009138,CUST_02576,PROD_0069,Phone Charger (Type-C),246.39,2026-03-30,Mobile Money
PUR_009139,CUST_02576,PROD_0001,Traditional Smock (Fugu),178.68,2026-04-21,Mobile Money
PUR_009140,CUST_02577,PROD_0121,Blender (4L),1551.57,2023-09-17,Cash on Delivery
PUR_009141,CUST_02577,PROD_0166,Gas Cooker (4-Burner),154.0,2024-09-18,Cash on Delivery
PUR_009142,CUST_02577,PROD_0279,Baby Wipes (80pcs),61.82,2025-03-07,Mobile Money
PUR_009143,CUST_02577,PROD_0122,Electric Iron,758.55,2025-04-02,Mobile Money
PUR_009144,CUST_02577,PROD_0172,Curtain Set,137.86,2025-10-11,Cash on Delivery
PUR_009145,CUST_02577,PROD_0260,Gym Gloves,207.11,2026-08-27,Card
PUR_009146,CUST_02578,PROD_0121,Blender (4L),336.1,2026-04-01,Cash on Delivery
PUR_009147,CUST_02578,PROD_0210,Braided Hair Extension,66.86,2026-07-25,Card
PUR_009148,CUST_02579,PROD_0237,Multivitamin Tablets,181.3,2026-04-29,Mobile Money
PUR_009149,CUST_02579,PROD_0067,iPhone 13,577.92,2026-05-29,Card
PUR_009150,CUST_02579,PROD_0168,Rice Cooker,430.97,2026-07-10,Card
PUR_009151,CUST_02579,PROD_0274,Baby Carrier,154.74,2026-08-25,Mobile Money
PUR_009152,CUST_02580,PROD_0026,Men's Casual Blazer,191.05,2025-12-07,Mobile Money
PUR_009153,CUST_02580,PROD_0166,Gas Cooker (4-Burner),267.25,2026-07-21,Cash on Delivery
PUR_009154,CUST_02582,PROD_0176,Curtain Set,323.95,2024-06-27,Cash on Delivery
PUR_009155,CUST_02582,PROD_0088,Universal Phone Case,635.88,2025-07-29,Mobile Money
PUR_009156,CUST_02582,PROD_0076,Phone Charger (Type-C),245.32,2025-09-21,Mobile Money
PUR_009157,CUST_02582,PROD_0069,Phone Charger (Type-C),497.0,2026-04-03,Mobile Money
PUR_009158,CUST_02582,PROD_0234,Multivitamin Tablets,182.61,2026-06-13,Mobile Money
PUR_009159,CUST_02582,PROD_0082,Samsung Galaxy A14,2504.01,2026-07-27,Mobile Money
PUR_009160,CUST_02583,PROD_0069,Phone Charger (Type-C),6673.26,2026-03-26,Mobile Money
PUR_009161,CUST_02583,PROD_0293,A4 Printing Paper Ream,31.92,2026-06-13,Cash on Delivery
PUR_009162,CUST_02583,PROD_0257,Running Shoes,147.84,2026-08-18,Mobile Money
PUR_009163,CUST_02583,PROD_0011,Unisex Sneakers,88.34,2026-08-30,Cash on Delivery
PUR_009164,CUST_02584,PROD_0002,Ladies Kaftan Gown,81.07,2026-03-14,Bank Transfer
PUR_009165,CUST_02585,PROD_0062,Kente Print Shirt,130.19,2026-08-18,Cash on Delivery
PUR_009166,CUST_02586,PROD_0169,Bedsheet Set (Queen),193.86,2025-11-24,Mobile Money
PUR_009167,CUST_02586,PROD_0146,Home Theater System,1658.01,2025-12-02,Card
PUR_009168,CUST_02586,PROD_0232,Bathroom Weighing Scale,66.31,2026-06-13,Mobile Money
PUR_009169,CUST_02586,PROD_0240,Digital Thermometer,68.61,2026-08-17,Cash on Delivery
PUR_009170,CUST_02589,PROD_0208,Perfume (100ml),44.85,2026-06-14,Cash on Delivery
PUR_009171,CUST_02589,PROD_0198,Wall Clock,176.42,2026-06-19,Mobile Money
PUR_009172,CUST_02589,PROD_0201,Storage Containers Set,191.84,2026-06-29,Mobile Money
PUR_009173,CUST_02589,PROD_0271,Kids' Bicycle,81.71,2026-07-01,Mobile Money
PUR_009174,CUST_02589,PROD_0003,Cotton Polo Shirt,86.32,2026-07-28,Mobile Money
PUR_009175,CUST_02589,PROD_0270,Dumbbell Set,184.87,2026-07-28,Mobile Money
PUR_009176,CUST_02589,PROD_0084,Samsung Galaxy A14,1177.64,2026-08-05,Mobile Money
PUR_009177,CUST_02589,PROD_0241,Digital Thermometer,111.56,2026-08-07,Mobile Money
PUR_009178,CUST_02589,PROD_0137,43-inch LED TV,1312.68,2026-08-12,Mobile Money
PUR_009179,CUST_02589,PROD_0074,Phone Screen Protector,691.58,2026-08-19,Card
PUR_009180,CUST_02589,PROD_0145,Home Theater System,168.18,2026-08-24,Card
PUR_009181,CUST_02589,PROD_0069,Phone Charger (Type-C),1203.91,2026-09-02,Mobile Money
PUR_009182,CUST_02590,PROD_0238,Digital Blood Pressure Monitor,120.78,2025-07-02,Mobile Money
PUR_009183,CUST_02590,PROD_0151,Extension Socket,301.06,2025-07-16,Card
PUR_009184,CUST_02590,PROD_0140,Electric Iron,48.71,2025-07-28,Mobile Money
PUR_009185,CUST_02590,PROD_0009,Ladies Kaftan Gown,101.12,2025-07-29,Cash on Delivery
PUR_009186,CUST_02590,PROD_0229,Hair Dryer,41.08,2025-09-07,Mobile Money
PUR_009187,CUST_02590,PROD_0271,Kids' Bicycle,78.64,2025-09-19,Card
PUR_009188,CUST_02590,PROD_0091,iPhone 13,3487.2,2025-09-20,Card
PUR_009189,CUST_02590,PROD_0255,Water Bottle (1L),78.88,2025-10-08,Cash on Delivery
PUR_009190,CUST_02590,PROD_0069,Phone Charger (Type-C),256.35,2025-11-13,Mobile Money
PUR_009191,CUST_02590,PROD_0213,Deodorant Roll-on,36.4,2025-11-15,Mobile Money
PUR_009192,CUST_02590,PROD_0028,Men's Casual Blazer,100.81,2025-12-08,Mobile Money
PUR_009193,CUST_02590,PROD_0222,Shea Butter Body Lotion,38.21,2025-12-18,Mobile Money
PUR_009194,CUST_02590,PROD_0169,Bedsheet Set (Queen),124.57,2025-12-28,Card
PUR_009195,CUST_02590,PROD_0176,Curtain Set,244.54,2026-01-01,Card
PUR_009196,CUST_02590,PROD_0205,Deodorant Roll-on,41.27,2026-01-09,Card
PUR_009197,CUST_02590,PROD_0067,iPhone 13,3810.95,2026-01-13,Mobile Money
PUR_009198,CUST_02590,PROD_0062,Kente Print Shirt,75.55,2026-02-08,Card
PUR_009199,CUST_02590,PROD_0080,Infinix Hot 30,687.75,2026-02-17,Cash on Delivery
PUR_009200,CUST_02590,PROD_0232,Bathroom Weighing Scale,205.64,2026-02-18,Mobile Money
PUR_009201,CUST_02590,PROD_0266,Resistance Bands,499.01,2026-02-20,Mobile Money
PUR_009202,CUST_02590,PROD_0202,Deodorant Roll-on,53.74,2026-02-21,Cash on Delivery
PUR_009203,CUST_02590,PROD_0111,Infinix Hot 30,4676.55,2026-02-25,Card
PUR_009204,CUST_02590,PROD_0067,iPhone 13,189.11,2026-02-27,Mobile Money
PUR_009205,CUST_02590,PROD_0202,Deodorant Roll-on,33.27,2026-03-02,Mobile Money
PUR_009206,CUST_02590,PROD_0246,Face Mask Pack (50pcs),76.34,2026-03-07,Cash on Delivery
PUR_009207,CUST_02590,PROD_0171,Sofa Set,265.11,2026-03-13,Cash on Delivery
PUR_009208,CUST_02590,PROD_0220,Beard Grooming Kit,44.96,2026-03-22,Card
PUR_009209,CUST_02590,PROD_0071,Bluetooth Headset,693.1,2026-03-29,Cash on Delivery
PUR_009210,CUST_02590,PROD_0209,Makeup Kit,57.42,2026-04-12,Card
PUR_009211,CUST_02590,PROD_0271,Kids' Bicycle,104.33,2026-04-14,Cash on Delivery
PUR_009212,CUST_02590,PROD_0166,Gas Cooker (4-Burner),312.03,2026-04-16,Mobile Money
PUR_009213,CUST_02590,PROD_0083,Redmi Note 12,559.76,2026-04-27,Mobile Money
PUR_009214,CUST_02590,PROD_0071,Bluetooth Headset,1711.33,2026-06-03,Mobile Money
PUR_009215,CUST_02590,PROD_0271,Kids' Bicycle,79.92,2026-06-04,Cash on Delivery
PUR_009216,CUST_02590,PROD_0010,Traditional Smock (Fugu),192.14,2026-06-05,Mobile Money
PUR_009217,CUST_02590,PROD_0079,iPhone 13,668.35,2026-06-11,Cash on Delivery
PUR_009218,CUST_02590,PROD_0076,Phone Charger (Type-C),1395.74,2026-06-16,Mobile Money
PUR_009219,CUST_02590,PROD_0210,Braided Hair Extension,25.92,2026-06-21,Mobile Money
PUR_009220,CUST_02590,PROD_0121,Blender (4L),210.66,2026-06-24,Mobile Money
PUR_009221,CUST_02590,PROD_0286,Hardcover Notebook,25.02,2026-07-09,Card
PUR_009222,CUST_02590,PROD_0202,Deodorant Roll-on,23.52,2026-07-12,Cash on Delivery
PUR_009223,CUST_02590,PROD_0166,Gas Cooker (4-Burner),125.94,2026-07-25,Card
PUR_009224,CUST_02590,PROD_0005,Men's Casual Blazer,104.23,2026-07-27,Mobile Money
PUR_009225,CUST_02590,PROD_0201,Storage Containers Set,416.26,2026-07-27,Mobile Money
PUR_009226,CUST_02590,PROD_0009,Ladies Kaftan Gown,94.95,2026-08-08,Bank Transfer
PUR_009227,CUST_02590,PROD_0237,Multivitamin Tablets,54.81,2026-08-14,Mobile Money
PUR_009228,CUST_02590,PROD_0124,LED Bulb Pack,433.88,2026-08-28,Mobile Money
PUR_009229,CUST_02590,PROD_0009,Ladies Kaftan Gown,78.5,2026-09-01,Mobile Money
PUR_009230,CUST_02590,PROD_0002,Ladies Kaftan Gown,148.53,2026-09-01,Card
PUR_009231,CUST_02590,PROD_0094,Power Bank 20000mAh,1792.99,2026-09-04,Mobile Money
PUR_009232,CUST_02591,PROD_0266,Resistance Bands,248.57,2025-03-07,Mobile Money
PUR_009233,CUST_02591,PROD_0214,Deodorant Roll-on,45.57,2025-10-22,Cash on Delivery
PUR_009234,CUST_02591,PROD_0296,Garri (2kg),38.25,2025-11-19,Card
PUR_009235,CUST_02591,PROD_0067,iPhone 13,2600.99,2026-01-20,Mobile Money
PUR_009236,CUST_02591,PROD_0069,Phone Charger (Type-C),1273.91,2026-05-03,Mobile Money
PUR_009237,CUST_02591,PROD_0127,Microwave Oven,711.76,2026-06-06,Mobile Money
PUR_009238,CUST_02593,PROD_0168,Rice Cooker,55.37,2026-01-11,Mobile Money
PUR_009239,CUST_02593,PROD_0205,Deodorant Roll-on,75.87,2026-04-01,Mobile Money
PUR_009240,CUST_02593,PROD_0286,Hardcover Notebook,85.19,2026-05-13,Mobile Money
PUR_009241,CUST_02593,PROD_0182,Curtain Set,224.78,2026-06-10,Card
PUR_009242,CUST_02593,PROD_0281,Educational Toy Set,86.9,2026-06-14,Cash on Delivery
PUR_009243,CUST_02593,PROD_0086,Tecno Spark 10,287.0,2026-07-24,Mobile Money
PUR_009244,CUST_02593,PROD_0050,Leather Sandals,102.93,2026-07-29,Mobile Money
PUR_009245,CUST_02593,PROD_0067,iPhone 13,1959.75,2026-08-10,Cash on Delivery
PUR_009246,CUST_02593,PROD_0286,Hardcover Notebook,31.01,2026-08-17,Cash on Delivery
PUR_009247,CUST_02593,PROD_0153,Rechargeable Fan,461.93,2026-08-27,Mobile Money
PUR_009248,CUST_02593,PROD_0073,Redmi Note 12,1174.55,2026-08-28,Mobile Money
PUR_009249,CUST_02593,PROD_0122,Electric Iron,2251.3,2026-08-29,Cash on Delivery
PUR_009250,CUST_02593,PROD_0088,Universal Phone Case,885.76,2026-09-04,Mobile Money
PUR_009251,CUST_02596,PROD_0127,Microwave Oven,2213.66,2025-09-24,Cash on Delivery
PUR_009252,CUST_02596,PROD_0069,Phone Charger (Type-C),1276.05,2025-10-14,Mobile Money
PUR_009253,CUST_02596,PROD_0001,Traditional Smock (Fugu),65.5,2025-11-08,Mobile Money
PUR_009254,CUST_02596,PROD_0075,Redmi Note 12,576.2,2026-06-17,Mobile Money
PUR_009255,CUST_02598,PROD_0001,Traditional Smock (Fugu),198.14,2026-03-09,Card
PUR_009256,CUST_02598,PROD_0009,Ladies Kaftan Gown,140.41,2026-06-26,Cash on Delivery
PUR_009257,CUST_02598,PROD_0067,iPhone 13,1514.7,2026-07-07,Mobile Money
PUR_009258,CUST_02598,PROD_0074,Phone Screen Protector,730.75,2026-08-01,Mobile Money
PUR_009259,CUST_02598,PROD_0030,Men's Casual Blazer,91.66,2026-08-09,Mobile Money
PUR_009260,CUST_02599,PROD_0124,LED Bulb Pack,739.56,2026-07-19,Cash on Delivery
PUR_009261,CUST_02599,PROD_0122,Electric Iron,165.81,2026-08-12,Mobile Money
PUR_009262,CUST_02605,PROD_0067,iPhone 13,1885.75,2026-09-04,Mobile Money
PUR_009263,CUST_02606,PROD_0229,Hair Dryer,81.3,2026-08-31,Mobile Money
PUR_009264,CUST_02609,PROD_0232,Bathroom Weighing Scale,51.84,2026-03-07,Cash on Delivery
PUR_009265,CUST_02609,PROD_0137,43-inch LED TV,530.86,2026-03-07,Cash on Delivery
PUR_009266,CUST_02609,PROD_0232,Bathroom Weighing Scale,57.46,2026-05-06,Card
PUR_009267,CUST_02610,PROD_0267,Cycling Helmet,105.73,2026-08-19,Mobile Money
PUR_009268,CUST_02611,PROD_0175,Kitchen Knife Set,143.58,2025-05-22,Cash on Delivery
PUR_009269,CUST_02611,PROD_0204,Beard Grooming Kit,55.97,2026-01-12,Card
PUR_009270,CUST_02611,PROD_0121,Blender (4L),230.2,2026-04-05,Mobile Money
PUR_009271,CUST_02611,PROD_0068,Redmi Note 12,785.5,2026-06-09,Cash on Delivery
PUR_009272,CUST_02611,PROD_0177,Rice Cooker,133.69,2026-07-06,Mobile Money
PUR_009273,CUST_02612,PROD_0193,Cutlery Set,53.42,2026-09-03,Bank Transfer
PUR_009274,CUST_02614,PROD_0175,Kitchen Knife Set,368.62,2026-09-04,Mobile Money
PUR_009275,CUST_02617,PROD_0253,Running Shoes,204.08,2026-04-13,Cash on Delivery
PUR_009276,CUST_02619,PROD_0216,Skin Toner,27.23,2024-12-08,Cash on Delivery
PUR_009277,CUST_02619,PROD_0277,Feeding Bottle Set,69.82,2025-01-20,Mobile Money
PUR_009278,CUST_02619,PROD_0080,Infinix Hot 30,2241.73,2025-04-21,Cash on Delivery
PUR_009279,CUST_02619,PROD_0037,Wax Print Skirt,150.05,2025-10-22,Cash on Delivery
PUR_009280,CUST_02619,PROD_0124,LED Bulb Pack,3150.01,2026-04-07,Mobile Money
PUR_009281,CUST_02620,PROD_0126,Gaming Console,353.03,2026-05-14,Card
PUR_009282,CUST_02620,PROD_0071,Bluetooth Headset,710.48,2026-05-31,Cash on Delivery
PUR_009283,CUST_02620,PROD_0173,Non-stick Cooking Pot Set,68.49,2026-07-19,Card
PUR_009284,CUST_02620,PROD_0073,Redmi Note 12,766.55,2026-08-24,Card
PUR_009285,CUST_02620,PROD_0001,Traditional Smock (Fugu),305.57,2026-09-04,Card
PUR_009286,CUST_02621,PROD_0278,Kids' Bicycle,251.44,2026-01-27,Cash on Delivery
PUR_009287,CUST_02621,PROD_0004,Men's Slim Fit Jeans,28.12,2026-05-25,Card
PUR_009288,CUST_02621,PROD_0272,Baby Carrier,75.83,2026-07-09,Mobile Money
PUR_009289,CUST_02622,PROD_0001,Traditional Smock (Fugu),416.28,2026-03-19,Mobile Money
PUR_009290,CUST_02622,PROD_0202,Deodorant Roll-on,60.25,2026-05-18,Cash on Delivery
PUR_009291,CUST_02622,PROD_0271,Kids' Bicycle,71.12,2026-07-20,Mobile Money
PUR_009292,CUST_02624,PROD_0067,iPhone 13,584.16,2026-04-08,Mobile Money
PUR_009293,CUST_02624,PROD_0068,Redmi Note 12,304.51,2026-06-12,Mobile Money
PUR_009294,CUST_02624,PROD_0257,Running Shoes,166.88,2026-06-18,Mobile Money
PUR_009295,CUST_02626,PROD_0278,Kids' Bicycle,50.04,2023-07-30,Cash on Delivery
PUR_009296,CUST_02628,PROD_0028,Men's Casual Blazer,41.0,2026-02-11,Cash on Delivery
PUR_009297,CUST_02628,PROD_0277,Feeding Bottle Set,172.93,2026-04-11,Mobile Money
PUR_009298,CUST_02629,PROD_0270,Dumbbell Set,70.38,2026-03-29,Mobile Money
PUR_009299,CUST_02629,PROD_0155,Bluetooth Speaker,494.76,2026-05-19,Cash on Delivery
PUR_009300,CUST_02629,PROD_0167,Bedsheet Set (Queen),177.1,2026-07-07,Mobile Money
PUR_009301,CUST_02629,PROD_0125,LED Bulb Pack,373.6,2026-07-28,Mobile Money
PUR_009302,CUST_02629,PROD_0015,Unisex Sneakers,131.28,2026-09-04,Mobile Money
PUR_009303,CUST_02632,PROD_0272,Baby Carrier,122.05,2026-01-21,Card
PUR_009304,CUST_02632,PROD_0253,Running Shoes,68.62,2026-02-08,Mobile Money
PUR_009305,CUST_02632,PROD_0202,Deodorant Roll-on,83.85,2026-06-10,Mobile Money
PUR_009306,CUST_02635,PROD_0010,Traditional Smock (Fugu),163.39,2025-09-13,Mobile Money
PUR_009307,CUST_02635,PROD_0081,Phone Charger (Type-C),314.62,2025-10-31,Mobile Money
PUR_009308,CUST_02635,PROD_0232,Bathroom Weighing Scale,61.33,2025-12-08,Card
PUR_009309,CUST_02635,PROD_0216,Skin Toner,40.31,2025-12-24,Mobile Money
PUR_009310,CUST_02635,PROD_0022,Denim Jacket,207.93,2026-01-06,Mobile Money
PUR_009311,CUST_02635,PROD_0122,Electric Iron,901.04,2026-03-06,Mobile Money
PUR_009312,CUST_02635,PROD_0127,Microwave Oven,1203.46,2026-03-16,Card
PUR_009313,CUST_02635,PROD_0111,Infinix Hot 30,5462.83,2026-04-21,Cash on Delivery
PUR_009314,CUST_02635,PROD_0214,Deodorant Roll-on,35.4,2026-05-01,Card
PUR_009315,CUST_02635,PROD_0009,Ladies Kaftan Gown,126.68,2026-06-01,Mobile Money
PUR_009316,CUST_02635,PROD_0166,Gas Cooker (4-Burner),164.61,2026-06-17,Mobile Money
PUR_009317,CUST_02635,PROD_0127,Microwave Oven,1029.33,2026-06-18,Cash on Delivery
PUR_009318,CUST_02635,PROD_0273,Baby Diapers Pack,96.23,2026-07-09,Mobile Money
PUR_009319,CUST_02635,PROD_0166,Gas Cooker (4-Burner),330.85,2026-07-09,Cash on Delivery
PUR_009320,CUST_02635,PROD_0069,Phone Charger (Type-C),717.72,2026-08-10,Mobile Money
PUR_009321,CUST_02636,PROD_0235,Bathroom Weighing Scale,48.43,2026-07-01,Cash on Delivery
PUR_009322,CUST_02636,PROD_0271,Kids' Bicycle,58.52,2026-08-01,Cash on Delivery
PUR_009323,CUST_02636,PROD_0178,Gas Cooker (4-Burner),228.22,2026-08-03,Mobile Money
PUR_009324,CUST_02637,PROD_0266,Resistance Bands,144.83,2023-03-26,Cash on Delivery
PUR_009325,CUST_02637,PROD_0254,Basketball,134.2,2025-06-30,Cash on Delivery
PUR_009326,CUST_02637,PROD_0069,Phone Charger (Type-C),1179.76,2025-07-15,Card
PUR_009327,CUST_02637,PROD_0092,Huawei MatePad,1110.19,2025-08-04,Card
PUR_009328,CUST_02637,PROD_0041,Denim Jacket,154.14,2025-10-15,Mobile Money
PUR_009329,CUST_02637,PROD_0122,Electric Iron,979.79,2026-04-18,Card
PUR_009330,CUST_02638,PROD_0218,Skin Toner,75.63,2025-02-20,Mobile Money
PUR_009331,CUST_02638,PROD_0124,LED Bulb Pack,908.52,2025-04-14,Cash on Delivery
PUR_009332,CUST_02638,PROD_0272,Baby Carrier,92.87,2025-08-07,Cash on Delivery
PUR_009333,CUST_02638,PROD_0124,LED Bulb Pack,728.69,2025-08-23,Cash on Delivery
PUR_009334,CUST_02638,PROD_0189,Non-stick Cooking Pot Set,257.27,2025-10-06,Mobile Money
PUR_009335,CUST_02638,PROD_0067,iPhone 13,3607.3,2025-12-22,Bank Transfer
PUR_009336,CUST_02638,PROD_0279,Baby Wipes (80pcs),124.84,2026-01-13,Mobile Money
PUR_009337,CUST_02638,PROD_0079,iPhone 13,685.69,2026-05-01,Mobile Money
PUR_009338,CUST_02639,PROD_0018,Men's Formal Suit,207.14,2023-10-14,Cash on Delivery
PUR_009339,CUST_02639,PROD_0135,LED Bulb Pack,448.66,2024-01-22,Mobile Money
PUR_009340,CUST_02639,PROD_0067,iPhone 13,777.7,2024-03-30,Mobile Money
PUR_009341,CUST_02639,PROD_0012,Children's T-Shirt Set,190.11,2024-04-03,Bank Transfer
PUR_009342,CUST_02639,PROD_0068,Redmi Note 12,835.66,2024-04-20,Cash on Delivery
PUR_009343,CUST_02639,PROD_0168,Rice Cooker,387.17,2024-05-10,Mobile Money
PUR_009344,CUST_02639,PROD_0267,Cycling Helmet,646.98,2024-06-05,Card
PUR_009345,CUST_02639,PROD_0202,Deodorant Roll-on,82.51,2024-06-29,Mobile Money
PUR_009346,CUST_02639,PROD_0227,Shea Butter Body Lotion,82.2,2024-07-03,Mobile Money
PUR_009347,CUST_02639,PROD_0032,Men's Formal Suit,51.33,2024-08-12,Mobile Money
PUR_009348,CUST_02639,PROD_0080,Infinix Hot 30,1702.42,2024-08-13,Mobile Money
PUR_009349,CUST_02639,PROD_0001,Traditional Smock (Fugu),113.26,2024-09-07,Mobile Money
PUR_009350,CUST_02639,PROD_0061,Women's Maxi Dress,139.08,2024-09-24,Mobile Money
PUR_009351,CUST_02639,PROD_0299,Garri (2kg),106.32,2024-09-28,Mobile Money
PUR_009352,CUST_02639,PROD_0271,Kids' Bicycle,132.82,2024-11-06,Card
PUR_009353,CUST_02639,PROD_0232,Bathroom Weighing Scale,64.24,2024-11-12,Mobile Money
PUR_009354,CUST_02639,PROD_0008,Kente Print Shirt,189.77,2024-11-17,Cash on Delivery
PUR_009355,CUST_02639,PROD_0028,Men's Casual Blazer,89.78,2024-11-26,Cash on Delivery
PUR_009356,CUST_02639,PROD_0250,Herbal Tea Pack,58.62,2024-12-30,Mobile Money
PUR_009357,CUST_02639,PROD_0259,Basketball,162.25,2025-01-04,Card
PUR_009358,CUST_02639,PROD_0121,Blender (4L),367.18,2025-02-02,Mobile Money
PUR_009359,CUST_02639,PROD_0071,Bluetooth Headset,1096.96,2025-02-16,Mobile Money
PUR_009360,CUST_02639,PROD_0261,Camping Tent,339.08,2025-04-06,Cash on Delivery
PUR_009361,CUST_02639,PROD_0008,Kente Print Shirt,137.71,2025-04-23,Bank Transfer
PUR_009362,CUST_02639,PROD_0166,Gas Cooker (4-Burner),70.3,2025-05-05,Cash on Delivery
PUR_009363,CUST_02639,PROD_0036,Leather Sandals,160.74,2025-05-11,Mobile Money
PUR_009364,CUST_02639,PROD_0009,Ladies Kaftan Gown,54.74,2025-07-01,Mobile Money
PUR_009365,CUST_02639,PROD_0006,Men's Casual Blazer,121.38,2025-07-13,Mobile Money
PUR_009366,CUST_02639,PROD_0128,Air Conditioner (1.5HP),540.06,2025-07-24,Mobile Money
PUR_009367,CUST_02639,PROD_0159,Bluetooth Speaker,712.47,2025-08-01,Mobile Money
PUR_009368,CUST_02639,PROD_0068,Redmi Note 12,1495.5,2025-08-06,Mobile Money
PUR_009369,CUST_02639,PROD_0089,Samsung Galaxy A14,1506.36,2025-08-12,Cash on Delivery
PUR_009370,CUST_02639,PROD_0073,Redmi Note 12,584.48,2025-08-12,Mobile Money
PUR_009371,CUST_02639,PROD_0201,Storage Containers Set,179.3,2025-08-13,Mobile Money
PUR_009372,CUST_02639,PROD_0266,Resistance Bands,80.14,2025-08-19,Mobile Money
PUR_009373,CUST_02639,PROD_0181,Storage Containers Set,70.34,2025-08-20,Mobile Money
PUR_009374,CUST_02639,PROD_0007,Kente Print Shirt,61.79,2025-09-15,Bank Transfer
PUR_009375,CUST_02639,PROD_0069,Phone Charger (Type-C),3123.27,2025-09-20,Mobile Money
PUR_009376,CUST_02639,PROD_0207,Skin Toner,56.83,2025-09-26,Cash on Delivery
PUR_009377,CUST_02639,PROD_0121,Blender (4L),303.4,2025-09-27,Mobile Money
PUR_009378,CUST_02639,PROD_0208,Perfume (100ml),69.35,2025-10-04,Bank Transfer
PUR_009379,CUST_02639,PROD_0078,Phone Screen Protector,1393.73,2025-10-16,Mobile Money
PUR_009380,CUST_02639,PROD_0114,Phone Charger (Type-C),568.01,2025-11-16,Mobile Money
PUR_009381,CUST_02639,PROD_0034,Men's Casual Blazer,220.79,2025-12-06,Cash on Delivery
PUR_009382,CUST_02639,PROD_0256,Camping Tent,105.69,2025-12-13,Mobile Money
PUR_009383,CUST_02639,PROD_0068,Redmi Note 12,190.4,2025-12-20,Card
PUR_009384,CUST_02639,PROD_0076,Phone Charger (Type-C),1672.32,2025-12-21,Mobile Money
PUR_009385,CUST_02639,PROD_0226,Hair Dryer,13.11,2025-12-26,Mobile Money
PUR_009386,CUST_02639,PROD_0122,Electric Iron,305.75,2025-12-27,Mobile Money
PUR_009387,CUST_02639,PROD_0014,Men's Slim Fit Jeans,97.18,2025-12-28,Mobile Money
PUR_009388,CUST_02639,PROD_0124,LED Bulb Pack,541.8,2026-01-01,Cash on Delivery
PUR_009389,CUST_02639,PROD_0206,Braided Hair Extension,110.19,2026-01-04,Mobile Money
PUR_009390,CUST_02639,PROD_0203,Braided Hair Extension,82.39,2026-01-14,Card
PUR_009391,CUST_02639,PROD_0123,Electric Iron,365.84,2026-01-19,Cash on Delivery
PUR_009392,CUST_02639,PROD_0036,Leather Sandals,66.55,2026-01-21,Cash on Delivery
PUR_009393,CUST_02639,PROD_0013,Ankara Print Dress,72.23,2026-01-26,Mobile Money
PUR_009394,CUST_02639,PROD_0188,Water Dispenser,151.16,2026-02-06,Mobile Money
PUR_009395,CUST_02639,PROD_0179,Wall Clock,676.59,2026-02-24,Card
PUR_009396,CUST_02639,PROD_0067,iPhone 13,1209.45,2026-03-08,Cash on Delivery
PUR_009397,CUST_02639,PROD_0211,Shea Butter Body Lotion,76.25,2026-03-17,Mobile Money
PUR_009398,CUST_02639,PROD_0067,iPhone 13,560.52,2026-03-21,Card
PUR_009399,CUST_02639,PROD_0166,Gas Cooker (4-Burner),244.82,2026-03-23,Cash on Delivery
PUR_009400,CUST_02639,PROD_0114,Phone Charger (Type-C),626.42,2026-04-02,Cash on Delivery
PUR_009401,CUST_02639,PROD_0129,43-inch LED TV,884.69,2026-04-06,Mobile Money
PUR_009402,CUST_02639,PROD_0011,Unisex Sneakers,64.13,2026-04-10,Cash on Delivery
PUR_009403,CUST_02639,PROD_0139,Digital Camera,984.13,2026-04-21,Mobile Money
PUR_009404,CUST_02639,PROD_0118,Power Bank 20000mAh,90.56,2026-04-25,Mobile Money
PUR_009405,CUST_02639,PROD_0097,Phone Screen Protector,1577.03,2026-05-13,Mobile Money
PUR_009406,CUST_02639,PROD_0249,First Aid Kit,71.63,2026-05-21,Mobile Money
PUR_009407,CUST_02639,PROD_0124,LED Bulb Pack,177.63,2026-05-24,Mobile Money
PUR_009408,CUST_02639,PROD_0126,Gaming Console,5440.08,2026-06-07,Mobile Money
PUR_009409,CUST_02639,PROD_0232,Bathroom Weighing Scale,62.81,2026-06-11,Mobile Money
PUR_009410,CUST_02639,PROD_0001,Traditional Smock (Fugu),225.91,2026-06-14,Cash on Delivery
PUR_009411,CUST_02639,PROD_0249,First Aid Kit,116.81,2026-06-26,Mobile Money
PUR_009412,CUST_02639,PROD_0269,Yoga Mat,267.98,2026-06-30,Card
PUR_009413,CUST_02639,PROD_0068,Redmi Note 12,1339.07,2026-07-03,Mobile Money
PUR_009414,CUST_02639,PROD_0068,Redmi Note 12,1084.24,2026-07-19,Mobile Money
PUR_009415,CUST_02639,PROD_0176,Curtain Set,310.13,2026-08-01,Cash on Delivery
PUR_009416,CUST_02639,PROD_0022,Denim Jacket,67.42,2026-08-24,Mobile Money
PUR_009417,CUST_02640,PROD_0023,Kente Print Shirt,70.02,2026-01-31,Cash on Delivery
PUR_009418,CUST_02640,PROD_0001,Traditional Smock (Fugu),127.04,2026-05-14,Cash on Delivery
PUR_009419,CUST_02640,PROD_0001,Traditional Smock (Fugu),263.78,2026-06-04,Mobile Money
PUR_009420,CUST_02641,PROD_0069,Phone Charger (Type-C),1181.72,2026-05-09,Mobile Money
PUR_009421,CUST_02643,PROD_0138,Microwave Oven,752.79,2025-06-20,Mobile Money
PUR_009422,CUST_02643,PROD_0049,Ladies Handbag,95.15,2025-10-21,Card
PUR_009423,CUST_02643,PROD_0069,Phone Charger (Type-C),1222.1,2025-12-26,Mobile Money
PUR_009424,CUST_02643,PROD_0258,Yoga Mat,110.93,2026-03-15,Cash on Delivery
PUR_009425,CUST_02643,PROD_0075,Redmi Note 12,2431.83,2026-07-09,Mobile Money
PUR_009426,CUST_02643,PROD_0275,Kids' Bicycle,63.6,2026-07-14,Mobile Money
PUR_009427,CUST_02643,PROD_0257,Running Shoes,159.16,2026-08-20,Mobile Money
PUR_009428,CUST_02643,PROD_0013,Ankara Print Dress,246.12,2026-08-25,Cash on Delivery
PUR_009429,CUST_02647,PROD_0068,Redmi Note 12,1086.54,2024-01-04,Mobile Money
PUR_009430,CUST_02647,PROD_0252,Reading Glasses,113.95,2024-09-20,Mobile Money
PUR_009431,CUST_02647,PROD_0196,Bedsheet Set (Queen),239.42,2025-01-11,Cash on Delivery
PUR_009432,CUST_02647,PROD_0087,Huawei MatePad,3271.11,2025-03-22,Mobile Money
PUR_009433,CUST_02647,PROD_0130,Rechargeable Fan,728.29,2026-04-10,Card
PUR_009434,CUST_02647,PROD_0020,Kente Print Shirt,201.74,2026-06-30,Mobile Money
PUR_009435,CUST_02647,PROD_0192,Dining Table Set,492.32,2026-09-02,Mobile Money
PUR_009436,CUST_02648,PROD_0001,Traditional Smock (Fugu),68.29,2026-08-20,Mobile Money
PUR_009437,CUST_02653,PROD_0178,Gas Cooker (4-Burner),208.66,2026-04-05,Mobile Money
PUR_009438,CUST_02653,PROD_0037,Wax Print Skirt,157.01,2026-05-29,Mobile Money
PUR_009439,CUST_02653,PROD_0242,Protein Powder,64.04,2026-06-05,Card
PUR_009440,CUST_02653,PROD_0181,Storage Containers Set,218.6,2026-07-15,Card
PUR_009441,CUST_02653,PROD_0068,Redmi Note 12,2202.93,2026-08-16,Cash on Delivery
PUR_009442,CUST_02653,PROD_0069,Phone Charger (Type-C),798.62,2026-08-23,Cash on Delivery
PUR_009443,CUST_02653,PROD_0298,Sugar (2kg),102.99,2026-08-27,Cash on Delivery
PUR_009444,CUST_02653,PROD_0255,Water Bottle (1L),67.52,2026-08-30,Mobile Money
PUR_009445,CUST_02655,PROD_0123,Electric Iron,1017.31,2025-10-18,Mobile Money
PUR_009446,CUST_02655,PROD_0168,Rice Cooker,156.45,2025-12-06,Cash on Delivery
PUR_009447,CUST_02655,PROD_0176,Curtain Set,118.72,2025-12-10,Mobile Money
PUR_009448,CUST_02655,PROD_0122,Electric Iron,178.75,2026-01-08,Card
PUR_009449,CUST_02655,PROD_0172,Curtain Set,90.48,2026-02-20,Mobile Money
PUR_009450,CUST_02655,PROD_0019,Men's Casual Blazer,209.07,2026-03-26,Card
PUR_009451,CUST_02655,PROD_0253,Running Shoes,110.89,2026-04-25,Mobile Money
PUR_009452,CUST_02655,PROD_0096,Bluetooth Headset,566.42,2026-05-23,Card
PUR_009453,CUST_02656,PROD_0175,Kitchen Knife Set,241.66,2026-08-17,Mobile Money
PUR_009454,CUST_02657,PROD_0034,Men's Casual Blazer,76.61,2025-11-18,Mobile Money
PUR_009455,CUST_02657,PROD_0073,Redmi Note 12,344.38,2026-03-16,Card
PUR_009456,CUST_02657,PROD_0202,Deodorant Roll-on,65.24,2026-04-01,Cash on Delivery
PUR_009457,CUST_02657,PROD_0207,Skin Toner,126.54,2026-06-11,Mobile Money
PUR_009458,CUST_02658,PROD_0202,Deodorant Roll-on,51.11,2024-11-10,Bank Transfer
PUR_009459,CUST_02658,PROD_0068,Redmi Note 12,872.48,2024-12-31,Mobile Money
PUR_009460,CUST_02658,PROD_0035,Children's T-Shirt Set,68.12,2025-01-22,Cash on Delivery
PUR_009461,CUST_02658,PROD_0090,Itel Vision 3,359.92,2025-02-14,Mobile Money
PUR_009462,CUST_02658,PROD_0014,Men's Slim Fit Jeans,36.96,2025-03-17,Mobile Money
PUR_009463,CUST_02658,PROD_0289,Kids' Storybook,31.6,2025-04-10,Mobile Money
PUR_009464,CUST_02658,PROD_0253,Running Shoes,83.66,2025-04-12,Card
PUR_009465,CUST_02658,PROD_0067,iPhone 13,1793.4,2025-05-01,Mobile Money
PUR_009466,CUST_02658,PROD_0067,iPhone 13,439.23,2025-07-02,Card
PUR_009467,CUST_02658,PROD_0067,iPhone 13,308.73,2025-07-17,Bank Transfer
PUR_009468,CUST_02658,PROD_0243,Protein Powder,81.4,2025-08-23,Bank Transfer
PUR_009469,CUST_02658,PROD_0288,Scientific Calculator,33.44,2025-10-09,Bank Transfer
PUR_009470,CUST_02658,PROD_0098,Power Bank 20000mAh,806.54,2025-10-10,Mobile Money
PUR_009471,CUST_02658,PROD_0222,Shea Butter Body Lotion,54.13,2025-11-17,Mobile Money
PUR_009472,CUST_02658,PROD_0274,Baby Carrier,69.28,2025-11-18,Mobile Money
PUR_009473,CUST_02658,PROD_0254,Basketball,68.71,2025-12-21,Mobile Money
PUR_009474,CUST_02658,PROD_0240,Digital Thermometer,50.58,2025-12-28,Cash on Delivery
PUR_009475,CUST_02658,PROD_0005,Men's Casual Blazer,117.67,2026-01-01,Cash on Delivery
PUR_009476,CUST_02658,PROD_0272,Baby Carrier,65.79,2026-01-07,Bank Transfer
PUR_009477,CUST_02658,PROD_0166,Gas Cooker (4-Burner),489.34,2026-01-07,Card
PUR_009478,CUST_02658,PROD_0134,Gaming Console,890.0,2026-02-24,Mobile Money
PUR_009479,CUST_02658,PROD_0166,Gas Cooker (4-Burner),409.44,2026-03-31,Cash on Delivery
PUR_009480,CUST_02658,PROD_0176,Curtain Set,306.06,2026-04-14,Cash on Delivery
PUR_009481,CUST_02658,PROD_0122,Electric Iron,272.18,2026-04-16,Mobile Money
PUR_009482,CUST_02658,PROD_0256,Camping Tent,67.01,2026-05-09,Mobile Money
PUR_009483,CUST_02658,PROD_0123,Electric Iron,685.37,2026-05-20,Mobile Money
PUR_009484,CUST_02658,PROD_0069,Phone Charger (Type-C),398.38,2026-05-21,Mobile Money
PUR_009485,CUST_02658,PROD_0038,Ladies Handbag,113.23,2026-06-04,Card
PUR_009486,CUST_02658,PROD_0131,Air Conditioner (1.5HP),134.49,2026-07-08,Card
PUR_009487,CUST_02658,PROD_0037,Wax Print Skirt,92.21,2026-07-19,Cash on Delivery
PUR_009488,CUST_02658,PROD_0165,Microwave Oven,349.66,2026-08-28,Card
PUR_009489,CUST_02658,PROD_0011,Unisex Sneakers,45.45,2026-09-04,Mobile Money
PUR_009490,CUST_02659,PROD_0140,Electric Iron,697.77,2026-06-25,Cash on Delivery
PUR_009491,CUST_02659,PROD_0301,Sugar (2kg),59.23,2026-08-23,Mobile Money
PUR_009492,CUST_02661,PROD_0003,Cotton Polo Shirt,78.91,2026-05-18,Cash on Delivery
PUR_009493,CUST_02661,PROD_0072,Phone Screen Protector,577.92,2026-07-22,Cash on Delivery
PUR_009494,CUST_02662,PROD_0002,Ladies Kaftan Gown,105.1,2025-05-30,Card
PUR_009495,CUST_02662,PROD_0210,Braided Hair Extension,50.93,2025-10-15,Cash on Delivery
PUR_009496,CUST_02662,PROD_0149,Gaming Console,945.06,2025-10-18,Card
PUR_009497,CUST_02662,PROD_0072,Phone Screen Protector,1685.65,2026-01-21,Mobile Money
PUR_009498,CUST_02662,PROD_0122,Electric Iron,897.72,2026-04-21,Cash on Delivery
PUR_009499,CUST_02662,PROD_0258,Yoga Mat,251.89,2026-04-25,Cash on Delivery
PUR_009500,CUST_02662,PROD_0073,Redmi Note 12,492.01,2026-05-03,Mobile Money
PUR_009501,CUST_02662,PROD_0068,Redmi Note 12,96.66,2026-05-10,Mobile Money
PUR_009502,CUST_02662,PROD_0193,Cutlery Set,289.67,2026-06-30,Cash on Delivery
PUR_009503,CUST_02662,PROD_0028,Men's Casual Blazer,103.39,2026-08-21,Mobile Money
PUR_009504,CUST_02664,PROD_0023,Kente Print Shirt,49.18,2025-10-05,Mobile Money
PUR_009505,CUST_02664,PROD_0077,Bluetooth Headset,1124.48,2025-10-30,Mobile Money
PUR_009506,CUST_02664,PROD_0211,Shea Butter Body Lotion,19.84,2025-11-18,Mobile Money
PUR_009507,CUST_02664,PROD_0075,Redmi Note 12,1504.2,2026-05-02,Mobile Money
PUR_009508,CUST_02665,PROD_0068,Redmi Note 12,869.18,2025-10-18,Mobile Money
PUR_009509,CUST_02665,PROD_0167,Bedsheet Set (Queen),223.16,2026-04-22,Bank Transfer
PUR_009510,CUST_02665,PROD_0011,Unisex Sneakers,123.87,2026-07-06,Cash on Delivery
PUR_009511,CUST_02665,PROD_0203,Braided Hair Extension,57.16,2026-07-31,Mobile Money
PUR_009512,CUST_02667,PROD_0122,Electric Iron,308.21,2026-08-03,Bank Transfer
PUR_009513,CUST_02668,PROD_0152,Laptop (Core i5),587.02,2026-04-18,Mobile Money
PUR_009514,CUST_02669,PROD_0173,Non-stick Cooking Pot Set,254.12,2025-12-03,Mobile Money
PUR_009515,CUST_02669,PROD_0002,Ladies Kaftan Gown,134.2,2026-07-18,Card
PUR_009516,CUST_02670,PROD_0049,Ladies Handbag,180.0,2026-08-29,Mobile Money
PUR_009517,CUST_02671,PROD_0302,Milk Powder (400g),113.58,2026-06-23,Bank Transfer
PUR_009518,CUST_02671,PROD_0148,Electric Iron,246.33,2026-07-04,Mobile Money
PUR_009519,CUST_02672,PROD_0072,Phone Screen Protector,192.69,2026-08-24,Cash on Delivery
PUR_009520,CUST_02672,PROD_0272,Baby Carrier,79.89,2026-09-04,Cash on Delivery
PUR_009521,CUST_02673,PROD_0068,Redmi Note 12,2798.39,2025-11-25,Mobile Money
PUR_009522,CUST_02673,PROD_0099,Huawei MatePad,772.84,2026-04-08,Cash on Delivery
PUR_009523,CUST_02673,PROD_0003,Cotton Polo Shirt,124.9,2026-04-14,Cash on Delivery
PUR_009524,CUST_02673,PROD_0070,Phone Charger (Type-C),1650.69,2026-05-05,Mobile Money
PUR_009525,CUST_02673,PROD_0233,Multivitamin Tablets,65.03,2026-05-31,Cash on Delivery
PUR_009526,CUST_02675,PROD_0156,Desktop Computer,2343.26,2025-11-13,Cash on Delivery
PUR_009527,CUST_02679,PROD_0235,Bathroom Weighing Scale,37.45,2026-08-23,Mobile Money
PUR_009528,CUST_02680,PROD_0166,Gas Cooker (4-Burner),184.68,2026-05-24,Mobile Money
PUR_009529,CUST_02681,PROD_0067,iPhone 13,213.92,2026-06-18,Mobile Money
PUR_009530,CUST_02681,PROD_0004,Men's Slim Fit Jeans,69.77,2026-07-12,Mobile Money
PUR_009531,CUST_02681,PROD_0068,Redmi Note 12,315.53,2026-08-03,Cash on Delivery
PUR_009532,CUST_02681,PROD_0253,Running Shoes,218.48,2026-08-16,Mobile Money
PUR_009533,CUST_02681,PROD_0245,Protein Powder,52.13,2026-08-23,Card
PUR_009534,CUST_02682,PROD_0224,Hair Dryer,81.88,2025-10-11,Cash on Delivery
PUR_009535,CUST_02682,PROD_0234,Multivitamin Tablets,91.31,2026-08-16,Cash on Delivery
PUR_009536,CUST_02685,PROD_0170,Rice Cooker,167.43,2026-05-16,Cash on Delivery
PUR_009537,CUST_02685,PROD_0001,Traditional Smock (Fugu),84.93,2026-09-02,Mobile Money
PUR_009538,CUST_02688,PROD_0038,Ladies Handbag,120.17,2026-03-20,Cash on Delivery
PUR_009539,CUST_02688,PROD_0138,Microwave Oven,298.97,2026-05-18,Cash on Delivery
PUR_009540,CUST_02688,PROD_0142,Gaming Console,139.57,2026-08-26,Card
PUR_009541,CUST_02689,PROD_0202,Deodorant Roll-on,27.07,2026-02-19,Bank Transfer
PUR_009542,CUST_02690,PROD_0166,Gas Cooker (4-Burner),127.0,2026-05-05,Mobile Money
PUR_009543,CUST_02690,PROD_0205,Deodorant Roll-on,36.15,2026-06-04,Mobile Money
PUR_009544,CUST_02693,PROD_0213,Deodorant Roll-on,62.01,2026-09-04,Mobile Money
PUR_009545,CUST_02694,PROD_0007,Kente Print Shirt,89.28,2026-05-05,Mobile Money
PUR_009546,CUST_02694,PROD_0271,Kids' Bicycle,70.4,2026-05-25,Mobile Money
PUR_009547,CUST_02694,PROD_0224,Hair Dryer,177.11,2026-06-22,Mobile Money
PUR_009548,CUST_02694,PROD_0126,Gaming Console,686.32,2026-08-18,Mobile Money
PUR_009549,CUST_02695,PROD_0205,Deodorant Roll-on,44.88,2023-09-01,Bank Transfer
PUR_009550,CUST_02695,PROD_0024,Women's Maxi Dress,233.45,2024-10-16,Mobile Money
PUR_009551,CUST_02695,PROD_0074,Phone Screen Protector,2787.34,2025-07-14,Mobile Money
PUR_009552,CUST_02697,PROD_0215,Skin Toner,61.6,2026-01-29,Mobile Money
PUR_009553,CUST_02699,PROD_0266,Resistance Bands,120.21,2026-02-09,Bank Transfer
PUR_009554,CUST_02699,PROD_0254,Basketball,112.38,2026-05-13,Mobile Money
PUR_009555,CUST_02699,PROD_0271,Kids' Bicycle,57.14,2026-07-22,Cash on Delivery
PUR_009556,CUST_02700,PROD_0007,Kente Print Shirt,170.0,2026-05-19,Cash on Delivery
PUR_009557,CUST_02701,PROD_0010,Traditional Smock (Fugu),117.3,2026-07-11,Mobile Money
PUR_009558,CUST_02702,PROD_0141,LED Bulb Pack,265.19,2023-06-12,Mobile Money
PUR_009559,CUST_02702,PROD_0101,Phone Charger (Type-C),1290.66,2024-05-05,Bank Transfer
PUR_009560,CUST_02702,PROD_0226,Hair Dryer,48.95,2024-06-20,Cash on Delivery
PUR_009561,CUST_02702,PROD_0076,Phone Charger (Type-C),2211.57,2024-09-16,Mobile Money
PUR_009562,CUST_02702,PROD_0122,Electric Iron,471.99,2025-04-17,Mobile Money
PUR_009563,CUST_02702,PROD_0130,Rechargeable Fan,562.82,2025-08-19,Mobile Money
PUR_009564,CUST_02702,PROD_0068,Redmi Note 12,546.06,2025-10-01,Mobile Money
PUR_009565,CUST_02702,PROD_0278,Kids' Bicycle,79.81,2025-10-12,Mobile Money
PUR_009566,CUST_02702,PROD_0129,43-inch LED TV,341.37,2026-01-18,Card
PUR_009567,CUST_02702,PROD_0204,Beard Grooming Kit,106.0,2026-03-01,Mobile Money
PUR_009568,CUST_02703,PROD_0070,Phone Charger (Type-C),1127.32,2026-07-16,Cash on Delivery
PUR_009569,CUST_02705,PROD_0234,Multivitamin Tablets,85.21,2025-05-10,Cash on Delivery
PUR_009570,CUST_02705,PROD_0070,Phone Charger (Type-C),1299.68,2025-10-21,Cash on Delivery
PUR_009571,CUST_02705,PROD_0233,Multivitamin Tablets,131.34,2026-02-23,Bank Transfer
PUR_009572,CUST_02705,PROD_0167,Bedsheet Set (Queen),165.18,2026-03-25,Mobile Money
PUR_009573,CUST_02706,PROD_0173,Non-stick Cooking Pot Set,131.09,2025-04-21,Cash on Delivery
PUR_009574,CUST_02707,PROD_0151,Extension Socket,497.37,2026-08-15,Mobile Money
PUR_009575,CUST_02707,PROD_0202,Deodorant Roll-on,44.28,2026-08-19,Mobile Money
PUR_009576,CUST_02707,PROD_0070,Phone Charger (Type-C),1055.42,2026-09-03,Card
PUR_009577,CUST_02712,PROD_0081,Phone Charger (Type-C),676.05,2026-08-30,Card
PUR_009578,CUST_02712,PROD_0121,Blender (4L),761.93,2026-09-04,Mobile Money
PUR_009579,CUST_02713,PROD_0044,Women's Maxi Dress,142.36,2026-08-20,Mobile Money
PUR_009580,CUST_02718,PROD_0121,Blender (4L),96.09,2024-01-25,Bank Transfer
PUR_009581,CUST_02718,PROD_0175,Kitchen Knife Set,133.03,2024-03-09,Cash on Delivery
PUR_009582,CUST_02718,PROD_0049,Ladies Handbag,165.5,2024-05-05,Mobile Money
PUR_009583,CUST_02718,PROD_0093,Samsung Galaxy A14,685.71,2024-09-25,Cash on Delivery
PUR_009584,CUST_02718,PROD_0026,Men's Casual Blazer,157.75,2024-12-23,Card
PUR_009585,CUST_02718,PROD_0010,Traditional Smock (Fugu),71.91,2025-03-22,Mobile Money
PUR_009586,CUST_02718,PROD_0067,iPhone 13,952.68,2026-02-16,Mobile Money
PUR_009587,CUST_02718,PROD_0253,Running Shoes,67.21,2026-05-26,Bank Transfer
PUR_009588,CUST_02718,PROD_0296,Garri (2kg),76.45,2026-06-01,Mobile Money
PUR_009589,CUST_02718,PROD_0096,Bluetooth Headset,956.39,2026-06-23,Mobile Money
PUR_009590,CUST_02719,PROD_0285,Baby Bath Tub,94.12,2025-03-28,Mobile Money
PUR_009591,CUST_02719,PROD_0091,iPhone 13,1487.1,2025-04-29,Cash on Delivery
PUR_009592,CUST_02719,PROD_0296,Garri (2kg),34.8,2025-06-23,Cash on Delivery
PUR_009593,CUST_02719,PROD_0045,Women's Maxi Dress,117.86,2025-09-06,Mobile Money
PUR_009594,CUST_02719,PROD_0166,Gas Cooker (4-Burner),122.7,2026-02-14,Card
PUR_009595,CUST_02721,PROD_0144,Bluetooth Speaker,419.8,2024-08-28,Mobile Money
PUR_009596,CUST_02721,PROD_0170,Rice Cooker,65.26,2024-11-27,Mobile Money
PUR_009597,CUST_02721,PROD_0010,Traditional Smock (Fugu),218.83,2024-12-01,Mobile Money
PUR_009598,CUST_02721,PROD_0166,Gas Cooker (4-Burner),102.08,2025-01-19,Mobile Money
PUR_009599,CUST_02721,PROD_0232,Bathroom Weighing Scale,50.75,2025-02-02,Card
PUR_009600,CUST_02721,PROD_0295,Canned Tuna,53.4,2025-02-06,Mobile Money
PUR_009601,CUST_02721,PROD_0255,Water Bottle (1L),70.27,2025-03-05,Mobile Money
PUR_009602,CUST_02721,PROD_0241,Digital Thermometer,119.36,2025-04-13,Cash on Delivery
PUR_009603,CUST_02721,PROD_0227,Shea Butter Body Lotion,66.45,2025-04-17,Cash on Delivery
PUR_009604,CUST_02721,PROD_0281,Educational Toy Set,60.07,2025-05-07,Mobile Money
PUR_009605,CUST_02721,PROD_0005,Men's Casual Blazer,244.77,2025-05-14,Card
PUR_009606,CUST_02721,PROD_0024,Women's Maxi Dress,92.74,2025-06-30,Cash on Delivery
PUR_009607,CUST_02721,PROD_0123,Electric Iron,418.12,2025-07-04,Mobile Money
PUR_009608,CUST_02721,PROD_0271,Kids' Bicycle,78.3,2025-07-28,Cash on Delivery
PUR_009609,CUST_02721,PROD_0295,Canned Tuna,37.58,2025-08-02,Cash on Delivery
PUR_009610,CUST_02721,PROD_0078,Phone Screen Protector,222.23,2025-08-14,Cash on Delivery
PUR_009611,CUST_02721,PROD_0169,Bedsheet Set (Queen),151.6,2025-08-16,Mobile Money
PUR_009612,CUST_02721,PROD_0076,Phone Charger (Type-C),1265.51,2025-08-16,Mobile Money
PUR_009613,CUST_02721,PROD_0273,Baby Diapers Pack,49.86,2025-10-08,Mobile Money
PUR_009614,CUST_02721,PROD_0179,Wall Clock,117.33,2025-11-10,Mobile Money
PUR_009615,CUST_02721,PROD_0001,Traditional Smock (Fugu),99.18,2025-11-17,Mobile Money
PUR_009616,CUST_02721,PROD_0253,Running Shoes,165.18,2025-11-25,Mobile Money
PUR_009617,CUST_02721,PROD_0242,Protein Powder,101.52,2025-12-09,Bank Transfer
PUR_009618,CUST_02721,PROD_0203,Braided Hair Extension,53.07,2025-12-12,Mobile Money
PUR_009619,CUST_02721,PROD_0072,Phone Screen Protector,447.36,2025-12-23,Mobile Money
PUR_009620,CUST_02721,PROD_0218,Skin Toner,57.47,2025-12-23,Mobile Money
PUR_009621,CUST_02721,PROD_0021,Leather Sandals,218.18,2025-12-24,Cash on Delivery
PUR_009622,CUST_02721,PROD_0002,Ladies Kaftan Gown,115.63,2026-01-01,Cash on Delivery
PUR_009623,CUST_02721,PROD_0254,Basketball,288.49,2026-01-02,Mobile Money
PUR_009624,CUST_02721,PROD_0001,Traditional Smock (Fugu),63.49,2026-01-02,Cash on Delivery
PUR_009625,CUST_02721,PROD_0253,Running Shoes,344.22,2026-01-17,Mobile Money
PUR_009626,CUST_02721,PROD_0260,Gym Gloves,153.54,2026-01-28,Mobile Money
PUR_009627,CUST_02721,PROD_0232,Bathroom Weighing Scale,95.77,2026-01-28,Cash on Delivery
PUR_009628,CUST_02721,PROD_0273,Baby Diapers Pack,83.75,2026-02-04,Mobile Money
PUR_009629,CUST_02721,PROD_0072,Phone Screen Protector,195.32,2026-02-05,Mobile Money
PUR_009630,CUST_02721,PROD_0168,Rice Cooker,54.86,2026-02-22,Cash on Delivery
PUR_009631,CUST_02721,PROD_0004,Men's Slim Fit Jeans,59.41,2026-03-13,Cash on Delivery
PUR_009632,CUST_02721,PROD_0068,Redmi Note 12,208.47,2026-04-25,Cash on Delivery
PUR_009633,CUST_02721,PROD_0255,Water Bottle (1L),232.34,2026-04-26,Mobile Money
PUR_009634,CUST_02721,PROD_0282,Kids Building Blocks,52.57,2026-05-11,Mobile Money
PUR_009635,CUST_02721,PROD_0014,Men's Slim Fit Jeans,248.77,2026-06-26,Card
PUR_009636,CUST_02721,PROD_0054,Men's Slim Fit Jeans,48.62,2026-06-27,Card
PUR_009637,CUST_02721,PROD_0162,Blender (4L),348.79,2026-06-28,Mobile Money
PUR_009638,CUST_02721,PROD_0012,Children's T-Shirt Set,212.0,2026-06-29,Mobile Money
PUR_009639,CUST_02721,PROD_0233,Multivitamin Tablets,49.99,2026-06-30,Mobile Money
PUR_009640,CUST_02721,PROD_0240,Digital Thermometer,63.5,2026-07-17,Mobile Money
PUR_009641,CUST_02721,PROD_0167,Bedsheet Set (Queen),348.56,2026-08-17,Card
PUR_009642,CUST_02721,PROD_0300,Canned Tuna,46.86,2026-08-20,Mobile Money
PUR_009643,CUST_02721,PROD_0008,Kente Print Shirt,69.29,2026-08-25,Card
PUR_009644,CUST_02721,PROD_0004,Men's Slim Fit Jeans,41.33,2026-09-04,Card
PUR_009645,CUST_02721,PROD_0007,Kente Print Shirt,68.48,2026-09-04,Mobile Money
PUR_009646,CUST_02722,PROD_0298,Sugar (2kg),155.29,2025-03-27,Mobile Money
PUR_009647,CUST_02722,PROD_0002,Ladies Kaftan Gown,93.04,2025-08-10,Cash on Delivery
PUR_009648,CUST_02722,PROD_0206,Braided Hair Extension,76.56,2026-01-14,Mobile Money
PUR_009649,CUST_02722,PROD_0166,Gas Cooker (4-Burner),349.01,2026-04-05,Mobile Money
PUR_009650,CUST_02722,PROD_0166,Gas Cooker (4-Burner),293.69,2026-06-13,Card
PUR_009651,CUST_02723,PROD_0067,iPhone 13,2695.62,2025-07-27,Bank Transfer
PUR_009652,CUST_02723,PROD_0068,Redmi Note 12,965.51,2025-08-29,Cash on Delivery
PUR_009653,CUST_02723,PROD_0273,Baby Diapers Pack,81.29,2026-03-11,Mobile Money
PUR_009654,CUST_02723,PROD_0227,Shea Butter Body Lotion,56.5,2026-05-21,Mobile Money
PUR_009655,CUST_02723,PROD_0263,Dumbbell Set,76.97,2026-08-04,Bank Transfer
PUR_009656,CUST_02723,PROD_0035,Children's T-Shirt Set,99.02,2026-08-18,Cash on Delivery
PUR_009657,CUST_02724,PROD_0234,Multivitamin Tablets,17.24,2026-03-14,Mobile Money
PUR_009658,CUST_02724,PROD_0133,Bluetooth Speaker,512.84,2026-04-21,Card
PUR_009659,CUST_02724,PROD_0277,Feeding Bottle Set,222.12,2026-04-25,Mobile Money
PUR_009660,CUST_02724,PROD_0069,Phone Charger (Type-C),66.79,2026-05-13,Mobile Money
PUR_009661,CUST_02724,PROD_0007,Kente Print Shirt,83.05,2026-05-26,Mobile Money
PUR_009662,CUST_02724,PROD_0002,Ladies Kaftan Gown,56.14,2026-07-11,Mobile Money
PUR_009663,CUST_02724,PROD_0209,Makeup Kit,80.99,2026-07-16,Card
PUR_009664,CUST_02727,PROD_0068,Redmi Note 12,1010.98,2026-08-15,Cash on Delivery
PUR_009665,CUST_02727,PROD_0006,Men's Casual Blazer,470.79,2026-08-29,Mobile Money
PUR_009666,CUST_02729,PROD_0015,Unisex Sneakers,129.75,2026-07-23,Card
PUR_009667,CUST_02729,PROD_0012,Children's T-Shirt Set,85.78,2026-09-02,Mobile Money
PUR_009668,CUST_02732,PROD_0293,A4 Printing Paper Ream,32.27,2026-04-22,Cash on Delivery
PUR_009669,CUST_02732,PROD_0233,Multivitamin Tablets,110.79,2026-05-15,Mobile Money
PUR_009670,CUST_02732,PROD_0074,Phone Screen Protector,2291.19,2026-09-01,Mobile Money
PUR_009671,CUST_02734,PROD_0237,Multivitamin Tablets,44.39,2023-05-11,Card
PUR_009672,CUST_02734,PROD_0027,Ladies Kaftan Gown,90.61,2023-06-25,Mobile Money
PUR_009673,CUST_02734,PROD_0202,Deodorant Roll-on,67.68,2023-07-02,Mobile Money
PUR_009674,CUST_02734,PROD_0207,Skin Toner,23.09,2024-07-07,Cash on Delivery
PUR_009675,CUST_02734,PROD_0067,iPhone 13,1675.75,2024-08-06,Mobile Money
PUR_009676,CUST_02734,PROD_0121,Blender (4L),1370.96,2024-08-24,Mobile Money
PUR_009677,CUST_02734,PROD_0191,Rice Cooker,173.54,2024-11-17,Mobile Money
PUR_009678,CUST_02734,PROD_0093,Samsung Galaxy A14,1324.07,2025-01-30,Mobile Money
PUR_009679,CUST_02734,PROD_0127,Microwave Oven,460.61,2025-02-07,Mobile Money
PUR_009680,CUST_02734,PROD_0184,Wall Clock,658.34,2025-02-19,Mobile Money
PUR_009681,CUST_02734,PROD_0169,Bedsheet Set (Queen),307.4,2025-03-23,Bank Transfer
PUR_009682,CUST_02734,PROD_0279,Baby Wipes (80pcs),63.15,2025-04-13,Cash on Delivery
PUR_009683,CUST_02734,PROD_0254,Basketball,175.8,2025-06-08,Cash on Delivery
PUR_009684,CUST_02734,PROD_0125,LED Bulb Pack,1355.26,2025-07-07,Cash on Delivery
PUR_009685,CUST_02734,PROD_0237,Multivitamin Tablets,58.63,2025-07-26,Cash on Delivery
PUR_009686,CUST_02734,PROD_0007,Kente Print Shirt,85.98,2025-08-05,Bank Transfer
PUR_009687,CUST_02734,PROD_0202,Deodorant Roll-on,65.86,2025-09-08,Bank Transfer
PUR_009688,CUST_02734,PROD_0072,Phone Screen Protector,318.26,2026-02-23,Bank Transfer
PUR_009689,CUST_02734,PROD_0253,Running Shoes,145.26,2026-08-31,Cash on Delivery
PUR_009690,CUST_02734,PROD_0286,Hardcover Notebook,45.39,2026-09-04,Mobile Money
PUR_009691,CUST_02735,PROD_0253,Running Shoes,165.06,2024-04-22,Mobile Money
PUR_009692,CUST_02736,PROD_0286,Hardcover Notebook,29.0,2025-07-02,Cash on Delivery
PUR_009693,CUST_02736,PROD_0219,Braided Hair Extension,94.5,2025-12-30,Mobile Money
PUR_009694,CUST_02736,PROD_0122,Electric Iron,337.34,2026-03-27,Bank Transfer
PUR_009695,CUST_02736,PROD_0211,Shea Butter Body Lotion,33.04,2026-04-15,Mobile Money
PUR_009696,CUST_02737,PROD_0213,Deodorant Roll-on,76.77,2025-12-01,Cash on Delivery
PUR_009697,CUST_02737,PROD_0079,iPhone 13,1344.32,2026-04-08,Card
PUR_009698,CUST_02737,PROD_0139,Digital Camera,956.13,2026-05-01,Cash on Delivery
PUR_009699,CUST_02739,PROD_0117,Bluetooth Headset,1004.12,2024-05-16,Card
PUR_009700,CUST_02739,PROD_0001,Traditional Smock (Fugu),93.85,2026-05-12,Card
PUR_009701,CUST_02742,PROD_0076,Phone Charger (Type-C),2536.29,2026-08-07,Cash on Delivery
PUR_009702,CUST_02743,PROD_0099,Huawei MatePad,533.56,2026-08-08,Mobile Money
PUR_009703,CUST_02743,PROD_0126,Gaming Console,168.66,2026-08-25,Cash on Delivery
PUR_009704,CUST_02745,PROD_0070,Phone Charger (Type-C),2196.27,2026-02-20,Mobile Money
PUR_009705,CUST_02745,PROD_0172,Curtain Set,64.0,2026-08-31,Mobile Money
PUR_009706,CUST_02746,PROD_0183,Non-stick Cooking Pot Set,110.48,2025-10-14,Bank Transfer
PUR_009707,CUST_02746,PROD_0042,Wax Print Skirt,86.5,2025-11-27,Card
PUR_009708,CUST_02746,PROD_0067,iPhone 13,626.81,2026-02-19,Cash on Delivery
PUR_009709,CUST_02746,PROD_0204,Beard Grooming Kit,88.66,2026-03-18,Mobile Money
PUR_009710,CUST_02746,PROD_0188,Water Dispenser,85.23,2026-05-04,Cash on Delivery
PUR_009711,CUST_02746,PROD_0167,Bedsheet Set (Queen),133.17,2026-06-22,Mobile Money
PUR_009712,CUST_02747,PROD_0135,LED Bulb Pack,326.45,2026-03-14,Card
PUR_009713,CUST_02747,PROD_0002,Ladies Kaftan Gown,121.29,2026-05-13,Bank Transfer
PUR_009714,CUST_02749,PROD_0144,Bluetooth Speaker,1335.07,2026-02-08,Cash on Delivery
PUR_009715,CUST_02749,PROD_0069,Phone Charger (Type-C),481.13,2026-05-01,Card
PUR_009716,CUST_02749,PROD_0071,Bluetooth Headset,2384.36,2026-06-07,Card
PUR_009717,CUST_02750,PROD_0083,Redmi Note 12,220.65,2026-01-11,Mobile Money
PUR_009718,CUST_02751,PROD_0069,Phone Charger (Type-C),1053.9,2026-07-28,Cash on Delivery
PUR_009719,CUST_02751,PROD_0255,Water Bottle (1L),281.44,2026-08-20,Cash on Delivery
PUR_009720,CUST_02752,PROD_0168,Rice Cooker,323.2,2026-01-27,Mobile Money
PUR_009721,CUST_02755,PROD_0001,Traditional Smock (Fugu),138.68,2025-07-29,Mobile Money
PUR_009722,CUST_02755,PROD_0122,Electric Iron,1639.27,2026-06-21,Mobile Money
PUR_009723,CUST_02757,PROD_0167,Bedsheet Set (Queen),180.77,2026-02-11,Card
PUR_009724,CUST_02757,PROD_0276,Baby Bath Tub,82.49,2026-04-04,Mobile Money
PUR_009725,CUST_02758,PROD_0167,Bedsheet Set (Queen),374.02,2024-06-14,Mobile Money
PUR_009726,CUST_02758,PROD_0171,Sofa Set,98.6,2025-05-09,Cash on Delivery
PUR_009727,CUST_02758,PROD_0178,Gas Cooker (4-Burner),114.6,2025-08-01,Bank Transfer
PUR_009728,CUST_02758,PROD_0084,Samsung Galaxy A14,2246.57,2026-03-01,Card
PUR_009729,CUST_02758,PROD_0019,Men's Casual Blazer,334.33,2026-03-10,Mobile Money
PUR_009730,CUST_02759,PROD_0227,Shea Butter Body Lotion,66.86,2025-10-26,Cash on Delivery
PUR_009731,CUST_02759,PROD_0247,Bathroom Weighing Scale,111.17,2026-03-17,Card
PUR_009732,CUST_02759,PROD_0232,Bathroom Weighing Scale,45.52,2026-08-12,Cash on Delivery
PUR_009733,CUST_02759,PROD_0025,Ladies Handbag,321.88,2026-09-04,Bank Transfer
PUR_009734,CUST_02764,PROD_0289,Kids' Storybook,45.05,2026-06-25,Mobile Money
PUR_009735,CUST_02764,PROD_0166,Gas Cooker (4-Burner),178.92,2026-07-19,Cash on Delivery
PUR_009736,CUST_02766,PROD_0202,Deodorant Roll-on,43.43,2023-05-16,Mobile Money
PUR_009737,CUST_02766,PROD_0189,Non-stick Cooking Pot Set,396.19,2024-01-18,Card
PUR_009738,CUST_02766,PROD_0275,Kids' Bicycle,87.86,2024-03-23,Card
PUR_009739,CUST_02766,PROD_0236,Glucometer Kit,26.96,2024-07-22,Card
PUR_009740,CUST_02766,PROD_0245,Protein Powder,80.72,2024-09-21,Mobile Money
PUR_009741,CUST_02766,PROD_0082,Samsung Galaxy A14,659.3,2025-01-27,Cash on Delivery
PUR_009742,CUST_02766,PROD_0167,Bedsheet Set (Queen),103.17,2025-02-26,Mobile Money
PUR_009743,CUST_02766,PROD_0037,Wax Print Skirt,110.11,2025-05-29,Cash on Delivery
PUR_009744,CUST_02766,PROD_0073,Redmi Note 12,968.8,2025-06-15,Cash on Delivery
PUR_009745,CUST_02766,PROD_0108,Wireless Earbuds,252.23,2025-08-28,Card
PUR_009746,CUST_02766,PROD_0134,Gaming Console,2391.11,2025-09-13,Mobile Money
PUR_009747,CUST_02766,PROD_0009,Ladies Kaftan Gown,160.65,2025-10-03,Cash on Delivery
PUR_009748,CUST_02766,PROD_0085,Samsung Galaxy Tab A8,1661.28,2026-02-17,Mobile Money
PUR_009749,CUST_02766,PROD_0166,Gas Cooker (4-Burner),186.84,2026-02-20,Mobile Money
PUR_009750,CUST_02766,PROD_0264,Camping Tent,134.63,2026-03-24,Mobile Money
PUR_009751,CUST_02766,PROD_0234,Multivitamin Tablets,53.84,2026-06-10,Mobile Money
PUR_009752,CUST_02766,PROD_0204,Beard Grooming Kit,124.27,2026-06-11,Mobile Money
PUR_009753,CUST_02766,PROD_0043,Men's Formal Suit,152.28,2026-08-12,Card
PUR_009754,CUST_02766,PROD_0055,Kente Print Shirt,106.86,2026-08-12,Mobile Money
PUR_009755,CUST_02766,PROD_0082,Samsung Galaxy A14,2112.11,2026-09-03,Card
PUR_009756,CUST_02768,PROD_0069,Phone Charger (Type-C),172.68,2026-08-25,Card
PUR_009757,CUST_02769,PROD_0233,Multivitamin Tablets,89.6,2026-03-18,Card
PUR_009758,CUST_02769,PROD_0009,Ladies Kaftan Gown,86.83,2026-03-21,Cash on Delivery
PUR_009759,CUST_02770,PROD_0226,Hair Dryer,63.4,2026-03-14,Cash on Delivery
PUR_009760,CUST_02770,PROD_0007,Kente Print Shirt,76.4,2026-07-27,Mobile Money
PUR_009761,CUST_02772,PROD_0068,Redmi Note 12,1344.91,2026-07-30,Mobile Money
PUR_009762,CUST_02772,PROD_0233,Multivitamin Tablets,69.21,2026-08-09,Mobile Money
PUR_009763,CUST_02773,PROD_0213,Deodorant Roll-on,73.01,2025-06-11,Cash on Delivery
PUR_009764,CUST_02773,PROD_0082,Samsung Galaxy A14,116.45,2025-07-14,Mobile Money
PUR_009765,CUST_02773,PROD_0004,Men's Slim Fit Jeans,56.73,2025-07-14,Mobile Money
PUR_009766,CUST_02773,PROD_0193,Cutlery Set,46.59,2025-08-10,Mobile Money
PUR_009767,CUST_02773,PROD_0112,Itel Vision 3,1081.78,2025-08-14,Mobile Money
PUR_009768,CUST_02773,PROD_0181,Storage Containers Set,227.07,2025-08-22,Cash on Delivery
PUR_009769,CUST_02773,PROD_0001,Traditional Smock (Fugu),70.23,2025-08-29,Mobile Money
PUR_009770,CUST_02773,PROD_0272,Baby Carrier,327.62,2025-09-07,Mobile Money
PUR_009771,CUST_02773,PROD_0046,Ladies Kaftan Gown,79.12,2025-09-21,Mobile Money
PUR_009772,CUST_02773,PROD_0075,Redmi Note 12,1733.36,2025-10-16,Mobile Money
PUR_009773,CUST_02773,PROD_0123,Electric Iron,318.47,2025-10-30,Mobile Money
PUR_009774,CUST_02773,PROD_0040,Men's Slim Fit Jeans,203.95,2025-11-11,Mobile Money
PUR_009775,CUST_02773,PROD_0288,Scientific Calculator,37.1,2026-01-26,Cash on Delivery
PUR_009776,CUST_02773,PROD_0257,Running Shoes,138.09,2026-01-30,Mobile Money
PUR_009777,CUST_02773,PROD_0099,Huawei MatePad,930.0,2026-02-26,Cash on Delivery
PUR_009778,CUST_02773,PROD_0176,Curtain Set,160.7,2026-02-27,Mobile Money
PUR_009779,CUST_02773,PROD_0038,Ladies Handbag,141.43,2026-03-15,Mobile Money
PUR_009780,CUST_02773,PROD_0232,Bathroom Weighing Scale,31.64,2026-04-16,Mobile Money
PUR_009781,CUST_02773,PROD_0232,Bathroom Weighing Scale,76.18,2026-05-01,Mobile Money
PUR_009782,CUST_02773,PROD_0130,Rechargeable Fan,3332.95,2026-05-04,Bank Transfer
PUR_009783,CUST_02773,PROD_0169,Bedsheet Set (Queen),100.87,2026-05-15,Mobile Money
PUR_009784,CUST_02773,PROD_0126,Gaming Console,2111.96,2026-05-19,Card
PUR_009785,CUST_02773,PROD_0001,Traditional Smock (Fugu),311.44,2026-05-21,Mobile Money
PUR_009786,CUST_02773,PROD_0268,Dumbbell Set,231.24,2026-06-24,Mobile Money
PUR_009787,CUST_02773,PROD_0237,Multivitamin Tablets,71.2,2026-07-04,Mobile Money
PUR_009788,CUST_02773,PROD_0203,Braided Hair Extension,50.04,2026-07-10,Card
PUR_009789,CUST_02773,PROD_0204,Beard Grooming Kit,46.37,2026-07-20,Mobile Money
PUR_009790,CUST_02773,PROD_0271,Kids' Bicycle,162.5,2026-07-21,Card
PUR_009791,CUST_02773,PROD_0211,Shea Butter Body Lotion,39.01,2026-07-26,Mobile Money
PUR_009792,CUST_02773,PROD_0075,Redmi Note 12,498.9,2026-08-01,Cash on Delivery
PUR_009793,CUST_02773,PROD_0137,43-inch LED TV,829.68,2026-08-01,Mobile Money
PUR_009794,CUST_02773,PROD_0298,Sugar (2kg),98.67,2026-08-05,Cash on Delivery
PUR_009795,CUST_02773,PROD_0166,Gas Cooker (4-Burner),157.59,2026-08-25,Mobile Money
PUR_009796,CUST_02774,PROD_0235,Bathroom Weighing Scale,16.63,2026-04-26,Mobile Money
PUR_009797,CUST_02779,PROD_0271,Kids' Bicycle,211.51,2026-08-14,Card
PUR_009798,CUST_02781,PROD_0049,Ladies Handbag,272.77,2026-09-04,Mobile Money
PUR_009799,CUST_02782,PROD_0213,Deodorant Roll-on,54.11,2025-06-19,Mobile Money
PUR_009800,CUST_02782,PROD_0120,Redmi Note 12,641.26,2025-12-21,Mobile Money
PUR_009801,CUST_02782,PROD_0255,Water Bottle (1L),125.18,2026-06-10,Cash on Delivery
PUR_009802,CUST_02784,PROD_0072,Phone Screen Protector,653.95,2025-08-20,Card
PUR_009803,CUST_02785,PROD_0125,LED Bulb Pack,205.58,2025-11-20,Mobile Money
PUR_009804,CUST_02785,PROD_0244,Bathroom Weighing Scale,52.64,2026-05-23,Cash on Delivery
PUR_009805,CUST_02786,PROD_0027,Ladies Kaftan Gown,124.88,2026-07-10,Mobile Money
PUR_009806,CUST_02787,PROD_0037,Wax Print Skirt,161.57,2023-10-03,Mobile Money
PUR_009807,CUST_02787,PROD_0221,Nail Polish Set,52.96,2024-03-12,Cash on Delivery
PUR_009808,CUST_02787,PROD_0070,Phone Charger (Type-C),1429.33,2024-10-04,Cash on Delivery
PUR_009809,CUST_02787,PROD_0253,Running Shoes,246.1,2024-10-07,Mobile Money
PUR_009810,CUST_02787,PROD_0140,Electric Iron,921.17,2024-12-15,Mobile Money
PUR_009811,CUST_02787,PROD_0125,LED Bulb Pack,353.12,2024-12-17,Card
PUR_009812,CUST_02787,PROD_0101,Phone Charger (Type-C),730.18,2024-12-22,Cash on Delivery
PUR_009813,CUST_02787,PROD_0067,iPhone 13,3253.89,2025-02-17,Mobile Money
PUR_009814,CUST_02787,PROD_0072,Phone Screen Protector,1128.9,2025-04-23,Mobile Money
PUR_009815,CUST_02787,PROD_0126,Gaming Console,666.39,2025-05-11,Mobile Money
PUR_009816,CUST_02787,PROD_0166,Gas Cooker (4-Burner),86.11,2025-06-05,Mobile Money
PUR_009817,CUST_02787,PROD_0008,Kente Print Shirt,43.99,2025-11-18,Mobile Money
PUR_009818,CUST_02787,PROD_0121,Blender (4L),2010.85,2026-01-28,Card
PUR_009819,CUST_02787,PROD_0005,Men's Casual Blazer,216.66,2026-02-09,Cash on Delivery
PUR_009820,CUST_02787,PROD_0001,Traditional Smock (Fugu),71.65,2026-03-05,Mobile Money
PUR_009821,CUST_02787,PROD_0211,Shea Butter Body Lotion,79.86,2026-03-29,Cash on Delivery
PUR_009822,CUST_02787,PROD_0130,Rechargeable Fan,297.54,2026-04-18,Mobile Money
PUR_009823,CUST_02787,PROD_0005,Men's Casual Blazer,133.91,2026-05-07,Cash on Delivery
PUR_009824,CUST_02787,PROD_0067,iPhone 13,850.79,2026-06-20,Mobile Money
PUR_009825,CUST_02787,PROD_0301,Sugar (2kg),84.65,2026-07-04,Card
PUR_009826,CUST_02787,PROD_0196,Bedsheet Set (Queen),163.35,2026-08-28,Mobile Money
PUR_009827,CUST_02789,PROD_0137,43-inch LED TV,1715.39,2024-01-30,Card
PUR_009828,CUST_02789,PROD_0288,Scientific Calculator,19.75,2024-05-01,Mobile Money
PUR_009829,CUST_02789,PROD_0251,Protein Powder,197.88,2024-10-18,Card
PUR_009830,CUST_02789,PROD_0146,Home Theater System,673.49,2025-05-16,Mobile Money
PUR_009831,CUST_02789,PROD_0273,Baby Diapers Pack,116.9,2026-01-11,Cash on Delivery
PUR_009832,CUST_02789,PROD_0194,Rice Cooker,258.67,2026-06-21,Card
PUR_009833,CUST_02790,PROD_0270,Dumbbell Set,260.33,2023-11-02,Cash on Delivery
PUR_009834,CUST_02790,PROD_0233,Multivitamin Tablets,50.63,2024-12-05,Mobile Money
PUR_009835,CUST_02790,PROD_0202,Deodorant Roll-on,50.12,2025-05-26,Bank Transfer
PUR_009836,CUST_02790,PROD_0012,Children's T-Shirt Set,78.12,2025-06-25,Cash on Delivery
PUR_009837,CUST_02790,PROD_0100,Wireless Earbuds,248.64,2025-09-28,Mobile Money
PUR_009838,CUST_02790,PROD_0143,LED Bulb Pack,290.85,2026-01-19,Cash on Delivery
PUR_009839,CUST_02790,PROD_0001,Traditional Smock (Fugu),73.7,2026-03-07,Cash on Delivery
PUR_009840,CUST_02791,PROD_0075,Redmi Note 12,812.73,2025-11-05,Cash on Delivery
PUR_009841,CUST_02791,PROD_0017,Men's Formal Suit,39.53,2026-05-04,Cash on Delivery
PUR_009842,CUST_02791,PROD_0165,Microwave Oven,489.78,2026-07-08,Mobile Money
PUR_009843,CUST_02792,PROD_0284,Baby Bath Tub,163.3,2024-02-19,Cash on Delivery
PUR_009844,CUST_02792,PROD_0068,Redmi Note 12,1332.7,2024-02-21,Mobile Money
PUR_009845,CUST_02793,PROD_0297,Rice (5kg Bag),80.78,2025-10-18,Mobile Money
PUR_009846,CUST_02793,PROD_0256,Camping Tent,129.63,2025-12-18,Mobile Money
PUR_009847,CUST_02793,PROD_0216,Skin Toner,22.12,2026-05-19,Mobile Money
PUR_009848,CUST_02795,PROD_0070,Phone Charger (Type-C),525.76,2026-02-04,Mobile Money
PUR_009849,CUST_02795,PROD_0286,Hardcover Notebook,27.76,2026-08-17,Card
PUR_009850,CUST_02795,PROD_0071,Bluetooth Headset,533.07,2026-09-02,Cash on Delivery
PUR_009851,CUST_02798,PROD_0202,Deodorant Roll-on,30.67,2026-04-30,Cash on Delivery
PUR_009852,CUST_02799,PROD_0295,Canned Tuna,86.88,2024-04-12,Cash on Delivery
PUR_009853,CUST_02799,PROD_0232,Bathroom Weighing Scale,72.73,2024-06-24,Card
PUR_009854,CUST_02799,PROD_0001,Traditional Smock (Fugu),93.19,2024-09-27,Card
PUR_009855,CUST_02799,PROD_0178,Gas Cooker (4-Burner),333.66,2024-11-15,Cash on Delivery
PUR_009856,CUST_02799,PROD_0166,Gas Cooker (4-Burner),310.64,2025-01-18,Bank Transfer
PUR_009857,CUST_02799,PROD_0257,Running Shoes,42.35,2025-07-20,Cash on Delivery
PUR_009858,CUST_02799,PROD_0275,Kids' Bicycle,62.81,2025-09-24,Mobile Money
PUR_009859,CUST_02799,PROD_0001,Traditional Smock (Fugu),120.0,2025-12-27,Cash on Delivery
PUR_009860,CUST_02799,PROD_0273,Baby Diapers Pack,96.49,2026-08-14,Mobile Money
PUR_009861,CUST_02801,PROD_0288,Scientific Calculator,55.47,2025-10-29,Mobile Money
PUR_009862,CUST_02801,PROD_0204,Beard Grooming Kit,51.65,2025-11-29,Cash on Delivery
PUR_009863,CUST_02802,PROD_0286,Hardcover Notebook,48.59,2025-04-07,Mobile Money
PUR_009864,CUST_02803,PROD_0032,Men's Formal Suit,66.49,2024-03-26,Card
PUR_009865,CUST_02803,PROD_0002,Ladies Kaftan Gown,297.54,2024-06-22,Mobile Money
PUR_009866,CUST_02803,PROD_0121,Blender (4L),2472.45,2024-07-13,Mobile Money
PUR_009867,CUST_02803,PROD_0023,Kente Print Shirt,151.97,2024-10-03,Mobile Money
PUR_009868,CUST_02803,PROD_0225,Facial Cleanser,47.58,2025-05-30,Cash on Delivery
PUR_009869,CUST_02803,PROD_0166,Gas Cooker (4-Burner),311.54,2025-06-06,Card
PUR_009870,CUST_02803,PROD_0070,Phone Charger (Type-C),599.61,2025-07-12,Mobile Money
PUR_009871,CUST_02803,PROD_0067,iPhone 13,989.09,2026-05-20,Mobile Money
PUR_009872,CUST_02804,PROD_0125,LED Bulb Pack,1568.12,2024-09-06,Mobile Money
PUR_009873,CUST_02804,PROD_0083,Redmi Note 12,321.89,2024-12-15,Card
PUR_009874,CUST_02804,PROD_0255,Water Bottle (1L),196.84,2025-11-27,Mobile Money
PUR_009875,CUST_02805,PROD_0156,Desktop Computer,782.25,2026-04-01,Card
PUR_009876,CUST_02805,PROD_0147,LED Bulb Pack,367.98,2026-06-02,Cash on Delivery
PUR_009877,CUST_02805,PROD_0234,Multivitamin Tablets,44.05,2026-07-05,Mobile Money
PUR_009878,CUST_02805,PROD_0004,Men's Slim Fit Jeans,65.33,2026-08-20,Mobile Money
PUR_009879,CUST_02805,PROD_0271,Kids' Bicycle,111.49,2026-08-23,Card
PUR_009880,CUST_02806,PROD_0202,Deodorant Roll-on,28.28,2024-04-08,Mobile Money
PUR_009881,CUST_02806,PROD_0002,Ladies Kaftan Gown,302.05,2024-09-05,Card
PUR_009882,CUST_02806,PROD_0001,Traditional Smock (Fugu),88.6,2024-09-25,Card
PUR_009883,CUST_02806,PROD_0014,Men's Slim Fit Jeans,290.45,2024-10-28,Card
PUR_009884,CUST_02806,PROD_0070,Phone Charger (Type-C),528.28,2024-12-05,Mobile Money
PUR_009885,CUST_02806,PROD_0122,Electric Iron,580.44,2025-01-02,Mobile Money
PUR_009886,CUST_02806,PROD_0202,Deodorant Roll-on,40.28,2025-02-08,Card
PUR_009887,CUST_02806,PROD_0078,Phone Screen Protector,540.27,2025-04-09,Card
PUR_009888,CUST_02806,PROD_0151,Extension Socket,1763.01,2025-05-08,Card
PUR_009889,CUST_02806,PROD_0274,Baby Carrier,112.17,2025-05-10,Mobile Money
PUR_009890,CUST_02806,PROD_0068,Redmi Note 12,2378.7,2025-07-16,Mobile Money
PUR_009891,CUST_02806,PROD_0075,Redmi Note 12,2914.87,2025-09-18,Card
PUR_009892,CUST_02806,PROD_0004,Men's Slim Fit Jeans,95.01,2025-10-05,Mobile Money
PUR_009893,CUST_02806,PROD_0020,Kente Print Shirt,91.22,2026-01-10,Cash on Delivery
PUR_009894,CUST_02806,PROD_0233,Multivitamin Tablets,38.31,2026-03-29,Card
PUR_009895,CUST_02807,PROD_0135,LED Bulb Pack,751.11,2025-10-16,Mobile Money
PUR_009896,CUST_02807,PROD_0068,Redmi Note 12,881.19,2026-04-04,Mobile Money
PUR_009897,CUST_02807,PROD_0232,Bathroom Weighing Scale,145.31,2026-05-08,Mobile Money
PUR_009898,CUST_02807,PROD_0112,Itel Vision 3,815.23,2026-06-03,Mobile Money
PUR_009899,CUST_02807,PROD_0202,Deodorant Roll-on,53.67,2026-07-28,Mobile Money
PUR_009900,CUST_02809,PROD_0253,Running Shoes,74.1,2026-06-01,Cash on Delivery
PUR_009901,CUST_02809,PROD_0167,Bedsheet Set (Queen),151.3,2026-08-26,Mobile Money
PUR_009902,CUST_02810,PROD_0258,Yoga Mat,229.81,2025-07-04,Card
PUR_009903,CUST_02810,PROD_0125,LED Bulb Pack,135.15,2026-01-22,Mobile Money
PUR_009904,CUST_02810,PROD_0298,Sugar (2kg),61.28,2026-03-28,Card
PUR_009905,CUST_02810,PROD_0022,Denim Jacket,194.19,2026-05-07,Mobile Money
PUR_009906,CUST_02810,PROD_0204,Beard Grooming Kit,21.25,2026-08-07,Mobile Money
PUR_009907,CUST_02810,PROD_0068,Redmi Note 12,532.2,2026-08-11,Cash on Delivery
PUR_009908,CUST_02811,PROD_0179,Wall Clock,316.46,2026-08-22,Mobile Money
PUR_009909,CUST_02812,PROD_0200,Dining Table Set,88.28,2025-11-26,Card
PUR_009910,CUST_02812,PROD_0075,Redmi Note 12,388.1,2025-12-23,Mobile Money
PUR_009911,CUST_02812,PROD_0254,Basketball,238.59,2025-12-30,Mobile Money
PUR_009912,CUST_02812,PROD_0077,Bluetooth Headset,1085.15,2026-01-16,Bank Transfer
PUR_009913,CUST_02812,PROD_0235,Bathroom Weighing Scale,179.95,2026-01-26,Card
PUR_009914,CUST_02812,PROD_0013,Ankara Print Dress,80.9,2026-02-06,Cash on Delivery
PUR_009915,CUST_02812,PROD_0219,Braided Hair Extension,53.12,2026-03-13,Mobile Money
PUR_009916,CUST_02812,PROD_0089,Samsung Galaxy A14,1822.16,2026-03-22,Mobile Money
PUR_009917,CUST_02812,PROD_0068,Redmi Note 12,1151.31,2026-03-31,Mobile Money
PUR_009918,CUST_02812,PROD_0116,Universal Phone Case,593.0,2026-04-16,Mobile Money
PUR_009919,CUST_02812,PROD_0255,Water Bottle (1L),204.58,2026-04-21,Card
PUR_009920,CUST_02812,PROD_0170,Rice Cooker,103.84,2026-05-07,Mobile Money
PUR_009921,CUST_02812,PROD_0271,Kids' Bicycle,130.57,2026-06-05,Cash on Delivery
PUR_009922,CUST_02812,PROD_0002,Ladies Kaftan Gown,70.5,2026-06-20,Card
PUR_009923,CUST_02812,PROD_0271,Kids' Bicycle,78.23,2026-07-03,Mobile Money
PUR_009924,CUST_02812,PROD_0073,Redmi Note 12,2599.89,2026-08-19,Card
PUR_009925,CUST_02816,PROD_0210,Braided Hair Extension,42.41,2026-06-09,Card
PUR_009926,CUST_02817,PROD_0275,Kids' Bicycle,128.34,2026-08-29,Card
PUR_009927,CUST_02819,PROD_0067,iPhone 13,1420.45,2026-09-04,Mobile Money
PUR_009928,CUST_02821,PROD_0122,Electric Iron,748.36,2024-12-10,Mobile Money
PUR_009929,CUST_02821,PROD_0025,Ladies Handbag,139.06,2025-04-04,Card
PUR_009930,CUST_02821,PROD_0004,Men's Slim Fit Jeans,164.38,2025-04-05,Mobile Money
PUR_009931,CUST_02821,PROD_0083,Redmi Note 12,642.47,2025-08-21,Card
PUR_009932,CUST_02821,PROD_0191,Rice Cooker,310.22,2025-09-10,Bank Transfer
PUR_009933,CUST_02821,PROD_0229,Hair Dryer,37.32,2025-10-28,Mobile Money
PUR_009934,CUST_02821,PROD_0116,Universal Phone Case,1325.73,2025-10-28,Mobile Money
PUR_009935,CUST_02821,PROD_0067,iPhone 13,356.46,2025-11-16,Mobile Money
PUR_009936,CUST_02821,PROD_0005,Men's Casual Blazer,320.17,2026-01-01,Mobile Money
PUR_009937,CUST_02821,PROD_0026,Men's Casual Blazer,208.93,2026-01-10,Card
PUR_009938,CUST_02821,PROD_0081,Phone Charger (Type-C),231.67,2026-02-07,Mobile Money
PUR_009939,CUST_02821,PROD_0127,Microwave Oven,611.12,2026-02-13,Mobile Money
PUR_009940,CUST_02821,PROD_0129,43-inch LED TV,374.35,2026-03-23,Cash on Delivery
PUR_009941,CUST_02821,PROD_0130,Rechargeable Fan,5322.0,2026-04-15,Mobile Money
PUR_009942,CUST_02821,PROD_0069,Phone Charger (Type-C),1957.91,2026-05-13,Card
PUR_009943,CUST_02821,PROD_0005,Men's Casual Blazer,111.72,2026-05-26,Mobile Money
PUR_009944,CUST_02823,PROD_0092,Huawei MatePad,306.81,2025-11-10,Card
PUR_009945,CUST_02823,PROD_0171,Sofa Set,260.18,2026-03-25,Cash on Delivery
PUR_009946,CUST_02824,PROD_0137,43-inch LED TV,610.27,2026-09-03,Mobile Money
PUR_009947,CUST_02824,PROD_0223,Makeup Kit,93.64,2026-09-04,Mobile Money
PUR_009948,CUST_02825,PROD_0141,LED Bulb Pack,786.38,2026-05-22,Card
PUR_009949,CUST_02825,PROD_0067,iPhone 13,195.73,2026-05-27,Cash on Delivery
PUR_009950,CUST_02826,PROD_0202,Deodorant Roll-on,143.88,2026-01-03,Cash on Delivery
PUR_009951,CUST_02827,PROD_0001,Traditional Smock (Fugu),99.82,2025-10-15,Mobile Money
PUR_009952,CUST_02827,PROD_0159,Bluetooth Speaker,409.46,2026-04-21,Mobile Money
PUR_009953,CUST_02827,PROD_0002,Ladies Kaftan Gown,96.37,2026-06-10,Mobile Money
PUR_009954,CUST_02827,PROD_0255,Water Bottle (1L),205.12,2026-06-13,Mobile Money
PUR_009955,CUST_02827,PROD_0070,Phone Charger (Type-C),747.08,2026-06-15,Mobile Money
PUR_009956,CUST_02827,PROD_0055,Kente Print Shirt,204.92,2026-07-15,Mobile Money
PUR_009957,CUST_02827,PROD_0232,Bathroom Weighing Scale,76.52,2026-07-18,Mobile Money
PUR_009958,CUST_02827,PROD_0152,Laptop (Core i5),353.02,2026-07-24,Mobile Money
PUR_009959,CUST_02827,PROD_0007,Kente Print Shirt,85.08,2026-08-01,Bank Transfer
PUR_009960,CUST_02827,PROD_0234,Multivitamin Tablets,57.73,2026-08-12,Bank Transfer
PUR_009961,CUST_02827,PROD_0190,Wall Clock,82.85,2026-08-16,Card
PUR_009962,CUST_02827,PROD_0003,Cotton Polo Shirt,83.81,2026-08-18,Mobile Money
PUR_009963,CUST_02832,PROD_0171,Sofa Set,236.34,2026-07-25,Cash on Delivery
PUR_009964,CUST_02835,PROD_0009,Ladies Kaftan Gown,124.13,2026-03-22,Cash on Delivery
PUR_009965,CUST_02836,PROD_0167,Bedsheet Set (Queen),407.61,2024-10-01,Mobile Money
PUR_009966,CUST_02837,PROD_0202,Deodorant Roll-on,48.1,2023-07-10,Mobile Money
PUR_009967,CUST_02837,PROD_0086,Tecno Spark 10,849.9,2023-10-13,Cash on Delivery
PUR_009968,CUST_02837,PROD_0053,Traditional Smock (Fugu),182.44,2023-10-30,Mobile Money
PUR_009969,CUST_02837,PROD_0195,Kitchen Knife Set,121.64,2023-11-12,Card
PUR_009970,CUST_02837,PROD_0232,Bathroom Weighing Scale,78.41,2023-11-15,Mobile Money
PUR_009971,CUST_02837,PROD_0147,LED Bulb Pack,1361.6,2023-12-19,Mobile Money
PUR_009972,CUST_02837,PROD_0003,Cotton Polo Shirt,111.27,2023-12-24,Cash on Delivery
PUR_009973,CUST_02837,PROD_0171,Sofa Set,449.85,2023-12-26,Mobile Money
PUR_009974,CUST_02837,PROD_0171,Sofa Set,120.85,2023-12-27,Bank Transfer
PUR_009975,CUST_02837,PROD_0004,Men's Slim Fit Jeans,89.86,2024-01-09,Cash on Delivery
PUR_009976,CUST_02837,PROD_0258,Yoga Mat,59.61,2024-01-25,Card
PUR_009977,CUST_02837,PROD_0253,Running Shoes,134.52,2024-02-03,Mobile Money
PUR_009978,CUST_02837,PROD_0273,Baby Diapers Pack,68.0,2024-03-09,Cash on Delivery
PUR_009979,CUST_02837,PROD_0027,Ladies Kaftan Gown,221.49,2024-04-08,Card
PUR_009980,CUST_02837,PROD_0207,Skin Toner,51.49,2024-04-10,Mobile Money
PUR_009981,CUST_02837,PROD_0237,Multivitamin Tablets,84.82,2024-05-03,Card
PUR_009982,CUST_02837,PROD_0137,43-inch LED TV,889.8,2024-05-14,Card
PUR_009983,CUST_02837,PROD_0089,Samsung Galaxy A14,1340.73,2024-05-22,Card
PUR_009984,CUST_02837,PROD_0050,Leather Sandals,58.29,2024-05-24,Mobile Money
PUR_009985,CUST_02837,PROD_0204,Beard Grooming Kit,89.89,2024-05-27,Mobile Money
PUR_009986,CUST_02837,PROD_0003,Cotton Polo Shirt,95.41,2024-06-11,Cash on Delivery
PUR_009987,CUST_02837,PROD_0001,Traditional Smock (Fugu),70.14,2024-08-19,Mobile Money
PUR_009988,CUST_02837,PROD_0227,Shea Butter Body Lotion,118.94,2024-08-24,Mobile Money
PUR_009989,CUST_02837,PROD_0004,Men's Slim Fit Jeans,217.02,2024-08-27,Mobile Money
PUR_009990,CUST_02837,PROD_0182,Curtain Set,42.44,2024-08-28,Card
PUR_009991,CUST_02837,PROD_0124,LED Bulb Pack,416.84,2024-08-29,Cash on Delivery
PUR_009992,CUST_02837,PROD_0002,Ladies Kaftan Gown,68.77,2024-09-01,Mobile Money
PUR_009993,CUST_02837,PROD_0202,Deodorant Roll-on,62.38,2024-09-11,Cash on Delivery
PUR_009994,CUST_02837,PROD_0122,Electric Iron,558.15,2024-10-22,Mobile Money
PUR_009995,CUST_02837,PROD_0222,Shea Butter Body Lotion,33.88,2024-10-26,Mobile Money
PUR_009996,CUST_02837,PROD_0166,Gas Cooker (4-Burner),437.21,2024-11-14,Mobile Money
PUR_009997,CUST_02837,PROD_0223,Makeup Kit,69.11,2024-12-15,Mobile Money
PUR_009998,CUST_02837,PROD_0084,Samsung Galaxy A14,1289.53,2024-12-15,Bank Transfer
PUR_009999,CUST_02837,PROD_0256,Camping Tent,176.04,2025-01-11,Mobile Money
PUR_010000,CUST_02837,PROD_0164,43-inch LED TV,1768.33,2025-01-13,Mobile Money
PUR_010001,CUST_02837,PROD_0233,Multivitamin Tablets,71.95,2025-01-27,Cash on Delivery
PUR_010002,CUST_02837,PROD_0272,Baby Carrier,43.47,2025-01-27,Mobile Money
PUR_010003,CUST_02837,PROD_0091,iPhone 13,232.34,2025-02-20,Card
PUR_010004,CUST_02837,PROD_0213,Deodorant Roll-on,55.55,2025-03-02,Mobile Money
PUR_010005,CUST_02837,PROD_0150,Extension Socket,345.29,2025-03-02,Mobile Money
PUR_010006,CUST_02837,PROD_0004,Men's Slim Fit Jeans,88.39,2025-03-03,Card
PUR_010007,CUST_02837,PROD_0039,Men's Slim Fit Jeans,276.83,2025-03-10,Bank Transfer
PUR_010008,CUST_02837,PROD_0006,Men's Casual Blazer,239.16,2025-03-13,Mobile Money
PUR_010009,CUST_02837,PROD_0071,Bluetooth Headset,337.92,2025-03-18,Cash on Delivery
PUR_010010,CUST_02837,PROD_0018,Men's Formal Suit,80.63,2025-03-24,Card
PUR_010011,CUST_02837,PROD_0265,Cycling Helmet,116.08,2025-04-10,Cash on Delivery
PUR_010012,CUST_02837,PROD_0253,Running Shoes,197.81,2025-04-23,Mobile Money
PUR_010013,CUST_02837,PROD_0178,Gas Cooker (4-Burner),145.45,2025-05-04,Mobile Money
PUR_010014,CUST_02837,PROD_0217,Sunscreen SPF50,102.02,2025-05-17,Mobile Money
PUR_010015,CUST_02837,PROD_0127,Microwave Oven,271.63,2025-05-20,Mobile Money
PUR_010016,CUST_02837,PROD_0253,Running Shoes,59.02,2025-05-27,Cash on Delivery
PUR_010017,CUST_02837,PROD_0018,Men's Formal Suit,172.82,2025-05-27,Mobile Money
PUR_010018,CUST_02837,PROD_0139,Digital Camera,611.05,2025-06-11,Mobile Money
PUR_010019,CUST_02837,PROD_0067,iPhone 13,960.55,2025-06-20,Mobile Money
PUR_010020,CUST_02837,PROD_0068,Redmi Note 12,3287.37,2025-06-22,Mobile Money
PUR_010021,CUST_02837,PROD_0166,Gas Cooker (4-Burner),291.57,2025-07-02,Mobile Money
PUR_010022,CUST_02837,PROD_0277,Feeding Bottle Set,89.46,2025-07-04,Card
PUR_010023,CUST_02837,PROD_0298,Sugar (2kg),189.07,2025-07-06,Mobile Money
PUR_010024,CUST_02837,PROD_0149,Gaming Console,630.18,2025-07-09,Mobile Money
PUR_010025,CUST_02837,PROD_0174,Bedsheet Set (Queen),203.1,2025-07-23,Mobile Money
PUR_010026,CUST_02837,PROD_0286,Hardcover Notebook,39.73,2025-07-31,Bank Transfer
PUR_010027,CUST_02837,PROD_0254,Basketball,183.23,2025-08-04,Cash on Delivery
PUR_010028,CUST_02837,PROD_0063,Men's Slim Fit Jeans,105.76,2025-08-07,Mobile Money
PUR_010029,CUST_02837,PROD_0021,Leather Sandals,141.9,2025-08-09,Mobile Money
PUR_010030,CUST_02837,PROD_0020,Kente Print Shirt,123.76,2025-08-24,Cash on Delivery
PUR_010031,CUST_02837,PROD_0181,Storage Containers Set,179.0,2025-08-26,Mobile Money
PUR_010032,CUST_02837,PROD_0123,Electric Iron,803.93,2025-09-02,Mobile Money
PUR_010033,CUST_02837,PROD_0103,Power Bank 20000mAh,1019.43,2025-09-04,Mobile Money
PUR_010034,CUST_02837,PROD_0202,Deodorant Roll-on,42.56,2025-09-09,Mobile Money
PUR_010035,CUST_02837,PROD_0166,Gas Cooker (4-Burner),148.96,2025-09-10,Card
PUR_010036,CUST_02837,PROD_0001,Traditional Smock (Fugu),260.13,2025-09-20,Mobile Money
PUR_010037,CUST_02837,PROD_0251,Protein Powder,180.32,2025-09-22,Cash on Delivery
PUR_010038,CUST_02837,PROD_0232,Bathroom Weighing Scale,46.73,2025-09-23,Mobile Money
PUR_010039,CUST_02837,PROD_0002,Ladies Kaftan Gown,201.51,2025-09-30,Mobile Money
PUR_010040,CUST_02837,PROD_0122,Electric Iron,1235.92,2025-10-11,Mobile Money
PUR_010041,CUST_02837,PROD_0204,Beard Grooming Kit,31.03,2025-10-15,Cash on Delivery
PUR_010042,CUST_02837,PROD_0090,Itel Vision 3,945.14,2025-10-17,Card
PUR_010043,CUST_02837,PROD_0075,Redmi Note 12,453.24,2025-10-19,Mobile Money
PUR_010044,CUST_02837,PROD_0152,Laptop (Core i5),88.11,2025-10-22,Mobile Money
PUR_010045,CUST_02837,PROD_0287,Highlighter Set,65.27,2025-11-12,Cash on Delivery
PUR_010046,CUST_02837,PROD_0214,Deodorant Roll-on,264.1,2025-11-16,Cash on Delivery
PUR_010047,CUST_02837,PROD_0266,Resistance Bands,168.43,2025-11-19,Mobile Money
PUR_010048,CUST_02837,PROD_0216,Skin Toner,99.33,2025-11-22,Mobile Money
PUR_010049,CUST_02837,PROD_0177,Rice Cooker,331.82,2025-12-05,Bank Transfer
PUR_010050,CUST_02837,PROD_0287,Highlighter Set,68.11,2025-12-06,Mobile Money
PUR_010051,CUST_02837,PROD_0014,Men's Slim Fit Jeans,268.96,2025-12-06,Cash on Delivery
PUR_010052,CUST_02837,PROD_0001,Traditional Smock (Fugu),192.12,2025-12-08,Mobile Money
PUR_010053,CUST_02837,PROD_0017,Men's Formal Suit,518.85,2025-12-08,Mobile Money
PUR_010054,CUST_02837,PROD_0043,Men's Formal Suit,226.89,2025-12-10,Mobile Money
PUR_010055,CUST_02837,PROD_0048,Women's Maxi Dress,177.8,2025-12-20,Card
PUR_010056,CUST_02837,PROD_0120,Redmi Note 12,714.59,2025-12-31,Mobile Money
PUR_010057,CUST_02837,PROD_0211,Shea Butter Body Lotion,49.68,2025-12-31,Cash on Delivery
PUR_010058,CUST_02837,PROD_0125,LED Bulb Pack,687.26,2026-01-09,Card
PUR_010059,CUST_02837,PROD_0167,Bedsheet Set (Queen),182.9,2026-01-09,Mobile Money
PUR_010060,CUST_02837,PROD_0169,Bedsheet Set (Queen),626.6,2026-01-15,Mobile Money
PUR_010061,CUST_02837,PROD_0298,Sugar (2kg),117.15,2026-01-18,Cash on Delivery
PUR_010062,CUST_02837,PROD_0255,Water Bottle (1L),48.79,2026-01-22,Mobile Money
PUR_010063,CUST_02837,PROD_0067,iPhone 13,665.87,2026-01-29,Mobile Money
PUR_010064,CUST_02837,PROD_0099,Huawei MatePad,437.18,2026-01-29,Bank Transfer
PUR_010065,CUST_02837,PROD_0227,Shea Butter Body Lotion,100.73,2026-02-13,Mobile Money
PUR_010066,CUST_02837,PROD_0232,Bathroom Weighing Scale,63.61,2026-02-16,Cash on Delivery
PUR_010067,CUST_02837,PROD_0167,Bedsheet Set (Queen),230.78,2026-03-06,Mobile Money
PUR_010068,CUST_02837,PROD_0174,Bedsheet Set (Queen),59.88,2026-03-10,Mobile Money
PUR_010069,CUST_02837,PROD_0001,Traditional Smock (Fugu),178.79,2026-03-21,Mobile Money
PUR_010070,CUST_02837,PROD_0071,Bluetooth Headset,7968.45,2026-03-28,Mobile Money
PUR_010071,CUST_02837,PROD_0132,Electric Iron,1066.07,2026-04-02,Mobile Money
PUR_010072,CUST_02837,PROD_0001,Traditional Smock (Fugu),171.14,2026-04-04,Cash on Delivery
PUR_010073,CUST_02837,PROD_0067,iPhone 13,1118.57,2026-04-05,Mobile Money
PUR_010074,CUST_02837,PROD_0081,Phone Charger (Type-C),660.75,2026-04-08,Mobile Money
PUR_010075,CUST_02837,PROD_0121,Blender (4L),583.42,2026-04-09,Mobile Money
PUR_010076,CUST_02837,PROD_0191,Rice Cooker,140.87,2026-04-10,Card
PUR_010077,CUST_02837,PROD_0203,Braided Hair Extension,59.75,2026-04-12,Mobile Money
PUR_010078,CUST_02837,PROD_0147,LED Bulb Pack,548.16,2026-04-17,Cash on Delivery
PUR_010079,CUST_02837,PROD_0103,Power Bank 20000mAh,386.9,2026-04-20,Mobile Money
PUR_010080,CUST_02837,PROD_0106,Samsung Galaxy Tab A8,924.97,2026-04-20,Cash on Delivery
PUR_010081,CUST_02837,PROD_0008,Kente Print Shirt,92.41,2026-05-07,Mobile Money
PUR_010082,CUST_02837,PROD_0211,Shea Butter Body Lotion,20.81,2026-05-19,Card
PUR_010083,CUST_02837,PROD_0074,Phone Screen Protector,1837.64,2026-05-23,Mobile Money
PUR_010084,CUST_02837,PROD_0050,Leather Sandals,221.34,2026-05-25,Mobile Money
PUR_010085,CUST_02837,PROD_0235,Bathroom Weighing Scale,92.67,2026-06-01,Mobile Money
PUR_010086,CUST_02837,PROD_0078,Phone Screen Protector,222.98,2026-06-06,Cash on Delivery
PUR_010087,CUST_02837,PROD_0001,Traditional Smock (Fugu),96.58,2026-06-08,Cash on Delivery
PUR_010088,CUST_02837,PROD_0080,Infinix Hot 30,1412.2,2026-06-21,Card
PUR_010089,CUST_02837,PROD_0157,Bluetooth Speaker,760.64,2026-06-23,Mobile Money
PUR_010090,CUST_02837,PROD_0233,Multivitamin Tablets,34.75,2026-06-24,Card
PUR_010091,CUST_02837,PROD_0167,Bedsheet Set (Queen),204.18,2026-06-29,Card
PUR_010092,CUST_02837,PROD_0292,A4 Printing Paper Ream,85.52,2026-06-29,Mobile Money
PUR_010093,CUST_02837,PROD_0195,Kitchen Knife Set,120.86,2026-07-04,Bank Transfer
PUR_010094,CUST_02837,PROD_0188,Water Dispenser,246.63,2026-07-21,Cash on Delivery
PUR_010095,CUST_02837,PROD_0041,Denim Jacket,167.35,2026-07-24,Mobile Money
PUR_010096,CUST_02837,PROD_0204,Beard Grooming Kit,113.84,2026-07-25,Mobile Money
PUR_010097,CUST_02837,PROD_0233,Multivitamin Tablets,53.8,2026-07-26,Mobile Money
PUR_010098,CUST_02837,PROD_0007,Kente Print Shirt,52.92,2026-07-27,Cash on Delivery
PUR_010099,CUST_02837,PROD_0157,Bluetooth Speaker,206.19,2026-07-27,Mobile Money
PUR_010100,CUST_02837,PROD_0168,Rice Cooker,131.75,2026-07-29,Bank Transfer
PUR_010101,CUST_02837,PROD_0006,Men's Casual Blazer,143.36,2026-08-06,Mobile Money
PUR_010102,CUST_02837,PROD_0083,Redmi Note 12,288.87,2026-08-13,Bank Transfer
PUR_010103,CUST_02837,PROD_0137,43-inch LED TV,547.54,2026-08-15,Mobile Money
PUR_010104,CUST_02837,PROD_0166,Gas Cooker (4-Burner),283.8,2026-08-15,Mobile Money
PUR_010105,CUST_02837,PROD_0287,Highlighter Set,86.89,2026-08-22,Mobile Money
PUR_010106,CUST_02837,PROD_0001,Traditional Smock (Fugu),576.84,2026-08-22,Mobile Money
PUR_010107,CUST_02837,PROD_0071,Bluetooth Headset,1109.88,2026-08-31,Mobile Money
PUR_010108,CUST_02837,PROD_0160,Rechargeable Fan,429.85,2026-09-04,Mobile Money
PUR_010109,CUST_02839,PROD_0272,Baby Carrier,84.91,2025-05-10,Cash on Delivery
PUR_010110,CUST_02839,PROD_0068,Redmi Note 12,1102.89,2025-05-13,Mobile Money
PUR_010111,CUST_02839,PROD_0027,Ladies Kaftan Gown,95.86,2025-05-17,Mobile Money
PUR_010112,CUST_02839,PROD_0058,Men's Slim Fit Jeans,136.55,2025-06-08,Cash on Delivery
PUR_010113,CUST_02839,PROD_0261,Camping Tent,226.59,2025-08-24,Mobile Money
PUR_010114,CUST_02839,PROD_0056,Leather Sandals,63.56,2025-10-25,Mobile Money
PUR_010115,CUST_02839,PROD_0013,Ankara Print Dress,89.31,2025-10-26,Mobile Money
PUR_010116,CUST_02839,PROD_0203,Braided Hair Extension,40.03,2025-10-27,Mobile Money
PUR_010117,CUST_02839,PROD_0289,Kids' Storybook,35.67,2025-11-30,Mobile Money
PUR_010118,CUST_02839,PROD_0232,Bathroom Weighing Scale,64.76,2025-12-01,Card
PUR_010119,CUST_02839,PROD_0160,Rechargeable Fan,665.23,2025-12-17,Cash on Delivery
PUR_010120,CUST_02839,PROD_0064,Leather Sandals,92.93,2025-12-26,Cash on Delivery
PUR_010121,CUST_02839,PROD_0234,Multivitamin Tablets,93.72,2025-12-29,Mobile Money
PUR_010122,CUST_02839,PROD_0022,Denim Jacket,100.57,2026-01-29,Mobile Money
PUR_010123,CUST_02839,PROD_0286,Hardcover Notebook,12.86,2026-02-08,Cash on Delivery
PUR_010124,CUST_02839,PROD_0136,Laptop (Core i5),452.51,2026-03-07,Bank Transfer
PUR_010125,CUST_02839,PROD_0234,Multivitamin Tablets,97.42,2026-05-08,Mobile Money
PUR_010126,CUST_02839,PROD_0130,Rechargeable Fan,674.09,2026-06-18,Cash on Delivery
PUR_010127,CUST_02839,PROD_0259,Basketball,39.02,2026-06-29,Card
PUR_010128,CUST_02839,PROD_0131,Air Conditioner (1.5HP),688.94,2026-07-09,Mobile Money
PUR_010129,CUST_02839,PROD_0164,43-inch LED TV,130.53,2026-08-02,Mobile Money
PUR_010130,CUST_02839,PROD_0196,Bedsheet Set (Queen),149.96,2026-08-02,Card
PUR_010131,CUST_02839,PROD_0009,Ladies Kaftan Gown,216.38,2026-08-05,Cash on Delivery
PUR_010132,CUST_02839,PROD_0121,Blender (4L),388.45,2026-09-04,Cash on Delivery
PUR_010133,CUST_02839,PROD_0001,Traditional Smock (Fugu),47.32,2026-09-04,Mobile Money
PUR_010134,CUST_02840,PROD_0253,Running Shoes,258.99,2026-07-11,Mobile Money
PUR_010135,CUST_02840,PROD_0112,Itel Vision 3,500.98,2026-08-25,Mobile Money
PUR_010136,CUST_02842,PROD_0234,Multivitamin Tablets,27.68,2025-12-03,Cash on Delivery
PUR_010137,CUST_02843,PROD_0202,Deodorant Roll-on,97.45,2025-06-20,Mobile Money
PUR_010138,CUST_02843,PROD_0280,Baby Diapers Pack,145.19,2025-08-31,Mobile Money
PUR_010139,CUST_02843,PROD_0255,Water Bottle (1L),262.85,2026-01-06,Mobile Money
PUR_010140,CUST_02843,PROD_0173,Non-stick Cooking Pot Set,347.43,2026-01-23,Card
PUR_010141,CUST_02843,PROD_0043,Men's Formal Suit,85.26,2026-04-12,Cash on Delivery
PUR_010142,CUST_02843,PROD_0076,Phone Charger (Type-C),226.48,2026-04-23,Mobile Money
PUR_010143,CUST_02843,PROD_0123,Electric Iron,236.76,2026-04-28,Mobile Money
PUR_010144,CUST_02843,PROD_0069,Phone Charger (Type-C),226.67,2026-05-10,Card
PUR_010145,CUST_02843,PROD_0068,Redmi Note 12,977.57,2026-08-12,Mobile Money
PUR_010146,CUST_02844,PROD_0190,Wall Clock,302.65,2025-07-17,Cash on Delivery
PUR_010147,CUST_02845,PROD_0232,Bathroom Weighing Scale,44.56,2026-05-26,Cash on Delivery
PUR_010148,CUST_02845,PROD_0020,Kente Print Shirt,124.57,2026-07-05,Mobile Money
PUR_010149,CUST_02848,PROD_0226,Hair Dryer,34.36,2026-07-11,Cash on Delivery
PUR_010150,CUST_02848,PROD_0137,43-inch LED TV,820.85,2026-08-11,Mobile Money
PUR_010151,CUST_02851,PROD_0220,Beard Grooming Kit,79.64,2026-08-30,Mobile Money
PUR_010152,CUST_02854,PROD_0209,Makeup Kit,152.32,2024-11-05,Mobile Money
PUR_010153,CUST_02854,PROD_0196,Bedsheet Set (Queen),205.72,2026-05-26,Mobile Money
PUR_010154,CUST_02854,PROD_0102,Samsung Galaxy A14,1522.23,2026-08-10,Card
PUR_010155,CUST_02855,PROD_0067,iPhone 13,423.4,2026-08-23,Card
PUR_010156,CUST_02855,PROD_0121,Blender (4L),83.66,2026-08-27,Cash on Delivery
PUR_010157,CUST_02856,PROD_0159,Bluetooth Speaker,499.35,2026-05-05,Cash on Delivery
PUR_010158,CUST_02859,PROD_0185,Wall Clock,78.95,2026-09-02,Mobile Money
PUR_010159,CUST_02859,PROD_0177,Rice Cooker,396.22,2026-09-04,Mobile Money
PUR_010160,CUST_02860,PROD_0182,Curtain Set,372.63,2026-08-18,Bank Transfer
PUR_010161,CUST_02860,PROD_0122,Electric Iron,572.85,2026-08-20,Mobile Money
PUR_010162,CUST_02861,PROD_0122,Electric Iron,545.73,2025-12-14,Mobile Money
PUR_010163,CUST_02861,PROD_0001,Traditional Smock (Fugu),58.82,2025-12-23,Mobile Money
PUR_010164,CUST_02862,PROD_0004,Men's Slim Fit Jeans,711.25,2026-06-09,Bank Transfer
PUR_010165,CUST_02862,PROD_0001,Traditional Smock (Fugu),66.81,2026-08-09,Mobile Money
PUR_010166,CUST_02862,PROD_0066,Men's Slim Fit Jeans,192.91,2026-08-09,Card
PUR_010167,CUST_02862,PROD_0001,Traditional Smock (Fugu),260.35,2026-08-27,Mobile Money
PUR_010168,CUST_02862,PROD_0073,Redmi Note 12,1343.3,2026-08-31,Cash on Delivery
PUR_010169,CUST_02863,PROD_0278,Kids' Bicycle,89.36,2023-12-07,Cash on Delivery
PUR_010170,CUST_02863,PROD_0221,Nail Polish Set,55.09,2024-03-28,Card
PUR_010171,CUST_02863,PROD_0212,Perfume (100ml),27.03,2024-09-25,Cash on Delivery
PUR_010172,CUST_02863,PROD_0286,Hardcover Notebook,34.3,2024-10-30,Mobile Money
PUR_010173,CUST_02863,PROD_0070,Phone Charger (Type-C),795.92,2025-04-07,Mobile Money
PUR_010174,CUST_02863,PROD_0029,Women's Maxi Dress,154.36,2025-07-21,Mobile Money
PUR_010175,CUST_02863,PROD_0283,Toddler Shoes,87.8,2025-08-16,Card
PUR_010176,CUST_02863,PROD_0250,Herbal Tea Pack,180.53,2025-10-13,Mobile Money
PUR_010177,CUST_02863,PROD_0070,Phone Charger (Type-C),491.87,2026-03-23,Cash on Delivery
PUR_010178,CUST_02863,PROD_0181,Storage Containers Set,183.75,2026-04-09,Card
PUR_010179,CUST_02865,PROD_0145,Home Theater System,327.09,2026-04-27,Mobile Money
PUR_010180,CUST_02867,PROD_0002,Ladies Kaftan Gown,61.03,2026-03-03,Cash on Delivery
PUR_010181,CUST_02867,PROD_0273,Baby Diapers Pack,180.37,2026-05-30,Cash on Delivery
PUR_010182,CUST_02867,PROD_0255,Water Bottle (1L),88.67,2026-05-31,Card
PUR_010183,CUST_02867,PROD_0195,Kitchen Knife Set,260.82,2026-07-15,Mobile Money
PUR_010184,CUST_02867,PROD_0254,Basketball,69.53,2026-08-19,Mobile Money
PUR_010185,CUST_02867,PROD_0009,Ladies Kaftan Gown,94.73,2026-09-04,Mobile Money
PUR_010186,CUST_02867,PROD_0167,Bedsheet Set (Queen),116.87,2026-09-04,Bank Transfer
PUR_010187,CUST_02869,PROD_0171,Sofa Set,81.58,2026-07-16,Cash on Delivery
PUR_010188,CUST_02869,PROD_0072,Phone Screen Protector,942.66,2026-07-27,Mobile Money
PUR_010189,CUST_02870,PROD_0274,Baby Carrier,90.68,2026-05-26,Mobile Money
PUR_010190,CUST_02870,PROD_0073,Redmi Note 12,709.38,2026-07-15,Cash on Delivery
PUR_010191,CUST_02871,PROD_0001,Traditional Smock (Fugu),117.49,2025-07-12,Mobile Money
PUR_010192,CUST_02871,PROD_0216,Skin Toner,101.92,2026-08-09,Cash on Delivery
PUR_010193,CUST_02872,PROD_0124,LED Bulb Pack,1846.83,2023-12-12,Mobile Money
PUR_010194,CUST_02872,PROD_0282,Kids Building Blocks,91.49,2024-01-14,Mobile Money
PUR_010195,CUST_02872,PROD_0276,Baby Bath Tub,126.05,2024-06-24,Mobile Money
PUR_010196,CUST_02872,PROD_0174,Bedsheet Set (Queen),170.43,2024-09-23,Mobile Money
PUR_010197,CUST_02872,PROD_0066,Men's Slim Fit Jeans,113.35,2025-04-12,Card
PUR_010198,CUST_02872,PROD_0124,LED Bulb Pack,2249.19,2025-06-16,Mobile Money
PUR_010199,CUST_02873,PROD_0119,iPhone 13,504.0,2024-05-24,Cash on Delivery
PUR_010200,CUST_02873,PROD_0297,Rice (5kg Bag),32.74,2025-01-03,Mobile Money
PUR_010201,CUST_02873,PROD_0277,Feeding Bottle Set,84.42,2025-03-01,Mobile Money
PUR_010202,CUST_02873,PROD_0064,Leather Sandals,85.82,2025-04-01,Mobile Money
PUR_010203,CUST_02873,PROD_0168,Rice Cooker,301.35,2025-10-30,Card
PUR_010204,CUST_02873,PROD_0170,Rice Cooker,153.34,2025-11-22,Mobile Money
PUR_010205,CUST_02873,PROD_0286,Hardcover Notebook,54.94,2026-02-16,Mobile Money
PUR_010206,CUST_02873,PROD_0123,Electric Iron,379.69,2026-04-29,Mobile Money
PUR_010207,CUST_02873,PROD_0203,Braided Hair Extension,37.57,2026-06-06,Mobile Money
PUR_010208,CUST_02873,PROD_0082,Samsung Galaxy A14,924.96,2026-07-06,Cash on Delivery
PUR_010209,CUST_02873,PROD_0071,Bluetooth Headset,1011.26,2026-07-12,Cash on Delivery
PUR_010210,CUST_02874,PROD_0241,Digital Thermometer,64.5,2026-08-07,Cash on Delivery
PUR_010211,CUST_02875,PROD_0259,Basketball,145.28,2025-08-14,Bank Transfer
PUR_010212,CUST_02875,PROD_0168,Rice Cooker,428.95,2026-05-28,Cash on Delivery
PUR_010213,CUST_02876,PROD_0001,Traditional Smock (Fugu),77.41,2026-02-22,Cash on Delivery
PUR_010214,CUST_02876,PROD_0111,Infinix Hot 30,1529.43,2026-05-22,Bank Transfer
PUR_010215,CUST_02876,PROD_0243,Protein Powder,67.01,2026-06-02,Mobile Money
PUR_010216,CUST_02876,PROD_0009,Ladies Kaftan Gown,60.3,2026-06-14,Bank Transfer
PUR_010217,CUST_02876,PROD_0287,Highlighter Set,29.4,2026-06-16,Mobile Money
PUR_010218,CUST_02876,PROD_0085,Samsung Galaxy Tab A8,486.28,2026-06-17,Bank Transfer
PUR_010219,CUST_02876,PROD_0031,Cotton Polo Shirt,220.54,2026-07-03,Bank Transfer
PUR_010220,CUST_02876,PROD_0213,Deodorant Roll-on,23.08,2026-07-15,Mobile Money
PUR_010221,CUST_02876,PROD_0003,Cotton Polo Shirt,105.23,2026-07-20,Cash on Delivery
PUR_010222,CUST_02876,PROD_0235,Bathroom Weighing Scale,33.42,2026-07-31,Cash on Delivery
PUR_010223,CUST_02876,PROD_0299,Garri (2kg),84.14,2026-08-05,Cash on Delivery
PUR_010224,CUST_02876,PROD_0001,Traditional Smock (Fugu),180.1,2026-08-09,Cash on Delivery
PUR_010225,CUST_02876,PROD_0244,Bathroom Weighing Scale,90.13,2026-08-22,Mobile Money
PUR_010226,CUST_02876,PROD_0288,Scientific Calculator,32.99,2026-08-24,Card
PUR_010227,CUST_02876,PROD_0125,LED Bulb Pack,714.11,2026-08-27,Cash on Delivery
PUR_010228,CUST_02876,PROD_0121,Blender (4L),850.05,2026-08-31,Cash on Delivery
PUR_010229,CUST_02877,PROD_0213,Deodorant Roll-on,57.98,2026-03-08,Cash on Delivery
PUR_010230,CUST_02881,PROD_0040,Men's Slim Fit Jeans,179.45,2026-05-16,Cash on Delivery
PUR_010231,CUST_02881,PROD_0122,Electric Iron,380.45,2026-06-12,Bank Transfer
PUR_010232,CUST_02881,PROD_0148,Electric Iron,1956.38,2026-07-01,Mobile Money
PUR_010233,CUST_02884,PROD_0235,Bathroom Weighing Scale,64.49,2026-08-21,Mobile Money
PUR_010234,CUST_02884,PROD_0069,Phone Charger (Type-C),6103.51,2026-08-29,Card
PUR_010235,CUST_02884,PROD_0177,Rice Cooker,454.04,2026-08-29,Mobile Money
PUR_010236,CUST_02884,PROD_0075,Redmi Note 12,1426.25,2026-08-31,Mobile Money
PUR_010237,CUST_02886,PROD_0125,LED Bulb Pack,721.45,2024-01-14,Cash on Delivery
PUR_010238,CUST_02886,PROD_0254,Basketball,211.96,2025-02-09,Card
PUR_010239,CUST_02886,PROD_0291,Exercise Books Pack,24.83,2025-03-01,Mobile Money
PUR_010240,CUST_02886,PROD_0003,Cotton Polo Shirt,119.6,2025-03-19,Cash on Delivery
PUR_010241,CUST_02886,PROD_0028,Men's Casual Blazer,859.36,2025-11-18,Cash on Delivery
PUR_010242,CUST_02886,PROD_0085,Samsung Galaxy Tab A8,1653.23,2025-11-23,Mobile Money
PUR_010243,CUST_02886,PROD_0028,Men's Casual Blazer,161.29,2026-01-11,Card
PUR_010244,CUST_02886,PROD_0068,Redmi Note 12,815.45,2026-01-26,Mobile Money
PUR_010245,CUST_02886,PROD_0152,Laptop (Core i5),547.21,2026-04-05,Cash on Delivery
PUR_010246,CUST_02886,PROD_0173,Non-stick Cooking Pot Set,308.05,2026-05-05,Cash on Delivery
PUR_010247,CUST_02886,PROD_0171,Sofa Set,248.9,2026-05-11,Mobile Money
PUR_010248,CUST_02886,PROD_0254,Basketball,717.35,2026-05-13,Cash on Delivery
PUR_010249,CUST_02886,PROD_0233,Multivitamin Tablets,74.19,2026-07-02,Mobile Money
PUR_010250,CUST_02889,PROD_0133,Bluetooth Speaker,641.26,2025-01-08,Cash on Delivery
PUR_010251,CUST_02889,PROD_0228,Sunscreen SPF50,24.76,2025-06-14,Mobile Money
PUR_010252,CUST_02889,PROD_0232,Bathroom Weighing Scale,116.47,2025-10-20,Mobile Money
PUR_010253,CUST_02889,PROD_0037,Wax Print Skirt,64.21,2025-11-29,Cash on Delivery
PUR_010254,CUST_02889,PROD_0071,Bluetooth Headset,388.78,2026-01-17,Cash on Delivery
PUR_010255,CUST_02889,PROD_0069,Phone Charger (Type-C),2652.63,2026-02-11,Mobile Money
PUR_010256,CUST_02889,PROD_0004,Men's Slim Fit Jeans,196.96,2026-03-05,Card
PUR_010257,CUST_02889,PROD_0158,LED Bulb Pack,149.02,2026-08-21,Cash on Delivery
PUR_010258,CUST_02890,PROD_0178,Gas Cooker (4-Burner),198.56,2026-07-29,Cash on Delivery
PUR_010259,CUST_02891,PROD_0222,Shea Butter Body Lotion,46.84,2026-05-22,Mobile Money
PUR_010260,CUST_02891,PROD_0003,Cotton Polo Shirt,303.67,2026-07-27,Cash on Delivery
PUR_010261,CUST_02891,PROD_0069,Phone Charger (Type-C),3084.55,2026-08-30,Mobile Money
PUR_010262,CUST_02891,PROD_0250,Herbal Tea Pack,45.32,2026-09-04,Mobile Money
PUR_010263,CUST_02892,PROD_0096,Bluetooth Headset,1328.77,2025-11-18,Mobile Money
PUR_010264,CUST_02893,PROD_0015,Unisex Sneakers,196.22,2026-05-16,Mobile Money
PUR_010265,CUST_02893,PROD_0173,Non-stick Cooking Pot Set,170.33,2026-05-27,Mobile Money
PUR_010266,CUST_02893,PROD_0202,Deodorant Roll-on,158.93,2026-06-08,Mobile Money
PUR_010267,CUST_02893,PROD_0176,Curtain Set,116.48,2026-08-31,Cash on Delivery
PUR_010268,CUST_02894,PROD_0208,Perfume (100ml),82.58,2025-09-20,Mobile Money
PUR_010269,CUST_02894,PROD_0078,Phone Screen Protector,348.34,2026-01-10,Card
PUR_010270,CUST_02894,PROD_0140,Electric Iron,775.33,2026-06-06,Mobile Money
PUR_010271,CUST_02894,PROD_0091,iPhone 13,298.27,2026-06-22,Cash on Delivery
PUR_010272,CUST_02894,PROD_0174,Bedsheet Set (Queen),112.59,2026-08-04,Mobile Money
PUR_010273,CUST_02894,PROD_0059,Men's Casual Blazer,133.37,2026-08-18,Bank Transfer
PUR_010274,CUST_02894,PROD_0255,Water Bottle (1L),521.85,2026-08-19,Mobile Money
PUR_010275,CUST_02895,PROD_0123,Electric Iron,774.34,2026-07-18,Mobile Money
PUR_010276,CUST_02895,PROD_0001,Traditional Smock (Fugu),55.34,2026-09-03,Cash on Delivery
PUR_010277,CUST_02896,PROD_0283,Toddler Shoes,119.91,2025-11-22,Card
PUR_010278,CUST_02896,PROD_0068,Redmi Note 12,692.21,2025-12-19,Mobile Money
PUR_010279,CUST_02896,PROD_0121,Blender (4L),839.01,2026-06-05,Mobile Money
PUR_010280,CUST_02897,PROD_0262,Hiking Backpack,136.8,2026-03-09,Mobile Money
PUR_010281,CUST_02902,PROD_0205,Deodorant Roll-on,61.01,2025-05-02,Mobile Money
PUR_010282,CUST_02902,PROD_0256,Camping Tent,47.09,2025-10-27,Cash on Delivery
PUR_010283,CUST_02902,PROD_0232,Bathroom Weighing Scale,108.42,2026-02-05,Cash on Delivery
PUR_010284,CUST_02903,PROD_0123,Electric Iron,459.55,2026-09-04,Mobile Money
PUR_010285,CUST_02904,PROD_0091,iPhone 13,1059.4,2026-02-05,Mobile Money
PUR_010286,CUST_02904,PROD_0003,Cotton Polo Shirt,144.49,2026-02-14,Mobile Money
PUR_010287,CUST_02904,PROD_0286,Hardcover Notebook,30.02,2026-03-04,Card
PUR_010288,CUST_02904,PROD_0102,Samsung Galaxy A14,510.45,2026-03-30,Bank Transfer
PUR_010289,CUST_02904,PROD_0070,Phone Charger (Type-C),901.66,2026-04-07,Cash on Delivery
PUR_010290,CUST_02904,PROD_0001,Traditional Smock (Fugu),31.57,2026-04-21,Mobile Money
PUR_010291,CUST_02904,PROD_0003,Cotton Polo Shirt,41.52,2026-04-30,Card
PUR_010292,CUST_02904,PROD_0202,Deodorant Roll-on,152.18,2026-05-03,Card
PUR_010293,CUST_02904,PROD_0204,Beard Grooming Kit,44.28,2026-05-10,Mobile Money
PUR_010294,CUST_02904,PROD_0009,Ladies Kaftan Gown,48.5,2026-05-14,Card
PUR_010295,CUST_02904,PROD_0033,Ankara Print Dress,72.28,2026-05-14,Card
PUR_010296,CUST_02904,PROD_0188,Water Dispenser,346.58,2026-05-18,Mobile Money
PUR_010297,CUST_02904,PROD_0166,Gas Cooker (4-Burner),93.27,2026-06-05,Card
PUR_010298,CUST_02904,PROD_0272,Baby Carrier,71.65,2026-06-09,Cash on Delivery
PUR_010299,CUST_02904,PROD_0254,Basketball,89.47,2026-06-10,Cash on Delivery
PUR_010300,CUST_02904,PROD_0260,Gym Gloves,304.71,2026-06-13,Bank Transfer
PUR_010301,CUST_02904,PROD_0170,Rice Cooker,95.22,2026-06-18,Mobile Money
PUR_010302,CUST_02904,PROD_0232,Bathroom Weighing Scale,90.33,2026-06-21,Cash on Delivery
PUR_010303,CUST_02904,PROD_0107,Samsung Galaxy Tab A8,4184.62,2026-06-23,Mobile Money
PUR_010304,CUST_02904,PROD_0012,Children's T-Shirt Set,274.13,2026-06-25,Cash on Delivery
PUR_010305,CUST_02904,PROD_0234,Multivitamin Tablets,40.96,2026-06-26,Card
PUR_010306,CUST_02904,PROD_0124,LED Bulb Pack,304.4,2026-06-30,Cash on Delivery
PUR_010307,CUST_02904,PROD_0050,Leather Sandals,203.44,2026-07-02,Cash on Delivery
PUR_010308,CUST_02904,PROD_0261,Camping Tent,59.44,2026-07-09,Mobile Money
PUR_010309,CUST_02904,PROD_0271,Kids' Bicycle,162.28,2026-07-12,Cash on Delivery
PUR_010310,CUST_02904,PROD_0069,Phone Charger (Type-C),1120.7,2026-07-13,Mobile Money
PUR_010311,CUST_02904,PROD_0202,Deodorant Roll-on,75.51,2026-07-14,Mobile Money
PUR_010312,CUST_02904,PROD_0178,Gas Cooker (4-Burner),194.31,2026-07-21,Mobile Money
PUR_010313,CUST_02904,PROD_0109,Phone Screen Protector,308.33,2026-07-22,Mobile Money
PUR_010314,CUST_02904,PROD_0233,Multivitamin Tablets,72.13,2026-08-06,Cash on Delivery
PUR_010315,CUST_02904,PROD_0272,Baby Carrier,75.31,2026-08-07,Mobile Money
PUR_010316,CUST_02904,PROD_0043,Men's Formal Suit,183.66,2026-08-09,Bank Transfer
PUR_010317,CUST_02904,PROD_0203,Braided Hair Extension,51.6,2026-08-16,Card
PUR_010318,CUST_02904,PROD_0237,Multivitamin Tablets,191.77,2026-08-18,Mobile Money
PUR_010319,CUST_02904,PROD_0001,Traditional Smock (Fugu),259.39,2026-08-24,Mobile Money
PUR_010320,CUST_02904,PROD_0168,Rice Cooker,79.52,2026-08-28,Bank Transfer
PUR_010321,CUST_02905,PROD_0288,Scientific Calculator,32.96,2026-02-16,Mobile Money
PUR_010322,CUST_02905,PROD_0004,Men's Slim Fit Jeans,205.85,2026-02-21,Mobile Money
PUR_010323,CUST_02905,PROD_0115,Phone Charger (Type-C),960.49,2026-03-18,Mobile Money
PUR_010324,CUST_02909,PROD_0122,Electric Iron,1205.76,2026-06-12,Mobile Money
PUR_010325,CUST_02909,PROD_0067,iPhone 13,1302.6,2026-08-14,Bank Transfer
PUR_010326,CUST_02909,PROD_0210,Braided Hair Extension,55.97,2026-08-19,Mobile Money
PUR_010327,CUST_02909,PROD_0166,Gas Cooker (4-Burner),180.97,2026-08-24,Cash on Delivery
PUR_010328,CUST_02909,PROD_0045,Women's Maxi Dress,67.12,2026-08-30,Mobile Money
PUR_010329,CUST_02910,PROD_0058,Men's Slim Fit Jeans,351.03,2026-07-12,Card
PUR_010330,CUST_02910,PROD_0255,Water Bottle (1L),256.42,2026-07-17,Mobile Money
PUR_010331,CUST_02910,PROD_0300,Canned Tuna,64.32,2026-08-22,Mobile Money
PUR_010332,CUST_02911,PROD_0046,Ladies Kaftan Gown,44.39,2026-07-01,Mobile Money
PUR_010333,CUST_02911,PROD_0020,Kente Print Shirt,87.25,2026-09-04,Mobile Money
PUR_010334,CUST_02913,PROD_0004,Men's Slim Fit Jeans,152.29,2025-06-20,Cash on Delivery
PUR_010335,CUST_02914,PROD_0059,Men's Casual Blazer,83.74,2026-03-16,Mobile Money
PUR_010336,CUST_02916,PROD_0217,Sunscreen SPF50,40.74,2025-12-01,Mobile Money
PUR_010337,CUST_02916,PROD_0059,Men's Casual Blazer,105.45,2026-04-13,Bank Transfer
PUR_010338,CUST_02916,PROD_0124,LED Bulb Pack,598.27,2026-05-04,Mobile Money
PUR_010339,CUST_02916,PROD_0143,LED Bulb Pack,1287.46,2026-06-14,Mobile Money
PUR_010340,CUST_02917,PROD_0026,Men's Casual Blazer,203.91,2025-11-04,Mobile Money
PUR_010341,CUST_02917,PROD_0254,Basketball,373.85,2025-11-27,Mobile Money
PUR_010342,CUST_02917,PROD_0121,Blender (4L),1657.41,2025-12-07,Mobile Money
PUR_010343,CUST_02917,PROD_0237,Multivitamin Tablets,78.0,2025-12-08,Mobile Money
PUR_010344,CUST_02917,PROD_0067,iPhone 13,1305.52,2026-01-31,Cash on Delivery
PUR_010345,CUST_02917,PROD_0068,Redmi Note 12,2939.49,2026-02-04,Cash on Delivery
PUR_010346,CUST_02917,PROD_0232,Bathroom Weighing Scale,58.19,2026-02-15,Bank Transfer
PUR_010347,CUST_02917,PROD_0121,Blender (4L),298.22,2026-02-17,Mobile Money
PUR_010348,CUST_02917,PROD_0183,Non-stick Cooking Pot Set,226.24,2026-02-18,Bank Transfer
PUR_010349,CUST_02917,PROD_0070,Phone Charger (Type-C),151.82,2026-03-05,Mobile Money
PUR_010350,CUST_02917,PROD_0171,Sofa Set,433.94,2026-03-08,Cash on Delivery
PUR_010351,CUST_02917,PROD_0166,Gas Cooker (4-Burner),346.27,2026-03-20,Mobile Money
PUR_010352,CUST_02917,PROD_0182,Curtain Set,424.41,2026-03-27,Bank Transfer
PUR_010353,CUST_02917,PROD_0001,Traditional Smock (Fugu),78.21,2026-03-29,Cash on Delivery
PUR_010354,CUST_02917,PROD_0125,LED Bulb Pack,936.85,2026-05-01,Cash on Delivery
PUR_010355,CUST_02917,PROD_0222,Shea Butter Body Lotion,134.72,2026-05-20,Mobile Money
PUR_010356,CUST_02917,PROD_0212,Perfume (100ml),90.52,2026-06-03,Mobile Money
PUR_010357,CUST_02917,PROD_0020,Kente Print Shirt,103.21,2026-06-14,Mobile Money
PUR_010358,CUST_02917,PROD_0134,Gaming Console,207.8,2026-07-26,Cash on Delivery
PUR_010359,CUST_02917,PROD_0259,Basketball,71.03,2026-09-02,Mobile Money
PUR_010360,CUST_02918,PROD_0007,Kente Print Shirt,35.71,2026-06-27,Mobile Money
PUR_010361,CUST_02920,PROD_0067,iPhone 13,2504.66,2026-05-28,Mobile Money
PUR_010362,CUST_02920,PROD_0002,Ladies Kaftan Gown,149.84,2026-05-29,Card
PUR_010363,CUST_02920,PROD_0075,Redmi Note 12,2405.59,2026-06-20,Mobile Money
PUR_010364,CUST_02920,PROD_0204,Beard Grooming Kit,21.49,2026-08-09,Cash on Delivery
PUR_010365,CUST_02922,PROD_0121,Blender (4L),996.86,2025-11-02,Card
PUR_010366,CUST_02922,PROD_0138,Microwave Oven,4215.54,2026-05-09,Mobile Money
PUR_010367,CUST_02922,PROD_0300,Canned Tuna,82.09,2026-05-31,Cash on Delivery
PUR_010368,CUST_02922,PROD_0126,Gaming Console,127.03,2026-06-26,Card
PUR_010369,CUST_02922,PROD_0071,Bluetooth Headset,1120.03,2026-08-13,Mobile Money
PUR_010370,CUST_02923,PROD_0166,Gas Cooker (4-Burner),351.95,2026-01-25,Mobile Money
PUR_010371,CUST_02926,PROD_0289,Kids' Storybook,26.27,2024-08-28,Mobile Money
PUR_010372,CUST_02926,PROD_0002,Ladies Kaftan Gown,90.36,2025-01-12,Mobile Money
PUR_010373,CUST_02926,PROD_0058,Men's Slim Fit Jeans,109.29,2025-02-06,Mobile Money
PUR_010374,CUST_02926,PROD_0122,Electric Iron,1134.49,2025-03-02,Mobile Money
PUR_010375,CUST_02926,PROD_0205,Deodorant Roll-on,100.55,2025-09-09,Cash on Delivery
PUR_010376,CUST_02926,PROD_0271,Kids' Bicycle,54.21,2026-01-01,Mobile Money
PUR_010377,CUST_02926,PROD_0071,Bluetooth Headset,1349.5,2026-01-30,Mobile Money
PUR_010378,CUST_02926,PROD_0276,Baby Bath Tub,142.41,2026-03-20,Mobile Money
PUR_010379,CUST_02926,PROD_0102,Samsung Galaxy A14,775.72,2026-05-12,Mobile Money
PUR_010380,CUST_02928,PROD_0271,Kids' Bicycle,81.11,2023-10-08,Cash on Delivery
PUR_010381,CUST_02928,PROD_0035,Children's T-Shirt Set,73.97,2024-02-01,Mobile Money
PUR_010382,CUST_02928,PROD_0069,Phone Charger (Type-C),836.23,2024-04-17,Mobile Money
PUR_010383,CUST_02928,PROD_0169,Bedsheet Set (Queen),685.4,2024-12-31,Mobile Money
PUR_010384,CUST_02928,PROD_0032,Men's Formal Suit,218.37,2025-01-14,Cash on Delivery
PUR_010385,CUST_02928,PROD_0215,Skin Toner,37.87,2025-04-04,Mobile Money
PUR_010386,CUST_02928,PROD_0235,Bathroom Weighing Scale,70.36,2025-04-24,Card
PUR_010387,CUST_02928,PROD_0253,Running Shoes,558.03,2025-04-28,Bank Transfer
PUR_010388,CUST_02928,PROD_0093,Samsung Galaxy A14,676.18,2025-05-02,Mobile Money
PUR_010389,CUST_02928,PROD_0191,Rice Cooker,120.97,2025-05-30,Cash on Delivery
PUR_010390,CUST_02928,PROD_0001,Traditional Smock (Fugu),100.97,2025-08-24,Mobile Money
PUR_010391,CUST_02928,PROD_0088,Universal Phone Case,1441.28,2025-09-13,Card
PUR_010392,CUST_02928,PROD_0210,Braided Hair Extension,34.82,2025-12-13,Card
PUR_010393,CUST_02928,PROD_0012,Children's T-Shirt Set,105.24,2025-12-28,Card
PUR_010394,CUST_02928,PROD_0294,A4 Printing Paper Ream,32.18,2026-02-25,Card
PUR_010395,CUST_02928,PROD_0202,Deodorant Roll-on,55.21,2026-02-28,Card
PUR_010396,CUST_02928,PROD_0192,Dining Table Set,258.51,2026-06-19,Cash on Delivery
PUR_010397,CUST_02928,PROD_0076,Phone Charger (Type-C),506.84,2026-07-14,Mobile Money
PUR_010398,CUST_02928,PROD_0074,Phone Screen Protector,873.42,2026-07-15,Mobile Money
PUR_010399,CUST_02928,PROD_0206,Braided Hair Extension,96.96,2026-08-08,Bank Transfer
PUR_010400,CUST_02928,PROD_0089,Samsung Galaxy A14,314.13,2026-08-28,Mobile Money
PUR_010401,CUST_02929,PROD_0055,Kente Print Shirt,68.39,2026-03-13,Mobile Money
PUR_010402,CUST_02931,PROD_0302,Milk Powder (400g),63.66,2026-02-07,Mobile Money
PUR_010403,CUST_02931,PROD_0199,Bedsheet Set (Queen),233.45,2026-02-20,Mobile Money
PUR_010404,CUST_02931,PROD_0006,Men's Casual Blazer,98.62,2026-05-08,Cash on Delivery
PUR_010405,CUST_02931,PROD_0121,Blender (4L),770.16,2026-05-11,Bank Transfer
PUR_010406,CUST_02931,PROD_0266,Resistance Bands,159.27,2026-06-19,Mobile Money
PUR_010407,CUST_02931,PROD_0005,Men's Casual Blazer,103.57,2026-08-07,Mobile Money
PUR_010408,CUST_02931,PROD_0213,Deodorant Roll-on,76.81,2026-08-27,Mobile Money
PUR_010409,CUST_02932,PROD_0124,LED Bulb Pack,285.38,2026-02-24,Mobile Money
PUR_010410,CUST_02932,PROD_0067,iPhone 13,426.79,2026-03-14,Cash on Delivery
PUR_010411,CUST_02932,PROD_0006,Men's Casual Blazer,194.72,2026-06-03,Mobile Money
PUR_010412,CUST_02932,PROD_0145,Home Theater System,892.35,2026-07-12,Mobile Money
PUR_010413,CUST_02932,PROD_0083,Redmi Note 12,3231.81,2026-08-08,Mobile Money
PUR_010414,CUST_02933,PROD_0055,Kente Print Shirt,85.78,2026-09-01,Mobile Money
PUR_010415,CUST_02935,PROD_0252,Reading Glasses,34.8,2025-09-19,Mobile Money
PUR_010416,CUST_02935,PROD_0009,Ladies Kaftan Gown,234.55,2025-12-04,Mobile Money
PUR_010417,CUST_02935,PROD_0039,Men's Slim Fit Jeans,58.54,2025-12-13,Mobile Money
PUR_010418,CUST_02935,PROD_0226,Hair Dryer,53.24,2025-12-19,Mobile Money
PUR_010419,CUST_02935,PROD_0072,Phone Screen Protector,701.87,2026-01-13,Mobile Money
PUR_010420,CUST_02935,PROD_0121,Blender (4L),1609.36,2026-03-11,Mobile Money
PUR_010421,CUST_02935,PROD_0186,Storage Containers Set,390.96,2026-05-13,Mobile Money
PUR_010422,CUST_02935,PROD_0169,Bedsheet Set (Queen),228.07,2026-05-14,Bank Transfer
PUR_010423,CUST_02935,PROD_0064,Leather Sandals,326.03,2026-05-28,Bank Transfer
PUR_010424,CUST_02935,PROD_0169,Bedsheet Set (Queen),70.4,2026-06-09,Mobile Money
PUR_010425,CUST_02935,PROD_0067,iPhone 13,992.01,2026-08-24,Mobile Money
PUR_010426,CUST_02937,PROD_0108,Wireless Earbuds,239.0,2025-11-09,Mobile Money
PUR_010427,CUST_02937,PROD_0033,Ankara Print Dress,216.69,2026-06-29,Card
PUR_010428,CUST_02938,PROD_0067,iPhone 13,1463.94,2026-08-21,Mobile Money
PUR_010429,CUST_02942,PROD_0253,Running Shoes,268.34,2026-03-26,Mobile Money
PUR_010430,CUST_02944,PROD_0286,Hardcover Notebook,51.21,2025-07-21,Card
PUR_010431,CUST_02944,PROD_0013,Ankara Print Dress,109.08,2025-10-13,Mobile Money
PUR_010432,CUST_02944,PROD_0056,Leather Sandals,128.17,2025-12-19,Cash on Delivery
PUR_010433,CUST_02945,PROD_0006,Men's Casual Blazer,120.42,2025-07-18,Card
PUR_010434,CUST_02949,PROD_0218,Skin Toner,29.27,2026-09-01,Mobile Money
PUR_010435,CUST_02950,PROD_0078,Phone Screen Protector,612.64,2024-06-27,Mobile Money
PUR_010436,CUST_02950,PROD_0298,Sugar (2kg),97.27,2024-11-14,Cash on Delivery
PUR_010437,CUST_02950,PROD_0253,Running Shoes,164.27,2024-12-17,Cash on Delivery
PUR_010438,CUST_02950,PROD_0015,Unisex Sneakers,78.11,2025-01-13,Mobile Money
PUR_010439,CUST_02950,PROD_0237,Multivitamin Tablets,135.91,2025-01-16,Mobile Money
PUR_010440,CUST_02950,PROD_0280,Baby Diapers Pack,62.1,2025-02-10,Mobile Money
PUR_010441,CUST_02950,PROD_0001,Traditional Smock (Fugu),207.75,2025-03-14,Mobile Money
PUR_010442,CUST_02950,PROD_0071,Bluetooth Headset,684.43,2025-06-16,Cash on Delivery
PUR_010443,CUST_02950,PROD_0236,Glucometer Kit,79.39,2025-11-18,Cash on Delivery
PUR_010444,CUST_02950,PROD_0202,Deodorant Roll-on,62.42,2026-01-14,Mobile Money
PUR_010445,CUST_02950,PROD_0254,Basketball,170.8,2026-02-25,Card
PUR_010446,CUST_02951,PROD_0232,Bathroom Weighing Scale,72.03,2026-06-18,Mobile Money
PUR_010447,CUST_02952,PROD_0167,Bedsheet Set (Queen),140.46,2025-08-08,Card
PUR_010448,CUST_02952,PROD_0106,Samsung Galaxy Tab A8,2050.82,2025-09-27,Card
PUR_010449,CUST_02952,PROD_0256,Camping Tent,41.08,2025-12-27,Mobile Money
PUR_010450,CUST_02952,PROD_0069,Phone Charger (Type-C),2182.12,2026-01-21,Mobile Money
PUR_010451,CUST_02952,PROD_0067,iPhone 13,522.44,2026-04-18,Mobile Money
PUR_010452,CUST_02952,PROD_0204,Beard Grooming Kit,66.08,2026-08-07,Cash on Delivery
PUR_010453,CUST_02952,PROD_0144,Bluetooth Speaker,495.44,2026-09-03,Mobile Money
PUR_010454,CUST_02956,PROD_0035,Children's T-Shirt Set,30.49,2025-05-31,Mobile Money
PUR_010455,CUST_02956,PROD_0083,Redmi Note 12,3488.62,2025-06-21,Card
PUR_010456,CUST_02956,PROD_0123,Electric Iron,858.11,2025-08-11,Bank Transfer
PUR_010457,CUST_02956,PROD_0095,Phone Charger (Type-C),316.28,2025-11-25,Mobile Money
PUR_010458,CUST_02956,PROD_0149,Gaming Console,730.57,2025-11-28,Cash on Delivery
PUR_010459,CUST_02956,PROD_0168,Rice Cooker,216.22,2026-01-12,Mobile Money
PUR_010460,CUST_02956,PROD_0253,Running Shoes,230.77,2026-01-17,Card
PUR_010461,CUST_02956,PROD_0166,Gas Cooker (4-Burner),206.39,2026-02-21,Bank Transfer
PUR_010462,CUST_02956,PROD_0232,Bathroom Weighing Scale,127.66,2026-02-24,Cash on Delivery
PUR_010463,CUST_02956,PROD_0031,Cotton Polo Shirt,119.67,2026-03-01,Cash on Delivery
PUR_010464,CUST_02956,PROD_0170,Rice Cooker,328.23,2026-03-10,Card
PUR_010465,CUST_02956,PROD_0202,Deodorant Roll-on,67.61,2026-03-20,Card
PUR_010466,CUST_02956,PROD_0183,Non-stick Cooking Pot Set,228.57,2026-03-22,Mobile Money
PUR_010467,CUST_02956,PROD_0136,Laptop (Core i5),126.86,2026-03-28,Mobile Money
PUR_010468,CUST_02956,PROD_0233,Multivitamin Tablets,78.67,2026-03-28,Mobile Money
PUR_010469,CUST_02956,PROD_0074,Phone Screen Protector,420.4,2026-05-15,Mobile Money
PUR_010470,CUST_02956,PROD_0080,Infinix Hot 30,13910.61,2026-05-27,Mobile Money
PUR_010471,CUST_02956,PROD_0169,Bedsheet Set (Queen),364.76,2026-06-17,Mobile Money
PUR_010472,CUST_02956,PROD_0151,Extension Socket,513.93,2026-06-27,Mobile Money
PUR_010473,CUST_02956,PROD_0252,Reading Glasses,163.57,2026-07-05,Mobile Money
PUR_010474,CUST_02956,PROD_0299,Garri (2kg),46.83,2026-07-15,Cash on Delivery
PUR_010475,CUST_02956,PROD_0169,Bedsheet Set (Queen),188.47,2026-07-24,Mobile Money
PUR_010476,CUST_02956,PROD_0204,Beard Grooming Kit,68.91,2026-07-27,Mobile Money
PUR_010477,CUST_02956,PROD_0119,iPhone 13,1989.41,2026-07-29,Mobile Money
PUR_010478,CUST_02956,PROD_0053,Traditional Smock (Fugu),60.18,2026-08-07,Cash on Delivery
PUR_010479,CUST_02956,PROD_0234,Multivitamin Tablets,80.61,2026-08-10,Mobile Money
PUR_010480,CUST_02956,PROD_0232,Bathroom Weighing Scale,114.52,2026-08-10,Mobile Money
PUR_010481,CUST_02956,PROD_0243,Protein Powder,49.98,2026-08-18,Mobile Money
PUR_010482,CUST_02956,PROD_0004,Men's Slim Fit Jeans,79.23,2026-08-19,Mobile Money
PUR_010483,CUST_02956,PROD_0205,Deodorant Roll-on,77.45,2026-08-26,Mobile Money
PUR_010484,CUST_02956,PROD_0122,Electric Iron,171.88,2026-08-28,Cash on Delivery
PUR_010485,CUST_02956,PROD_0003,Cotton Polo Shirt,107.98,2026-09-04,Mobile Money
PUR_010486,CUST_02958,PROD_0070,Phone Charger (Type-C),1881.17,2025-03-23,Cash on Delivery
PUR_010487,CUST_02958,PROD_0275,Kids' Bicycle,105.53,2025-07-05,Mobile Money
PUR_010488,CUST_02958,PROD_0228,Sunscreen SPF50,129.18,2025-08-17,Mobile Money
PUR_010489,CUST_02958,PROD_0254,Basketball,78.53,2025-08-18,Mobile Money
PUR_010490,CUST_02958,PROD_0168,Rice Cooker,274.49,2025-12-04,Card
PUR_010491,CUST_02958,PROD_0018,Men's Formal Suit,154.96,2026-03-31,Mobile Money
PUR_010492,CUST_02958,PROD_0273,Baby Diapers Pack,107.53,2026-05-03,Cash on Delivery
PUR_010493,CUST_02958,PROD_0267,Cycling Helmet,37.73,2026-07-30,Card
PUR_010494,CUST_02960,PROD_0285,Baby Bath Tub,117.05,2025-02-19,Mobile Money
PUR_010495,CUST_02960,PROD_0002,Ladies Kaftan Gown,165.74,2025-07-22,Mobile Money
PUR_010496,CUST_02960,PROD_0068,Redmi Note 12,2583.55,2025-09-06,Card
PUR_010497,CUST_02960,PROD_0136,Laptop (Core i5),459.61,2026-02-28,Mobile Money
PUR_010498,CUST_02960,PROD_0066,Men's Slim Fit Jeans,98.82,2026-04-28,Mobile Money
PUR_010499,CUST_02962,PROD_0184,Wall Clock,320.51,2026-08-16,Cash on Delivery
PUR_010500,CUST_02964,PROD_0192,Dining Table Set,630.07,2024-01-23,Card
PUR_010501,CUST_02964,PROD_0109,Phone Screen Protector,782.13,2024-05-08,Mobile Money
PUR_010502,CUST_02964,PROD_0275,Kids' Bicycle,71.04,2024-07-08,Cash on Delivery
PUR_010503,CUST_02964,PROD_0070,Phone Charger (Type-C),270.21,2025-02-07,Mobile Money
PUR_010504,CUST_02964,PROD_0039,Men's Slim Fit Jeans,118.66,2026-08-17,Mobile Money
PUR_010505,CUST_02965,PROD_0166,Gas Cooker (4-Burner),306.33,2025-05-17,Card
PUR_010506,CUST_02965,PROD_0147,LED Bulb Pack,891.93,2025-06-09,Mobile Money
PUR_010507,CUST_02965,PROD_0067,iPhone 13,1535.19,2026-04-05,Card
PUR_010508,CUST_02965,PROD_0121,Blender (4L),2893.36,2026-08-26,Cash on Delivery
PUR_010509,CUST_02967,PROD_0067,iPhone 13,5513.29,2025-08-06,Bank Transfer
PUR_010510,CUST_02967,PROD_0068,Redmi Note 12,878.39,2026-03-04,Card
PUR_010511,CUST_02967,PROD_0166,Gas Cooker (4-Burner),186.35,2026-03-25,Mobile Money
PUR_010512,CUST_02967,PROD_0019,Men's Casual Blazer,101.45,2026-07-15,Mobile Money
PUR_010513,CUST_02971,PROD_0204,Beard Grooming Kit,198.98,2026-04-03,Mobile Money
PUR_010514,CUST_02971,PROD_0295,Canned Tuna,65.21,2026-06-19,Card
PUR_010515,CUST_02971,PROD_0067,iPhone 13,1815.4,2026-06-20,Bank Transfer
PUR_010516,CUST_02971,PROD_0284,Baby Bath Tub,121.34,2026-08-16,Cash on Delivery
PUR_010517,CUST_02973,PROD_0094,Power Bank 20000mAh,653.36,2025-10-02,Mobile Money
PUR_010518,CUST_02973,PROD_0077,Bluetooth Headset,1168.82,2025-10-27,Mobile Money
PUR_010519,CUST_02973,PROD_0101,Phone Charger (Type-C),829.86,2026-06-24,Cash on Delivery
PUR_010520,CUST_02974,PROD_0183,Non-stick Cooking Pot Set,400.37,2025-12-11,Mobile Money
PUR_010521,CUST_02974,PROD_0073,Redmi Note 12,574.85,2026-01-15,Card
PUR_010522,CUST_02974,PROD_0072,Phone Screen Protector,2082.22,2026-03-14,Cash on Delivery
PUR_010523,CUST_02974,PROD_0072,Phone Screen Protector,1144.33,2026-06-26,Cash on Delivery
PUR_010524,CUST_02979,PROD_0030,Men's Casual Blazer,187.89,2026-03-27,Mobile Money
PUR_010525,CUST_02979,PROD_0068,Redmi Note 12,434.49,2026-04-11,Mobile Money
PUR_010526,CUST_02979,PROD_0146,Home Theater System,321.69,2026-07-16,Mobile Money
PUR_010527,CUST_02979,PROD_0231,Nail Polish Set,79.57,2026-08-08,Mobile Money
PUR_010528,CUST_02980,PROD_0124,LED Bulb Pack,1197.16,2023-08-18,Card
PUR_010529,CUST_02980,PROD_0068,Redmi Note 12,474.85,2024-04-20,Mobile Money
PUR_010530,CUST_02980,PROD_0038,Ladies Handbag,60.74,2024-05-10,Cash on Delivery
PUR_010531,CUST_02980,PROD_0166,Gas Cooker (4-Burner),635.21,2024-05-27,Mobile Money
PUR_010532,CUST_02980,PROD_0065,Wax Print Skirt,119.82,2024-07-16,Mobile Money
PUR_010533,CUST_02980,PROD_0174,Bedsheet Set (Queen),394.22,2024-07-21,Mobile Money
PUR_010534,CUST_02980,PROD_0068,Redmi Note 12,606.73,2024-08-22,Mobile Money
PUR_010535,CUST_02980,PROD_0083,Redmi Note 12,851.08,2024-10-12,Mobile Money
PUR_010536,CUST_02980,PROD_0074,Phone Screen Protector,886.41,2024-12-06,Mobile Money
PUR_010537,CUST_02980,PROD_0127,Microwave Oven,225.04,2024-12-13,Mobile Money
PUR_010538,CUST_02980,PROD_0121,Blender (4L),433.27,2024-12-24,Card
PUR_010539,CUST_02980,PROD_0123,Electric Iron,378.79,2025-03-20,Mobile Money
PUR_010540,CUST_02980,PROD_0002,Ladies Kaftan Gown,38.31,2025-03-26,Mobile Money
PUR_010541,CUST_02980,PROD_0121,Blender (4L),805.72,2025-04-17,Card
PUR_010542,CUST_02980,PROD_0169,Bedsheet Set (Queen),489.51,2025-06-11,Bank Transfer
PUR_010543,CUST_02980,PROD_0141,LED Bulb Pack,508.85,2025-07-29,Mobile Money
PUR_010544,CUST_02980,PROD_0018,Men's Formal Suit,95.4,2025-09-03,Cash on Delivery
PUR_010545,CUST_02980,PROD_0155,Bluetooth Speaker,270.04,2025-09-10,Mobile Money
PUR_010546,CUST_02980,PROD_0006,Men's Casual Blazer,408.71,2025-09-18,Mobile Money
PUR_010547,CUST_02980,PROD_0207,Skin Toner,76.46,2025-10-31,Card
PUR_010548,CUST_02980,PROD_0273,Baby Diapers Pack,61.63,2025-11-10,Cash on Delivery
PUR_010549,CUST_02980,PROD_0140,Electric Iron,798.79,2025-11-18,Mobile Money
PUR_010550,CUST_02980,PROD_0171,Sofa Set,85.79,2025-12-26,Mobile Money
PUR_010551,CUST_02980,PROD_0020,Kente Print Shirt,132.14,2026-01-04,Mobile Money
PUR_010552,CUST_02980,PROD_0257,Running Shoes,115.33,2026-01-13,Mobile Money
PUR_010553,CUST_02980,PROD_0122,Electric Iron,1534.76,2026-02-23,Cash on Delivery
PUR_010554,CUST_02980,PROD_0121,Blender (4L),570.76,2026-03-05,Card
PUR_010555,CUST_02980,PROD_0196,Bedsheet Set (Queen),114.11,2026-03-31,Cash on Delivery
PUR_010556,CUST_02980,PROD_0242,Protein Powder,61.61,2026-05-08,Card
PUR_010557,CUST_02980,PROD_0135,LED Bulb Pack,343.24,2026-05-17,Cash on Delivery
PUR_010558,CUST_02980,PROD_0223,Makeup Kit,47.2,2026-05-25,Mobile Money
PUR_010559,CUST_02980,PROD_0061,Women's Maxi Dress,115.66,2026-07-05,Cash on Delivery
PUR_010560,CUST_02980,PROD_0124,LED Bulb Pack,683.67,2026-07-26,Mobile Money
PUR_010561,CUST_02980,PROD_0127,Microwave Oven,1042.4,2026-08-01,Mobile Money
PUR_010562,CUST_02980,PROD_0094,Power Bank 20000mAh,465.41,2026-08-08,Mobile Money
PUR_010563,CUST_02980,PROD_0238,Digital Blood Pressure Monitor,56.28,2026-08-09,Mobile Money
PUR_010564,CUST_02980,PROD_0157,Bluetooth Speaker,849.88,2026-08-26,Mobile Money
PUR_010565,CUST_02980,PROD_0068,Redmi Note 12,4783.8,2026-08-31,Mobile Money
PUR_010566,CUST_02981,PROD_0232,Bathroom Weighing Scale,68.58,2026-06-09,Mobile Money
PUR_010567,CUST_02981,PROD_0148,Electric Iron,226.28,2026-08-19,Mobile Money
PUR_010568,CUST_02982,PROD_0180,Bedsheet Set (Queen),65.36,2026-08-06,Card
PUR_010569,CUST_02982,PROD_0173,Non-stick Cooking Pot Set,248.47,2026-08-14,Mobile Money
PUR_010570,CUST_02982,PROD_0008,Kente Print Shirt,147.04,2026-08-17,Bank Transfer
PUR_010571,CUST_02984,PROD_0075,Redmi Note 12,1717.54,2025-03-17,Mobile Money
PUR_010572,CUST_02984,PROD_0245,Protein Powder,159.29,2026-01-29,Mobile Money
PUR_010573,CUST_02985,PROD_0232,Bathroom Weighing Scale,95.99,2025-12-30,Cash on Delivery
PUR_010574,CUST_02985,PROD_0259,Basketball,55.62,2026-01-18,Mobile Money
PUR_010575,CUST_02985,PROD_0223,Makeup Kit,174.32,2026-06-06,Card
PUR_010576,CUST_02985,PROD_0232,Bathroom Weighing Scale,59.68,2026-08-09,Mobile Money
PUR_010577,CUST_02985,PROD_0295,Canned Tuna,174.13,2026-08-22,Mobile Money
PUR_010578,CUST_02985,PROD_0174,Bedsheet Set (Queen),102.98,2026-08-23,Cash on Delivery
PUR_010579,CUST_02985,PROD_0078,Phone Screen Protector,313.7,2026-08-24,Mobile Money
PUR_010580,CUST_02985,PROD_0087,Huawei MatePad,1020.79,2026-09-04,Mobile Money
PUR_010581,CUST_02986,PROD_0290,Exercise Books Pack,33.03,2024-03-29,Mobile Money
PUR_010582,CUST_02986,PROD_0001,Traditional Smock (Fugu),125.08,2024-05-03,Card
PUR_010583,CUST_02986,PROD_0260,Gym Gloves,111.54,2024-10-17,Bank Transfer
PUR_010584,CUST_02986,PROD_0207,Skin Toner,98.53,2024-12-17,Cash on Delivery
PUR_010585,CUST_02986,PROD_0003,Cotton Polo Shirt,194.13,2025-03-04,Mobile Money
PUR_010586,CUST_02986,PROD_0216,Skin Toner,120.44,2025-03-29,Mobile Money
PUR_010587,CUST_02986,PROD_0187,Bedsheet Set (Queen),369.35,2026-06-07,Mobile Money
PUR_010588,CUST_02987,PROD_0070,Phone Charger (Type-C),517.55,2026-08-28,Card
PUR_010589,CUST_02987,PROD_0070,Phone Charger (Type-C),1165.86,2026-08-29,Mobile Money
PUR_010590,CUST_02987,PROD_0081,Phone Charger (Type-C),369.18,2026-09-01,Cash on Delivery
PUR_010591,CUST_02987,PROD_0244,Bathroom Weighing Scale,116.06,2026-09-04,Mobile Money
PUR_010592,CUST_02988,PROD_0201,Storage Containers Set,166.81,2026-08-06,Mobile Money
PUR_010593,CUST_02989,PROD_0070,Phone Charger (Type-C),613.15,2026-04-03,Mobile Money
PUR_010594,CUST_02989,PROD_0171,Sofa Set,345.87,2026-07-04,Mobile Money
PUR_010595,CUST_02990,PROD_0264,Camping Tent,169.72,2026-08-05,Mobile Money
PUR_010596,CUST_02991,PROD_0049,Ladies Handbag,346.31,2026-08-31,Cash on Delivery
PUR_010597,CUST_02994,PROD_0072,Phone Screen Protector,924.97,2026-04-11,Mobile Money
PUR_010598,CUST_02994,PROD_0080,Infinix Hot 30,1114.48,2026-05-04,Mobile Money
PUR_010599,CUST_02994,PROD_0130,Rechargeable Fan,420.69,2026-07-04,Cash on Delivery
PUR_010600,CUST_02994,PROD_0068,Redmi Note 12,2385.7,2026-07-13,Mobile Money
PUR_010601,CUST_02996,PROD_0013,Ankara Print Dress,67.64,2024-11-25,Mobile Money
PUR_010602,CUST_02996,PROD_0175,Kitchen Knife Set,216.8,2025-06-19,Mobile Money
PUR_010603,CUST_02996,PROD_0253,Running Shoes,113.57,2025-07-04,Mobile Money
PUR_010604,CUST_02996,PROD_0238,Digital Blood Pressure Monitor,98.36,2026-06-21,Cash on Delivery
PUR_010605,CUST_02998,PROD_0233,Multivitamin Tablets,43.43,2026-08-07,Mobile Money
PUR_010606,CUST_03000,PROD_0102,Samsung Galaxy A14,1643.46,2025-05-19,Mobile Money
PUR_010607,CUST_03000,PROD_0173,Non-stick Cooking Pot Set,312.6,2025-06-21,Card
PUR_010608,CUST_03000,PROD_0121,Blender (4L),767.17,2025-07-30,Mobile Money
PUR_010609,CUST_03000,PROD_0220,Beard Grooming Kit,109.83,2025-09-08,Bank Transfer
PUR_010610,CUST_03000,PROD_0121,Blender (4L),117.19,2025-10-22,Mobile Money
PUR_010611,CUST_03000,PROD_0015,Unisex Sneakers,410.38,2025-12-17,Mobile Money
PUR_010612,CUST_03000,PROD_0080,Infinix Hot 30,174.74,2026-02-02,Card
PUR_010613,CUST_03000,PROD_0074,Phone Screen Protector,1005.73,2026-02-20,Mobile Money
PUR_010614,CUST_03000,PROD_0005,Men's Casual Blazer,45.16,2026-08-28,Mobile Money
